timestamp,open,high,low,close,volume
1618099200000,59769.13,60699.0,59544.94,60268.58,7833.533469
1618113600000,60268.58,60328.0,59339.83,59655.49,7509.804918
1618128000000,59655.5,60144.7,59450.0,59721.84,6455.016917
1618142400000,59721.85,59844.0,59232.52,59645.46,6682.289471
1618156800000,59645.45,60190.0,59405.18,59705.53,7050.787283
1618171200000,59705.53,60130.57,59433.29,60002.43,5625.283333
1618185600000,59998.8,60456.29,59586.01,60368.96,6713.022809
1618200000000,60368.95,61300.0,60020.0,60711.01,11533.081244
1618214400000,60711.0,60878.25,59350.59,60241.5,13766.95154
1618228800000,60241.5,60584.28,59610.96,59986.83,11036.988971
1618243200000,59986.82,60223.0,59680.9,60090.41,7061.201309
1618257600000,60090.42,60241.32,59759.05,59860.0,6263.791244
1618272000000,59860.01,61100.0,59805.15,60493.43,11980.169413
1618286400000,60493.43,61415.5,60330.74,61050.99,12164.502692
1618300800000,61050.99,63287.88,61046.45,62942.21,25344.270701
1618315200000,62942.21,63657.86,62500.0,63331.83,14989.358954
1618329600000,63331.83,63777.77,62530.0,62997.02,11918.959594
1618344000000,62997.02,63666.0,62842.99,63575.0,6451.427392
1618358400000,63575.01,63869.99,63063.32,63749.19,9361.667022
1618372800000,63749.19,64854.0,63605.85,64288.8,14251.696362
1618387200000,64288.8,64787.98,63012.84,64511.21,15881.755071
1618401600000,64509.48,64640.58,62345.67,63045.02,17788.978116
1618416000000,63045.03,63764.62,61301.0,62150.04,17414.371114
1618430400000,62150.03,63062.38,61873.51,62959.53,7917.876308
1618444800000,62959.53,63491.45,62333.55,63056.61,8402.314314
1618459200000,63056.62,63460.22,62706.4,62842.56,7327.518793
1618473600000,62842.56,63137.92,62020.0,62361.12,8516.094074
1618488000000,62359.11,63074.05,62347.36,62715.18,8512.839126
1618502400000,62715.17,63573.02,62308.0,63363.29,10091.157891
1618516800000,63363.29,63800.0,62963.78,63159.98,8799.776142
1618531200000,63158.74,63520.61,62684.01,62937.91,13183.808033
1618545600000,62942.41,62961.81,61025.0,61414.83,18777.956363
1618560000000,61414.88,61607.83,60000.0,60853.81,18201.041988
1618574400000,60853.8,61627.0,60250.0,61551.62,20484.587991
1618588800000,61551.62,61877.0,61105.0,61713.43,12729.63676
1618603200000,61713.42,62087.98,61333.0,61334.8,8387.108749
1618617600000,61334.81,62506.05,61114.14,62372.27,10253.686831
1618632000000,62372.27,62464.38,61857.55,62114.99,7769.151346
1618646400000,62114.99,62458.28,60700.55,60886.91,11323.908231
1618660800000,60886.93,61222.0,60094.0,60264.66,13371.078768
1618675200000,60264.65,60785.0,59580.91,60705.02,10217.080882
1618689600000,60705.02,60955.0,59969.98,60006.66,5977.35007
1618704000000,60006.67,60499.0,50931.3,55014.46,28130.890376
1618718400000,55000.01,56527.04,53924.76,56180.34,30550.025362
1618732800000,56184.51,56498.0,53064.66,53308.92,25490.496917
1618747200000,53299.32,55774.23,53200.0,55452.45,18764.392154
1618761600000,55452.45,55967.66,54859.75,55720.66,11851.771742
1618776000000,55720.66,56688.28,55537.48,56150.01,10094.555273
1618790400000,56150.01,57291.0,55690.62,57030.9,10659.382877
1618804800000,57030.9,57485.46,56410.68,57323.35,10568.119421
1618819200000,57323.34,57526.81,56120.03,57107.4,16466.710209
1618833600000,57107.41,57142.2,54221.58,54585.22,20940.525462
1618848000000,54581.82,56100.0,54351.67,55930.94,12023.52046
1618862400000,55930.94,56600.0,55517.45,55633.14,7570.783838
1618876800000,55633.14,55792.15,54237.04,54764.12,9222.585057
1618891200000,54764.13,55486.31,53329.96,54410.57,12643.07666
1618905600000,54410.57,56419.13,54230.38,56266.83,13231.942552
1618920000000,56266.83,56455.93,54649.58,55323.19,13586.019099
1618934400000,55323.18,56782.0,55099.63,56572.44,13480.196249
1618948800000,56572.44,57076.24,56090.0,56425.0,10580.662534
1618963200000,56425.0,56757.91,55170.61,55204.6,10701.908135
1618977600000,55204.6,55822.77,54968.69,55304.04,8687.949585
1618992000000,55304.04,55750.0,54276.85,54563.37,11444.900521
1619006400000,54563.36,56346.7,54300.0,56153.75,13237.465642
1619020800000,56149.93,56339.98,55129.0,55478.7,8554.672772
1619035200000,55478.7,55481.16,53536.02,53787.63,14357.860254
1619049600000,53787.62,54638.0,52561.0,53497.09,20660.958027
1619064000000,53494.63,54850.0,53450.0,54144.99,11139.015906
1619078400000,54146.01,55223.0,53080.0,54866.62,15193.810899
1619092800000,54866.63,55521.48,54310.04,54651.64,12713.728908
1619107200000,54651.63,55166.19,52222.17,52923.54,20501.112106
1619121600000,52923.54,52932.39,50500.0,51690.96,24448.005491
1619136000000,51690.95,52131.85,48555.0,50298.76,39495.750509
1619150400000,50298.76,50572.08,47700.0,47942.44,30271.241013
1619164800000,47936.0,50269.17,47500.0,50070.36,24132.001047
1619179200000,50070.36,50300.0,48541.0,49836.62,15811.39073
1619193600000,49836.63,50920.0,49470.26,50876.72,11761.532293
1619208000000,50876.71,51301.34,50140.0,51125.14,10758.865127
1619222400000,51110.56,51166.22,49304.06,50109.93,10590.627596
1619236800000,50109.92,50631.16,49649.7,49805.2,7461.859934
1619251200000,49798.96,50217.89,48657.14,49073.71,11991.55327
1619265600000,49072.12,50360.63,48900.0,50212.03,12218.301576
1619280000000,50210.01,50888.0,49650.0,50667.75,6999.069782
1619294400000,50667.79,51000.0,49900.0,50047.84,6100.100415
1619308800000,50047.84,50452.85,49600.0,49615.54,6421.008713
1619323200000,49626.76,49705.04,49600.24,49683.94,5.887034
1619337600000,49683.95,50280.0,49161.94,49550.73,10523.726906
1619352000000,49550.74,50567.91,49450.0,50257.97,10588.501255
1619366400000,50257.97,50434.0,49295.09,49333.01,8232.075006
1619380800000,49333.01,49593.18,46930.0,49066.77,22484.44609
1619395200000,49066.76,52500.0,48753.44,52398.99,21323.436996
1619409600000,52398.99,53080.0,52000.0,52801.37,12982.595229
1619424000000,52801.37,53685.0,52275.0,53598.39,13057.445464
1619438400000,53598.39,53950.0,53200.0,53571.12,12487.794224
1619452800000,53571.13,54356.62,52868.07,54036.19,13564.515841
1619467200000,54038.21,54250.0,52600.36,54001.39,12895.01437
1619481600000,54001.38,54160.61,53267.71,53460.3,7766.386738
1619496000000,53460.3,54933.74,53222.0,54545.01,10521.366388
1619510400000,54545.0,55242.32,54248.92,55152.43,9661.994348
1619524800000,55152.43,55300.0,54258.32,54981.87,12350.414879
1619539200000,54981.86,55081.61,54258.4,54761.7,7488.529758
1619553600000,54761.7,55460.0,54738.43,55011.97,6275.342564
1619568000000,55011.97,55738.0,54769.42,54774.05,9735.221767
1619582400000,54774.05,54995.07,53813.16,54255.98,10449.153628
1619596800000,54255.98,55087.85,53917.64,54853.26,8471.396246
1619611200000,54853.26,55327.0,54111.11,54338.14,8387.128843
1619625600000,54338.14,55432.0,54245.33,55411.97,6539.816426
1619640000000,55407.03,56428.0,54002.0,54846.22,11547.742105
1619654400000,54846.23,55195.84,54046.33,54265.1,7127.891941
1619668800000,54265.1,54493.87,53482.22,54465.14,8732.810154
1619683200000,54465.27,54739.43,53759.98,54300.16,8709.305142
1619697600000,54300.16,54531.89,53303.68,53703.11,10338.510248
1619712000000,53703.11,53816.19,52476.69,52860.02,11220.072802
1619726400000,52860.02,53650.63,52330.94,53555.0,6357.429168
1619740800000,53555.0,53816.36,53013.01,53679.03,8135.865818
1619755200000,53679.04,54558.8,53673.05,54343.11,9665.962742
1619769600000,54343.11,54792.33,54051.11,54230.63,7863.061573
1619784000000,54230.64,57258.15,54170.89,57180.06,21815.522266
1619798400000,57180.05,57385.0,56277.39,57007.38,11856.686738
1619812800000,57007.38,57963.0,56374.21,57694.27,9241.810908
1619827200000,57697.25,58458.07,57421.05,58178.67,10096.9404
1619841600000,58177.59,58422.31,57585.55,57725.14,6729.896248
1619856000000,57725.14,57930.0,57116.16,57816.9,7190.046728
1619870400000,57816.91,58043.01,56956.14,57356.58,7376.619727
1619884800000,57356.59,57998.97,57218.0,57770.31,6358.756896
1619899200000,57770.32,57939.0,57243.65,57800.37,4848.091837
1619913600000,57797.35,57911.02,56323.66,56450.19,7209.986588
1619928000000,56450.19,57129.0,56171.31,56633.02,6137.573368
1619942400000,56633.03,57090.0,56035.25,57090.0,7180.359993
1619956800000,57090.0,57286.96,56231.55,56595.2,5974.877612
1619971200000,56595.2,56968.56,56317.59,56836.4,5016.931961
1619985600000,56836.39,57141.05,56212.0,56578.21,5293.149341
1620000000000,56578.21,58289.99,56525.0,57925.8,9396.291029
1620014400000,57925.79,58848.0,57696.7,58787.87,9346.972255
1620028800000,58787.88,58981.44,58277.12,58657.63,9368.154323
1620043200000,58657.64,58770.0,57260.0,57601.83,11235.733692
1620057600000,57603.33,58170.0,57169.0,57564.87,8767.243395
1620072000000,57564.86,57575.05,56435.0,57169.39,9535.536592
1620086400000,57169.39,57200.0,54580.0,55452.17,16977.898231
1620100800000,55452.16,56361.82,55122.0,55917.97,8518.871254
1620115200000,55917.98,56637.89,55555.0,56143.42,10623.433906
1620129600000,56143.43,56321.18,53526.0,53799.33,25558.309394
1620144000000,53802.54,54745.81,53201.01,54541.13,15002.0973
1620158400000,54539.73,54824.0,53046.69,53200.01,8644.015818
1620172800000,53205.05,55415.83,52900.0,54795.19,13128.377866
1620187200000,54798.87,55285.71,53922.84,54858.35,10080.014011
1620201600000,54858.35,55809.24,54679.13,55108.95,9957.733141
1620216000000,55108.95,57712.06,55032.65,57636.74,19336.62196
1620230400000,57635.89,58069.82,57043.0,57136.04,14748.367549
1620244800000,57136.04,57619.86,56576.04,57436.11,10012.808912
1620259200000,57436.11,57570.0,56570.66,56797.09,9957.851377
1620273600000,56797.09,57568.42,56331.66,56814.79,9411.582305
1620288000000,56814.79,58360.0,56772.75,57988.0,12460.66657
1620302400000,57988.0,58099.0,56763.0,57088.49,12092.188503
1620316800000,57088.48,57475.0,55200.0,56128.42,17181.908263
1620331200000,56128.42,56794.4,55674.13,56393.68,9077.47489
1620345600000,56393.68,57122.17,55476.74,55705.67,13216.079461
1620360000000,55705.67,56280.88,55241.63,55766.34,9694.867861
1620374400000,55766.33,56784.0,55570.35,56464.74,10430.293682
1620388800000,56464.74,57680.0,56228.24,57519.24,14789.919732
1620403200000,57519.25,58650.0,57132.65,57584.01,15968.628033
1620417600000,57584.01,58074.31,56749.75,57314.75,10442.95906
1620432000000,57315.49,58400.0,56900.0,58099.98,9205.851909
1620446400000,58099.86,58599.99,57500.0,58463.06,9129.56824
1620460800000,58463.06,59379.26,58305.0,58556.09,13405.425347
1620475200000,58556.09,59438.64,57472.95,57599.87,16338.473914
1620489600000,57599.86,59300.0,57560.63,59030.56,13538.222106
1620504000000,59030.56,59500.0,58466.0,58862.05,8092.364512
1620518400000,58866.53,59300.0,58325.09,58632.78,11973.236961
1620532800000,58635.72,58974.91,57575.0,57965.59,16054.303408
1620547200000,57965.59,58400.0,57535.61,57907.49,9774.47663
1620561600000,57907.49,58000.0,56235.66,57379.58,15021.126402
1620576000000,57379.58,57883.11,57048.96,57266.97,8143.732782
1620590400000,57266.97,58439.7,57179.18,58240.84,8839.243727
1620604800000,58240.83,59444.9,58009.96,59356.76,10905.208524
1620619200000,59356.77,59500.0,58355.79,58370.17,9885.999879
1620633600000,58370.17,58593.79,57301.81,58070.63,12483.083175
1620648000000,58070.63,58320.0,56700.0,58296.36,16492.411996
1620662400000,58296.35,58593.7,55516.85,55733.76,18984.7367
1620676800000,55733.76,56269.89,53400.0,55816.14,20834.908976
1620691200000,55816.14,56435.48,54370.0,55142.46,14287.879015
1620705600000,55142.44,55846.9,54589.0,55740.09,9500.419613
1620720000000,55737.89,56190.0,55125.71,55210.47,11000.371098
1620734400000,55210.47,56176.0,54766.44,56052.82,13895.315089
1620748800000,56052.83,56850.0,55750.0,56608.94,9622.533917
1620763200000,56608.93,56862.43,56168.98,56670.02,6023.021818
1620777600000,56670.02,57872.18,56555.12,57756.94,10732.229562
1620792000000,57756.95,58000.01,56882.0,57101.07,9083.459784
1620806400000,57101.08,57195.5,55950.45,56421.46,12121.894047
1620820800000,56421.45,56900.0,55232.56,55479.13,16223.015851
1620835200000,55479.13,55677.31,53500.0,54432.39,20363.459058
1620849600000,54437.0,54751.92,48600.0,49631.32,31318.731534
1620864000000,49537.15,50829.98,46000.0,50461.99,42786.026884
1620878400000,50461.99,51367.19,50282.0,50879.72,16124.773991
1620892800000,50879.73,50950.0,48457.12,49777.01,28154.674056
1620907200000,49777.01,50884.34,49458.68,49627.64,17291.357104
1620921600000,49627.63,50429.99,47000.0,48568.85,28937.196702
1620936000000,48569.97,49879.77,48350.0,49670.97,14037.973384
1620950400000,49671.92,50390.7,49021.01,49157.93,13663.102417
1620964800000,49157.94,50286.26,48799.75,49987.2,14234.109728
1620979200000,49987.19,50958.32,49880.0,50538.14,14914.497144
1620993600000,50538.13,51483.0,50037.0,51211.98,13868.253264
1621008000000,51211.98,51322.41,50083.8,50138.09,12471.01461
1621022400000,50141.33,50294.6,49030.0,49841.45,10931.227143
1621036800000,49844.16,50700.0,49269.78,49627.01,10530.443458
1621051200000,49627.02,49861.2,48400.0,48469.28,14762.202922
1621065600000,48469.71,49298.59,47721.84,48929.74,16135.570945
1621080000000,48929.73,49697.63,48527.07,48982.99,14914.284986
1621094400000,48983.0,48994.27,46900.0,48108.4,20279.083932
1621108800000,48108.4,48738.75,46555.0,46762.99,12815.863116
1621123200000,46762.99,48406.44,46467.0,48383.46,12801.101382
1621137600000,48386.62,49500.0,48034.82,49375.28,10802.033375
1621152000000,49375.28,49795.89,48656.0,49014.99,10956.006583
1621166400000,49014.99,49249.06,47566.01,47727.26,14166.961995
1621180800000,47727.26,48097.59,44444.44,45549.26,36819.653456
1621195200000,45553.24,46480.0,43825.39,46431.5,28724.055984
1621209600000,46426.83,46686.0,42777.0,42915.46,28171.858447
1621224000000,42915.46,45400.0,42196.97,45149.18,40557.45817
1621238400000,45143.28,45800.0,44291.84,45731.39,23851.50751
1621252800000,45733.55,45791.04,43156.0,43362.75,23137.989315
1621267200000,43357.0,44400.0,42001.0,44197.73,30883.162039
1621281600000,44197.73,44939.2,42500.0,43538.04,20055.197255
1621296000000,43538.02,45281.34,43150.79,44779.83,19252.919453
1621310400000,44774.78,45799.29,44738.26,45172.7,17218.430549
1621324800000,45172.69,45662.14,44607.08,45321.02,13102.729608
1621339200000,45318.76,45341.84,42507.0,42969.47,29573.283582
1621353600000,42969.46,43825.65,42371.96,43262.71,23258.654334
1621368000000,43262.7,43522.64,42250.02,42849.78,14573.843258
1621382400000,42849.78,43584.9,40125.0,40591.15,36126.910476
1621396800000,40591.99,40846.97,38550.0,40371.44,49067.767549
1621411200000,40354.98,40888.0,36333.0,38700.0,47653.497869
1621425600000,38700.0,39295.51,30000.0,37318.52,121040.676466
1621440000000,37310.14,40442.0,36111.0,39342.93,63230.661933
1621454400000,39337.45,40200.0,36600.01,36690.09,37227.728868
1621468800000,36671.23,38599.0,34850.0,38341.04,48547.699017
1621483200000,38340.01,40780.87,38202.11,39959.68,32200.027784
1621497600000,39959.67,40690.56,38700.0,40475.17,29967.717243
1621512000000,40476.68,42451.67,40086.09,41432.88,38027.21318
1621526400000,41432.88,41450.0,38110.0,40116.04,36207.219624
1621540800000,40116.04,41900.0,39383.52,40526.64,18067.720075
1621555200000,40525.39,42200.0,40408.84,40666.91,16888.741956
1621569600000,40662.0,40800.0,39222.0,39842.57,19169.072594
1621584000000,39842.58,41230.67,39277.0,41124.29,21578.030744
1621598400000,41124.3,41789.4,36444.44,36794.57,60933.591059
1621612800000,36803.28,37825.75,35501.01,36062.12,41178.470595
1621627200000,36062.13,37447.0,33488.0,37252.01,42352.98131
1621641600000,37263.35,38100.0,36517.03,36951.85,23246.891063
1621656000000,36947.31,37219.45,35200.62,36269.28,25655.682555
1621670400000,36266.36,38827.52,36258.96,38157.76,24609.50253
1621684800000,38157.75,38829.0,37000.0,38162.4,23049.098027
1621699200000,38161.92,38600.0,37158.14,37286.65,16910.015371
1621713600000,37286.65,38400.0,37268.76,37449.73,13071.054143
1621728000000,37458.51,38270.64,36668.99,37421.59,14854.362753
1621742400000,37421.59,37421.59,35530.0,35927.69,19893.347229
1621756800000,35927.7,35930.89,33800.59,35389.1,48344.189587
1621771200000,35386.8,35800.0,32600.0,33318.09,53820.338819
1621785600000,33316.42,33900.0,31111.01,33051.73,58933.664862
1621800000000,33047.33,35000.0,33045.31,34655.25,21290.143343
1621814400000,34681.44,35889.0,34664.77,35251.37,22428.733223
1621828800000,35250.56,36887.0,34031.0,36645.79,25590.361997
1621843200000,36645.79,37922.18,35877.52,37600.01,32135.123669
1621857600000,37600.01,38637.7,37266.58,37539.63,32643.663214
1621872000000,37539.64,39787.96,36818.55,39606.1,28459.495047
1621886400000,39606.11,39920.0,37955.42,38796.29,20373.516821
1621900800000,38810.99,39791.77,37800.5,38304.51,21694.802875
1621915200000,38306.43,39200.0,37608.0,38985.06,16331.600076
1621929600000,38993.91,39110.0,36486.0,36537.16,23406.301781
1621944000000,36537.17,38481.18,36419.62,38277.57,27140.252574
1621958400000,38277.55,38299.88,37011.0,37292.69,12652.656689
1621972800000,37292.69,38753.98,37250.01,38324.72,10770.614409
1621987200000,38324.72,39693.66,37800.44,39503.98,16881.43529
1622001600000,39503.98,40755.0,39000.0,40445.79,18277.29211
1622016000000,40445.79,40841.0,39379.79,39850.65,17436.648665
1622030400000,39850.66,40289.75,38440.0,38758.61,23079.234828
1622044800000,38758.62,39350.0,37900.03,38485.1,17828.269774
1622059200000,38476.74,39450.69,38280.19,39241.91,11277.892729
1622073600000,39241.92,39243.1,37134.27,37621.56,15983.293792
1622088000000,37623.64,38407.42,37204.76,38275.47,11318.161018
1622102400000,38275.47,39888.02,37826.08,39690.01,16212.379776
1622116800000,39690.0,40411.14,39256.59,39667.0,18400.644951
1622131200000,39666.99,39721.28,38500.0,38768.35,14102.539844
1622145600000,38768.36,39187.35,38195.19,38529.98,10530.139413
1622160000000,38529.99,38877.83,37687.77,38237.18,11987.458897
1622174400000,38237.1,38237.1,36442.0,36975.93,25493.584904
1622188800000,36975.65,37250.0,35100.0,35351.65,30447.395107
1622203200000,35351.65,37279.98,35168.24,36749.31,22680.510338
1622217600000,36751.59,36845.93,35551.06,35789.3,22911.388747
1622232000000,35789.31,36240.0,34684.0,35663.49,21857.291727
1622246400000,35661.79,36774.44,35617.87,36458.77,13503.571694
1622260800000,36458.77,37338.58,35604.3,36145.02,14936.627681
1622275200000,36145.0,36350.0,34567.89,35375.0,19419.647304
1622289600000,35375.0,35402.34,33800.0,34416.27,28768.898073
1622304000000,34416.26,35049.0,33632.76,34025.43,21833.742633
1622318400000,34025.44,35100.0,33752.3,34605.15,14200.605304
1622332800000,34605.15,34974.99,33379.0,34770.12,14272.272876
1622347200000,34770.13,36232.09,34631.73,35998.33,16499.135362
1622361600000,35996.12,36420.0,35546.42,36359.44,12233.871551
1622376000000,36359.44,36488.0,35100.0,35477.0,13055.150157
1622390400000,35477.0,36284.44,35300.0,36077.59,9731.034317
1622404800000,36077.59,36350.0,35500.0,35641.27,7743.922704
1622419200000,35641.26,36000.0,34250.55,34489.57,14130.865345
1622433600000,34489.58,35975.0,34153.84,35850.17,16153.468639
1622448000000,35850.17,37195.0,35588.08,36836.46,22947.486232
1622462400000,36836.46,37278.03,36333.44,36961.16,18576.759768
1622476800000,36961.16,37457.07,36510.01,36863.67,14199.653047
1622491200000,36865.75,37499.0,36557.3,37253.81,8152.502258
1622505600000,37253.82,37894.81,36478.0,36704.99,14647.058408
1622520000000,36706.8,37443.72,36561.89,36831.58,10095.347833
1622534400000,36831.58,36939.81,35902.43,36596.62,13819.887762
1622548800000,36596.63,37440.0,35666.0,36235.29,22029.825614
1622563200000,36235.28,36492.89,35716.66,35973.87,12918.452958
1622577600000,35973.86,36800.0,35873.08,36693.09,7724.091195
1622592000000,36694.85,36900.0,35920.0,36472.39,8003.519356
1622606400000,36472.38,37400.0,36472.38,37220.0,12459.234719
1622620800000,37219.99,37538.07,36851.45,37203.08,12842.303598
1622635200000,37203.08,38225.0,37058.61,38040.7,17546.732977
1622649600000,38040.69,38200.0,37727.37,37884.57,9291.591592
1622664000000,37884.58,37929.97,37320.0,37568.68,7443.990253
1622678400000,37568.68,37903.14,37170.0,37634.57,8381.714112
1622692800000,37635.24,39039.19,37600.0,38634.09,16294.658537
1622707200000,38634.77,39476.0,38518.96,38781.75,16219.774886
1622721600000,38781.75,39265.25,38288.0,38535.61,17461.331716
1622736000000,38535.6,38997.0,38431.03,38596.64,9064.796188
1622750400000,38596.65,39450.0,38532.31,39246.79,8466.830572
1622764800000,39246.78,39289.07,37320.26,37933.72,17147.964165
1622779200000,37933.73,37939.25,36218.21,36610.29,23389.574372
1622793600000,36606.8,37028.65,36072.82,36585.66,13162.875433
1622808000000,36585.67,37139.0,35555.15,36948.85,21006.882079
1622822400000,36948.86,37248.94,36708.0,36800.99,9025.764882
1622836800000,36801.0,37246.99,36462.42,36829.0,7584.738314
1622851200000,36829.15,37846.6,36613.22,37410.0,9026.45342
1622865600000,37410.04,37925.0,37410.04,37582.14,6937.427113
1622880000000,37582.13,37850.0,35667.0,35869.42,17020.94441
1622894400000,35869.42,36435.0,35250.0,36321.42,16230.48953
1622908800000,36321.42,36324.2,35692.04,35778.94,7580.997566
1622923200000,35777.61,36016.1,34800.0,35513.2,13663.309451
1622937600000,35516.07,36257.34,35405.61,35989.67,8393.518369
1622952000000,35988.56,36480.0,35701.04,36132.57,7058.620765
1622966400000,36132.52,36414.55,35800.93,35868.13,7201.662815
1622980800000,35868.12,36429.28,35450.0,36157.47,9473.724725
1622995200000,36157.47,36317.81,35705.0,35747.15,6657.597267
1623009600000,35747.14,35995.28,35222.0,35796.31,8865.082696
1623024000000,35796.31,36900.0,35498.62,36392.93,11686.918078
1623038400000,36392.94,36545.01,35850.66,36139.99,7855.827571
1623052800000,36139.99,36591.72,35900.52,36376.47,10325.1777
1623067200000,36376.47,36777.47,35860.5,36035.51,10919.494304
1623081600000,36035.35,36079.63,35328.02,35634.46,10952.38654
1623096000000,35634.45,35744.52,33300.0,33552.79,25835.14838
1623110400000,33556.96,34068.01,32351.0,32817.09,27138.252213
1623124800000,32817.09,33246.09,32123.0,32966.7,18150.28085
1623139200000,32966.7,33373.01,32651.52,33089.99,16467.157709
1623153600000,33084.43,33179.23,31000.0,31705.24,28569.800821
1623168000000,31705.25,32999.35,31563.52,32864.18,18675.740216
1623182400000,32864.19,33841.98,32661.95,33380.81,14249.957228
1623196800000,33380.8,33540.47,32396.82,32863.07,13371.488633
1623211200000,32862.25,34512.95,32536.49,34169.05,22620.333199
1623225600000,34168.11,35045.55,33808.0,34972.42,20888.74579
1623240000000,34972.42,36736.0,34512.94,36357.11,38906.503054
1623254400000,36356.42,37000.0,35650.16,36260.45,25218.74536
1623268800000,36260.45,37534.79,36112.0,37388.05,15601.781481
1623283200000,37388.05,37666.11,36751.07,36959.69,15106.209348
1623297600000,36959.7,37220.99,36500.0,36962.14,12050.349459
1623312000000,36962.12,38491.0,36242.57,37818.54,29837.785669
1623326400000,37819.27,38198.23,36612.0,36896.75,23315.077678
1623340800000,36896.65,37150.0,36100.0,36675.09,15795.991631
1623355200000,36675.1,37088.0,35782.0,36675.72,13421.871158
1623369600000,36677.83,37300.0,35936.77,36754.4,13593.745514
1623384000000,36754.41,37435.0,36390.32,37147.55,13931.72954
1623398400000,37147.56,37680.4,36921.0,37378.82,14475.662914
1623412800000,37378.82,37589.0,36747.62,36818.41,12282.870874
1623427200000,36818.42,37419.01,36511.52,37246.77,12329.343582
1623441600000,37246.76,37498.58,36745.0,37331.98,11852.652876
1623456000000,37331.98,37463.63,35277.0,35571.19,24477.86472
1623470400000,35572.84,35726.68,35000.0,35289.06,15392.992603
1623484800000,35289.06,35900.0,34600.36,35596.7,18010.310808
1623499200000,35597.5,36238.0,35315.0,35384.96,14248.780199
1623513600000,35384.96,35997.67,35300.0,35730.0,8363.097874
1623528000000,35730.01,36143.93,35420.32,35546.11,7224.503786
1623542400000,35546.12,35926.96,34816.02,34867.8,9711.333532
1623556800000,34867.81,35499.86,34757.0,35280.02,8911.507916
1623571200000,35282.02,36099.0,35171.55,35904.03,10701.328348
1623585600000,35904.02,36150.0,35670.0,36034.97,9405.698575
1623600000000,36034.96,37750.14,35970.0,37650.0,22064.60781
1623614400000,37650.0,39380.0,37636.18,39020.57,26126.549374
1623628800000,39020.56,39800.0,38730.0,38975.14,19015.540586
1623643200000,38975.14,39700.0,38782.34,39555.24,12639.858186
1623657600000,39555.25,39629.01,38820.0,39166.33,13481.896236
1623672000000,39166.33,41064.05,39040.0,40685.37,32269.375259
1623686400000,40685.37,40740.03,39323.1,39716.06,19945.827005
1623700800000,39716.06,40605.87,39602.0,40516.29,11169.894677
1623715200000,40516.28,40900.0,39856.6,40404.86,12104.794455
1623729600000,40403.13,40580.0,40100.0,40365.74,8921.675209
1623744000000,40367.41,40400.0,39531.0,39839.9,13863.182145
1623758400000,39839.9,40450.0,39720.0,40065.01,12670.080894
1623772800000,40065.01,41330.0,39768.0,39958.01,22512.745925
1623787200000,39957.76,40365.27,39506.4,40144.04,10607.14421
1623801600000,40143.8,40181.95,39610.0,40013.63,7196.474633
1623816000000,40013.64,40527.14,39840.0,40126.87,14664.544184
1623830400000,40126.87,40260.14,38877.46,39080.01,16161.836477
1623844800000,39080.01,39504.99,38565.0,38775.66,16463.578039
1623859200000,38775.66,39735.52,38301.68,38680.11,23114.725115
1623873600000,38680.1,38925.0,38116.01,38349.01,10170.818489
1623888000000,38349.0,38978.75,38213.23,38865.05,8985.156279
1623902400000,38865.05,39400.0,38644.4,39207.36,11394.731
1623916800000,39208.67,39559.88,39057.27,39146.36,10847.197426
1623931200000,39148.26,39195.9,38411.39,39007.91,15961.09659
1623945600000,39008.01,39111.56,37505.0,37702.53,21600.732073
1623960000000,37702.53,38258.0,37365.0,38092.97,10752.393751
1623974400000,38092.97,38202.84,37213.0,37926.79,11186.101125
1623988800000,37926.78,38148.11,37377.0,37715.03,10812.076487
1624003200000,37715.04,38029.99,37063.8,37821.95,15124.118034
1624017600000,37818.57,37948.55,36278.5,36355.1,24222.201625
1624032000000,36355.97,36818.44,35129.29,35327.24,22970.087923
1624046400000,35323.65,35928.39,35232.26,35819.84,10913.457741
1624060800000,35820.48,36297.3,34803.52,35103.44,14164.148336
1624075200000,35103.44,35873.9,34961.39,35785.96,12578.956536
1624089600000,35785.95,35995.0,35561.81,35940.22,8978.991943
1624104000000,35940.22,36457.0,35550.0,36114.85,15007.230988
1624118400000,36114.85,36210.0,35360.08,35943.65,10375.918859
1624132800000,35943.65,36200.0,35394.75,35483.72,7607.202799
1624147200000,35483.72,35800.0,35119.21,35527.24,8060.733689
1624161600000,35527.25,35922.0,35363.02,35637.71,7298.442626
1624176000000,35637.72,35693.88,33724.48,33872.9,24304.190491
1624190400000,33870.56,34666.0,33336.0,34422.71,23737.239666
1624204800000,34422.11,35700.92,34289.0,35502.82,13435.427801
1624219200000,35502.83,36137.72,35380.0,35600.16,13042.136577
1624233600000,35600.17,35750.0,34566.82,34649.63,12048.18009
1624248000000,34651.86,34725.82,32266.0,33025.5,38363.452108
1624262400000,33025.5,33577.12,31710.0,32520.56,46870.924317
1624276800000,32530.68,33222.22,31927.91,32687.99,26966.552455
1624291200000,32685.84,33000.0,32034.52,32563.89,18931.962243
1624305600000,32563.89,32800.0,31251.23,31608.93,25597.801946
1624320000000,31614.12,33260.0,31168.0,33018.22,23909.814239
1624334400000,33018.21,33109.81,32479.0,32648.98,10838.814384
1624348800000,32647.96,32658.63,31112.0,31243.41,31110.25148
1624363200000,31236.53,31980.0,28805.0,31708.08,86060.1624
1624377600000,31707.56,33298.78,31620.0,32404.06,37371.545784
1624392000000,32404.06,32987.0,32150.0,32509.56,14917.591475
1624406400000,32509.56,34444.0,31683.0,33966.43,32702.644564
1624420800000,33969.69,34392.1,33574.11,33982.26,18440.425426
1624435200000,33982.26,34500.0,33650.21,33911.39,18341.765169
1624449600000,33911.4,34881.0,33400.3,33490.14,28265.873145
1624464000000,33490.14,33947.17,32870.99,32879.97,16689.643728
1624478400000,32882.5,33785.26,32749.01,33678.07,12525.748531
1624492800000,33675.07,33879.99,32339.82,32589.2,14734.386878
1624507200000,32589.2,33280.55,32286.57,32853.74,13051.055908
1624521600000,32853.74,33930.23,32820.61,33850.77,13506.337429
1624536000000,33850.78,34583.58,33756.04,33886.52,18730.794267
1624550400000,33888.81,35298.0,33751.0,34857.73,18670.724202
1624564800000,34854.63,34999.09,34512.0,34663.09,7932.505576
1624579200000,34663.08,35500.0,34251.0,35052.07,14634.093456
1624593600000,35057.7,35100.0,33961.48,34283.82,12494.567347
1624608000000,34281.37,34480.0,33234.37,33311.96,19245.555409
1624622400000,33311.96,33600.77,32351.0,32607.07,26868.158019
1624636800000,32607.07,32910.64,31500.0,32220.74,28395.534991
1624651200000,32222.91,32369.0,31275.0,31584.45,14423.221134
1624665600000,31576.09,32268.91,31300.0,31977.59,12066.947988
1624680000000,31979.71,32730.0,30573.77,30720.37,21059.902932
1624694400000,30713.54,31883.6,30151.0,31777.73,28487.352901
1624708800000,31777.9,31985.0,30505.0,31523.5,22191.327582
1624723200000,31526.88,31910.0,30776.63,31573.98,13194.038514
1624737600000,31573.97,32300.24,30905.78,32283.65,10820.80537
1624752000000,32283.65,33200.0,31973.45,33146.91,20041.662898
1624766400000,33146.91,33499.0,32811.9,33283.17,13758.16228
1624780800000,33291.81,33451.0,32268.0,33246.55,18424.577044
1624795200000,33246.56,33574.32,32717.52,33200.02,13308.279721
1624809600000,33200.06,33400.0,32574.28,32815.19,10413.354192
1624824000000,32815.18,34749.0,32357.13,34700.34,20667.208076
1624838400000,34702.49,34972.28,34254.75,34398.36,12050.249687
1624852800000,34395.03,35297.71,34275.87,35028.69,14393.107742
1624867200000,35028.69,35172.21,33960.0,34107.2,18422.228464
1624881600000,34107.2,35000.0,33862.72,34969.99,16668.806283
1624896000000,34969.98,35030.92,33931.0,34441.77,13191.362473
1624910400000,34441.77,34819.0,34112.03,34494.89,7496.51317
1624924800000,34494.89,35169.56,34225.43,34577.16,10660.335829
1624939200000,34577.09,35448.0,34534.0,34849.27,13902.376269
1624953600000,34849.2,35768.9,34730.0,35555.62,18117.627803
1624968000000,35555.64,36428.0,35343.12,36248.99,24761.573402
1624982400000,36248.99,36600.0,36050.0,36382.39,12608.467034
1624996800000,36382.39,36488.7,35700.01,35911.73,10738.415883
1625011200000,35911.72,36100.0,34936.0,35119.99,10635.087983
1625025600000,35119.99,35290.97,34666.0,35250.54,14395.668737
1625040000000,35250.54,35333.33,34401.01,34849.99,13891.529654
1625054400000,34849.99,35010.85,34083.92,34193.44,13930.308331
1625068800000,34193.44,34899.0,34017.55,34743.56,12128.061552
1625083200000,34743.56,35194.04,34391.43,35045.0,12171.541377
1625097600000,35045.0,35057.57,34120.0,34120.01,9448.171889
1625112000000,34120.01,34467.09,33312.52,33348.3,15251.683128
1625126400000,33350.0,33749.0,33001.0,33717.52,13370.6246
1625140800000,33717.52,33917.93,33055.0,33432.54,13280.172682
1625155200000,33432.54,33654.49,32711.0,33091.48,12799.477033
1625169600000,33091.48,33649.0,33091.48,33504.69,7558.13678
1625184000000,33502.33,33977.04,32767.74,32907.22,9793.724818
1625198400000,32907.22,33500.36,32699.0,33358.26,9171.458185
1625212800000,33358.32,33620.0,32770.0,33023.01,10637.558495
1625227200000,33023.35,33724.34,32872.0,33704.91,12912.418697
1625241600000,33704.9,33795.16,33109.76,33327.71,7029.745196
1625256000000,33327.71,33898.95,33041.65,33786.55,6627.275987
1625270400000,33786.54,33914.6,33316.73,33524.47,5473.353929
1625284800000,33524.48,34663.48,33444.25,34499.54,9114.376111
1625299200000,34499.53,34780.0,34406.0,34608.04,9722.860693
1625313600000,34608.04,34816.5,34470.0,34608.48,5945.660251
1625328000000,34608.48,34945.61,34485.49,34745.98,5599.189081
1625342400000,34745.99,34914.76,34250.48,34669.13,7189.138576
1625356800000,34669.12,34771.64,34357.15,34641.61,4554.150361
1625371200000,34641.62,35727.0,34621.41,35600.63,12944.367341
1625385600000,35603.02,35687.18,35364.21,35512.34,6624.028321
1625400000000,35512.34,35572.72,35230.76,35513.29,5663.23474
1625414400000,35513.28,35687.54,35385.0,35575.01,5385.775364
1625428800000,35575.01,35967.85,35135.0,35286.51,8531.919662
1625443200000,35288.13,35293.78,34180.18,34350.89,11996.622044
1625457600000,34351.25,34415.64,34000.0,34256.17,10134.850819
1625472000000,34257.37,34558.99,33300.0,33379.96,13547.302676
1625486400000,33379.96,33777.0,33301.22,33585.91,10002.89574
1625500800000,33585.89,34274.33,33125.55,34117.97,11504.591068
1625515200000,34117.98,34210.0,33670.01,33690.14,6937.611898
1625529600000,33690.15,34169.1,33634.76,33920.69,5629.9542
1625544000000,33920.69,34959.73,33908.09,34874.85,11865.175875
1625558400000,34874.85,35118.88,33730.0,34067.31,15276.332867
1625572800000,34067.31,34516.38,33800.01,34042.43,11702.401088
1625587200000,34042.44,34190.0,33532.0,34019.99,8290.837757
1625601600000,34019.99,34323.77,33628.81,34220.01,5445.894562
1625616000000,34220.02,34530.0,33941.0,34446.5,11101.282212
1625630400000,34445.55,34919.28,34373.02,34710.38,11129.03116
1625644800000,34710.4,34989.0,34457.11,34827.96,8225.437881
1625659200000,34827.97,35059.09,34477.13,34528.6,9621.907506
1625673600000,34528.6,34784.0,34412.43,34628.72,5806.111868
1625688000000,34628.71,34628.71,33777.77,33862.12,7923.751048
1625702400000,33862.11,33929.64,33066.0,33305.65,14140.832172
1625716800000,33305.66,33512.53,32242.07,32487.57,16322.335812
1625731200000,32487.56,32748.88,32077.0,32696.44,15022.67098
1625745600000,32696.43,32988.87,32350.0,32900.01,10513.954428
1625760000000,32900.05,33177.06,32641.36,33003.52,7693.819976
1625774400000,33002.45,33067.09,32508.0,32875.71,6442.866952
1625788800000,32875.71,33100.0,32261.07,32941.81,10152.733529
1625803200000,32941.81,33310.0,32742.0,32910.21,7671.504572
1625817600000,32902.13,33065.0,32598.0,32774.99,6198.980944
1625832000000,32774.99,33682.43,32635.08,33558.67,11898.295081
1625846400000,33558.81,33696.4,33287.0,33445.31,4967.912524
1625860800000,33445.31,34100.0,33374.83,33815.81,6264.513249
1625875200000,33815.81,34262.0,33631.0,33800.03,6746.829971
1625889600000,33800.04,33909.67,33458.84,33766.01,5186.819368
1625904000000,33766.01,33950.0,33565.0,33793.94,5564.214357
1625918400000,33793.95,33943.4,33634.16,33862.54,4351.619988
1625932800000,33862.55,34192.0,33223.31,33409.92,8230.265317
1625947200000,33411.41,33698.99,33004.78,33502.87,4681.426467
1625961600000,33502.87,33817.83,33387.72,33448.97,4140.622407
1625976000000,33448.97,33642.74,33306.47,33508.83,3654.108052
1625990400000,33508.82,33870.0,33424.84,33814.84,5115.488801
1626004800000,33814.82,33994.69,33654.36,33948.68,4991.5349
1626019200000,33948.68,34123.08,33779.68,33894.57,4947.451721
1626033600000,33894.57,34666.0,33710.94,34258.99,8723.441567
1626048000000,34259.0,34537.39,34006.92,34447.92,6394.399189
1626062400000,34447.92,34678.43,34160.39,34281.74,6643.000244
1626076800000,34281.74,34488.27,33525.66,33530.0,9513.203221
1626091200000,33530.0,33636.92,33316.2,33337.49,7924.809627
1626105600000,33337.49,33441.0,32750.0,32822.85,10522.022448
1626120000000,32822.85,33284.99,32658.34,33086.63,7183.969033
1626134400000,33086.94,33229.0,32830.98,33071.14,4947.521628
1626148800000,33071.13,33333.33,32742.01,33180.08,6496.097882
1626163200000,33180.11,33340.0,32912.29,33042.61,5782.926725
1626177600000,33042.61,33049.0,32280.0,32790.08,12381.565099
1626192000000,32791.71,32956.26,32231.42,32309.69,6807.501542
1626206400000,32309.69,32750.0,32202.25,32729.77,4710.748132
1626220800000,32729.12,32807.41,31650.61,31830.01,9403.244579
1626235200000,31830.01,32015.98,31655.83,31920.01,7033.8272
1626249600000,31920.01,32707.27,31550.0,32451.99,10994.019873
1626264000000,32450.95,32959.21,32280.0,32786.0,9288.74929
1626278400000,32786.01,33114.03,32564.44,32729.76,5992.573388
1626292800000,32729.77,33063.82,32681.0,32820.02,4065.409154
1626307200000,32820.03,33185.25,32580.12,32641.65,6148.803274
1626321600000,32641.66,32691.42,32359.65,32469.5,5710.036845
1626336000000,32468.3,32620.31,31800.0,31880.5,10566.210975
1626350400000,31880.5,32152.97,31455.0,31677.01,11900.642354
1626364800000,31678.5,31800.0,31133.0,31533.62,11274.224241
1626379200000,31538.92,31898.0,31503.35,31880.0,6039.658664
1626393600000,31874.49,32049.45,31556.95,31914.89,7547.70563
1626408000000,31914.9,32020.0,31548.15,31774.49,5955.45935
1626422400000,31779.98,31779.99,31020.0,31086.53,9817.259645
1626436800000,31086.52,32212.52,31067.43,32127.39,12455.17198
1626451200000,32127.4,32249.18,31810.0,31911.34,7164.495237
1626465600000,31911.34,31987.0,31336.98,31383.87,5559.772312
1626480000000,31383.86,31642.64,31164.31,31306.56,6640.361161
1626494400000,31306.57,31590.94,31190.0,31513.64,4254.42071
1626508800000,31513.64,31955.92,31250.0,31391.33,7911.891448
1626523200000,31391.34,31772.02,31341.16,31764.75,6390.01417
1626537600000,31763.98,31920.0,31537.0,31834.33,4771.872294
1626552000000,31834.33,31898.5,31480.66,31520.07,4043.682349
1626566400000,31520.07,32435.0,31463.0,32166.0,9525.16544
1626580800000,32166.0,32190.45,31680.01,31712.1,4236.03886
1626595200000,31712.1,31868.53,31565.58,31801.01,5175.573096
1626609600000,31801.79,31849.54,31108.97,31365.6,7538.713362
1626624000000,31365.6,31763.11,31290.0,31643.8,4220.053535
1626638400000,31642.91,31943.0,31420.0,31778.56,5228.171893
1626652800000,31778.57,31861.79,31431.87,31541.57,4294.211507
1626667200000,31541.58,31899.0,31523.28,31604.33,5716.098888
1626681600000,31604.32,31669.73,31155.0,31265.92,7788.619641
1626696000000,31267.84,31375.0,30407.44,30687.96,19316.743193
1626710400000,30687.84,30857.61,30520.01,30744.97,5549.818221
1626724800000,30744.84,30984.4,30691.72,30839.65,4674.977049
1626739200000,30839.65,31063.07,29501.0,29600.46,18338.743504
1626753600000,29600.46,29938.71,29505.95,29821.73,9286.996035
1626768000000,29821.72,29888.18,29278.0,29692.79,10902.618691
1626782400000,29693.63,29988.0,29279.13,29888.36,10561.038427
1626796800000,29890.8,29984.82,29605.0,29780.86,5908.47178
1626811200000,29780.87,29994.41,29500.0,29790.35,6036.18058
1626825600000,29790.34,29910.0,29482.61,29845.1,5859.107889
1626840000000,29845.11,30942.42,29830.51,30817.84,14240.038117
1626854400000,30817.84,31655.0,30716.37,31534.11,13814.799534
1626868800000,31534.12,31969.99,31419.6,31933.0,13106.889623
1626883200000,31934.54,32858.0,31584.52,31627.57,26170.731849
1626897600000,31627.58,32247.63,31516.3,32144.51,9604.698116
1626912000000,32144.51,32376.78,31777.0,31929.64,7470.538102
1626926400000,31929.64,32344.9,31860.0,32129.75,6901.994421
1626940800000,32129.74,32259.0,31708.0,31913.64,8953.174347
1626955200000,31913.64,32584.06,31724.39,32504.82,11055.716442
1626969600000,32504.83,32591.35,32222.0,32376.93,6869.40627
1626984000000,32376.93,32487.19,32051.85,32287.83,4897.262851
1626998400000,32287.58,32799.0,32201.02,32594.46,7723.292992
1627012800000,32592.21,32915.0,32360.67,32490.0,7291.847567
1627027200000,32489.99,32540.2,32210.0,32296.51,7547.760923
1627041600000,32296.51,32599.86,32214.32,32315.0,6101.819944
1627056000000,32314.99,32334.68,31924.32,32248.63,7081.55702
1627070400000,32248.64,33650.0,32193.06,33634.09,14366.58518
1627084800000,33634.1,33780.23,33401.14,33669.98,9212.223806
1627099200000,33669.98,33934.25,33571.73,33806.5,7366.578085
1627113600000,33806.49,34065.71,33542.4,33867.0,7637.069022
1627128000000,33867.0,34047.86,33720.01,33847.51,6717.070857
1627142400000,33847.51,34500.0,33703.73,33846.16,11502.634637
1627156800000,33846.16,34283.42,33667.01,34258.14,5541.973731
1627171200000,34261.51,34436.44,33851.12,34160.85,6479.035423
1627185600000,34160.85,34785.33,34064.71,34695.51,8581.997573
1627200000000,34695.51,34800.0,34238.56,34399.04,7805.780527
1627214400000,34399.04,34434.06,33862.45,34174.08,8883.151472
1627228800000,34174.08,34600.0,34090.63,34353.25,6901.216215
1627243200000,34353.24,35398.0,34300.0,35381.02,9201.747103
1627257600000,35381.02,39799.97,35205.78,38283.98,44848.513162
1627272000000,38283.97,39265.17,37724.03,38150.0,20170.320458
1627286400000,38149.99,38738.51,37661.7,38473.61,15469.519285
1627300800000,38473.61,38880.0,37902.0,38562.21,14097.348122
1627315200000,38562.21,40550.0,38492.31,39365.15,26121.200603
1627329600000,39361.36,39510.96,36764.93,37237.6,31745.611094
1627344000000,37241.33,37523.75,36383.0,36823.8,17410.427762
1627358400000,36823.81,37325.71,36675.34,37115.11,10241.357329
1627372800000,37115.1,38069.32,36969.52,38064.87,13230.902193
1627387200000,38064.87,38771.91,37707.66,38209.58,20708.619886
1627401600000,38209.58,38315.81,37350.0,37800.49,13516.225723
1627416000000,37800.49,39542.61,37798.02,39457.87,13289.734122
1627430400000,39456.61,40350.0,38904.11,39817.56,18736.761129
1627444800000,39817.56,40183.67,39226.76,39895.88,13044.26039
1627459200000,39897.97,40900.0,39359.21,40750.84,18688.600412
1627473600000,40750.84,40871.59,39329.4,39689.04,20050.248919
1627488000000,39689.04,40680.07,38772.0,40388.61,21791.613785
1627502400000,40388.61,40388.61,39586.2,40019.56,9033.043806
1627516800000,40019.57,40278.48,39200.0,39609.78,7942.158598
1627531200000,39609.78,40270.53,39491.99,39934.62,7886.695172
1627545600000,39935.0,40640.0,39501.78,39769.99,12722.691769
1627560000000,39769.99,40143.74,39450.0,39939.33,9780.144141
1627574400000,39939.32,40177.0,39390.0,39659.84,8247.478376
1627588800000,39659.84,40419.3,39489.55,40016.48,7419.271227
1627603200000,40018.49,40250.0,39742.59,39969.99,6810.121856
1627617600000,39969.99,40030.0,39582.96,39726.01,7140.960407
1627632000000,39726.0,39763.14,38313.23,38642.46,17816.371192
1627646400000,38650.0,39161.97,38528.6,39073.85,7085.853441
1627660800000,39072.65,39871.45,38871.74,39853.72,6298.828153
1627675200000,39860.64,42316.71,39685.0,42206.37,28450.649756
1627689600000,42206.36,42448.0,41627.6,41810.01,11056.64972
1627704000000,41810.0,41876.34,41181.0,41540.32,7430.332649
1627718400000,41540.31,41980.0,41337.02,41592.15,7037.955506
1627732800000,41592.14,41746.64,41000.15,41537.83,6488.563984
1627747200000,41535.71,41625.71,41033.0,41303.63,4894.698448
1627761600000,41303.64,41984.73,41132.51,41461.83,7941.590705
1627776000000,41461.84,42599.0,41120.0,42435.13,9535.620085
1627790400000,42430.41,42441.26,41580.0,41701.26,7047.099032
1627804800000,41701.25,41948.0,41325.0,41587.01,6239.303189
1627819200000,41587.0,41810.0,41160.0,41286.98,6000.645215
1627833600000,41286.99,41489.07,40600.0,41263.35,12022.762696
1627848000000,41263.34,41500.0,39422.01,39845.44,13107.756109
1627862400000,39850.27,40099.36,39250.0,39785.59,8426.723834
1627876800000,39785.6,40480.01,39591.51,40104.45,7699.766674
1627891200000,40104.45,40171.87,39319.0,39542.42,9194.088344
1627905600000,39542.43,39818.18,38907.51,39705.12,10399.639372
1627920000000,39705.12,39975.96,39012.17,39177.85,6981.939999
1627934400000,39177.85,39545.24,38690.0,39147.82,8135.193731
1627948800000,39146.86,39780.0,38512.0,38655.74,10785.426738
1627963200000,38658.48,38828.59,37955.52,38593.44,10440.416831
1627977600000,38593.43,38809.0,38315.0,38490.01,6220.139519
1627992000000,38490.02,38703.0,37703.75,38169.44,14444.481309
1628006400000,38169.45,38550.24,37642.03,38011.37,9155.330268
1628020800000,38008.8,38643.0,37870.0,38207.05,6071.641188
1628035200000,38207.04,38566.82,37890.54,37976.81,5603.620628
1628049600000,37976.82,38213.99,37674.18,37828.84,7233.662046
1628064000000,37828.84,38260.0,37508.56,38160.06,7663.712387
1628078400000,38160.06,39472.47,38154.32,39302.0,16338.836507
1628092800000,39302.0,39850.0,39240.2,39752.17,8424.94071
1628107200000,39752.17,39969.66,39517.19,39723.18,7064.580152
1628121600000,39723.17,39849.61,39167.0,39435.09,7934.420985
1628136000000,39438.06,39530.6,38722.0,38870.59,6885.035369
1628150400000,38870.58,38958.64,37821.0,38008.38,13385.779722
1628164800000,38008.45,39370.0,37332.7,38750.01,23764.28639
1628179200000,38750.0,41350.0,38737.31,40692.24,23948.948545
1628193600000,40692.24,41290.01,40666.1,40862.46,8425.28461
1628208000000,40862.46,41015.99,39900.39,40219.47,10179.812665
1628222400000,40219.47,41199.99,39853.86,40729.59,10471.631356
1628236800000,40731.0,41120.0,40387.77,40507.56,9492.764065
1628251200000,40507.56,42455.73,40300.0,42199.98,16989.759862
1628265600000,42199.97,43392.43,42199.97,42901.17,21395.294186
1628280000000,42901.18,42967.68,42393.02,42836.87,7224.679213
1628294400000,42836.87,43770.03,42579.16,43691.86,11688.337016
1628308800000,43691.95,43930.4,43040.0,43207.89,9270.547915
1628323200000,43207.89,43989.49,43110.01,43800.03,10822.609
1628337600000,43800.03,44555.0,43000.0,43370.23,18116.37053
1628352000000,43370.23,44059.21,42446.41,43931.41,12351.125165
1628366400000,43931.41,44700.0,43470.0,44572.54,11147.751182
1628380800000,44572.54,44776.0,43785.0,44322.42,10785.358595
1628395200000,44322.42,45310.0,44155.21,44804.51,14128.836123
1628409600000,44804.51,45014.45,44071.82,44452.06,10893.161397
1628424000000,44452.05,45198.27,43737.0,43984.55,13476.96877
1628438400000,43988.88,44391.35,43261.0,43715.1,11337.282472
1628452800000,43715.1,44581.0,43541.05,43794.37,8707.485341
1628467200000,43794.36,43960.84,42779.0,43496.09,9844.910581
1628481600000,43496.09,43845.39,43234.0,43800.74,6671.890592
1628496000000,43800.74,46048.5,43600.92,45930.01,19251.354881
1628510400000,45930.01,46250.0,45254.11,45870.75,15057.743577
1628524800000,45870.76,46454.15,45671.24,45979.85,10396.795354
1628539200000,45981.05,46412.99,44900.0,46253.4,13365.18986
1628553600000,46248.87,46700.0,45629.67,45708.76,8694.648525
1628568000000,45707.12,46023.92,45300.0,45948.0,6890.965569
1628582400000,45948.0,46171.42,45192.79,45345.05,9924.832611
1628596800000,45345.05,46097.99,44856.0,45165.73,12836.707032
1628611200000,45161.75,45565.18,44589.46,45495.73,8533.184582
1628625600000,45495.73,45906.54,45233.9,45584.99,6934.305102
1628640000000,45585.0,45996.77,45341.14,45585.66,6407.599572
1628654400000,45585.66,46433.67,45434.85,46349.25,8513.74732
1628668800000,46349.26,46571.42,45850.0,45924.08,8369.542863
1628683200000,45922.33,46743.47,45800.0,46456.02,12462.447059
1628697600000,46456.91,46607.94,46205.37,46448.0,7047.21965
1628712000000,46448.01,46680.0,45510.66,45511.0,9934.345513
1628726400000,45510.67,46218.12,45392.44,45927.0,6720.179165
1628740800000,45927.0,46016.57,44833.4,45243.61,12583.542792
1628755200000,45243.61,45662.74,44600.0,44752.56,9468.949478
1628769600000,44752.56,44968.29,43920.0,44196.19,12371.793247
1628784000000,44196.19,44512.2,43770.0,44371.32,8352.499571
1628798400000,44371.8,44549.99,43855.88,44399.0,5769.144528
1628812800000,44400.06,44922.0,44217.39,44847.26,4783.844532
1628827200000,44847.27,46336.0,44847.27,46103.51,7082.20008
1628841600000,46103.5,46537.15,45959.9,46138.47,10390.653815
1628856000000,46138.46,46666.0,46128.18,46357.15,8188.778129
1628870400000,46357.15,46630.0,46222.31,46459.86,5176.565618
1628884800000,46459.86,47886.0,46390.0,47800.0,12617.328257
1628899200000,47799.99,47834.12,47382.0,47540.0,5483.032555
1628913600000,47540.0,47722.98,47430.0,47616.12,4385.839059
1628928000000,47616.12,48144.0,45971.03,46569.99,17186.760903
1628942400000,46570.54,46950.0,46100.0,46944.47,8957.03475
1628956800000,46944.47,47374.67,46568.21,47033.76,5068.16556
1628971200000,47033.77,47213.88,46331.28,47068.51,5033.526195
1628985600000,47068.5,47372.27,46802.0,46874.81,4539.142209
1629000000000,46877.72,46888.0,45519.0,45742.92,8434.007185
1629014400000,45738.34,46167.26,45555.55,45923.57,7872.99736
1629028800000,45923.57,46498.89,45500.0,46167.9,7294.920876
1629043200000,46173.49,46428.21,45649.82,46341.8,6649.779626
1629057600000,46337.77,47299.15,46254.24,46973.82,7319.864078
1629072000000,46973.82,48053.83,46741.44,47357.62,11907.638317
1629086400000,47357.62,47719.3,47182.35,47309.85,6426.573819
1629100800000,47309.85,47661.38,47000.0,47516.95,7355.614429
1629115200000,47516.95,47709.12,45951.73,46344.03,13086.394018
1629129600000,46344.03,46666.0,46067.51,46092.99,5808.063531
1629144000000,46092.98,46337.62,45660.0,45901.29,7896.2899
1629158400000,45901.3,46620.0,45239.45,46417.0,8744.882775
1629172800000,46417.0,46600.0,45636.97,45947.49,6086.361224
1629187200000,45947.49,47160.0,45885.01,46849.43,10128.561367
1629201600000,46845.15,47082.6,45659.0,45730.0,10193.438449
1629216000000,45730.0,46222.4,45287.55,45465.01,9427.521515
1629230400000,45465.01,45543.44,44376.0,44695.95,12458.576299
1629244800000,44695.95,45135.4,44203.28,45055.78,12688.753168
1629259200000,45055.78,45500.0,44853.8,44951.32,7173.931746
1629273600000,44951.31,45560.0,44650.0,44746.59,7560.814954
1629288000000,44746.6,45833.0,44650.01,45820.0,9501.557337
1629302400000,45820.0,46000.0,44772.65,44901.12,10026.757735
1629316800000,44901.11,45192.89,44401.0,44705.29,7147.601045
1629331200000,44699.37,45234.56,44044.65,44046.97,8549.993527
1629345600000,44046.97,44660.9,43927.7,44660.01,8346.719034
1629360000000,44660.01,45000.0,44175.47,44215.25,7506.522094
1629374400000,44215.24,45800.0,44123.65,45779.58,11037.742778
1629388800000,45779.59,46757.01,45405.86,46710.0,11398.806555
1629403200000,46710.0,47033.0,46340.12,46760.62,6571.969932
1629417600000,46760.62,47390.0,46622.99,47054.74,8538.716411
1629432000000,47054.75,47246.39,46700.24,46833.48,7094.041211
1629446400000,46833.48,47357.67,46720.0,46922.34,7777.970506
1629460800000,46922.34,48720.29,46888.19,48718.38,15690.235017
1629475200000,48718.38,49096.34,48289.43,48684.16,10506.215978
1629489600000,48684.16,49382.99,48598.01,49322.47,7243.173105
1629504000000,49322.47,49357.62,48670.1,48828.17,5988.240841
1629518400000,48828.17,48990.0,48555.0,48944.23,5437.245147
1629532800000,48944.22,49400.0,48222.0,48501.87,12846.817856
1629547200000,48501.88,49405.52,48434.07,49180.98,8310.731138
1629561600000,49180.98,49757.04,48765.0,48978.68,9541.764534
1629576000000,48978.68,49390.0,48806.58,48821.87,4620.337068
1629590400000,48821.88,49162.51,48601.0,48790.0,4417.151334
1629604800000,48790.0,49272.7,48781.1,49195.01,4342.589554
1629619200000,49195.01,49500.0,48900.0,49132.04,5326.14803
1629633600000,49132.04,49210.93,48050.0,48526.61,10467.491679
1629648000000,48526.62,48835.83,48168.01,48647.85,5854.0882
1629662400000,48647.84,49489.73,48239.03,49239.22,6600.418998
1629676800000,49239.22,50350.0,49070.01,50260.0,13441.309067
1629691200000,50260.0,50399.0,49952.89,50130.05,8174.355087
1629705600000,50130.05,50500.0,49975.0,50394.85,8002.953603
1629720000000,50394.85,50459.93,49309.07,49537.97,9485.367152
1629734400000,49536.85,49799.55,49077.0,49239.69,7339.681915
1629748800000,49240.01,49739.37,49029.0,49488.85,6018.87513
1629763200000,49488.85,49687.49,48776.26,49331.16,7923.343824
1629777600000,49331.17,49860.0,49166.88,49770.13,5458.242307
1629792000000,49770.13,49846.0,49060.0,49429.99,5786.181979
1629806400000,49430.0,49455.92,48210.98,48310.74,13886.15055
1629820800000,48310.73,48422.12,47749.1,48243.2,12715.715601
1629835200000,48243.2,48404.19,47600.0,47674.01,5244.960487
1629849600000,47674.01,48290.2,47652.36,47975.93,5408.664878
1629864000000,47975.93,48603.84,47886.12,48144.58,5616.392781
1629878400000,48144.58,48169.43,47126.28,47570.01,11569.056612
1629892800000,47570.01,48900.0,47324.99,48822.49,11053.843256
1629907200000,48817.41,49172.58,48507.71,48652.14,6574.337584
1629921600000,48652.13,49264.3,48601.47,48973.32,4433.535231
1629936000000,48973.32,49352.84,47829.61,47911.79,7176.710672
1629950400000,47911.8,48055.55,46560.01,46891.75,13514.968238
1629964800000,46891.75,47206.46,46693.68,46835.89,7402.54778
1629979200000,46835.9,47431.17,46250.0,46800.0,10767.297564
1629993600000,46800.0,47123.65,46485.16,46939.75,5881.19632
1630008000000,46934.22,47439.0,46818.0,46843.87,4628.5572
1630022400000,46843.86,47665.48,46348.0,46822.23,8396.959985
1630036800000,46822.24,47546.18,46572.36,47483.44,5592.40981
1630051200000,47479.77,47794.96,46989.48,47453.83,6809.299827
1630065600000,47453.82,48451.51,47032.63,48184.67,10227.865521
1630080000000,48184.66,48546.42,47969.42,48293.69,4628.336331
1630094400000,48293.68,49149.93,48155.0,49069.9,6413.233491
1630108800000,49069.9,49299.0,48835.0,48852.99,5599.988315
1630123200000,48853.0,49079.84,48626.49,48950.0,3827.233521
1630137600000,48949.03,49072.07,48627.31,48674.72,3988.09609
1630152000000,48670.48,49200.0,48346.88,48811.12,6049.60441
1630166400000,48811.12,49172.31,48500.0,48651.93,4272.79771
1630180800000,48651.94,48975.16,48578.29,48895.35,2943.34374
1630195200000,48895.35,49632.27,48067.53,48227.31,9312.334933
1630209600000,48223.59,48600.0,47762.54,48480.1,5486.31901
1630224000000,48480.11,48650.84,48140.0,48159.98,4379.4138
1630238400000,48159.98,48561.46,48105.03,48474.95,4372.83599
1630252800000,48474.96,48877.88,48329.22,48799.27,4036.23087
1630267200000,48799.28,49385.42,48366.71,48767.83,5065.14887
1630281600000,48767.84,48888.61,47803.0,47964.04,6018.32368
1630296000000,47964.02,48139.63,47610.6,47930.4,6181.847
1630310400000,47933.16,48200.0,47620.05,47902.76,4820.49197
1630324800000,47902.76,48089.3,47370.0,48019.64,7559.22764
1630339200000,48012.78,48620.0,47956.63,48619.99,6266.5895
1630353600000,48619.99,48696.87,46853.0,46982.91,9441.87104
1630368000000,46982.91,47220.97,46700.0,47150.68,6898.22753
1630382400000,47150.68,47900.0,46823.88,47761.26,9209.43345
1630396800000,47761.26,48072.92,47137.0,47969.51,9880.631
1630411200000,47969.51,48246.11,47180.0,47397.13,10324.27303
1630425600000,47397.13,47568.85,47001.0,47300.01,6866.89516
1630440000000,47300.0,47345.0,46744.57,47100.89,5466.0672
1630454400000,47100.89,47321.42,46512.0,47043.65,7128.97958
1630468800000,47043.65,47473.28,46969.56,47171.01,6205.34752
1630483200000,47171.0,47770.0,47111.25,47713.31,7612.40837
1630497600000,47713.3,47836.69,47252.0,47488.49,6777.92384
1630512000000,47488.5,49156.0,47386.66,48150.0,15849.59515
1630526400000,48147.25,48873.89,48096.68,48810.52,6330.40082
1630540800000,48810.51,49870.0,48584.06,49561.24,11028.247159
1630555200000,49557.88,50450.0,49303.48,49846.27,12262.84173
1630569600000,49846.27,50199.0,49658.99,50072.61,8623.30222
1630584000000,50072.61,50450.13,49244.35,49540.7,11974.66263
1630598400000,49540.7,49744.83,49186.0,49340.05,5833.803719
1630612800000,49340.06,49841.41,49224.92,49246.64,4687.91308
1630627200000,49246.63,49500.0,48316.84,49476.83,9336.84172
1630641600000,49476.83,49755.0,49215.81,49305.11,6668.98575
1630656000000,49305.1,50485.0,49255.57,50168.54,13547.575416
1630670400000,50168.55,51000.0,49888.24,50550.44,16777.762891
1630684800000,50550.45,50720.0,50210.67,50528.49,6390.71132
1630699200000,50528.5,50534.32,49570.0,49999.14,6303.76706
1630713600000,49998.0,50350.47,49575.83,50277.43,6895.14888
1630728000000,50282.19,50463.08,50109.04,50187.29,4033.14493
1630742400000,50187.3,50535.69,49690.0,49902.94,7042.20582
1630756800000,49902.94,50317.05,49750.0,49873.53,5614.87961
1630771200000,49873.52,50043.49,49370.0,49974.82,7100.86741
1630785600000,49974.83,50262.95,49724.22,49915.64,3978.41294
1630800000000,49917.54,50299.31,49657.14,49663.21,5414.50575
1630814400000,49663.22,50040.01,49450.0,49857.14,4034.78376
1630828800000,49857.14,50390.01,49810.0,50198.78,6112.69667
1630843200000,50198.78,50494.11,50014.21,50214.95,6630.40633
1630857600000,50214.95,50875.08,50120.0,50684.56,6604.24031
1630872000000,50684.56,51900.0,50636.1,51756.88,11748.203053
1630886400000,51756.88,51943.28,51447.89,51595.29,7857.354731
1630900800000,51595.29,51994.37,51550.0,51796.19,6294.825556
1630915200000,51796.18,52188.8,51282.05,51400.67,10261.810312
1630929600000,51400.68,51721.94,50969.33,51604.45,10140.7507
1630944000000,51604.45,52032.74,51478.63,51715.39,6004.11446
1630958400000,51715.4,52780.0,51625.98,52663.9,8690.811322
1630972800000,52666.2,52920.0,52336.1,52654.16,8318.747269
1630987200000,52654.16,52731.0,52061.42,52344.08,8185.53027
1631001600000,52344.08,52366.46,50402.0,50941.48,21065.57562
1631016000000,50943.75,51124.91,42843.05,46656.07,51548.53954
1631030400000,46656.07,47544.93,45901.57,46694.59,22952.37696
1631044800000,46691.58,47186.3,46080.01,46863.73,10978.03306
1631059200000,46868.57,47340.99,46234.29,46450.41,8904.31343
1631073600000,46450.4,46825.5,45007.0,45080.3,14682.06849
1631088000000,45075.72,46780.0,44412.02,46394.09,15065.44703
1631102400000,46394.82,46900.0,45583.0,46087.35,11266.12913
1631116800000,46082.9,46530.0,45860.01,46436.32,7256.39211
1631131200000,46436.31,46779.0,45827.9,46048.31,7894.96501
1631145600000,46048.31,46374.23,45513.08,46001.11,8605.4181
1631160000000,46001.16,46358.4,45883.42,46275.0,6151.77364
1631174400000,46275.01,46560.0,45888.38,46293.15,8545.31646
1631188800000,46293.15,47240.68,45599.0,47001.65,14521.52255
1631203200000,47001.65,47399.97,46460.87,46574.75,7770.68838
1631217600000,46567.2,46646.56,46051.21,46395.14,5056.94089
1631232000000,46395.14,47033.0,46262.01,46719.71,5689.64539
1631246400000,46719.71,46817.99,45900.0,46160.55,5969.19518
1631260800000,46160.55,46390.0,45623.44,46331.86,8193.87823
1631275200000,46331.85,46494.99,44738.9,45420.86,14611.95083
1631289600000,45420.86,45819.93,45308.0,45649.78,5725.57159
1631304000000,45649.78,45831.0,44132.29,44850.91,8858.02496
1631318400000,44842.2,45498.27,44722.22,45191.88,5650.93156
1631332800000,45191.89,45469.85,44765.52,45043.97,5038.67848
1631347200000,45043.97,45727.49,44835.29,45555.04,5331.4367
1631361600000,45555.68,45796.93,45379.64,45573.99,5047.10519
1631376000000,45573.99,45987.93,45300.0,45357.06,4719.55798
1631390400000,45360.57,45450.0,44974.79,45173.69,4652.69819
1631404800000,45173.68,45343.6,44742.06,45316.28,4635.71867
1631419200000,45316.27,45500.0,45044.0,45357.02,3522.64987
1631433600000,45357.03,46200.0,45301.1,46085.9,6736.69852
1631448000000,46085.91,46270.56,45738.0,45886.99,5089.16633
1631462400000,45890.61,46146.89,45761.01,45902.87,3785.11755
1631476800000,45902.87,46460.0,44900.0,46025.24,8324.92958
1631491200000,46025.23,46285.71,44555.0,44617.79,7721.53199
1631505600000,44614.68,44974.19,44174.0,44470.63,10989.21011
1631520000000,44470.62,44915.0,44164.2,44859.24,7892.97006
1631534400000,44859.24,46880.0,43370.0,44361.31,27611.11864
1631548800000,44361.97,44813.55,44167.01,44741.66,5671.80843
1631563200000,44741.66,45500.0,44738.34,44940.73,5542.51133
1631577600000,44940.72,45363.93,44594.44,45186.85,4877.5854
1631592000000,45186.85,45881.6,45050.1,45720.02,5916.80911
1631606400000,45720.03,46178.43,45678.01,45973.8,6091.2912
1631620800000,45973.79,46950.0,45756.16,46754.42,14039.98199
1631635200000,46754.43,46888.88,46331.01,46474.89,6409.45768
1631649600000,46474.89,47250.0,46376.99,47111.52,7520.72561
1631664000000,47103.28,47470.0,46938.22,47075.48,6911.96233
1631678400000,47075.47,47221.54,46682.32,47172.84,5207.3479
1631692800000,47172.84,47699.0,47013.0,47560.74,8309.40418
1631707200000,47560.74,48370.31,47282.79,48288.0,10871.62302
1631721600000,48287.99,48429.87,47835.36,48075.44,6856.3697
1631736000000,48075.44,48500.0,47900.0,48121.41,5048.00461
1631750400000,48121.4,48192.06,47337.58,47615.08,6407.16725
1631764800000,47615.07,48557.0,47583.11,48343.52,7276.32651
1631779200000,48343.52,48356.01,47623.0,47895.01,6226.87578
1631793600000,47895.01,48226.38,47211.35,48020.24,9701.90295
1631808000000,48020.24,48166.66,47269.0,47430.01,5841.94413
1631822400000,47430.0,47942.41,47021.1,47737.82,5270.87233
1631836800000,47737.81,48094.26,47450.44,47899.83,4491.37281
1631851200000,47899.83,48150.0,47652.51,47719.73,4715.21167
1631865600000,47719.73,47989.2,47278.9,47403.56,7268.21283
1631880000000,47403.56,47656.35,47126.1,47527.52,5877.18909
1631894400000,47527.52,47730.0,46750.47,47501.68,6326.06222
1631908800000,47501.68,47578.94,46699.56,47299.98,5783.87914
1631923200000,47299.98,47987.49,47035.56,47924.57,4564.24787
1631937600000,47924.57,48843.2,47919.91,48622.01,8849.32858
1631952000000,48622.01,48824.54,48315.0,48367.16,4347.69693
1631966400000,48367.16,48680.0,48249.16,48414.99,4221.61261
1631980800000,48414.99,48518.99,48062.63,48266.0,4165.11167
1631995200000,48266.0,48369.37,47800.51,48292.74,4758.47272
1632009600000,48292.75,48372.83,47591.83,47844.88,4170.98666
1632024000000,47844.88,48218.97,47763.85,48157.7,3117.57714
1632038400000,48157.7,48333.0,47180.32,47327.73,5995.99762
1632052800000,47327.73,47770.0,47069.01,47646.72,6346.43387
1632067200000,47646.71,47785.0,47287.91,47376.72,5378.87167
1632081600000,47376.72,47666.01,46829.18,47241.75,4837.37653
1632096000000,47241.75,47347.25,45100.0,45542.76,11683.83842
1632110400000,45542.75,45836.85,44444.0,44824.89,9579.41183
1632124800000,44830.01,45295.0,43240.33,43739.75,15247.64765
1632139200000,43734.0,44135.0,42500.0,43844.88,22074.614233
1632153600000,43844.88,44250.0,42888.0,43850.25,10676.93011
1632168000000,43850.26,43968.67,42551.11,43015.62,8741.0822
1632182400000,43016.64,43111.0,40200.0,42683.01,20365.747353
1632196800000,42683.02,43340.0,42172.24,43301.07,8293.19432
1632211200000,43301.08,43639.0,43050.0,43288.97,7323.01912
1632225600000,43288.97,43550.0,42146.13,43072.81,11221.80392
1632240000000,43072.81,43295.66,41502.0,42013.63,13878.37868
1632254400000,42010.81,42331.87,39600.0,40734.38,23451.937092
1632268800000,40734.09,42420.75,40565.39,42052.09,13526.93267
1632283200000,42055.55,42749.4,41820.01,42540.0,7657.75003
1632297600000,42541.23,42618.55,41841.46,41928.32,6889.14338
1632312000000,41928.31,43296.0,41874.65,43222.96,10768.58855
1632326400000,43222.96,44000.55,42855.01,43384.9,13704.78238
1632340800000,43384.93,43673.42,43006.0,43543.61,5801.85841
1632355200000,43546.37,44191.42,43069.09,44074.57,7741.41519
1632369600000,44074.58,44386.6,43685.8,44229.99,6362.4226
1632384000000,44229.99,44297.25,43361.0,43648.15,8152.76247
1632398400000,43648.15,44258.11,43394.0,43747.63,9131.24163
1632412800000,43747.63,44936.77,43602.0,44767.57,10931.03585
1632427200000,44767.56,44978.0,44358.0,44865.26,6380.69881
1632441600000,44865.26,44978.53,44205.0,44283.03,7011.65212
1632456000000,44283.04,45200.0,43889.64,44818.46,10084.459992
1632470400000,44818.46,45075.0,40675.0,41527.5,33100.37868
1632484800000,41527.5,42679.93,40843.82,41944.01,20639.50633
1632499200000,41944.0,42533.47,41742.01,42371.43,6655.70748
1632513600000,42371.43,43200.0,42303.78,42810.57,6621.72169
1632528000000,42810.58,42950.0,42024.54,42608.11,6133.287
1632542400000,42608.11,42860.94,42206.43,42372.02,4331.38383
1632556800000,42369.52,42966.84,41646.28,42485.03,9016.89021
1632571200000,42485.03,42765.54,42156.33,42669.96,6500.17226
1632585600000,42669.97,42813.34,42348.39,42665.95,4643.97139
1632600000000,42665.95,42808.29,42375.0,42670.64,2968.8672
1632614400000,42670.63,42735.05,41904.02,42212.4,6281.36443
1632628800000,42212.41,42302.79,40750.0,41231.34,8923.43529
1632643200000,41227.07,43746.9,41037.13,43063.57,16196.41116
1632657600000,43063.57,43467.22,43063.57,43343.73,6836.45864
1632672000000,43343.73,43543.99,43078.33,43252.54,5061.38959
1632686400000,43255.32,43950.0,42673.67,43160.9,6580.93854
1632700800000,43160.9,44350.0,42933.0,44038.75,7631.49537
1632715200000,44038.74,44250.0,43662.0,43688.03,5042.54367
1632729600000,43685.34,44129.28,43367.57,43747.69,6312.56101
1632744000000,43747.68,44089.75,43045.53,43293.26,8097.29964
1632758400000,43293.27,43416.42,42850.0,43011.82,6042.74948
1632772800000,43011.82,43400.0,42098.0,42147.35,6650.19466
1632787200000,42147.35,42703.65,41942.0,42558.4,6135.42718
1632801600000,42558.41,42787.38,41650.0,41775.25,6587.71759
1632816000000,41777.79,42174.26,41514.12,42101.49,8390.10412
1632830400000,42105.61,42593.69,41278.49,41447.18,10870.85097
1632844800000,41447.18,41763.97,41115.0,41601.99,6244.9725
1632859200000,41601.8,42017.33,40888.0,41026.54,5143.19004
1632873600000,41025.01,42274.76,40753.88,42199.99,7546.17963
1632888000000,42199.99,42476.26,42000.0,42450.25,3870.2589
1632902400000,42442.0,42500.0,42000.0,42399.98,4019.72227
1632916800000,42399.98,42590.0,41619.99,41698.98,7424.90548
1632931200000,41698.97,41824.01,41052.4,41207.86,5907.52309
1632945600000,41207.87,41580.67,40900.0,41524.28,4742.9455
1632960000000,41524.29,43729.68,41410.17,43591.23,10700.82651
1632974400000,43591.24,43830.0,43217.16,43286.88,5896.65545
1632988800000,43286.88,43446.77,42697.01,43072.29,7385.82971
1633003200000,43072.29,43777.0,42850.0,43149.02,9589.71375
1633017600000,43149.02,44141.37,42819.86,43532.31,8533.13649
1633032000000,43532.32,43915.89,43100.0,43824.1,4275.0659
1633046400000,43820.01,44059.0,43283.03,43635.79,5635.94634
1633060800000,43635.79,44836.0,43456.46,44788.42,8500.0692
1633075200000,44788.42,47786.7,44700.0,47488.08,21685.65842
1633089600000,47488.07,47886.11,46763.68,47363.68,14747.75492
1633104000000,47363.69,48190.0,47232.98,48030.0,8403.11668
1633118400000,48029.99,48495.0,47710.01,48141.61,7272.32936
1633132800000,48141.6,48224.01,47443.98,47520.84,6138.50236
1633147200000,47520.84,47900.0,47430.18,47725.01,4435.01689
1633161600000,47725.0,47899.01,47478.44,47683.45,3471.37761
1633176000000,47683.46,48336.59,47616.8,47828.52,7082.00484
1633190400000,47831.94,48267.0,47650.0,48239.99,4984.54689
1633204800000,48240.0,48300.0,47500.0,47634.9,4397.53272
1633219200000,47634.89,47963.0,47088.0,47898.66,5228.21154
1633233600000,47894.44,48100.0,47788.34,47895.99,2555.92029
1633248000000,47896.0,48048.0,47600.0,47974.86,3925.68937
1633262400000,47974.86,48150.0,47799.18,47879.82,4201.8022
1633276800000,47879.81,49228.08,47821.96,48774.76,8607.23932
1633291200000,48774.76,48837.88,47601.89,48200.01,6306.19329
1633305600000,48200.01,48280.71,47336.0,47468.79,5884.57398
1633320000000,47468.79,47865.51,47234.21,47838.54,4578.42683
1633334400000,47838.54,47962.51,47352.77,47585.85,4662.09258
1633348800000,47585.84,48500.0,46891.0,47758.23,10791.88677
1633363200000,47758.22,49536.12,47694.41,49380.0,14116.14153
1633377600000,49380.0,49498.78,48556.09,49224.94,6763.37203
1633392000000,49224.93,49799.0,49022.4,49306.68,6864.56149
1633406400000,49306.68,49664.14,49088.0,49476.51,4989.66359
1633420800000,49476.52,50350.0,49376.06,49877.06,10294.60776
1633435200000,49877.06,50388.0,49575.94,49793.57,9995.23455
1633449600000,49793.57,51388.0,49640.36,51190.11,10381.58737
1633464000000,51190.11,51886.3,51104.47,51471.99,9600.01317
1633478400000,51471.99,51600.0,50917.73,51513.81,6868.6122
1633492800000,51512.13,51828.0,51088.0,51449.99,9945.20825
1633507200000,51450.0,51500.0,50382.41,51306.56,14543.35572
1633521600000,51306.57,55555.0,51259.84,54984.19,29280.489007
1633536000000,54984.2,55109.67,54446.54,55049.99,10656.02466
1633550400000,55049.99,55750.0,54812.0,55315.0,8583.855344
1633564800000,55315.0,55332.31,54112.0,54810.94,9577.20435
1633579200000,54810.93,55237.04,54235.33,54755.92,9647.56154
1633593600000,54755.91,54778.91,53786.13,54305.54,10697.6879
1633608000000,54305.53,54700.0,53357.0,53899.99,12060.71474
1633622400000,53902.39,54330.0,53400.0,53962.76,7836.33158
1633636800000,53962.75,54640.3,53607.27,53785.22,5097.87755
1633651200000,53785.22,54429.99,53691.02,53815.22,5375.83993
1633665600000,53815.21,54967.97,53617.61,54829.39,8039.6728
1633680000000,54829.38,56100.0,54753.66,55242.72,13260.47223
1633694400000,55242.71,55300.0,54024.84,54324.84,9801.73911
1633708800000,54324.83,54700.0,54042.38,54686.48,4641.59746
1633723200000,54686.48,54774.35,53775.83,53951.43,5040.93632
1633737600000,53955.67,54699.0,53661.67,54560.58,4885.17671
1633752000000,54562.58,55100.0,54384.27,54917.55,4846.20259
1633766400000,54917.56,55340.3,54490.55,54792.68,10880.54655
1633780800000,54792.68,55489.0,54792.68,54977.29,12974.62361
1633795200000,54977.29,55149.96,54592.21,54656.81,11444.01939
1633809600000,54656.81,55165.0,54323.0,54949.72,10146.51128
1633824000000,54949.72,55199.0,54080.0,55049.15,13788.55433
1633838400000,55049.16,56074.43,54850.0,55668.81,15429.10845
1633852800000,55668.81,55928.0,54680.0,55144.99,14352.73087
1633867200000,55145.0,55551.38,54638.0,55373.01,12625.99494
1633881600000,55370.28,55523.36,55000.0,55450.25,11798.42221
1633896000000,55450.25,56561.31,54333.85,54659.0,21243.025328
1633910400000,54659.01,56750.0,54415.06,56507.09,13331.562059
1633924800000,56505.05,57049.0,56142.85,56789.76,8050.995249
1633939200000,56789.76,56879.95,55862.78,56407.51,7651.44583
1633953600000,56406.68,57678.0,56092.33,57490.18,11163.009556
1633968000000,57490.17,57839.04,57168.67,57488.33,6722.160367
1633982400000,57488.33,57506.84,56800.0,57471.35,6013.99269
1633996800000,57471.35,57471.35,56400.0,56711.35,7661.14666
1634011200000,56711.36,57680.0,56558.0,57342.79,6572.08788
1634025600000,57342.79,57618.99,56680.0,57240.14,7093.9373
1634040000000,57240.14,57450.0,56010.0,56303.2,11228.66882
1634054400000,56300.66,56376.74,55154.72,55329.78,9244.17275
1634068800000,55329.78,56548.99,53879.0,55996.93,11671.27209
1634083200000,55996.91,56599.99,55825.9,56277.78,5980.76846
1634097600000,56277.79,56365.0,54562.34,54612.61,10682.25936
1634112000000,54612.6,55295.7,54167.19,55210.79,9667.88324
1634126400000,55210.8,56440.75,54521.74,56168.85,10626.72608
1634140800000,56168.85,57300.0,56072.75,57259.77,10095.6927
1634155200000,57259.77,57777.0,56607.27,57367.0,8755.11508
1634169600000,57370.83,58532.54,57138.72,58065.99,8883.242761
1634184000000,58065.99,58169.99,57333.33,57367.3,6072.24549
1634198400000,57367.3,58150.0,57189.0,57622.42,7588.26582
1634212800000,57622.42,57986.2,56947.59,57331.31,8973.34822
1634227200000,57331.3,58086.98,56818.05,57833.12,8438.51013
1634241600000,57833.11,57867.11,57207.89,57347.94,3097.72436
1634256000000,57347.94,59453.75,56850.0,59431.71,14605.267521
1634270400000,59431.7,59998.0,59142.86,59231.5,12301.34388
1634284800000,59231.5,59537.61,58739.17,59527.99,10325.42444
1634299200000,59527.99,60361.5,59187.66,60038.36,13521.040306
1634313600000,60038.36,61880.0,60001.91,61446.32,16551.78547
1634328000000,61446.33,62933.0,60797.01,61672.42,15208.046405
1634342400000,61672.42,61771.65,61120.0,61655.99,5588.91891
1634356800000,61655.99,62378.42,61551.31,61733.96,5511.08148
1634371200000,61733.96,62062.55,61324.79,61597.26,7202.4555
1634385600000,61597.26,61605.81,60398.73,60941.04,9088.29165
1634400000000,60941.04,61215.64,60150.0,60834.34,4907.47821
1634414400000,60834.34,61300.0,60500.0,60875.57,3169.65521
1634428800000,60875.57,61405.94,60475.76,61115.85,4503.40157
1634443200000,61115.86,61249.93,60299.33,60329.54,4069.74115
1634457600000,60329.54,61465.9,60322.85,60939.89,5326.37044
1634472000000,60939.9,61326.64,60471.97,60764.12,5810.58981
1634486400000,60764.13,61080.0,60379.56,60519.48,4656.47754
1634500800000,60519.48,61718.39,58963.0,61528.33,14732.66073
1634515200000,61528.32,62578.91,61406.27,62123.87,8220.86368
1634529600000,62123.87,62695.78,61775.38,61885.42,6750.25829
1634544000000,61885.43,62464.01,60579.02,60933.04,12454.28811
1634558400000,60933.04,62213.73,59844.45,62003.03,12595.9375
1634572800000,62003.04,62377.73,61034.05,61434.63,7528.58488
1634587200000,61434.64,62104.72,61106.4,62009.84,4248.51598
1634601600000,62005.6,62998.0,61526.62,62588.86,7508.172578
1634616000000,62588.86,62820.2,61986.85,62297.06,5250.26051
1634630400000,62297.06,62574.42,61743.61,62128.39,4998.06071
1634644800000,62128.39,63278.61,61322.22,62395.99,15480.664616
1634659200000,62395.99,64299.0,62311.02,64177.15,12224.148546
1634673600000,64170.58,64486.0,63590.0,64280.59,8166.800784
1634688000000,64280.59,64375.34,63699.6,63844.67,4421.06348
1634702400000,63844.67,64200.69,63481.4,63999.97,4506.02577
1634716800000,63999.98,64250.0,63697.69,63791.1,5587.8766
1634731200000,63788.0,67000.0,63760.0,66875.83,21709.686576
1634745600000,66875.84,66940.73,66104.32,66397.59,9104.12272
1634760000000,66397.6,66444.47,65462.0,66001.41,6100.15971
1634774400000,66001.4,66033.64,64062.82,65069.02,12539.65522
1634788800000,65069.03,65272.86,64142.01,65100.7,7102.10672
1634803200000,65100.7,66639.74,64175.0,64827.9,14228.5991
1634817600000,64836.51,65599.98,62000.0,62971.2,17711.78395
1634832000000,62971.2,63645.1,62188.0,62802.07,9884.06493
1634846400000,62801.57,63186.94,62000.0,62193.15,7072.43545
1634860800000,62193.15,63351.02,62000.0,63237.9,8679.71549
1634875200000,63237.9,63408.85,62464.6,63371.33,5983.72378
1634889600000,63371.33,63732.39,62874.71,63376.8,5893.024
1634904000000,63376.81,63709.5,60478.1,60690.94,15905.74758
1634918400000,60690.94,61390.07,60000.0,61032.7,11382.27047
1634932800000,61032.71,61240.0,60129.63,60688.22,4274.87754
1634947200000,60688.23,61258.43,60358.0,61236.52,3404.13572
1634961600000,61236.52,61567.11,60705.0,60880.0,3607.88079
1634976000000,60879.99,61688.0,59562.15,61552.23,8286.33783
1634990400000,61552.24,61747.64,60710.36,61446.87,5316.14998
1635004800000,61449.99,61632.29,60902.0,61008.02,4089.6252
1635019200000,61008.02,61455.27,60817.46,61286.75,2922.80726
1635033600000,61286.75,61500.0,60820.0,61227.76,2871.84386
1635048000000,61227.77,61250.0,60572.2,60687.82,2680.90126
1635062400000,60687.82,61273.69,60157.14,60281.0,5295.28095
1635076800000,60281.0,60848.18,59632.47,59859.97,9430.60011
1635091200000,59859.98,60745.12,59510.63,60643.09,6662.75312
1635105600000,60643.09,61400.0,60566.65,60852.22,4285.19746
1635120000000,60852.22,62250.0,60650.0,62084.26,6455.18496
1635134400000,62084.68,62900.0,61764.45,62660.65,5935.2857
1635148800000,62660.65,63200.0,62450.91,62759.19,6884.80596
1635163200000,62759.19,63638.0,62578.64,63606.87,7650.68408
1635177600000,63606.86,63710.63,62635.72,62688.0,6284.25929
1635192000000,62688.0,63329.48,62530.0,63078.78,3643.61807
1635206400000,63078.78,63293.48,62619.42,62758.02,4194.45189
1635220800000,62758.01,62815.98,62184.01,62432.54,4755.97248
1635235200000,62432.54,63110.0,62423.71,62739.98,5072.16094
1635249600000,62739.99,62882.99,61800.0,62514.59,8543.07928
1635264000000,62514.59,62743.86,61826.08,62000.0,5640.88431
1635278400000,62000.01,62300.27,59817.55,60328.81,12010.95193
1635292800000,60328.81,60840.0,60138.4,60714.34,6681.03292
1635307200000,60714.33,61496.0,59908.61,59949.93,10770.83561
1635321600000,59949.99,59953.94,58000.0,58564.0,20358.22032
1635336000000,58564.0,59449.0,58270.0,58819.14,9344.69974
1635350400000,58819.15,59170.0,58101.0,59062.32,8785.64158
1635364800000,59062.31,59587.35,58390.91,58413.44,6184.05999
1635379200000,58413.44,59162.02,58075.62,58839.8,6227.09747
1635393600000,58839.8,59248.6,58685.0,58993.71,8322.94824
1635408000000,58993.71,61257.82,58988.04,60960.61,11782.03327
1635422400000,60960.62,61800.0,60857.0,61138.62,8307.03763
1635436800000,61138.61,61478.42,57820.0,61289.13,15858.36308
1635451200000,61288.87,62499.0,60333.0,60575.89,10558.87332
1635465600000,60575.9,62100.0,60174.81,61642.99,7694.29381
1635480000000,61642.98,61698.51,60350.44,60569.05,6798.19033
1635494400000,60569.81,61358.28,60420.01,60940.91,7285.75103
1635508800000,60940.9,62553.96,60699.62,62299.99,10732.92426
1635523200000,62299.99,62980.0,61905.55,62545.11,8064.41851
1635537600000,62545.11,62718.87,62037.8,62253.71,3398.3262
1635552000000,62253.7,62359.25,61604.98,61679.95,4865.41623
1635566400000,61679.95,61914.14,61272.15,61597.19,3804.63023
1635580800000,61597.19,61989.99,61054.48,61595.01,4459.81706
1635595200000,61595.01,62253.0,60673.0,61377.19,8527.0031
1635609600000,61377.2,61793.0,61074.51,61730.85,4326.46617
1635624000000,61730.84,61960.0,61175.01,61859.19,5494.79287
1635638400000,61859.19,62405.3,61581.96,61697.84,7236.29682
1635652800000,61697.85,61746.28,61065.76,61362.61,5558.29663
1635667200000,61362.6,61369.36,60279.63,60467.81,8270.16006
1635681600000,60467.81,60800.22,59945.36,60460.23,9354.74479
1635696000000,60460.23,60906.79,60200.0,60689.95,4761.17752
1635710400000,60689.95,61620.06,60521.33,61299.8,4086.96212
1635724800000,61299.81,61735.3,59700.0,59922.98,8785.67189
1635739200000,59915.12,62298.0,59405.0,62178.31,10202.42414
1635753600000,62176.29,62437.74,61630.18,61807.99,7889.10891
1635768000000,61808.0,62190.0,61300.01,61550.89,6833.29834
1635782400000,61550.88,61571.46,60322.67,61435.98,6184.0939
1635796800000,61435.97,61454.76,60411.0,60911.11,4793.06954
1635811200000,60911.12,61566.0,60624.68,61074.5,5799.33428
1635825600000,61074.5,61824.66,61053.21,61521.13,4884.02908
1635840000000,61521.13,63597.8,61356.45,62913.3,12676.16741
1635854400000,62913.3,64270.0,62881.46,64018.73,10120.6685
1635868800000,64018.74,64267.36,63195.61,63576.05,6992.79943
1635883200000,63576.05,63610.0,62584.5,63219.99,5895.2854
1635897600000,63220.57,63500.0,62722.4,63210.41,5437.78575
1635912000000,63210.4,63500.0,62728.0,63394.63,5510.04947
1635926400000,63394.62,63399.71,62872.94,63108.43,5366.51076
1635940800000,63107.29,63133.99,61579.57,62190.0,10311.24424
1635955200000,62189.99,63333.0,60382.76,62800.0,11857.29559
1635969600000,62799.99,63200.0,62555.0,62896.48,4853.20468
1635984000000,62896.49,63086.31,62178.0,62420.0,5198.0883
1635998400000,62420.0,62826.95,61819.51,61853.79,5036.39598
1636012800000,61853.78,62325.75,61230.66,61447.22,7007.59357
1636027200000,61447.23,62370.0,60775.0,61035.01,8938.6306
1636041600000,61035.01,61376.02,60677.01,61249.34,6370.29943
1636056000000,61249.33,61530.27,61000.0,61395.01,3379.92526
1636070400000,61395.01,62332.04,60820.0,62203.8,5401.65251
1636084800000,62203.79,62595.72,61880.88,62128.71,4697.72501
1636099200000,62128.7,62229.45,61191.28,61259.63,5937.97481
1636113600000,61259.63,61928.37,60750.0,60782.17,7350.67296
1636128000000,60782.99,61431.29,60730.0,61090.69,4783.03766
1636142400000,61090.69,61324.1,60721.0,60937.12,3433.42454
1636156800000,60940.18,61277.77,60777.0,61109.52,3333.10375
1636171200000,61109.51,61560.49,60511.01,60790.88,4314.24806
1636185600000,60790.87,61350.0,60081.21,60327.47,7026.55184
1636200000000,60327.47,60756.84,60050.0,60648.59,4805.98052
1636214400000,60648.58,61186.08,60400.0,61175.4,3129.23859
1636228800000,61175.41,61489.63,61099.01,61470.61,2981.45132
1636243200000,61470.62,62328.06,61322.78,62133.04,5497.63282
1636257600000,62133.03,62292.31,61700.02,61759.87,2744.54093
1636272000000,61759.87,62350.0,61468.48,61911.4,4238.91012
1636286400000,61911.41,62137.0,61650.0,61938.01,3456.28117
1636300800000,61938.0,62499.44,61931.68,62265.57,4406.33894
1636315200000,62265.57,63286.35,62159.29,63273.59,5171.98432
1636329600000,63273.58,65639.08,63273.58,65199.99,15619.03574
1636344000000,65200.0,66342.58,65050.77,65941.89,8280.62238
1636358400000,65941.88,66423.0,65600.01,66037.21,8440.65891
1636372800000,66037.21,66524.43,65122.0,66379.41,7465.71444
1636387200000,66382.01,66538.53,65743.17,65835.01,5039.10665
1636401600000,65835.01,67789.0,65500.0,67525.83,9596.956434
1636416000000,67525.82,68524.25,67015.2,68490.0,8713.082478
1636430400000,68490.0,68520.0,67627.14,67852.56,7289.7804
1636444800000,67852.56,68238.0,67300.0,67594.98,6316.00259
1636459200000,67594.98,68116.56,66610.0,66771.1,10366.71154
1636473600000,66771.11,67238.39,66222.4,66800.21,6620.2298
1636488000000,66800.21,67800.27,66653.0,66947.66,5355.57126
1636502400000,66947.67,67378.7,66355.05,66487.23,5220.67502
1636516800000,66487.23,66750.11,66233.0,66426.43,4764.79315
1636531200000,66426.42,67099.0,66357.0,66546.8,4802.43669
1636545600000,66546.81,69000.0,65888.0,68348.63,14248.433046
1636560000000,68349.42,68775.51,66542.85,66650.99,10439.2909
1636574400000,66650.98,67047.27,62822.9,64882.43,25695.87524
1636588800000,64882.42,65062.79,64100.0,64746.18,9251.1553
1636603200000,64746.17,65414.94,64383.46,65228.4,5381.30713
1636617600000,65228.41,65600.07,64550.55,65255.88,7348.04097
1636632000000,65255.87,65474.47,64402.49,64799.6,7501.37335
1636646400000,64799.59,65249.0,64573.99,65119.99,4700.47482
1636660800000,65119.99,65309.13,64628.39,64774.26,3055.62901
1636675200000,64774.25,65450.7,64052.0,64826.63,5984.47508
1636689600000,64826.63,65075.79,64202.68,64488.12,4062.16285
1636704000000,64488.11,64957.97,63501.0,63753.19,9783.10951
1636718400000,63753.19,64200.0,62900.0,63155.94,10365.51432
1636732800000,63155.95,64089.99,62278.0,63845.01,9702.48439
1636747200000,63845.0,64890.0,63704.8,64122.23,4592.36201
1636761600000,64122.22,64455.0,63576.1,63773.94,3286.91262
1636776000000,63773.93,64123.0,63510.0,64029.99,2802.68441
1636790400000,64029.99,64081.5,63360.22,63554.23,3449.39235
1636804800000,63554.23,64843.0,63427.86,64688.99,6043.8337
1636819200000,64689.0,65000.0,63829.01,63941.65,4666.4886
1636833600000,63941.65,64550.5,63918.89,64380.0,2255.66215
1636848000000,64380.01,65320.0,64380.0,64637.81,4184.33409
1636862400000,64637.81,65201.72,64400.0,64627.58,3678.16978
1636876800000,64627.58,64800.0,64056.0,64445.07,3625.16569
1636891200000,64445.07,64799.0,64000.0,64070.41,3705.80093
1636905600000,64070.41,64422.35,63576.27,64170.0,4876.26848
1636920000000,64169.99,65550.51,64040.47,65519.1,5635.3345
1636934400000,65519.11,66200.0,65519.1,65712.65,7725.70046
1636948800000,65712.66,66000.0,65475.01,65579.71,3306.48233
1636963200000,65579.71,66401.82,65244.47,65733.06,5327.95612
1636977600000,65734.45,65946.63,63993.17,64288.16,9681.60294
1636992000000,64288.16,64444.61,63624.54,64265.9,6982.24848
1637006400000,64265.91,64265.91,63400.0,63606.74,4805.38091
1637020800000,63606.73,63617.31,60422.2,60907.41,20081.96292
1637035200000,60907.4,61600.0,60293.06,60805.27,12819.65042
1637049600000,60804.07,61470.41,58574.07,60574.49,20984.20157
1637064000000,60576.76,61427.0,60020.0,60669.14,9771.04602
1637078400000,60669.15,60923.18,59728.27,60204.47,6563.4099
1637092800000,60204.47,61199.65,59105.26,60058.87,7234.88526
1637107200000,60058.87,60437.68,58553.12,59039.99,10430.45717
1637121600000,59042.0,60142.85,58580.0,59688.0,6692.41181
1637136000000,59691.9,60840.23,58373.0,60762.83,11743.34904
1637150400000,60762.33,60822.27,59334.23,59664.49,6482.1772
1637164800000,59664.5,60672.13,59404.75,60212.49,6182.18575
1637179200000,60212.48,60575.08,59620.66,60344.87,4758.80394
1637193600000,60344.86,60976.0,59840.0,59840.01,6698.94325
1637208000000,59840.01,60096.12,59500.0,59734.2,6737.27511
1637222400000,59734.21,59970.82,58962.77,59213.49,7159.16809
1637236800000,59213.49,59935.0,57650.0,58100.04,16577.34431
1637251200000,58100.05,58486.09,56592.06,57928.0,16397.69865
1637265600000,57928.0,58484.94,56474.26,56891.62,8576.5699
1637280000000,56891.62,57517.14,55600.0,55900.0,11263.12431
1637294400000,55900.0,56498.0,55817.79,55987.83,7343.35045
1637308800000,55987.83,57487.2,55986.05,56989.59,9231.01807
1637323200000,56987.25,58173.94,56700.0,57887.98,10833.6577
1637337600000,57887.96,58320.0,57599.57,58033.05,8008.11548
1637352000000,58033.06,58120.0,57531.13,58052.24,4036.62125
1637366400000,58057.1,58979.97,57932.61,58513.1,6099.40644
1637380800000,58513.1,58849.63,58230.0,58380.06,3975.59447
1637395200000,58380.06,58800.0,58315.75,58625.67,3892.78724
1637409600000,58625.67,58834.98,57483.42,57588.37,6479.25228
1637424000000,57588.38,59625.0,57353.0,59430.04,8978.038
1637438400000,59430.04,59845.0,59308.09,59707.51,4386.51167
1637452800000,59707.52,59770.78,58500.0,58674.67,5140.47491
1637467200000,58674.67,59238.32,58555.0,58982.74,3976.43992
1637481600000,58982.74,59409.61,58486.65,58692.91,5435.60885
1637496000000,58692.91,59294.88,58657.22,59199.26,5514.28538
1637510400000,59199.26,60029.76,59122.38,59314.13,7107.42088
1637524800000,59314.12,59696.69,58500.0,58622.02,4727.99791
1637539200000,58617.7,58757.14,56959.07,57383.39,10196.52252
1637553600000,57383.4,57780.0,56766.58,57259.54,6288.54451
1637568000000,57259.54,57830.99,56952.35,57180.51,4668.49861
1637582400000,57180.52,59444.0,56580.01,58194.79,13199.25579
1637596800000,58194.78,58250.0,55800.0,55993.03,10242.33335
1637611200000,55993.04,56711.96,55610.0,56247.18,7129.16569
1637625600000,56243.83,57258.56,55971.97,56947.82,7357.4206
1637640000000,56947.82,57037.06,55809.45,56006.74,7505.13779
1637654400000,56006.74,58009.99,55317.0,56149.51,14389.97222
1637668800000,56147.19,57749.5,56093.55,56883.07,9115.30123
1637683200000,56883.07,57854.39,56883.06,57778.2,7105.18588
1637697600000,57778.21,57850.01,57380.49,57541.27,4444.83245
1637712000000,57541.26,57735.0,56136.0,56399.99,6366.81521
1637726400000,56399.99,56797.02,56214.85,56497.47,4974.37633
1637740800000,56497.46,57560.0,56311.0,56613.63,6607.71179
1637755200000,56613.64,57166.23,55837.0,56727.53,10084.21014
1637769600000,56727.53,57116.46,56477.01,56825.13,5609.38942
1637784000000,56825.13,57476.03,56722.0,57138.29,5969.54675
1637798400000,57138.29,58270.0,57108.74,57749.99,7949.67795
1637812800000,57749.99,57825.0,57000.0,57648.89,5469.65202
1637827200000,57648.9,58482.66,57329.75,58009.99,8165.97576
1637841600000,58009.99,59137.76,57900.16,59048.5,9209.03334
1637856000000,59048.5,59390.0,58667.01,58853.83,7112.50053
1637870400000,58853.84,59398.9,58519.54,58960.36,4246.67562
1637884800000,58960.37,59150.0,57857.0,57900.91,6724.56509
1637899200000,57900.9,58013.39,56636.57,56957.86,6998.47949
1637913600000,56966.32,56966.32,53680.45,53719.3,28211.18841
1637928000000,53719.31,54878.38,53500.0,54341.55,12788.3491
1637942400000,54341.54,54648.93,53927.44,54326.76,6114.08238
1637956800000,54326.77,54584.74,53521.0,53726.53,5091.20619
1637971200000,53723.72,54641.99,53610.0,54347.07,6283.80615
1637985600000,54347.06,54613.84,54200.0,54394.56,3867.2987
1638000000000,54394.55,55280.0,54300.0,54605.73,6069.40562
1638014400000,54605.73,55223.0,54500.0,54898.22,4057.78965
1638028800000,54898.23,55224.44,54651.0,54935.91,4568.24385
1638043200000,54935.91,55065.0,54011.01,54721.03,4870.4556
1638057600000,54716.47,54821.0,53666.6,54137.31,7044.54084
1638072000000,54137.31,54636.65,53923.04,54515.61,3736.91897
1638086400000,54515.6,54933.8,54130.72,54493.09,3648.45682
1638100800000,54493.1,54635.52,54029.99,54296.14,3571.69004
1638115200000,54296.14,54967.5,53256.64,54617.85,7842.8031
1638129600000,54617.85,57445.05,54617.84,57274.88,10319.30393
1638144000000,57274.89,58242.09,57136.56,57359.02,9220.69419
1638158400000,57359.02,57688.0,57200.0,57515.13,4210.84638
1638172800000,57512.17,57642.85,56666.67,56883.29,5382.27722
1638187200000,56883.29,57500.0,56799.21,57125.93,5695.69186
1638201600000,57125.93,58865.97,57000.01,57880.67,10467.38329
1638216000000,57880.67,58400.0,57667.0,57776.25,5148.38715
1638230400000,57776.25,57964.18,56770.01,57092.92,6347.17192
1638244800000,57092.91,57282.11,55875.55,56510.08,6157.46231
1638259200000,56510.08,57713.91,56236.54,57602.45,7419.71746
1638273600000,57602.45,59176.99,57102.05,57238.84,13890.73595
1638288000000,57233.8,58380.41,56500.0,57629.99,10961.4101
1638302400000,57629.99,57786.08,56762.39,56950.56,4384.5542
1638316800000,56950.56,57686.12,56630.0,57362.01,5939.8025
1638331200000,57362.04,57415.16,56666.66,57163.87,4876.32178
1638345600000,57163.87,57850.0,56717.22,57157.93,7795.17026
1638360000000,57160.66,58819.45,57000.0,58614.49,10780.20842
1638374400000,58614.49,59053.55,57000.89,57427.9,8974.20304
1638388800000,57427.91,57459.36,56458.01,57184.07,6590.93056
1638403200000,57184.07,57375.47,55777.77,56300.12,8596.70554
1638417600000,56300.12,56976.25,56219.58,56810.43,5257.58196
1638432000000,56810.42,57175.65,56038.15,56314.2,5757.58823
1638446400000,56309.51,57367.67,56012.82,56520.81,7480.52727
1638460800000,56516.95,56945.52,56001.0,56616.28,6413.65242
1638475200000,56616.27,57221.0,56365.0,56480.34,4068.00434
1638489600000,56484.26,56772.24,56050.81,56323.01,4407.6787
1638504000000,56318.89,57045.44,56229.98,56733.69,5200.45315
1638518400000,56733.7,57330.0,56426.35,56959.77,5749.03202
1638532800000,56959.77,57600.0,55722.0,55975.32,9583.54817
1638547200000,55975.33,55975.33,53750.0,53838.65,14524.94365
1638561600000,53838.66,54251.0,51680.0,53601.05,19462.03458
1638576000000,53601.05,53859.1,52000.0,52000.0,7281.70544
1638590400000,52000.01,52606.98,42000.3,47242.74,57819.958338
1638604800000,47242.75,47918.05,46131.71,46489.67,18042.00664
1638619200000,46489.66,48573.78,46489.66,48203.73,13676.20041
1638633600000,48203.74,49444.0,47742.09,49250.0,9852.62283
1638648000000,49249.99,49487.76,48447.5,49152.47,7530.88009
1638662400000,49152.46,49699.0,48315.41,49170.79,8283.93499
1638676800000,49170.78,49666.94,48831.61,49289.18,5716.31633
1638691200000,49289.17,49573.23,48700.0,49242.58,5874.04338
1638705600000,49236.24,49699.05,47727.21,47951.57,11548.34056
1638720000000,47951.57,49351.29,47894.84,48902.45,8775.47257
1638734400000,48902.44,49546.69,48498.45,49396.33,5382.71229
1638748800000,49396.32,49438.18,48273.58,49018.47,7144.47282
1638763200000,49018.46,49258.44,47731.0,48412.66,6521.97504
1638777600000,48412.66,49409.79,47100.0,48577.78,17870.00012
1638792000000,48577.78,48967.98,47822.39,48942.68,9622.82489
1638806400000,48942.67,49366.0,48653.05,49103.0,7911.93339
1638820800000,49103.0,50891.11,48760.0,50441.92,9500.00949
1638835200000,50441.91,51430.0,50332.62,50945.03,6584.90221
1638849600000,50945.02,51335.16,50797.86,50907.27,4801.69076
1638864000000,50907.27,51500.0,50810.03,51456.2,5985.50837
1638878400000,51456.21,51936.33,50611.04,51734.15,9018.45524
1638892800000,51734.15,51866.88,50666.0,50884.48,6009.71255
1638907200000,50884.49,51006.2,50039.74,50588.95,5853.19964
1638921600000,50588.95,50795.45,50100.0,50110.91,4341.24089
1638936000000,50110.9,50700.0,50077.0,50480.93,3574.10655
1638950400000,50480.92,50620.2,48824.69,49186.51,9076.32002
1638964800000,49186.5,51200.0,48600.0,50640.1,11878.10358
1638979200000,50640.09,50865.8,50052.12,50423.21,5338.65364
1638993600000,50423.2,50896.08,50079.78,50471.19,4217.49998
1639008000000,50471.19,50797.76,49425.74,49513.35,4617.26688
1639022400000,49517.0,50350.0,49184.49,50016.89,4916.96612
1639036800000,50016.86,50016.89,48898.0,49160.53,5915.54716
1639051200000,49160.54,49670.5,48048.0,48464.09,8449.98398
1639065600000,48462.08,48838.29,47500.0,47613.53,7734.7886
1639080000000,47615.89,48468.11,47320.0,47545.59,6058.13391
1639094400000,47535.9,48788.29,47439.29,48373.48,6187.65819
1639108800000,48373.48,48573.77,47550.0,47694.62,5438.86322
1639123200000,47694.62,48728.0,47587.39,48711.0,5378.57781
1639137600000,48711.0,50125.0,47744.19,47979.22,13037.66562
1639152000000,47979.23,48326.05,47251.06,48098.84,8610.89
1639166400000,48098.84,48522.5,46852.0,47140.54,5579.91907
1639180800000,47140.54,48683.7,46751.0,48296.99,7514.0733
1639195200000,48297.0,48881.99,47765.33,48021.76,5072.88056
1639209600000,48021.75,48900.0,47843.1,48240.44,4266.68244
1639224000000,48240.43,48943.92,48160.0,48747.02,3968.26431
1639238400000,48745.11,49276.0,48385.98,48407.25,4611.81629
1639252800000,48407.25,49485.71,48390.22,49389.99,3455.47668
1639267200000,49389.99,49699.95,49022.9,49305.7,4316.43753
1639281600000,49305.71,49359.86,48824.09,49301.21,2409.63549
1639296000000,49301.2,49376.79,48638.0,49124.33,3519.66852
1639310400000,49124.33,49934.59,49107.33,49623.26,5475.66743
1639324800000,49623.26,50777.0,49501.69,50221.05,7190.89434
1639339200000,50221.05,50547.07,49862.75,50053.9,3105.6309
1639353600000,50053.9,50189.97,48430.13,48873.19,6626.02879
1639368000000,48873.2,49350.9,48554.77,48740.01,4049.78584
1639382400000,48740.01,49171.57,48145.0,48847.26,4540.89617
1639396800000,48845.0,49000.0,47012.03,47252.02,9525.17074
1639411200000,47252.02,47932.19,45672.75,46739.36,18201.15961
1639425600000,46739.35,47288.19,46214.13,46702.75,7926.47978
1639440000000,46702.76,47226.32,46290.0,46952.0,4767.66908
1639454400000,46952.01,47176.22,46306.8,47000.0,5403.66679
1639468800000,46999.99,47740.0,46789.69,47622.0,7640.60562
1639483200000,47617.99,47959.77,46617.25,46853.86,8434.84108
1639497600000,46853.87,47148.0,46429.88,46859.4,6148.20931
1639512000000,46859.42,48700.41,46839.78,48343.28,7560.99257
1639526400000,48336.95,48761.0,47836.0,48262.41,5125.38507
1639540800000,48262.4,48450.0,47928.64,48209.51,4937.77313
1639555200000,48209.51,48850.0,48069.68,48132.54,5569.92492
1639569600000,48132.54,48300.0,46587.0,46632.31,8526.11078
1639584000000,46632.3,49259.98,46547.0,48674.9,18058.52173
1639598400000,48674.9,49500.0,48527.01,48864.98,9411.46537
1639612800000,48864.98,49269.03,48709.7,48819.6,4110.10972
1639627200000,48819.59,49072.3,48502.26,48712.23,4374.49905
1639641600000,48712.23,49436.43,48608.62,49207.79,4734.22268
1639656000000,49207.79,49266.6,48243.58,48585.81,7408.52106
1639670400000,48578.61,48717.43,47666.0,47866.01,6570.83557
1639684800000,47866.01,48387.54,47511.0,47632.38,4751.67931
1639699200000,47632.38,47995.96,47390.43,47766.07,3499.96478
1639713600000,47766.07,47953.22,46749.55,47007.25,5536.46011
1639728000000,47007.25,47298.54,46769.89,47112.43,6104.25193
1639742400000,47112.43,47363.36,45456.0,46528.83,14519.42353
1639756800000,46528.83,47440.1,46400.0,46765.66,7271.10803
1639771200000,46765.66,47093.16,45565.58,46131.2,6173.28032
1639785600000,46133.83,46545.83,45500.0,46283.05,5773.95433
1639800000000,46283.04,46858.27,46072.33,46364.08,3878.09779
1639814400000,46364.09,47392.37,46194.44,47070.44,4949.39649
1639828800000,47070.43,47219.16,46560.83,46858.55,3694.50336
1639843200000,46858.56,46992.14,46325.61,46643.68,3928.87071
1639857600000,46643.68,47100.0,46525.0,46834.48,2795.23003
1639872000000,46834.47,47990.75,46406.91,47712.38,5740.25301
1639886400000,47714.61,48074.16,47445.16,47515.09,4265.82966
1639900800000,47515.09,47641.77,46807.27,47152.72,4167.80619
1639915200000,47155.24,48300.01,46867.01,47239.8,7256.00899
1639929600000,47239.81,47500.0,46580.0,46673.93,3811.33471
1639944000000,46673.94,47550.0,46482.9,46681.23,4064.47409
1639958400000,46681.24,47200.0,46220.0,46687.22,5289.76806
1639972800000,46687.22,47049.87,46103.0,46429.19,5067.54695
1639987200000,46429.19,46554.0,45750.0,46092.6,6115.32372
1640001600000,46092.6,46313.89,45558.85,45974.08,6788.9343
1640016000000,45974.09,46690.0,45863.72,46585.55,6279.87581
1640030400000,46585.56,47537.57,46585.55,46914.16,6307.05725
1640044800000,46914.17,48085.0,46630.0,47928.47,6030.04023
1640059200000,47928.48,48824.16,47927.05,48579.77,9365.63722
1640073600000,48579.77,49000.0,48438.49,48866.92,6047.51626
1640088000000,48866.92,49328.96,48265.24,48418.49,8300.64222
1640102400000,48418.48,48876.94,48332.5,48619.79,3902.19164
1640116800000,48619.8,49287.93,48461.47,48889.88,4067.90167
1640131200000,48887.59,49576.13,48600.0,49249.0,4651.07812
1640145600000,49249.0,49347.9,48914.07,49206.42,3638.84897
1640160000000,49206.43,49535.0,48830.29,48981.99,4953.22659
1640174400000,48981.98,49123.62,48421.87,48879.28,5713.52645
1640188800000,48879.28,49245.81,48506.01,48931.99,3946.36838
1640203200000,48931.99,49144.99,48555.0,48588.16,4101.15369
1640217600000,48588.17,48731.71,47920.42,48524.11,5364.13846
1640232000000,48524.11,48584.71,48031.45,48129.6,3366.23359
1640246400000,48129.61,48541.86,48060.0,48354.77,3872.9704
1640260800000,48354.76,48859.61,48323.98,48819.33,4624.86732
1640275200000,48819.33,51375.0,48677.52,51109.99,12941.20882
1640289600000,51110.0,51209.3,50501.0,50838.81,5023.12187
1640304000000,50838.82,51527.58,50644.48,51029.99,7842.74828
1640318400000,51030.0,51109.09,50736.11,50994.75,3195.58213
1640332800000,50994.75,51550.0,50858.0,50993.88,4900.76074
1640347200000,50993.89,51244.22,50384.43,50956.68,5371.31998
1640361600000,50956.68,51810.0,50735.87,51126.4,6101.15529
1640376000000,51126.4,51236.15,50500.0,50820.0,4273.27627
1640390400000,50819.99,51131.25,50600.0,50844.14,2536.10175
1640404800000,50844.13,51084.13,50656.43,50919.17,2508.51405
1640419200000,50919.18,51009.29,50555.0,50682.97,2634.74027
1640433600000,50682.97,50934.78,50631.55,50659.91,3162.02444
1640448000000,50659.91,51156.23,50142.32,50889.15,4967.66025
1640462400000,50889.15,51080.0,50335.67,50399.66,3326.47537
1640476800000,50399.67,50672.93,49610.0,49675.56,6366.97748
1640491200000,49675.56,49977.07,49600.95,49930.39,2508.08219
1640505600000,49930.39,50169.17,49412.0,49748.89,3699.2821
1640520000000,49748.89,50281.08,49642.11,50049.34,2958.48012
1640534400000,50049.34,50465.54,50018.38,50342.51,2880.28208
1640548800000,50342.51,51280.0,49914.73,50775.49,4156.78517
1640563200000,50775.48,51150.0,50449.0,51009.02,3752.07895
1640577600000,51009.02,51093.86,50631.0,50694.83,3602.41077
1640592000000,50694.83,50900.0,50499.77,50759.45,3723.05471
1640606400000,50759.46,51677.0,50567.07,51450.57,6595.57466
1640620800000,51450.58,52088.0,51200.0,51204.64,6133.86149
1640635200000,51204.65,51365.76,50622.0,50701.44,4985.23508
1640649600000,50701.44,50704.05,49500.0,49828.06,9367.72
1640664000000,49828.07,49828.07,48657.12,49227.13,8162.65415
1640678400000,49227.14,49444.46,48755.32,49200.39,7558.4566
1640692800000,49200.39,49371.18,48301.88,48937.48,6508.28299
1640707200000,48937.47,48974.85,47313.01,47689.46,9612.96288
1640721600000,47689.46,48142.78,47320.0,47543.74,4643.26262
1640736000000,47543.74,48139.08,47450.01,48001.01,4876.3594
1640750400000,48001.01,48056.28,47522.89,47570.03,3867.90965
1640764800000,47570.03,48092.1,47398.46,47737.95,5861.06854
1640779200000,47737.96,48030.05,46586.62,47959.36,12128.42385
1640793600000,47959.36,48038.92,47024.27,47148.61,5197.89978
1640808000000,47148.62,47709.2,46096.99,46464.66,7567.20878
1640822400000,46464.66,46844.8,45900.0,46504.0,6477.17603
1640836800000,46504.0,47105.37,46490.01,46980.71,4521.15551
1640851200000,46980.71,47566.0,46659.13,47515.45,4786.50881
1640865600000,47515.45,47719.37,47118.69,47159.41,5753.01921
1640880000000,47159.42,47900.0,47092.13,47558.35,4964.14914
1640894400000,47558.35,47682.07,46729.0,47120.87,3850.28699
1640908800000,47120.88,47500.0,46825.38,47201.85,3278.16979
1640923200000,47201.84,47550.0,46836.86,47191.09,3618.27856
1640937600000,47191.08,48548.26,47065.3,47975.76,8542.25162
1640952000000,47975.76,48170.0,47830.64,48005.37,4864.54821
1640966400000,48005.37,48118.45,45678.96,45728.28,9090.79287
1640980800000,45728.28,46569.97,45678.0,46216.93,5543.95691
1640995200000,46216.93,46949.99,46208.37,46813.2,3495.20465
1641009600000,46813.21,47555.55,46591.23,47194.73,3522.79888
1641024000000,47194.73,47344.69,46715.39,46758.87,2729.67811
1641038400000,46758.87,47491.14,46756.3,47219.04,3055.90946
1641052800000,47219.04,47954.63,47186.07,47329.78,4061.67681
1641067200000,47329.79,47814.0,47222.22,47722.65,2739.19534
1641081600000,47722.66,47750.0,47269.47,47329.47,2387.90724
1641096000000,47329.47,47415.73,46770.23,47173.45,3018.46827
1641110400000,47173.44,47499.45,46970.05,47235.5,2119.84865
1641124800000,47238.89,47447.0,47013.5,47340.47,2780.32874
1641139200000,47340.47,47990.0,46654.0,46907.68,5597.88593
1641153600000,46907.67,47469.34,46815.17,47286.18,2436.02157
1641168000000,47286.18,47289.11,46722.39,46793.26,2994.31942
1641182400000,46793.27,47211.09,46750.0,47051.37,2838.97703
1641196800000,47051.36,47431.67,46778.0,47378.0,4262.39073
1641211200000,47378.0,47570.0,46575.25,46693.45,5463.72051
1641225600000,46693.44,46790.0,46263.29,46360.01,5861.46189
1641240000000,46360.01,46576.94,45696.0,46446.1,6241.20752
1641254400000,46446.1,46549.19,45934.5,46313.97,3604.76267
1641268800000,46313.96,46600.21,45996.26,46550.0,5734.35172
1641283200000,46549.99,46772.41,46300.0,46733.77,4686.5322
1641297600000,46733.78,47557.54,46410.0,46925.35,8065.90334
1641312000000,46925.34,46984.99,45500.0,46052.36,9855.45649
1641326400000,46052.35,46428.27,45760.05,45832.01,3544.40718
1641340800000,45832.01,46549.0,45722.21,46422.55,3034.64069
1641355200000,46422.56,46527.39,46246.01,46407.51,2185.03432
1641369600000,46407.5,47070.0,46110.0,46270.99,5623.80527
1641384000000,46271.0,46822.17,45803.67,46622.53,6056.26257
1641398400000,46622.53,46674.37,44500.0,44685.93,13258.75934
1641412800000,44685.93,44847.99,42500.0,43451.13,21625.61638
1641427200000,43451.14,43816.0,42803.37,42835.0,7907.29623
1641441600000,42835.0,43275.8,42600.05,43245.25,7148.39091
1641456000000,43245.26,43273.87,42430.58,42878.34,7751.7942
1641470400000,42878.33,43267.09,42632.44,42950.01,7414.23595
1641484800000,42950.02,43508.78,42725.09,43438.1,5500.53168
1641499200000,43438.11,43581.3,43007.81,43082.31,3158.12408
1641513600000,43082.3,43145.83,41577.77,41803.11,9110.36283
1641528000000,41803.11,41950.0,41000.0,41706.71,12822.5044
1641542400000,41706.71,42883.47,41607.5,42258.62,7627.20984
1641556800000,42258.62,42766.17,40610.0,41319.11,13946.04637
1641571200000,41310.85,42315.85,40917.66,41775.38,7870.74271
1641585600000,41775.38,42054.0,41336.82,41566.48,3459.64203
1641600000000,41566.48,42246.37,41558.0,41810.91,3546.24518
1641614400000,41810.92,41999.99,41739.0,41913.58,2135.49013
1641628800000,41913.59,42200.0,41767.16,41940.22,3321.30192
1641643200000,41940.22,42063.23,41400.0,41613.33,4171.17885
1641657600000,41609.6,41740.53,40501.0,40831.07,12549.74604
1641672000000,40831.06,42300.0,40720.0,41679.74,7228.76899
1641686400000,41679.74,42170.11,41388.13,41833.89,4255.72958
1641700800000,41833.9,42103.31,41681.17,41791.51,2460.7712
1641715200000,41791.5,41990.0,41410.0,41857.62,3137.48125
1641729600000,41857.62,41923.39,41200.02,41621.11,3367.82823
1641744000000,41621.11,42740.0,41556.49,42695.26,5802.65087
1641758400000,42695.27,42786.7,41766.43,41864.62,3699.93313
1641772800000,41864.62,42037.05,41601.0,41967.59,3090.07632
1641787200000,41967.59,42248.5,41811.7,42042.38,3216.0852
1641801600000,42042.38,42116.61,41455.0,41565.34,4092.19411
1641816000000,41565.33,41616.72,39650.0,40984.33,22660.39365
1641830400000,40984.34,42121.63,40564.89,41297.15,13657.42788
1641844800000,41297.15,41985.0,41158.99,41822.49,4012.99303
1641859200000,41822.49,42400.01,41544.64,42277.98,4934.14719
1641873600000,42277.99,42387.78,41971.37,42211.05,3883.13068
1641888000000,42212.21,42627.66,41575.0,41809.99,6072.63206
1641902400000,41809.99,42200.0,41268.93,41733.93,7345.13139
1641916800000,41733.92,43100.0,41680.44,42972.05,11896.68845
1641931200000,42972.04,43095.26,42597.41,42729.29,3164.70752
1641945600000,42729.29,42965.0,42450.0,42605.02,3086.64021
1641960000000,42605.01,42867.55,42463.13,42561.67,3336.77438
1641974400000,42561.66,43443.6,42508.69,42935.92,6248.56105
1641988800000,42935.92,44078.4,42874.01,43560.29,12273.47054
1642003200000,43560.29,43886.26,43317.0,43743.11,4601.65301
1642017600000,43743.1,44322.0,43629.39,43902.66,4396.19361
1642032000000,43902.65,44075.42,43422.72,43509.93,3979.63723
1642046400000,43505.99,43795.44,43483.2,43699.99,3331.80419
1642060800000,43699.99,44014.51,43500.0,43602.31,4607.65385
1642075200000,43603.58,44500.0,42871.01,43200.0,11551.88285
1642089600000,43200.01,43500.0,42535.0,42700.67,6945.66481
1642104000000,42700.67,42888.18,42311.22,42560.11,4494.23469
1642118400000,42558.35,42784.0,42362.91,42623.87,4534.92179
1642132800000,42623.87,42978.1,42599.99,42660.01,4015.82873
1642147200000,42660.0,42688.84,41826.82,42012.94,7628.33288
1642161600000,42012.94,43347.42,41725.95,43109.0,8997.40197
1642176000000,43109.0,43408.0,42777.0,43077.93,4631.61759
1642190400000,43077.93,43448.78,43000.0,43059.96,2832.77996
1642204800000,43059.96,43174.0,42864.49,42927.96,2973.19446
1642219200000,42927.95,43099.81,42712.94,43088.12,2860.77788
1642233600000,43088.12,43283.83,42884.01,43017.59,2599.71462
1642248000000,43017.59,43406.96,42555.0,43401.21,4980.54141
1642262400000,43401.21,43564.15,43233.33,43528.34,4570.18496
1642276800000,43528.33,43800.0,43071.11,43084.29,3951.64283
1642291200000,43084.29,43153.63,42838.0,42977.22,2783.29728
1642305600000,42977.22,43253.68,42850.16,43202.21,2264.10918
1642320000000,43202.21,43305.0,42759.0,42968.29,4708.53834
1642334400000,42968.3,43416.05,42581.79,43219.53,5325.20803
1642348800000,43219.54,43475.0,42790.02,42824.79,3290.4155
1642363200000,42824.79,43263.15,42750.25,43071.66,2230.78438
1642377600000,43071.66,43176.18,42624.11,42647.4,3067.15941
1642392000000,42647.4,42967.99,42300.0,42656.03,4316.07881
1642406400000,42656.03,42900.0,42567.93,42671.31,3521.25336
1642420800000,42671.3,42793.16,42385.0,42477.66,4178.38817
1642435200000,42477.67,42538.47,41822.74,42238.31,8112.80827
1642449600000,42238.31,42392.66,41540.42,42201.62,4366.39811
1642464000000,42201.63,42436.66,41972.71,42040.54,4550.36015
1642478400000,42040.53,42337.3,41886.25,42061.94,4135.11603
1642492800000,42065.42,42065.42,41453.0,41854.14,6023.27637
1642507200000,41854.13,41950.0,41250.0,41587.27,6280.61407
1642521600000,41587.26,41799.08,41381.66,41699.61,3767.4442
1642536000000,41695.59,42691.0,41500.99,42352.12,4567.27175
1642550400000,42352.12,42500.0,41582.99,41706.41,4538.39603
1642564800000,41706.41,41849.94,41161.2,41287.1,4837.49022
1642579200000,41287.1,42178.48,41138.56,42033.0,6485.56373
1642593600000,42033.0,42559.13,41832.13,41981.27,7218.70307
1642608000000,41981.27,42355.9,41697.46,41873.79,5457.34151
1642622400000,41872.45,41993.98,41548.0,41660.01,3148.22703
1642636800000,41660.0,42082.26,41639.88,41924.97,3240.94302
1642651200000,41924.97,42148.0,41768.48,42058.31,3602.56211
1642665600000,42058.31,42232.76,41807.94,42129.44,3148.83581
1642680000000,42129.45,43456.0,41900.05,43308.69,10872.70214
1642694400000,43308.7,43505.0,42805.0,42917.32,6495.57509
1642708800000,42917.31,42996.64,40553.31,40680.91,14969.72136
1642723200000,40680.92,41100.0,38220.0,38465.65,21282.979752
1642737600000,38465.65,39177.2,38437.15,39134.55,9944.04301
1642752000000,39136.31,39320.0,38668.19,38898.18,6699.133
1642766400000,38898.19,39042.4,37710.0,38857.26,16377.231383
1642780800000,38857.24,39071.13,37850.0,37984.12,8202.7099
1642795200000,37984.11,38470.0,35440.45,36445.31,26354.794954
1642809600000,36445.31,36835.22,36009.98,36341.64,12970.56975
1642824000000,36340.43,36423.82,35112.84,35400.02,15700.147168
1642838400000,35400.01,35948.01,34008.0,35406.76,27869.635033
1642852800000,35406.76,36192.76,34805.32,34838.68,13764.18535
1642867200000,34838.69,35501.96,34243.38,34528.62,11909.55801
1642881600000,34528.61,35729.03,34415.95,35071.42,8257.24365
1642896000000,35071.42,35526.28,34811.0,35051.0,5314.38133
1642910400000,35051.01,35758.64,34940.09,35571.19,7954.12458
1642924800000,35571.19,36150.76,35325.03,35686.29,9612.66388
1642939200000,35686.29,36080.5,35050.4,35287.58,6581.33332
1642953600000,35282.66,35450.0,34601.01,34775.45,5880.32181
1642968000000,34775.45,36499.0,34707.58,36244.55,8936.69862
1642982400000,36244.55,36251.5,35160.51,35338.26,7165.42052
1642996800000,35338.25,35473.45,34811.87,34888.81,4977.80812
1643011200000,34887.9,35562.15,33029.54,33697.11,23802.116495
1643025600000,33697.12,34388.38,32917.17,34233.95,22498.497916
1643040000000,34237.31,36436.0,33803.13,36066.4,21817.53204
1643054400000,36066.4,37550.0,35951.13,36660.35,11643.37812
1643068800000,36660.35,36691.87,35955.43,36424.49,6255.52219
1643083200000,36424.5,36496.62,35701.0,36044.01,5943.09862
1643097600000,36044.01,36800.0,36003.3,36406.0,8110.56818
1643112000000,36406.0,37149.42,35967.33,36530.0,13684.1698
1643126400000,36530.0,37545.14,36492.48,37067.13,9955.53936
1643140800000,37067.13,37103.15,36421.56,36958.32,5283.50368
1643155200000,36958.32,37522.24,36550.2,37389.76,6842.03768
1643169600000,37389.77,37974.43,37109.37,37338.59,8374.59822
1643184000000,37338.6,38248.92,37324.58,38072.77,9307.93892
1643198400000,38072.77,38499.0,37475.01,37985.0,12793.04941
1643212800000,37985.01,38919.98,37311.58,37579.9,19388.99139
1643227200000,37576.67,37580.03,36234.63,36809.34,13123.54474
1643241600000,36807.24,37080.0,35507.01,35745.7,10776.58699
1643256000000,35745.7,36303.8,35692.61,36173.87,8841.21015
1643270400000,36177.17,36781.79,35815.8,36679.98,7499.79721
1643284800000,36679.98,37199.0,36423.46,36639.43,8665.06124
1643299200000,36639.43,36787.77,35883.82,36209.2,6915.06301
1643313600000,36209.19,37234.47,35538.75,37160.1,10323.16074
1643328000000,37160.11,37467.98,36500.0,37351.83,8117.63862
1643342400000,37351.83,37500.0,36777.77,36799.82,6574.94579
1643356800000,36799.82,36882.22,36287.03,36448.28,6628.45526
1643371200000,36447.67,37300.0,36155.01,37188.98,9825.07956
1643385600000,37188.99,37376.7,36765.05,37222.86,5339.26276
1643400000000,37222.85,38000.0,37134.65,37716.56,5668.88757
1643414400000,37716.57,37983.41,37448.58,37737.73,4115.15883
1643428800000,37737.72,37925.0,37589.44,37836.99,3427.98801
1643443200000,37836.98,37923.0,37544.94,37736.07,2819.87215
1643457600000,37736.06,38198.82,37268.44,37566.82,6404.9232
1643472000000,37567.98,37950.0,37317.37,37853.0,3330.83069
1643486400000,37853.0,38720.74,37816.21,38166.84,6030.72394
1643500800000,38166.83,38281.24,37737.49,37917.13,3377.96921
1643515200000,37917.13,38300.0,37901.17,38244.98,2678.99042
1643529600000,38244.98,38359.26,37795.0,38110.02,4712.87374
1643544000000,38110.03,38153.82,37712.05,37980.09,2934.1298
1643558400000,37977.47,38074.76,37442.52,37512.37,3351.24867
1643572800000,37512.37,38230.0,37351.63,37881.76,4375.45343
1643587200000,37881.75,37951.07,36632.61,37025.68,7138.36907
1643601600000,37025.68,37196.91,36811.48,37121.83,3148.35918
1643616000000,37121.84,37399.93,36880.0,37265.16,4020.70047
1643630400000,37265.15,37900.0,36724.0,37722.91,8990.81294
1643644800000,37722.91,38744.0,37671.46,38415.79,9491.10461
1643659200000,38415.79,38737.99,38236.69,38466.9,4065.89953
1643673600000,38466.9,38649.9,38175.86,38596.82,3549.58405
1643688000000,38596.82,38644.57,38240.0,38440.77,3416.90805
1643702400000,38440.76,39100.0,38000.0,38425.06,8201.00865
1643716800000,38425.05,39034.47,38190.42,38630.33,8820.81241
1643731200000,38630.32,39265.2,38341.06,38378.09,7309.57506
1643745600000,38378.1,38889.0,38369.0,38694.59,3276.55841
1643760000000,38694.59,38855.92,38374.78,38552.87,3300.89167
1643774400000,38552.87,38555.33,38196.42,38284.69,3743.58713
1643788800000,38282.14,38597.95,38225.0,38490.0,3440.8378
1643803200000,38490.0,38773.41,37361.49,37429.78,10461.69509
1643817600000,37429.78,37674.34,37066.66,37566.56,6853.10313
1643832000000,37566.56,37662.14,36586.95,36896.36,7994.56648
1643846400000,36896.37,37049.65,36720.01,36820.83,4617.34607
1643860800000,36822.5,37093.03,36780.04,37024.16,4603.39848
1643875200000,37024.16,37106.91,36250.73,36785.0,6375.43998
1643889600000,36785.0,36976.89,36250.0,36910.05,6871.90736
1643904000000,36910.06,37104.6,36449.43,36551.7,4410.35527
1643918400000,36551.71,37387.0,36270.0,37311.61,5202.66283
1643932800000,37311.98,37445.5,37026.73,37297.62,5055.04806
1643947200000,37297.61,38222.0,37245.0,37869.31,8027.55596
1643961600000,37869.31,38236.08,37763.74,37810.0,5816.12565
1643976000000,37810.0,39819.91,37290.2,39490.87,20274.09013
1643990400000,39490.88,40877.0,39442.89,40727.91,17077.62952
1644004800000,40727.92,41772.33,40382.84,41574.25,8453.50942
1644019200000,41571.7,41913.69,41173.36,41447.85,8208.78852
1644033600000,41447.85,41748.18,41369.69,41379.99,4611.24918
1644048000000,41379.99,41669.0,41099.92,41430.0,5220.42031
1644062400000,41430.0,41899.54,41326.17,41761.85,6016.92671
1644076800000,41761.87,41854.81,40843.01,41544.9,5915.46066
1644091200000,41544.9,41771.85,41349.81,41382.59,2559.49834
1644105600000,41382.6,41640.0,41340.35,41444.04,2064.25705
1644120000000,41444.03,41714.18,41305.29,41612.33,2267.93171
1644134400000,41612.32,41700.01,41444.0,41522.0,2030.31116
1644148800000,41522.0,42168.0,41116.56,41519.49,7364.57563
1644163200000,41519.48,41747.4,41417.23,41717.94,2735.98951
1644177600000,41717.93,42656.0,41478.86,42380.87,5942.10198
1644192000000,42380.87,42944.2,41645.85,42818.99,9921.46732
1644206400000,42819.0,43000.0,42551.96,42723.92,5908.75547
1644220800000,42723.91,42767.69,42234.09,42720.03,5775.99721
1644235200000,42720.03,43895.02,42490.02,43835.59,11355.37938
1644249600000,43835.59,44500.5,43484.91,44252.8,12059.29967
1644264000000,44252.31,44438.93,43742.9,43839.99,6039.72101
1644278400000,43839.99,44185.0,43555.72,44178.57,6089.41865
1644292800000,44178.57,45492.0,44073.73,44855.0,12482.11456
1644307200000,44855.0,44919.77,43520.96,43988.3,16705.18579
1644321600000,43988.3,43988.31,42854.81,43429.31,12432.46818
1644336000000,43429.32,43685.2,42666.0,42998.65,9095.17318
1644350400000,43000.53,44393.36,42938.36,44042.99,8075.93351
1644364800000,44043.0,44341.88,43117.92,43343.28,6322.35073
1644379200000,43343.28,43918.52,43125.0,43807.75,4631.70351
1644393600000,43807.75,43939.0,43181.91,43715.45,5258.09575
1644408000000,43715.46,44471.4,43617.61,43867.63,7811.59416
1644422400000,43867.63,44700.0,43579.66,44463.43,6189.45543
1644436800000,44466.23,44799.0,44189.0,44372.72,4214.96771
1644451200000,44372.71,44400.0,43542.14,43775.42,5357.42965
1644465600000,43775.42,44131.6,43575.22,44092.42,3346.73043
1644480000000,44092.43,45177.96,44055.86,44834.09,7254.84317
1644494400000,44834.09,45669.71,43174.01,44947.1,24969.59606
1644508800000,44947.12,45821.0,44341.07,44373.97,13381.10677
1644523200000,44373.95,44601.14,43333.42,43495.44,8047.58483
1644537600000,43495.44,43749.86,42600.0,43343.71,10110.9273
1644552000000,43342.92,43416.22,42814.23,43359.25,3941.73806
1644566400000,43359.24,43600.0,42851.0,43357.53,5475.47369
1644580800000,43357.53,43920.0,43253.31,43669.01,7581.1017
1644595200000,43669.02,43767.16,42050.0,42742.63,10610.87665
1644609600000,42742.63,42865.58,41938.51,42373.73,7255.0513
1644624000000,42373.73,42485.66,42156.99,42288.46,3288.29465
1644638400000,42288.45,42428.3,41688.88,42103.94,4367.69845
1644652800000,42103.94,42459.06,41888.82,42406.48,3812.64672
1644667200000,42406.48,42445.85,41800.13,42123.93,4622.69088
1644681600000,42123.92,43079.49,41995.2,42662.47,6078.0721
1644696000000,42662.47,42752.99,41700.0,42217.87,4387.45401
1644710400000,42217.87,42508.47,42057.26,42230.0,2330.39143
1644724800000,42229.99,42490.01,42119.35,42412.4,1777.84404
1644739200000,42412.39,42654.64,42243.48,42470.73,2634.53051
1644753600000,42470.72,42760.0,42138.17,42559.97,3618.82766
1644768000000,42559.97,42580.0,41870.0,42031.16,4470.06705
1644782400000,42031.17,42497.85,41929.42,42053.66,2900.42044
1644796800000,42053.65,42180.04,41550.56,41916.43,5168.08194
1644811200000,41916.42,42368.21,41734.7,42314.42,3722.30411
1644825600000,42314.42,42415.0,41922.48,42117.87,4919.49954
1644840000000,42112.71,42842.4,41961.13,42584.97,8465.74177
1644854400000,42584.97,42818.35,41803.17,42119.31,7727.34218
1644868800000,42119.31,42800.0,41933.95,42535.94,4007.16106
1644883200000,42535.94,43700.0,42427.03,43567.76,7369.37671
1644897600000,43567.75,43781.97,43397.1,43691.57,4329.57517
1644912000000,43691.57,44425.85,43608.67,44233.6,9378.32292
1644926400000,44233.6,44500.0,44024.03,44198.96,7094.5811
1644940800000,44198.97,44259.37,43846.07,43993.95,4915.19058
1644955200000,43993.94,44751.4,43941.28,44544.86,5008.14928
1644969600000,44544.85,44549.97,43877.18,43971.26,4792.55593
1644984000000,43971.27,44191.77,43673.92,44184.2,3811.49504
1644998400000,44184.19,44327.55,43876.0,44173.15,3718.85182
1645012800000,44173.15,44214.11,43307.0,43598.63,7100.1711
1645027200000,43598.62,44344.64,43350.0,44220.0,6131.78678
1645041600000,44219.99,44376.58,43823.09,43873.56,2917.01203
1645056000000,43873.56,44164.71,43575.04,43583.05,3545.31414
1645070400000,43580.0,43950.0,43350.0,43919.46,4058.38755
1645084800000,43919.46,44022.36,42900.0,43164.05,7089.09929
1645099200000,43164.05,43340.65,41700.0,41925.44,12817.3617
1645113600000,41925.44,42111.0,40750.02,41201.62,11025.4262
1645128000000,41204.22,41204.22,40073.21,40515.7,8710.40606
1645142400000,40515.71,40950.0,40300.0,40691.98,5300.41799
1645156800000,40691.97,40780.64,40493.31,40665.81,3464.12026
1645171200000,40665.81,40959.88,40101.01,40178.94,5962.75694
1645185600000,40178.95,40799.0,39616.72,39832.03,15730.488
1645200000000,39832.02,40438.27,39450.0,40216.8,9738.09073
1645214400000,40216.79,40286.09,39711.31,39974.44,3650.04849
1645228800000,39974.45,40307.22,39915.89,40125.12,2584.5293
1645243200000,40125.13,40444.32,40060.88,40263.71,2279.67412
1645257600000,40263.7,40301.11,39648.6,39842.54,4264.32645
1645272000000,39842.53,40076.94,39639.03,39969.93,3923.19584
1645286400000,39969.92,40345.62,39850.0,39974.66,3240.99581
1645300800000,39974.66,40140.0,39800.0,40079.17,1749.33358
1645315200000,40079.17,40125.44,39700.0,39794.59,2330.8553
1645329600000,39794.59,39843.59,38581.1,38796.64,9438.50276
1645344000000,38796.63,38836.18,38000.0,38343.99,9315.50139
1645358400000,38343.99,38616.0,38022.0,38335.04,4624.96929
1645372800000,38337.2,38507.31,38180.1,38397.22,2783.66492
1645387200000,38397.22,38979.12,38048.49,38386.89,4945.79645
1645401600000,38386.89,39388.0,38182.98,38919.25,6481.37951
1645416000000,38919.25,39494.35,38909.26,39294.07,4179.79433
1645430400000,39294.06,39362.15,37348.49,37577.33,10358.56868
1645444800000,37576.1,39283.07,37213.63,38827.94,17003.85957
1645459200000,38827.93,39141.41,37500.0,38135.21,12272.80546
1645473600000,38135.2,38448.27,36800.0,37008.16,12051.27741
1645488000000,37008.16,37468.35,36350.0,36591.06,11180.78409
1645502400000,36591.06,37250.23,36515.87,36771.66,8523.06137
1645516800000,36771.65,37865.0,36756.53,37519.48,8567.41295
1645531200000,37519.47,38298.48,37274.38,37759.9,11164.11113
1645545600000,37759.9,38169.08,37380.0,38065.32,9337.43038
1645560000000,38065.32,38429.0,37755.01,38230.33,5013.14597
1645574400000,38230.33,38354.56,37528.33,37750.67,5041.08267
1645588800000,37750.66,38213.11,37712.93,38151.17,4692.47418
1645603200000,38151.16,39125.47,38081.12,38782.91,8941.95274
1645617600000,38782.91,39249.93,38450.0,38512.51,8262.37861
1645632000000,38512.51,38780.0,37536.0,37615.81,9521.08684
1645646400000,37615.81,37796.36,37036.79,37250.01,7101.75696
1645660800000,37250.02,37427.81,34720.53,34936.89,21666.07603
1645675200000,34936.9,35515.83,34322.28,35312.05,26065.63785
1645689600000,35312.04,35885.0,34818.09,35442.22,19463.61471
1645704000000,35442.23,36100.0,35035.0,35919.96,18084.928
1645718400000,35919.96,37366.36,35721.96,37300.0,16813.29053
1645732800000,37300.0,39843.0,37286.02,38327.21,18382.74746
1645747200000,38328.68,39030.01,38138.54,38923.36,8429.24948
1645761600000,38923.37,38942.46,38291.61,38466.24,7750.77677
1645776000000,38466.25,38876.91,38014.37,38745.01,10204.21877
1645790400000,38745.0,39683.53,38700.0,39410.92,15915.93241
1645804800000,39415.46,39588.82,38537.91,38676.14,8447.04822
1645819200000,38676.13,39600.0,38601.0,39219.17,5827.3456
1645833600000,39219.16,40348.45,39076.14,39390.33,7233.92452
1645848000000,39390.33,39468.73,38910.11,39200.0,3896.27291
1645862400000,39200.0,39546.0,38573.18,38928.21,5787.64974
1645876800000,38928.22,39378.6,38772.15,39215.66,4603.87506
1645891200000,39215.66,39440.0,38823.08,39254.12,3858.90802
1645905600000,39254.12,39700.0,38911.0,39116.72,3980.62655
1645920000000,39116.73,39256.58,38189.19,38606.81,5718.57932
1645934400000,38606.8,38875.99,38458.8,38790.93,2804.70811
1645948800000,38790.92,39548.17,38621.57,39479.8,5715.77884
1645963200000,39479.8,39855.7,38565.14,39357.03,10874.89378
1645977600000,39357.03,39450.94,37500.0,37606.49,7929.41099
1645992000000,37604.4,38299.39,37000.0,37699.07,13186.07615
1646006400000,37699.08,38483.53,37450.17,37793.8,6810.98035
1646020800000,37793.8,38478.28,37451.56,38347.58,6443.46493
1646035200000,38347.58,38672.96,38088.71,38333.65,5955.76279
1646049600000,38333.65,40898.0,37934.89,40824.96,21844.85641
1646064000000,40824.96,41463.41,40693.18,41329.44,14814.15253
1646078400000,41329.44,44225.84,41248.41,43160.0,18076.42157
1646092800000,43160.0,43750.0,42855.2,43147.71,9905.06568
1646107200000,43147.71,43562.35,43040.15,43492.96,5673.12384
1646121600000,43492.96,43887.0,42809.98,43609.96,9959.40661
1646136000000,43609.96,44949.0,43350.0,43643.69,21058.89224
1646150400000,43643.69,44078.65,43111.46,43719.49,8785.545
1646164800000,43719.49,44506.65,43684.16,44421.2,6361.06536
1646179200000,44421.2,44750.0,43819.97,44324.65,9115.71853
1646193600000,44324.64,44534.79,43653.63,43973.09,7184.41025
1646208000000,43973.09,44341.25,43738.27,44103.28,7152.87993
1646222400000,44103.29,45400.0,43334.09,44126.52,21359.60222
1646236800000,44126.51,44498.02,43433.0,43704.42,8477.12281
1646251200000,43704.41,44380.0,43681.3,43892.98,4492.91707
1646265600000,43892.99,44063.15,43193.52,43305.77,7348.58337
1646280000000,43305.76,43696.83,42915.06,43477.05,5660.75266
1646294400000,43477.04,43621.22,43064.46,43382.23,5817.41058
1646308800000,43382.23,44101.12,42348.56,42547.34,15475.0994
1646323200000,42547.34,42750.0,42055.64,42226.74,10016.31451
1646337600000,42226.74,42703.65,41832.28,42454.0,6622.44969
1646352000000,42454.0,42527.3,41069.91,41449.94,10458.06502
1646366400000,41449.93,41499.48,41100.0,41436.98,5420.09009
1646380800000,41436.98,41904.88,40863.01,41662.07,9526.57356
1646395200000,41662.06,41833.0,40550.04,40694.32,13689.02138
1646409600000,40694.32,40958.66,39665.72,39782.13,10513.61893
1646424000000,39782.13,39879.48,38550.0,39148.66,12357.316
1646438400000,39148.65,39197.94,38564.04,39050.62,7175.73335
1646452800000,39050.61,39140.51,38407.59,39016.73,5018.80536
1646467200000,39016.74,39294.47,38784.69,39129.59,5153.17248
1646481600000,39129.58,39371.15,38889.75,39160.01,4387.08916
1646496000000,39160.0,39613.24,39122.33,39433.71,5368.18462
1646510400000,39433.71,39583.66,39281.23,39397.96,3260.14844
1646524800000,39397.97,39693.87,39275.0,39300.54,3150.76731
1646539200000,39300.53,39656.89,38814.73,39387.57,5535.09217
1646553600000,39387.56,39387.57,38088.57,38352.48,9928.79688
1646568000000,38352.48,39056.16,38296.12,38862.61,7071.5964
1646582400000,38862.62,39368.4,38518.56,38670.66,5865.66309
1646596800000,38670.65,39273.79,38127.0,38420.81,8125.34573
1646611200000,38420.8,38555.85,37578.03,37869.45,10970.36124
1646625600000,37869.46,38247.48,37760.08,37895.24,5537.27588
1646640000000,37895.24,38399.54,37649.46,38337.05,7208.81739
1646654400000,38337.05,39285.0,38337.05,39071.48,12941.62206
1646668800000,39071.49,39547.57,37192.78,37308.94,16135.35156
1646683200000,37308.94,38517.82,37155.0,37988.0,11200.68746
1646697600000,37988.01,38972.08,37867.65,38695.87,8258.29547
1646712000000,38696.56,38831.7,38001.0,38547.79,7602.81674
1646726400000,38547.79,39186.58,38460.28,38983.05,8572.44337
1646740800000,38983.05,39226.99,38307.07,38658.34,13115.84878
1646755200000,38658.34,39362.08,38139.84,38764.88,13936.82276
1646769600000,38764.87,38897.68,38388.73,38730.63,4096.83926
1646784000000,38730.63,41448.84,38656.45,41217.73,15046.79735
1646798400000,41217.73,41884.0,41217.72,41791.1,12529.14324
1646812800000,41791.1,42438.81,41626.28,42151.66,12223.35193
1646827200000,42151.65,42594.06,41626.86,42520.99,13744.13345
1646841600000,42520.99,42558.96,41773.19,42204.65,8531.43225
1646856000000,42204.65,42320.0,41683.06,41941.71,5317.72977
1646870400000,41941.7,42039.63,40545.08,40768.51,13241.63659
1646884800000,40768.5,40834.93,38848.48,39238.9,17288.84532
1646899200000,39238.9,39317.32,38782.14,39076.38,8672.147
1646913600000,39076.39,40292.44,38539.73,39179.54,20530.94137
1646928000000,39179.55,39567.05,38904.63,39430.56,7255.40933
1646942400000,39431.8,39680.0,39050.0,39422.0,4973.95193
1646956800000,39422.01,39439.65,38223.6,38714.97,9879.2669
1646971200000,38714.97,39348.87,38337.03,39132.09,8188.20221
1646985600000,39132.1,40219.34,38806.86,39893.68,11697.23979
1647000000000,39894.08,40236.26,38908.0,39080.26,15204.56918
1647014400000,39080.26,39094.84,38500.0,38792.59,7869.25806
1647028800000,38792.58,39177.48,38308.83,38729.57,6180.22806
1647043200000,38729.57,39327.99,38660.52,39088.94,4198.07907
1647057600000,39088.93,39261.46,38931.8,39104.99,2950.84658
1647072000000,39104.99,39284.46,38957.47,39079.16,3429.12969
1647086400000,39079.17,39262.95,38678.22,39042.04,5595.52404
1647100800000,39042.05,39486.71,38930.71,39030.08,5295.93547
1647115200000,39030.08,39210.0,38730.67,38807.36,2564.84947
1647129600000,38807.35,39276.28,38703.73,39194.08,3650.74171
1647144000000,39194.07,39310.0,39069.0,39089.77,1960.16548
1647158400000,39089.76,39129.22,38601.81,38741.12,5962.88967
1647172800000,38741.13,39074.93,38370.0,38936.0,7476.32059
1647187200000,38936.0,39067.0,38851.0,38869.02,4054.20523
1647201600000,38869.02,38869.03,37578.51,37777.34,9687.50091
1647216000000,37777.35,38357.75,37555.0,38144.05,7000.92466
1647230400000,38144.06,39184.66,38126.29,39078.92,9181.27032
1647244800000,39078.91,39299.98,38842.89,38897.64,6291.24657
1647259200000,38897.64,39174.79,38612.01,38964.25,9114.5844
1647273600000,38964.26,39055.0,38415.4,38813.0,6657.7489
1647288000000,38814.18,39947.12,38606.41,39671.37,8699.6789
1647302400000,39671.37,39804.68,38636.7,38768.41,7491.23953
1647316800000,38768.41,38990.61,38098.33,38439.5,5984.59376
1647331200000,38439.5,38786.74,38254.35,38645.01,5916.53334
1647345600000,38645.01,39270.24,38465.7,39017.11,10179.52294
1647360000000,39017.11,39805.43,38926.15,39735.71,9433.64246
1647374400000,39735.71,39887.61,39232.61,39280.33,7010.01723
1647388800000,39280.33,41718.0,38828.48,39160.0,24749.55977
1647403200000,39160.0,39676.65,38911.0,39581.0,7298.36776
1647417600000,39581.01,40731.3,39563.63,40521.6,12080.41639
1647432000000,40521.6,41194.6,40252.06,40611.67,11683.65246
1647446400000,40611.67,40950.0,39311.53,40880.17,23724.79742
1647460800000,40880.17,41471.36,40766.19,41114.0,8583.96787
1647475200000,41114.01,41393.01,40820.0,41014.71,5566.36553
1647489600000,41014.71,41478.82,40543.52,40726.05,7810.9385
1647504000000,40726.06,40899.92,40500.0,40748.51,5658.62207
1647518400000,40748.5,41233.27,40704.89,40798.56,9003.23037
1647532800000,40798.56,40890.11,40565.39,40871.85,5007.97847
1647547200000,40871.86,41068.9,40639.77,40917.9,4142.24593
1647561600000,40917.89,40933.11,40215.59,40522.19,5738.83291
1647576000000,40522.18,40897.0,40432.35,40570.67,4281.13523
1647590400000,40570.67,40750.0,40135.04,40390.41,6651.79284
1647604800000,40390.4,41072.96,40300.0,40931.08,10200.53689
1647619200000,40931.08,42063.97,40904.98,42042.72,12415.50079
1647633600000,42042.71,42325.02,41625.36,41757.51,6120.21103
1647648000000,41757.51,42000.0,41499.29,41793.66,5218.14469
1647662400000,41793.65,41944.64,41535.22,41610.0,4235.89955
1647676800000,41609.99,41791.52,41575.06,41721.78,3237.65726
1647691200000,41721.78,42085.62,41652.9,41937.68,5750.52325
1647705600000,41937.68,42163.5,41802.02,42034.88,5383.35958
1647720000000,42034.87,42400.0,41715.43,42201.13,5241.59675
1647734400000,42201.13,42296.26,41770.38,41942.34,5015.94482
1647748800000,41941.99,42007.99,41751.99,41863.99,2886.613
1647763200000,41863.99,41937.99,41575.0,41586.86,4753.40295
1647777600000,41586.85,41699.0,41252.67,41340.3,6614.41742
1647792000000,41340.3,41502.83,40911.0,41379.03,6481.66859
1647806400000,41379.03,41677.65,41092.02,41262.11,4901.2879
1647820800000,41262.11,41451.51,40467.94,40832.93,7261.00076
1647835200000,40832.93,41136.17,40714.81,41102.01,4864.23713
1647849600000,41102.0,41492.14,41084.01,41244.28,5050.95847
1647864000000,41244.27,41544.22,40738.48,41224.48,10323.79608
1647878400000,41224.48,41240.31,40759.18,41180.55,7176.7383
1647892800000,41180.54,41370.0,40950.0,41002.25,4749.51803
1647907200000,41002.26,42497.0,40875.51,42236.46,11654.98743
1647921600000,42236.46,43361.0,41995.01,42215.94,18144.16022
1647936000000,42215.95,43030.2,42085.74,42983.0,9485.29709
1647950400000,42983.0,43199.0,42561.28,42573.81,9904.1804
1647964800000,42573.8,42711.37,42263.01,42284.41,5447.50326
1647979200000,42284.4,42872.17,42258.68,42364.13,4818.81454
1647993600000,42364.13,42529.99,41884.0,42073.94,6846.35632
1648008000000,42073.93,42259.38,41751.47,42107.74,5390.38343
1648022400000,42107.73,42345.32,41878.82,42039.78,5650.57243
1648036800000,42039.77,42737.39,41881.0,42618.18,10523.35724
1648051200000,42618.18,42775.1,42050.37,42216.79,7340.03063
1648065600000,42216.79,43025.96,42189.73,42882.76,5078.17034
1648080000000,42882.76,43276.12,42650.0,42712.87,8905.94483
1648094400000,42712.87,43478.0,42712.87,43077.74,7224.44292
1648108800000,43077.75,43220.0,42840.92,42968.42,8206.3162
1648123200000,42968.42,44036.93,42560.46,44000.01,17945.99811
1648137600000,44000.0,44220.89,43757.1,43908.3,9808.20456
1648152000000,43908.31,44100.0,43807.27,43991.46,4104.21712
1648166400000,43991.46,44398.53,43854.38,43968.16,8361.26981
1648180800000,43968.17,44200.0,43901.1,43904.97,5719.13599
1648195200000,43904.97,44664.2,43579.0,44585.28,10333.74698
1648209600000,44585.28,45094.14,44187.69,44318.21,16135.33131
1648224000000,44318.21,44596.29,44013.11,44444.95,10218.984
1648238400000,44444.94,44646.06,44230.59,44313.16,3845.96839
1648252800000,44313.16,44453.48,44071.97,44394.03,3974.29447
1648267200000,44394.04,44548.24,44355.98,44510.07,3247.63658
1648281600000,44510.07,44578.0,44318.94,44334.49,2685.45393
1648296000000,44334.5,44397.78,44153.94,44205.31,4295.28601
1648310400000,44205.3,44464.92,44140.76,44367.49,3615.69321
1648324800000,44367.49,44792.99,44255.0,44511.27,5223.25321
1648339200000,44511.27,44950.0,44484.11,44713.01,4469.60325
1648353600000,44713.01,44759.17,44542.01,44734.06,2320.84271
1648368000000,44734.06,44747.94,44469.38,44569.5,2773.77607
1648382400000,44569.5,44933.45,44421.46,44857.52,5248.21988
1648396800000,44857.53,45036.04,44740.0,44830.66,4587.3898
1648411200000,44830.66,46999.0,44678.12,46827.76,22475.079
1648425600000,46827.76,47650.0,46663.56,47049.4,10549.02693
1648440000000,47049.4,47371.99,46716.83,46989.24,12013.47897
1648454400000,46989.24,47383.05,46845.98,47252.54,6933.47892
1648468800000,47252.54,47908.05,47123.54,47422.51,11848.77205
1648483200000,47422.51,48189.84,47300.65,47956.28,9757.82491
1648497600000,47956.28,48094.11,46885.44,47122.21,7846.67962
1648512000000,47122.21,47606.01,47050.0,47335.06,5242.31903
1648526400000,47335.06,47753.75,47320.65,47344.44,4147.90595
1648540800000,47344.45,47963.24,47334.69,47896.1,4998.62033
1648555200000,47896.09,48096.47,47345.0,47440.0,9496.85179
1648569600000,47440.0,47871.02,47105.5,47701.49,7773.60832
1648584000000,47701.49,47726.0,46950.85,47434.8,5112.97915
1648598400000,47434.79,47457.16,46445.42,47435.46,8942.75297
1648612800000,47435.46,47580.0,47140.46,47384.44,4722.32882
1648627200000,47384.44,47500.0,47064.81,47319.91,5439.23494
1648641600000,47319.92,47344.5,46869.0,47160.81,7265.53761
1648656000000,47160.82,47700.22,46831.81,47073.89,8802.69815
1648670400000,47073.89,47292.68,46850.0,47067.99,5774.65601
1648684800000,47067.99,47425.21,46973.91,47095.56,4280.41163
1648699200000,47095.55,47170.71,46898.12,47160.76,4422.89888
1648713600000,47160.75,47386.7,47000.0,47152.01,5507.35999
1648728000000,47152.0,47600.0,46230.0,46453.81,15381.45344
1648742400000,46453.81,46492.65,45500.0,45581.97,12667.58267
1648756800000,45581.98,45849.99,45200.0,45510.34,6385.42006
1648771200000,45510.35,45644.86,44200.0,44599.98,14410.94822
1648785600000,44599.98,45110.81,44547.11,45015.69,7181.44137
1648800000000,45015.68,45323.91,44990.48,45064.26,7590.61016
1648814400000,45064.25,46720.09,44701.01,46532.0,15768.41543
1648828800000,46531.99,46602.0,45893.98,46361.68,7952.53781
1648843200000,46361.68,46439.56,46075.85,46283.49,3367.11175
1648857600000,46283.49,47213.0,46081.93,46599.93,9564.4453
1648872000000,46599.93,46684.4,46410.63,46584.49,3312.28456
1648886400000,46584.49,46753.15,46490.0,46542.84,3811.25251
1648900800000,46542.84,46941.11,46130.03,46295.06,8475.56753
1648915200000,46295.06,46487.01,45620.0,46120.24,7753.19688
1648929600000,46120.25,46350.0,45756.94,45811.0,4156.78904
1648944000000,45810.99,46065.83,45530.92,45943.25,4954.07978
1648958400000,45943.26,46570.0,45927.83,46363.82,4141.72984
1648972800000,46363.83,46446.8,46076.92,46252.59,3152.176
1648987200000,46252.59,46723.0,46188.0,46412.49,5776.66468
1649001600000,46412.49,46770.65,46220.16,46405.5,5166.903
1649016000000,46405.49,47444.11,46248.84,46407.35,10203.12464
1649030400000,46407.36,46461.14,45744.77,46005.44,7375.82693
1649044800000,46005.43,46293.38,45834.39,46173.99,3996.75378
1649059200000,46174.0,46287.97,45787.0,46160.09,5813.68717
1649073600000,46160.08,46359.0,45555.0,45633.88,8560.10686
1649088000000,45633.88,45940.35,45118.0,45925.76,8733.10369
1649102400000,45925.77,46890.71,45626.02,46580.51,10162.39671
1649116800000,46580.5,46777.77,46412.62,46645.82,4322.48655
1649131200000,46645.83,46884.49,46549.82,46709.99,3706.01335
1649145600000,46710.0,46740.0,46522.52,46683.37,4846.45957
1649160000000,46683.37,47200.0,45667.4,45763.72,15296.13723
1649174400000,45763.73,46191.0,45457.89,46032.5,8872.01249
1649188800000,46032.49,46107.58,45353.81,45497.55,5149.63933
1649203200000,45497.54,45506.67,44412.0,45215.88,9707.16772
1649217600000,45215.88,45507.14,45119.0,45276.04,4201.27513
1649232000000,45276.04,45453.94,44665.91,44819.19,7755.69849
1649246400000,44819.19,44999.99,43705.64,44168.35,17138.95125
1649260800000,44168.36,44298.61,43177.11,43754.57,16441.42217
1649275200000,43754.56,44041.1,43121.0,43170.47,5604.8146
1649289600000,43170.47,43559.09,42727.35,43294.04,8445.68077
1649304000000,43294.04,43545.74,43210.47,43445.33,4562.68512
1649318400000,43445.34,43834.52,43269.5,43766.74,5920.47052
1649332800000,43766.75,43900.99,43024.86,43331.81,8813.56457
1649347200000,43331.82,43819.99,43266.68,43388.92,6100.29038
1649361600000,43388.93,43750.0,43208.0,43444.19,3553.8502
1649376000000,43444.2,43694.15,43305.57,43605.96,3345.33727
1649390400000,43605.95,43780.32,43416.74,43763.52,3912.96402
1649404800000,43763.53,43970.62,43260.76,43298.79,6336.35221
1649419200000,43298.79,43961.99,42751.01,43648.01,11705.21542
1649433600000,43648.01,43714.97,42414.0,42730.84,11485.61355
1649448000000,42730.84,42870.7,42107.14,42252.01,5589.55956
1649462400000,42252.02,42466.87,42125.48,42380.0,4046.8072
1649476800000,42380.0,42640.0,42341.79,42481.09,2773.96788
1649491200000,42481.08,42540.0,42322.72,42445.1,2234.73344
1649505600000,42445.09,42522.44,42158.67,42260.77,3508.45774
1649520000000,42253.02,42631.69,42183.6,42511.94,2968.70506
1649534400000,42511.95,42800.0,42390.0,42753.97,2358.98915
1649548800000,42753.96,42896.64,42591.0,42785.72,2114.08706
1649563200000,42785.72,42799.0,42575.4,42633.59,1825.05163
1649577600000,42633.59,42716.75,42433.49,42680.36,2351.22423
1649592000000,42680.35,42850.0,42525.0,42747.47,3050.71305
1649606400000,42747.48,43310.15,42659.64,43235.77,4703.48697
1649620800000,43235.77,43410.3,41868.0,42158.85,8726.53109
1649635200000,42158.85,42414.71,41755.0,42111.22,8832.70042
1649649600000,42111.21,42350.29,42084.56,42305.75,3608.11066
1649664000000,42305.74,42350.0,40968.11,41067.63,13854.6847
1649678400000,41067.64,41246.61,40560.0,40581.51,11567.04522
1649692800000,40581.52,40896.83,39770.35,39985.33,13057.0544
1649707200000,39985.34,40269.6,39200.0,39530.45,12640.85181
1649721600000,39530.45,39852.95,39290.0,39747.13,8594.24884
1649736000000,39747.14,40196.39,39624.71,40183.97,9380.43138
1649750400000,40183.97,40464.0,40016.09,40378.0,6922.5064
1649764800000,40378.0,40699.0,39800.0,40179.13,16444.5575
1649779200000,40179.12,40376.8,39261.39,39303.1,10032.65806
1649793600000,39303.1,40289.02,39254.63,40074.94,6376.6156
1649808000000,40074.95,40275.0,39588.54,40076.05,4933.4027
1649822400000,40076.05,40228.41,39858.34,40130.0,3714.43456
1649836800000,40129.99,40212.75,39656.1,39722.64,4869.76082
1649851200000,39722.63,41411.0,39622.87,41158.18,15124.3087
1649865600000,41158.18,41561.31,40829.0,41059.3,8546.39376
1649880000000,41059.31,41404.58,41000.0,41147.79,4153.972
1649894400000,41147.78,41500.0,41064.35,41320.0,4817.42357
1649908800000,41320.0,41413.11,41156.9,41271.66,3408.77253
1649923200000,41271.66,41324.93,40851.5,40919.99,5505.86335
1649937600000,40919.99,41300.0,39925.21,39964.02,12296.30804
1649952000000,39964.01,40069.0,39551.94,39775.82,7672.6547
1649966400000,39775.81,40017.26,39662.46,39942.38,3105.99182
1649980800000,39942.37,40207.25,39766.4,40200.94,3769.81294
1649995200000,40200.95,40449.96,39953.2,40239.43,4129.25996
1650009600000,40239.43,40399.0,40036.06,40220.0,4311.55812
1650024000000,40220.0,40870.36,39900.0,40412.2,6246.80308
1650038400000,40412.21,40650.01,40203.68,40313.35,3710.21959
1650052800000,40313.35,40602.0,40281.35,40551.9,1858.7037
1650067200000,40551.9,40709.35,40410.75,40434.12,2270.95062
1650081600000,40434.11,40563.46,40353.54,40393.77,1920.77595
1650096000000,40393.77,40492.91,40277.0,40416.95,2668.01806
1650110400000,40416.94,40577.57,39991.55,40062.68,4161.89159
1650124800000,40062.67,40250.0,40005.78,40210.0,1958.57229
1650139200000,40210.01,40699.55,40185.45,40378.71,2825.23867
1650153600000,40378.7,40423.0,40122.05,40230.86,1874.24876
1650168000000,40230.87,40430.0,40226.55,40285.15,1312.93102
1650182400000,40285.15,40529.79,40280.0,40464.77,2160.59711
1650196800000,40464.77,40595.67,40200.0,40445.3,3535.93191
1650211200000,40445.3,40476.07,39833.31,40370.46,4612.88726
1650225600000,40370.46,40459.52,39546.17,39678.12,6491.89653
1650240000000,39678.11,39896.98,39580.05,39813.17,4065.09868
1650254400000,39813.17,39847.24,38536.51,38919.85,11629.0648
1650268800000,38919.85,39138.49,38799.0,38998.54,4930.14575
1650283200000,38998.54,39620.8,38998.54,39254.5,10628.02935
1650297600000,39254.5,41116.73,39000.0,40680.68,17442.75352
1650312000000,40680.68,41099.0,40632.51,40801.13,5548.40365
1650326400000,40801.13,41263.43,40601.0,40693.79,5578.19072
1650340800000,40693.79,40883.99,40571.0,40683.14,3258.67641
1650355200000,40683.13,41026.89,40580.0,40687.3,4435.29003
1650369600000,40687.3,41760.0,40662.26,41445.87,13200.66346
1650384000000,41445.88,41547.65,41167.92,41417.24,5996.32668
1650398400000,41417.23,41539.9,41212.94,41493.18,3319.71113
1650412800000,41493.19,41541.23,41229.96,41386.14,3641.31802
1650427200000,41386.14,41631.47,41261.58,41340.05,4742.30148
1650441600000,41340.04,42199.0,41302.02,42090.0,9119.62037
1650456000000,42090.01,42173.38,41054.1,41261.73,12177.96239
1650470400000,41261.72,41452.46,40820.0,41193.89,7135.0335
1650484800000,41193.89,41645.09,41140.0,41358.19,4061.11465
1650499200000,41358.19,41785.48,41320.47,41693.58,4229.07933
1650513600000,41693.58,41940.0,41419.2,41855.69,5346.09608
1650528000000,41855.69,42690.0,41741.1,42440.0,12460.78719
1650542400000,42440.01,42976.0,42085.65,42135.33,13997.77251
1650556800000,42135.34,42184.04,41207.22,41218.81,10398.04183
1650571200000,41218.82,41309.67,39751.0,40480.01,12884.49963
1650585600000,40480.01,40658.19,40232.63,40502.11,7352.94819
1650600000000,40502.1,40795.06,40293.0,40709.59,5959.19943
1650614400000,40709.6,40783.54,40138.03,40585.54,6718.49576
1650628800000,40585.54,40640.0,39320.02,39433.6,13727.26171
1650643200000,39433.6,39786.62,39177.0,39502.92,9189.60356
1650657600000,39502.92,39835.23,39401.0,39709.18,3716.51095
1650672000000,39709.19,39872.64,39406.25,39463.02,3424.42174
1650686400000,39463.01,39687.77,39285.0,39600.98,3627.32893
1650700800000,39600.98,39686.64,39501.41,39602.93,3146.8226
1650715200000,39602.93,39820.62,39535.22,39792.65,3639.12352
1650729600000,39792.65,39980.0,39658.09,39755.32,3417.05054
1650744000000,39755.31,39948.27,39327.58,39441.6,3036.67642
1650758400000,39441.61,39828.0,39414.18,39776.57,3737.20007
1650772800000,39776.56,39815.42,39629.99,39751.38,2413.5113
1650787200000,39751.38,39803.74,39544.91,39609.11,2217.0049
1650801600000,39609.11,39940.0,39351.58,39656.49,6038.63715
1650816000000,39656.49,39807.94,38929.62,39703.74,9005.87557
1650830400000,39703.74,39771.6,39426.01,39450.13,3291.38287
1650844800000,39450.12,39500.84,38674.0,39253.71,9214.09166
1650859200000,39253.7,39256.28,38200.0,38453.92,9507.95589
1650873600000,38453.92,38947.89,38209.36,38832.29,8652.09865
1650888000000,38832.29,39420.0,38578.6,38976.76,15384.14231
1650902400000,38976.76,40384.61,38911.57,40225.97,15129.76861
1650916800000,40225.98,40616.0,40046.34,40426.08,5149.07072
1650931200000,40426.08,40773.65,40374.23,40535.29,5746.80925
1650945600000,40535.29,40690.47,40375.01,40584.5,5433.72885
1650960000000,40584.5,40797.31,40229.41,40467.03,6014.80782
1650974400000,40467.03,40625.0,38550.0,38563.94,18663.20091
1650988800000,38563.94,38886.51,37842.49,38270.03,20172.92676
1651003200000,38270.03,38463.4,37702.26,38112.65,10618.78441
1651017600000,38112.64,38486.87,37881.31,38343.18,6183.75842
1651032000000,38343.17,39113.72,38311.3,39112.74,6536.97348
1651046400000,39113.06,39221.65,38645.42,39017.19,10348.77109
1651060800000,39017.19,39474.72,38435.95,39005.76,19099.87589
1651075200000,39005.77,39309.0,38668.2,38858.26,10473.27822
1651089600000,38858.27,39399.99,38831.73,39235.72,4440.46562
1651104000000,39235.72,39689.49,39152.96,39342.07,6496.2659
1651118400000,39342.06,39660.0,39226.49,39385.01,4240.94553
1651132800000,39385.01,39882.38,39359.63,39679.31,6918.03919
1651147200000,39679.31,40300.0,38881.43,39438.01,19436.22895
1651161600000,39438.12,40372.63,39314.05,39983.77,12592.23399
1651176000000,39983.77,40216.27,39606.92,39742.07,6402.95794
1651190400000,39742.06,39925.25,39286.01,39533.01,5774.9573
1651204800000,39533.02,39641.3,39368.97,39610.14,5026.65712
1651219200000,39610.14,39634.12,38616.46,38749.54,9182.31188
1651233600000,38749.54,39406.37,38634.52,39004.86,13776.46597
1651248000000,39004.87,39078.3,38175.0,38331.54,13577.88045
1651262400000,38331.55,38665.36,38310.9,38596.11,4115.38443
1651276800000,38596.11,38795.38,38551.12,38656.37,3285.16232
1651291200000,38656.37,38778.79,38493.52,38650.34,3215.15217
1651305600000,38650.35,38688.72,38536.66,38580.01,3956.62322
1651320000000,38580.0,38638.38,38156.04,38466.56,8921.30505
1651334400000,38466.56,38610.15,38201.78,38466.83,6568.98693
1651348800000,38466.82,38466.83,37578.2,37630.8,9373.9602
1651363200000,37630.8,38077.1,37386.38,38041.44,6984.2714
1651377600000,38041.44,38165.12,37885.3,37970.27,6005.17866
1651392000000,37970.27,38094.16,37866.62,37942.78,3237.20228
1651406400000,37942.78,38641.46,37841.9,38490.0,6409.34685
1651420800000,38490.01,38675.0,37750.0,37807.87,8027.25292
1651435200000,37807.87,38630.0,37686.26,38468.35,8148.98893
1651449600000,38468.35,38810.73,38376.38,38674.1,6032.4258
1651464000000,38674.11,39167.34,38600.03,38881.47,6527.84754
1651478400000,38881.46,39075.0,38482.41,38528.77,6199.12946
1651492800000,38528.78,39155.47,38242.51,38696.05,18118.35927
1651507200000,38696.05,38868.88,38052.0,38563.38,11174.75641
1651521600000,38563.39,38908.56,38280.76,38525.16,5148.4078
1651536000000,38525.16,38625.0,38317.06,38521.64,5042.3482
1651550400000,38521.63,38579.77,38385.67,38559.99,4009.05189
1651564800000,38559.99,38651.51,38261.16,38570.01,5286.30706
1651579200000,38570.01,38607.09,38152.0,38326.36,8832.95173
1651593600000,38326.37,38396.05,37517.8,37717.49,12390.05479
1651608000000,37717.5,38036.46,37530.01,37728.95,4755.73991
1651622400000,37728.95,38100.0,37670.0,38013.62,4033.60904
1651636800000,38013.62,38757.27,37944.25,38701.32,9474.43576
1651651200000,38701.32,39100.0,38670.0,39002.3,10285.61687
1651665600000,39002.31,39182.0,38658.96,38973.2,9726.66877
1651680000000,38973.2,40023.77,38590.97,39859.22,23795.82319
1651694400000,39859.23,39942.35,39614.54,39690.0,5258.46373
1651708800000,39690.0,39798.09,39536.66,39729.41,5433.91882
1651723200000,39729.4,39845.51,39516.92,39588.84,3974.92229
1651737600000,39588.85,39629.85,39407.17,39492.83,4506.55594
1651752000000,39492.84,39545.66,36514.29,36909.67,35633.90513
1651766400000,36909.67,37322.0,35571.9,36316.0,30960.91269
1651780800000,36316.01,36600.0,36132.85,36552.97,8212.21868
1651795200000,36552.97,36675.63,36163.44,36461.82,6404.21881
1651809600000,36461.81,36550.0,35833.01,36371.94,9524.98864
1651824000000,36371.94,36514.63,35587.1,35780.84,10211.57728
1651838400000,35780.83,36436.2,35258.0,36004.34,28261.27261
1651852800000,36004.33,36239.4,35834.03,36001.35,10893.48631
1651867200000,36001.34,36116.81,35863.59,36013.77,3142.25822
1651881600000,36013.77,36077.98,35760.0,35812.21,3253.27224
1651896000000,35812.22,35961.05,35722.24,35921.6,4312.23187
1651910400000,35921.6,36146.3,35879.96,36055.86,4389.11246
1651924800000,36055.86,36085.5,35866.0,35962.47,3910.0926
1651939200000,35962.47,35997.14,35852.06,35876.36,2387.67804
1651953600000,35876.37,35876.37,34785.0,35472.39,16029.31961
1651968000000,35472.4,35514.22,34210.0,34480.24,21158.18057
1651982400000,34480.23,34952.5,34318.46,34596.55,9199.93117
1651996800000,34596.55,34870.88,34501.57,34786.24,7000.09124
1652011200000,34786.25,34843.01,34301.01,34357.92,9249.33238
1652025600000,34357.91,34763.34,33713.95,34587.64,17646.96381
1652040000000,34587.64,34640.0,33930.0,34038.4,8191.14427
1652054400000,34038.39,34243.15,33267.26,33563.15,22777.9039
1652068800000,33563.15,33838.42,33340.29,33523.27,8406.15726
1652083200000,33523.27,33777.0,32650.39,33122.31,24778.223899
1652097600000,33122.31,33424.21,32061.29,32341.53,34754.077106
1652112000000,32341.53,32588.2,30334.07,30944.82,65857.017215
1652126400000,30940.62,31899.99,30033.33,30076.31,35303.547048
1652140800000,30074.23,31463.42,29730.4,30642.55,43184.30366
1652155200000,30642.55,32658.99,30600.0,31609.78,32240.66067
1652169600000,31609.79,32016.66,31240.0,31622.24,26002.41976
1652184000000,31622.24,32383.8,30819.98,31320.0,31843.72265
1652198400000,31320.0,31805.15,30962.9,31330.03,15075.70827
1652212800000,31330.0,31353.43,30147.78,31017.1,17185.1881
1652227200000,31017.11,31691.89,30626.22,31205.96,14306.85534
1652241600000,31205.95,31888.85,30200.0,30614.99,29516.39137
1652256000000,30614.99,32162.59,30376.61,31533.15,28101.65572
1652270400000,31533.14,32000.0,29039.54,30977.61,80668.283147
1652284800000,30977.61,31131.58,29190.0,29372.22,24083.64371
1652299200000,29372.21,29652.63,27785.0,29103.94,30386.909991
1652313600000,29103.94,30243.0,28367.07,28406.15,28747.69935
1652328000000,28406.15,28643.93,26700.0,28193.4,74526.071838
1652342400000,28193.4,29294.0,27477.7,28472.98,32019.77444
1652356800000,28472.98,29813.0,27902.95,29021.27,33669.63732
1652371200000,29021.26,29967.03,28186.74,28641.15,22756.91072
1652385600000,28640.0,29300.0,28001.0,29029.75,12787.16947
1652400000000,29029.74,30800.0,28751.67,30582.54,22474.56258
1652414400000,30582.54,31083.37,30154.24,30171.13,17616.1303
1652428800000,30171.13,30767.38,30171.13,30668.08,13230.30354
1652443200000,30668.07,31033.0,30227.62,30339.99,18227.00513
1652457600000,30340.0,30537.78,29382.66,30084.11,19172.22802
1652472000000,30084.1,30139.16,29200.0,29287.05,7152.14
1652486400000,29287.05,29824.69,29219.37,29569.89,7434.38559
1652500800000,29569.89,29611.7,29200.0,29431.59,5347.18637
1652515200000,29431.58,29599.51,28830.0,29074.24,10335.95009
1652529600000,29074.24,29260.29,28660.76,28818.06,8932.06583
1652544000000,28818.05,29942.82,28630.0,29338.78,11615.38697
1652558400000,29338.79,30343.27,29300.0,30086.74,7430.90378
1652572800000,30086.74,30273.21,29553.47,29721.65,5969.18229
1652587200000,29721.66,30061.54,29480.0,29825.99,5255.52638
1652601600000,29826.0,30327.68,29547.48,30241.46,6947.0254
1652616000000,30241.46,30561.37,29782.01,30013.47,8907.94485
1652630400000,30013.46,30500.0,29936.49,30457.88,6526.86779
1652644800000,30457.88,31460.0,30355.22,31328.89,12669.12241
1652659200000,31328.89,31328.9,30211.32,30323.23,9814.79036
1652673600000,30323.23,30473.31,29258.0,29593.89,13261.38074
1652688000000,29593.89,30205.0,29433.9,29950.95,11792.74895
1652702400000,29950.95,30252.77,29313.48,29676.56,18456.63654
1652716800000,29676.56,29985.3,29087.04,29576.7,12445.6199
1652731200000,29576.7,30259.78,29543.46,29874.01,7311.02009
1652745600000,29874.01,30508.0,29780.97,30363.59,7228.39782
1652760000000,30363.59,30578.14,30244.52,30412.06,5343.32806
1652774400000,30412.05,30788.37,30271.21,30319.47,7087.08694
1652788800000,30319.48,30748.0,29944.48,30153.74,14164.17568
1652803200000,30153.74,30320.0,29450.38,30097.09,15760.63632
1652817600000,30097.1,30669.0,30045.85,30444.93,7140.50825
1652832000000,30444.93,30709.99,29732.49,29831.4,7359.94786
1652846400000,29831.4,30090.51,29682.97,29910.25,7855.17223
1652860800000,29910.25,30046.79,29742.99,29833.58,7783.95557
1652875200000,29833.59,29909.66,28875.0,28984.99,15695.35723
1652889600000,28984.98,29538.19,28750.0,29276.55,12717.54472
1652904000000,29276.55,29411.07,28654.47,28715.32,8337.18038
1652918400000,28715.33,29337.52,28691.38,29196.78,8850.96512
1652932800000,29196.77,29432.8,29029.88,29192.13,7326.04646
1652947200000,29192.13,29540.0,28855.42,29500.2,9851.62337
1652961600000,29499.81,30545.18,29353.82,30389.45,21257.57442
1652976000000,30389.45,30456.56,29961.7,29967.4,12945.8087
1652990400000,29967.4,30486.57,29950.45,30319.23,7645.34608
1653004800000,30319.22,30777.33,30130.48,30175.03,8834.9781
1653019200000,30175.04,30362.16,29850.51,30256.74,7701.6848
1653033600000,30256.74,30535.4,30110.04,30414.07,7908.00875
1653048000000,30414.06,30449.98,29071.39,29152.9,16881.52497
1653062400000,29152.9,29359.23,28730.0,29291.55,14459.30051
1653076800000,29291.55,29391.4,29123.77,29201.01,4731.75612
1653091200000,29201.01,29347.52,28947.28,29258.18,3735.70898
1653105600000,29258.17,29566.0,29205.23,29423.18,3339.76647
1653120000000,29423.18,29481.1,29168.68,29288.0,3191.22865
1653134400000,29288.0,29645.7,29190.0,29552.47,4343.93776
1653148800000,29552.47,29656.18,29390.62,29464.31,4133.41999
1653163200000,29464.32,29538.66,29311.07,29445.06,2243.06939
1653177600000,29445.07,29545.75,29331.26,29363.5,2779.95021
1653192000000,29363.5,29457.89,29255.11,29441.78,2306.43831
1653206400000,29441.78,30311.31,29421.53,29897.52,12454.03983
1653220800000,29897.52,30236.63,29668.51,29844.01,7230.86288
1653235200000,29844.01,30177.93,29738.57,29936.01,5103.79741
1653249600000,29936.02,30487.99,29910.14,30293.94,6283.89884
1653264000000,30293.93,30459.56,30048.77,30171.32,4657.17095
1653278400000,30171.32,30670.51,30101.07,30457.01,7568.22645
1653292800000,30457.01,30616.18,30281.89,30397.11,7605.66272
1653307200000,30397.12,30625.98,29967.07,30373.53,14417.80135
1653321600000,30373.53,30529.9,29078.3,29089.9,15772.92063
1653336000000,29089.91,29499.03,28866.35,29109.15,13879.71722
1653350400000,29109.14,29326.74,29056.7,29299.92,5773.6321
1653364800000,29299.91,29439.26,29241.61,29404.55,5764.22285
1653379200000,29404.54,29430.83,29123.89,29295.74,6631.70627
1653393600000,29295.75,29650.0,28669.0,29382.31,20365.04234
1653408000000,29382.32,29593.77,29101.0,29391.62,13727.57884
1653422400000,29391.62,29845.86,29250.22,29654.58,7180.77796
1653436800000,29654.58,30222.87,29557.36,30198.09,8159.40197
1653451200000,30198.09,30223.74,29666.67,29701.46,7905.03946
1653465600000,29701.47,29941.41,29294.21,29409.01,10798.23324
1653480000000,29409.01,29909.0,29339.57,29629.36,13674.47718
1653494400000,29629.35,30034.37,29430.54,29599.1,13993.95421
1653508800000,29599.1,29880.0,29537.31,29542.15,5006.28053
1653523200000,29542.14,29886.64,29503.72,29837.16,5231.18106
1653537600000,29837.16,29876.72,29337.77,29733.7,7138.02023
1653552000000,29733.71,29744.25,28877.0,28998.4,21360.66888
1653566400000,28998.4,29495.0,28019.56,29393.1,41367.2334
1653580800000,29393.1,29787.69,29370.0,29379.76,11893.16434
1653595200000,29379.76,29682.84,29174.0,29201.35,7591.38672
1653609600000,29201.35,29390.34,28840.39,29020.01,13165.63475
1653624000000,29020.01,29214.0,28643.89,28992.99,21666.53837
1653638400000,28993.0,29142.75,28779.4,28912.96,10946.10064
1653652800000,28912.95,29397.66,28639.26,28850.45,17215.53641
1653667200000,28850.46,29056.0,28282.9,28880.0,19660.36734
1653681600000,28880.0,29025.0,28504.64,28629.8,8344.34259
1653696000000,28629.81,28854.05,28450.0,28819.2,10726.29911
1653710400000,28819.2,28949.39,28754.4,28885.72,5425.50965
1653724800000,28885.71,28930.81,28766.68,28828.02,4650.67646
1653739200000,28828.02,29266.0,28795.78,28988.21,6640.83535
1653753600000,28988.2,29067.01,28784.48,29019.82,4588.37099
1653768000000,29019.81,29154.61,28960.0,29031.33,2447.65971
1653782400000,29031.33,29045.34,28839.21,28984.32,3673.31893
1653796800000,28984.31,29060.32,28914.96,29008.35,2073.83703
1653811200000,29008.35,29235.76,28952.7,29213.85,6053.35031
1653825600000,29213.85,29489.0,29166.51,29215.98,6818.97968
1653840000000,29215.97,29355.5,29077.98,29126.41,3546.51415
1653854400000,29126.4,29587.78,29091.67,29468.1,5401.34754
1653868800000,29468.1,30400.0,29299.62,30353.07,14864.36484
1653883200000,30353.07,30928.71,30236.55,30636.12,15267.9168
1653897600000,30636.12,30765.09,30556.63,30665.37,9351.67469
1653912000000,30665.38,30931.0,30269.22,30634.08,13532.67809
1653926400000,30634.08,30878.1,30566.54,30643.11,8446.82356
1653940800000,30643.1,32222.0,30500.0,31734.22,35322.48962
1653955200000,31734.23,31861.55,31440.52,31772.82,10716.88391
1653969600000,31772.81,31800.67,31434.66,31573.77,6910.36728
1653984000000,31573.76,31842.69,31496.09,31767.0,7210.98946
1653998400000,31766.99,32181.37,31200.01,32058.53,16731.66275
1654012800000,32058.52,32399.0,31570.53,31625.71,15969.57927
1654027200000,31625.71,31936.5,31584.29,31801.04,4893.63365
1654041600000,31801.05,31982.97,31614.01,31627.3,7102.39992
1654056000000,31627.29,31670.0,31371.45,31482.43,6574.53904
1654070400000,31482.42,31709.99,31444.0,31609.16,6997.0161
1654084800000,31609.15,31901.34,30600.0,30742.59,23609.03186
1654099200000,30742.59,30744.19,29901.29,30126.72,37935.29665
1654113600000,30126.71,30162.44,29301.0,29805.83,21177.35025
1654128000000,29805.84,29903.74,29594.55,29730.12,7552.00044
1654142400000,29730.12,30123.35,29650.93,29968.26,6794.72045
1654156800000,29968.27,30210.18,29865.0,30173.67,7351.9181
1654171200000,30173.66,30387.84,29597.01,30212.73,19579.71813
1654185600000,30212.73,30408.54,29977.45,30293.01,8583.25866
1654200000000,30293.0,30689.0,30235.7,30452.62,7099.8135
1654214400000,30452.63,30699.0,30359.54,30529.96,6044.163
1654228800000,30529.96,30561.32,30282.29,30443.74,5085.36997
1654243200000,30443.7,30529.07,29680.0,29758.19,12081.75588
1654257600000,29758.2,29889.49,29282.36,29506.24,19780.91534
1654272000000,29506.25,29677.14,29401.0,29572.52,6764.37741
1654286400000,29572.52,29887.56,29558.3,29700.21,4310.86567
1654300800000,29700.21,29763.35,29500.0,29560.12,5453.61
1654315200000,29560.12,29734.49,29546.78,29700.96,3043.03475
1654329600000,29700.96,29800.0,29594.91,29681.69,3438.0592
1654344000000,29681.68,29988.88,29485.0,29858.8,6382.77896
1654358400000,29858.79,29858.8,29613.26,29655.41,3660.1238
1654372800000,29655.41,29977.99,29632.05,29864.04,3640.29442
1654387200000,29864.03,29897.18,29678.5,29766.95,2712.02508
1654401600000,29766.95,29819.85,29645.67,29645.67,2129.49304
1654416000000,29645.68,29742.13,29531.42,29718.69,2988.06008
1654430400000,29718.69,29981.0,29626.65,29972.22,3680.643
1654444800000,29972.23,30189.0,29761.0,30049.86,6667.26436
1654459200000,30049.85,30127.47,29815.75,29919.21,4962.44254
1654473600000,29919.2,31276.87,29890.23,31251.0,18199.91513
1654488000000,31250.99,31434.75,31148.43,31292.77,9173.23629
1654502400000,31292.76,31599.37,31281.0,31396.71,9233.32765
1654516800000,31396.72,31765.64,31162.55,31541.42,16667.66655
1654531200000,31541.41,31555.75,31000.01,31470.72,10469.56476
1654545600000,31470.72,31599.85,31272.39,31373.1,5093.21418
1654560000000,31373.1,31381.03,29218.96,29563.62,34125.65523
1654574400000,29563.61,29632.49,29401.0,29585.12,10285.3628
1654588800000,29585.12,29733.63,29345.0,29521.5,7672.40223
1654603200000,29521.51,30041.25,29401.44,29891.17,15080.9226
1654617600000,29891.17,31429.85,29747.62,31059.71,14712.7556
1654632000000,31059.71,31589.6,30300.0,31125.33,28797.41812
1654646400000,31125.32,31327.22,29843.88,30026.72,19657.2277
1654660800000,30026.71,30686.63,29872.55,30561.77,13310.83642
1654675200000,30561.77,30616.85,30336.81,30410.85,6328.10356
1654689600000,30410.85,30901.67,30051.16,30476.77,15544.5556
1654704000000,30476.77,30552.64,29916.45,30140.14,9386.62544
1654718400000,30140.14,30499.0,30102.86,30204.77,4315.26404
1654732800000,30204.77,30323.51,30070.24,30293.49,4608.91792
1654747200000,30293.5,30487.54,30235.85,30487.54,5105.41253
1654761600000,30487.53,30700.0,30251.89,30299.47,7928.2471
1654776000000,30299.46,30389.05,29944.1,30302.24,15458.43252
1654790400000,30302.23,30450.0,29976.0,30017.12,7988.5499
1654804800000,30017.12,30250.0,29970.51,30109.93,5201.62653
1654819200000,30109.93,30382.8,29578.96,30114.38,15509.83819
1654833600000,30114.38,30226.79,30042.13,30052.43,4916.72998
1654848000000,30052.44,30114.25,29868.0,30020.56,9266.04408
1654862400000,30020.56,30184.4,29222.67,29454.53,25273.66013
1654876800000,29454.52,29484.45,28850.0,28980.02,15450.60825
1654891200000,28980.03,29400.0,28970.0,29091.88,5787.36917
1654905600000,29091.87,29315.21,29047.93,29272.43,4336.24117
1654920000000,29272.43,29440.41,29251.17,29326.83,3718.77449
1654934400000,29326.83,29345.11,28590.0,28734.01,16567.74888
1654948800000,28734.01,28870.0,28251.0,28405.54,20659.80579
1654963200000,28405.55,28794.46,28099.99,28595.28,12871.63441
1654977600000,28595.27,28683.54,28250.04,28424.7,7747.19421
1654992000000,28424.71,28544.96,27249.0,27553.23,21302.12824
1655006400000,27553.22,27677.18,27190.0,27645.89,11845.39168
1655020800000,27645.88,27726.15,27342.82,27457.39,8692.74407
1655035200000,27457.39,28347.89,26890.0,28094.42,22632.06677
1655049600000,28094.42,28238.58,27423.73,27424.71,11639.48899
1655064000000,27424.71,27557.05,26560.0,26574.53,16362.779059
1655078400000,26574.53,26895.84,24900.0,25520.05,53452.228483
1655092800000,25520.05,26257.31,24555.0,24811.59,38328.615693
1655107200000,24811.59,24941.17,23500.0,23729.43,54841.110157
1655121600000,23729.43,24376.09,22600.0,23271.54,57401.835425
1655136000000,23271.53,24204.55,23101.01,23218.22,25993.43985
1655150400000,23215.97,23787.3,21925.77,22487.41,24593.805358
1655164800000,22485.27,22796.71,20846.0,22127.91,64139.98175
1655179200000,22127.92,23362.88,21763.71,22877.52,43892.53561
1655193600000,22877.52,22979.96,21725.22,21994.56,22494.02407
1655208000000,21994.56,22800.0,21811.01,22680.38,29165.25726
1655222400000,22680.38,22777.07,22126.4,22196.28,11465.17332
1655236800000,22190.93,22344.0,21358.0,22136.41,16044.6747
1655251200000,22136.42,22297.37,21406.68,21455.8,15540.4174
1655265600000,21455.8,21490.67,20652.18,20722.92,36911.714923
1655280000000,20722.92,21290.0,20111.62,21177.03,53193.565904
1655294400000,21177.04,21798.95,21045.13,21419.1,26099.61279
1655308800000,21419.09,22496.52,20250.0,21632.04,50278.07819
1655323200000,21632.03,22800.0,21450.0,22583.72,18751.10426
1655337600000,22583.72,22995.73,22167.08,22211.62,15401.17608
1655352000000,22211.62,22361.98,21646.64,21764.17,11790.41133
1655366400000,21764.18,21888.0,20852.35,21044.55,20945.57513
1655380800000,21044.56,21510.2,20745.0,21074.77,20237.75687
1655395200000,21074.77,21500.0,20818.0,20875.48,14792.65041
1655409600000,20875.48,21048.38,20232.0,20401.31,16506.02447
1655424000000,20400.6,21059.68,20246.66,20383.38,17423.81608
1655438400000,20383.37,21286.01,20326.0,21100.64,15684.53285
1655452800000,21100.65,21365.43,20847.49,20972.04,13240.65005
1655467200000,20972.04,21047.41,20386.93,20663.7,19484.73561
1655481600000,20661.95,20791.96,20440.92,20515.59,11352.50026
1655496000000,20515.59,20723.0,20368.2,20468.81,9508.10178
1655510400000,20468.81,20792.06,20322.08,20459.65,13043.33887
1655524800000,20459.65,20537.34,19066.8,19258.58,35934.156049
1655539200000,19258.58,19540.0,18742.5,19243.98,36718.932489
1655553600000,19243.99,19291.99,18942.75,18953.76,16110.06463
1655568000000,18953.76,19101.28,18031.13,18067.6,42570.839975
1655582400000,18067.61,19493.23,17622.0,18970.79,52064.323511
1655596800000,18970.79,19198.0,18224.98,18311.09,19556.53214
1655611200000,18311.1,18621.57,17960.41,18306.93,16670.95915
1655625600000,18307.39,20150.0,18264.67,19692.5,34028.09471
1655640000000,19692.49,19945.88,19130.84,19824.97,21044.6303
1655654400000,19824.96,20344.91,19350.08,20124.08,18382.43393
1655668800000,20124.07,20815.95,20050.47,20574.0,18638.22572
1655683200000,20574.0,20687.99,19637.03,19980.49,21076.88904
1655697600000,19980.49,20258.29,19776.58,20086.63,11823.89634
1655712000000,20086.62,21022.0,20023.14,20801.79,26862.62188
1655726400000,20801.79,21090.0,20364.33,20824.74,20540.9217
1655740800000,20824.74,20832.82,19832.95,20072.81,16553.12261
1655755200000,20072.8,20784.77,20001.53,20573.89,12171.48997
1655769600000,20573.9,20783.99,20348.4,20614.04,14312.3475
1655784000000,20614.04,21333.0,20474.41,21120.28,20989.91077
1655798400000,21120.28,21500.01,20911.13,20962.42,19870.84399
1655812800000,20962.42,21723.0,20853.36,21392.19,24368.42434
1655827200000,21392.18,21550.39,20870.01,20888.64,13013.71907
1655841600000,20888.63,21054.99,20551.0,20723.52,11815.82923
1655856000000,20723.51,20736.68,20253.96,20317.88,13979.31912
1655870400000,20317.89,20595.42,19950.34,20099.62,14132.37133
1655884800000,20099.62,20676.7,20038.85,20506.3,12215.14546
1655899200000,20506.3,20900.0,20035.54,20080.1,23768.83256
1655913600000,20080.85,20380.0,19840.86,20117.34,16356.37373
1655928000000,20117.34,20239.87,19770.51,19987.99,11681.93718
1655942400000,19988.0,20612.22,19890.07,20213.79,14363.65967
1655956800000,20213.78,20657.14,20168.26,20461.83,11026.69488
1655971200000,20461.83,20812.12,20454.32,20638.79,14202.04066
1655985600000,20638.89,20829.21,20287.41,20351.91,14771.40675
1656000000000,20351.91,20945.55,20170.0,20910.06,13067.98266
1656014400000,20910.06,21233.0,20672.72,21110.13,15695.30254
1656028800000,21110.12,21369.85,20973.68,21073.73,11560.36297
1656043200000,21073.73,21168.13,20736.72,20913.72,11245.40104
1656057600000,20913.73,21326.52,20745.01,21169.53,13183.51662
1656072000000,21169.53,21457.0,20822.9,20884.17,18370.60567
1656086400000,20884.17,21267.36,20784.76,21253.61,12337.26438
1656100800000,21253.79,21558.41,21146.0,21237.69,10733.21554
1656115200000,21237.68,21379.65,21121.72,21300.62,8834.12849
1656129600000,21300.62,21614.5,21180.4,21508.13,8974.78284
1656144000000,21508.09,21555.71,21318.63,21340.22,6223.95714
1656158400000,21340.22,21372.89,20906.62,20961.89,12861.35689
1656172800000,20961.89,21271.62,20915.0,21206.2,6430.18304
1656187200000,21206.21,21588.43,21146.04,21491.19,8107.26954
1656201600000,21491.18,21544.49,21282.13,21426.23,5764.98379
1656216000000,21426.23,21526.0,21336.96,21396.52,5247.37654
1656230400000,21396.52,21777.0,21365.15,21708.6,7858.63639
1656244800000,21708.6,21888.0,21197.12,21326.11,16730.13311
1656259200000,21325.98,21445.88,21115.3,21283.6,7358.10626
1656273600000,21283.6,21425.0,20964.73,21038.07,10318.86855
1656288000000,21038.08,21190.1,20926.01,21171.32,9115.31096
1656302400000,21171.33,21404.52,21142.86,21363.22,7287.10643
1656316800000,21363.23,21539.85,21285.48,21304.55,9031.44056
1656331200000,21304.56,21343.83,20590.0,20754.73,20746.1707
1656345600000,20754.74,20945.0,20510.0,20855.37,11119.4703
1656360000000,20855.38,20966.73,20680.0,20742.56,7175.50235
1656374400000,20742.57,20873.82,20510.0,20735.03,10262.74079
1656388800000,20735.03,20933.0,20703.3,20879.39,6632.57985
1656403200000,20879.39,21212.1,20870.01,20998.13,11148.66059
1656417600000,20998.14,21129.19,20588.0,20606.4,14177.40504
1656432000000,20606.4,20771.8,20218.0,20255.01,13851.70032
1656446400000,20255.01,20463.2,20202.01,20281.29,7727.99661
1656460800000,20281.28,20398.0,20152.0,20282.96,9403.50591
1656475200000,20282.96,20381.1,19889.0,20093.75,15182.30368
1656489600000,20093.74,20233.98,19854.92,20104.8,13703.37348
1656504000000,20104.81,20254.2,19892.97,20084.48,16651.90425
1656518400000,20084.48,20268.0,19921.85,20223.63,9428.79866
1656532800000,20223.63,20432.31,20052.74,20123.01,12939.15781
1656547200000,20123.0,20179.08,19951.08,20077.01,7486.04781
1656561600000,20077.01,20091.15,19310.0,19435.9,15063.43516
1656576000000,19435.89,19440.73,18921.59,19101.36,19458.59354
1656590400000,19101.35,19341.26,18756.71,19143.98,20353.89512
1656604800000,19143.97,19295.89,18850.21,18927.34,11722.71426
1656619200000,18927.33,19980.0,18626.0,19942.21,19761.96217
1656633600000,19942.21,20918.35,19658.97,19730.76,30584.24162
1656648000000,19730.77,19773.71,19315.91,19579.11,19730.02792
1656662400000,19579.11,19821.28,18975.0,19191.03,18433.76251
1656676800000,19191.02,19669.22,19130.21,19290.94,21382.48293
1656691200000,19290.95,19544.52,19253.01,19390.17,11380.23092
1656705600000,19390.17,19686.71,19221.03,19279.8,10333.84904
1656720000000,19279.8,19387.44,19063.52,19130.9,11055.38947
1656734400000,19130.9,19299.0,19112.51,19126.81,6108.63933
1656748800000,19126.81,19285.01,18977.01,19195.21,8754.55003
1656763200000,19195.21,19467.39,19152.13,19229.39,8564.79267
1656777600000,19229.39,19408.01,19191.91,19273.27,7098.48826
1656792000000,19273.27,19383.01,19200.0,19252.81,4598.44234
1656806400000,19252.82,19307.42,19173.46,19264.29,4294.23479
1656820800000,19264.29,19400.0,18781.0,19139.74,15809.13628
1656835200000,19139.75,19155.44,18930.19,19089.8,6142.70929
1656849600000,19089.79,19136.43,18964.0,19046.78,6155.24871
1656864000000,19046.78,19565.05,19011.66,19492.16,8982.05603
1656878400000,19492.15,19647.63,19213.58,19315.83,9704.08121
1656892800000,19315.83,19343.43,19055.31,19103.54,7770.13823
1656907200000,19103.54,19189.0,19082.92,19120.6,4549.72552
1656921600000,19120.6,19855.7,19110.04,19806.49,17099.24484
1656936000000,19806.48,20143.02,19496.84,19801.47,19985.00775
1656950400000,19801.48,20050.0,19676.9,19829.99,12091.86186
1656964800000,19829.98,20354.01,19733.95,20236.71,13318.06781
1656979200000,20236.71,20478.4,20159.59,20312.98,10723.86043
1656993600000,20312.99,20470.78,20177.0,20215.69,10783.14938
1657008000000,20215.68,20215.69,19478.0,19520.39,16101.90897
1657022400000,19520.4,19594.52,19304.4,19519.98,19572.60858
1657036800000,19519.98,20500.0,19479.53,20398.21,21205.75892
1657051200000,20398.21,20750.0,20103.05,20175.83,17653.85128
1657065600000,20175.84,20414.01,19761.25,19951.47,13505.59399
1657080000000,19951.47,20337.84,19864.45,20162.22,14768.32563
1657094400000,20162.21,20303.65,20033.37,20103.43,10987.55751
1657108800000,20103.44,20366.2,19961.02,20148.86,16962.89906
1657123200000,20148.85,20478.08,20133.55,20328.55,13872.42224
1657137600000,20328.55,20675.22,20277.04,20564.51,12342.78237
1657152000000,20564.51,20594.77,20385.87,20480.61,8030.93228
1657166400000,20480.6,20493.72,20251.68,20440.01,7289.74695
1657180800000,20440.01,20619.5,20391.16,20507.83,9026.45726
1657195200000,20507.83,21035.0,20378.16,20888.44,19695.55971
1657209600000,20888.44,21837.74,20837.67,21812.47,26330.0972
1657224000000,21812.46,21838.1,21526.4,21624.98,14641.78921
1657238400000,21624.99,22527.37,21578.14,22130.56,15662.45062
1657252800000,22130.57,22242.29,21710.56,21797.64,11522.56833
1657267200000,21797.65,21822.1,21317.0,21583.98,14014.47762
1657281600000,21583.99,22130.0,21189.26,21962.52,217519.46905
1657296000000,21964.3,21979.51,21550.0,21811.9,118059.32596
1657310400000,21811.9,22045.91,21580.71,21594.75,26303.28191
1657324800000,21594.75,21696.39,21403.24,21612.62,37760.75629
1657339200000,21612.62,21728.63,21485.82,21654.72,28825.24637
1657353600000,21654.72,21778.73,21322.12,21447.29,27589.95645
1657368000000,21447.29,21717.62,21379.64,21546.9,35492.09744
1657382400000,21545.89,21980.0,21517.87,21621.4,30065.08676
1657396800000,21621.49,21754.0,21546.06,21591.83,18684.70137
1657411200000,21592.15,21607.65,21091.81,21294.98,38268.04284
1657425600000,21295.76,21373.48,21161.36,21338.12,29088.18041
1657440000000,21339.46,21424.67,21161.67,21301.84,29990.38017
1657454400000,21301.84,21345.14,20835.73,20899.76,38336.80103
1657468800000,20898.44,21052.47,20655.0,20920.54,31704.38242
1657483200000,20921.4,21180.92,20698.9,20862.47,24800.42869
1657497600000,20861.11,20868.48,20453.36,20540.69,23077.88556
1657512000000,20540.68,20606.11,20353.72,20439.91,18882.53702
1657526400000,20439.17,20632.59,20411.56,20473.06,19309.20207
1657540800000,20474.55,20762.02,20271.1,20437.44,29172.48123
1657555200000,20440.0,20716.29,20400.0,20509.47,21383.4604
1657569600000,20509.47,20565.05,19875.23,19963.61,25709.84096
1657584000000,19963.61,20006.54,19786.46,19942.33,19173.11575
1657598400000,19942.33,20059.42,19620.0,19730.99,25109.26736
1657612800000,19731.0,19836.6,19558.12,19773.9,24762.84215
1657627200000,19775.56,20010.0,19695.3,19886.33,25999.14655
1657641600000,19886.33,20007.23,19278.0,19398.74,24209.03639
1657656000000,19398.74,19555.0,19240.0,19328.75,20253.05042
1657670400000,19331.28,19582.51,19265.4,19473.68,19334.01951
1657684800000,19473.68,19875.0,19420.0,19705.25,18898.47892
1657699200000,19707.06,19930.0,19670.02,19843.89,24102.1197
1657713600000,19845.33,20128.39,18910.94,19456.2,80056.95967
1657728000000,19454.99,20046.15,19230.0,19652.15,40636.95532
1657742400000,19652.15,20366.61,19584.37,20234.87,26221.71576
1657756800000,20234.87,20435.72,20164.06,20224.24,25680.78821
1657771200000,20224.24,20276.9,19894.76,19990.72,24237.32324
1657785600000,19990.72,20057.03,19635.22,19738.13,29040.80066
1657800000000,19738.13,20466.0,19616.07,20390.5,41546.92001
1657814400000,20390.0,20900.0,20143.96,20605.75,38641.83273
1657828800000,20608.36,20720.0,20438.12,20588.84,15661.55211
1657843200000,20588.84,20833.0,20382.29,20611.83,22529.61523
1657857600000,20613.21,20936.0,20494.29,20835.38,21753.08143
1657872000000,20835.38,21059.32,20720.16,20769.74,27470.72494
1657886400000,20769.74,21090.0,20759.39,20792.19,31597.1672
1657900800000,20792.19,21189.0,20636.7,21165.85,21907.5011
1657915200000,21165.85,21200.0,20760.0,20830.04,18085.215
1657929600000,20830.04,20865.38,20600.0,20738.0,14640.8498
1657944000000,20738.0,20764.83,20478.61,20546.18,14599.27645
1657958400000,20546.18,20685.9,20539.85,20616.69,10306.66166
1657972800000,20616.69,20957.46,20588.72,20943.02,19963.84945
1657987200000,20943.02,21588.94,20921.07,21192.04,43421.74072
1658001600000,21190.0,21345.99,20911.64,21195.6,18079.29585
1658016000000,21195.6,21460.85,21082.8,21324.18,18547.58908
1658030400000,21322.27,21684.54,21231.01,21467.61,19318.5362
1658044800000,21467.61,21549.0,21209.71,21456.79,23064.81204
1658059200000,21459.35,21500.0,21075.07,21170.09,21364.005
1658073600000,21170.09,21355.0,20824.0,21026.85,21727.9509
1658088000000,21029.12,21080.0,20750.01,20798.16,14206.55928
1658102400000,20799.58,21379.99,20762.45,21280.02,27179.49062
1658116800000,21282.6,22400.0,21170.01,22245.93,48396.16981
1658131200000,22245.93,22515.0,21960.71,22133.31,42183.61879
1658145600000,22132.08,22777.63,21898.0,22675.83,44890.53958
1658160000000,22675.83,22713.28,21388.0,21617.92,44695.7445
1658174400000,21617.92,22650.0,21434.35,22432.58,32597.16802
1658188800000,22432.58,22961.72,21807.46,21903.55,55617.52641
1658203200000,21903.55,22133.89,21579.54,21764.88,35837.62027
1658217600000,21764.88,22230.0,21696.6,21974.49,28896.23227
1658232000000,21977.19,23199.9,21971.84,23136.08,63148.34394
1658246400000,23128.31,23706.26,22950.21,23401.99,54014.75795
1658260800000,23399.88,23800.0,23147.14,23396.62,26256.2849
1658275200000,23398.48,23522.4,22922.0,23436.85,36854.25418
1658289600000,23438.01,23864.15,23303.43,23381.18,30902.98687
1658304000000,23381.18,23888.04,23313.9,23728.55,37527.86088
1658318400000,23728.55,24276.74,23567.91,24172.63,51659.15287
1658332800000,24172.64,24201.94,23400.0,23660.38,42044.92471
1658347200000,23663.24,23799.62,22906.19,23223.3,39772.99143
1658361600000,23223.3,23442.77,22666.0,22777.2,31345.35804
1658376000000,22779.12,23099.51,22638.53,22931.56,26511.16775
1658390400000,22929.28,23074.12,22466.34,22606.04,29204.64726
1658404800000,22607.92,22850.0,22341.46,22642.34,38983.52083
1658419200000,22639.37,23207.94,22632.72,23194.4,35494.11017
1658433600000,23194.4,23308.8,22931.35,23152.19,23278.87786
1658448000000,23152.19,23352.53,22861.43,22909.9,18175.45307
1658462400000,22907.25,23320.0,22805.89,23118.79,23234.33239
1658476800000,23121.63,23634.4,23068.0,23610.58,34290.2736
1658491200000,23612.15,23756.49,23227.81,23290.68,43317.27254
1658505600000,23290.71,23344.62,22543.64,22586.26,36877.18728
1658520000000,22582.88,22785.95,22500.0,22684.83,15703.92078
1658534400000,22684.83,22904.39,22550.14,22808.55,13827.77357
1658548800000,22808.55,23000.77,22675.12,22770.52,18934.41428
1658563200000,22771.94,22877.26,22210.67,22227.53,28908.73925
1658577600000,22230.28,22389.53,22039.89,22215.61,22197.02528
1658592000000,22216.9,22332.0,21934.57,22272.5,21809.06463
1658606400000,22272.5,22559.0,22221.54,22451.07,16460.75674
1658620800000,22448.58,22677.37,22288.0,22331.86,14961.07067
1658635200000,22331.86,22839.99,22257.15,22701.6,20882.52765
1658649600000,22704.09,22822.81,22480.0,22657.63,19335.21392
1658664000000,22657.63,22911.31,22444.0,22847.08,23259.23781
1658678400000,22847.08,22880.87,22630.0,22700.4,15935.18301
1658692800000,22699.12,23014.64,22513.7,22579.68,20816.43971
1658707200000,22577.13,22666.0,21753.57,21867.75,33119.0354
1658721600000,21867.75,22002.62,21737.82,21962.33,22588.79451
1658736000000,21962.33,22110.98,21868.36,21941.25,22048.18138
1658750400000,21942.18,22003.12,21683.4,21895.79,32159.10297
1658764800000,21893.94,22021.47,21552.53,21890.17,27200.4675
1658779200000,21892.66,22259.98,21250.0,21310.9,43229.18467
1658793600000,21310.9,21347.82,20856.48,21141.53,40540.47207
1658808000000,21141.53,21272.21,21017.21,21066.86,21997.35143
1658822400000,21066.86,21161.37,20932.7,21090.22,20342.85229
1658836800000,21090.22,21196.58,20706.5,20746.81,38069.87939
1658851200000,20746.81,21083.49,20734.79,20915.57,27918.74151
1658865600000,20911.55,21300.0,20809.53,21254.67,28947.94657
1658880000000,21254.67,21284.0,21042.53,21076.86,21881.70836
1658894400000,21076.86,21451.33,21059.0,21347.36,22842.73152
1658908800000,21346.11,21439.29,21129.65,21200.23,21108.09122
1658923200000,21200.6,21547.53,21157.07,21530.86,31459.70714
1658937600000,21530.86,23112.63,21455.25,22773.62,82340.73885
1658952000000,22773.62,22997.17,22576.0,22952.45,31338.22087
1658966400000,22954.31,23460.58,22701.44,23133.45,35277.39369
1658980800000,23133.45,23273.81,22887.0,22925.1,25279.95507
1658995200000,22925.1,23138.28,22816.26,23114.52,24940.73011
1659009600000,23116.19,23992.0,22582.13,23745.57,74002.6011
1659024000000,23747.85,24106.96,23662.52,23794.26,44457.31533
1659038400000,23792.1,24199.72,23711.0,23842.93,32071.0788
1659052800000,23845.25,23947.73,23701.0,23912.85,25679.75202
1659067200000,23912.7,24442.66,23820.27,23943.26,30517.851
1659081600000,23941.63,24131.54,23530.96,23720.56,33097.55799
1659096000000,23718.71,24222.0,23414.03,24010.74,54279.81023
1659110400000,24012.76,24051.22,23606.18,23895.13,34146.24673
1659124800000,23895.14,24138.69,23700.0,23773.75,20577.28826
1659139200000,23777.28,23968.9,23674.14,23801.35,21365.90398
1659153600000,23802.8,23914.0,23650.0,23880.76,16225.66452
1659168000000,23878.58,24073.05,23732.56,23956.38,23749.27671
1659182400000,23956.38,24668.0,23916.97,24529.1,38918.92187
1659196800000,24526.57,24593.02,23862.0,23920.65,24101.00978
1659211200000,23923.74,24078.94,23502.25,23643.51,26699.35525
1659225600000,23644.64,23886.92,23520.0,23737.4,18447.41876
1659240000000,23739.41,23842.2,23670.0,23713.1,14787.67259
1659254400000,23713.1,23860.0,23558.21,23801.07,18809.56497
1659268800000,23802.56,23861.83,23605.21,23774.97,19234.61369
1659283200000,23774.97,24194.82,23400.0,23845.88,33340.73193
1659297600000,23843.69,23892.43,23227.31,23293.32,23123.32289
1659312000000,23296.36,23466.55,23257.37,23375.62,15508.11562
1659326400000,23376.59,23425.0,23112.0,23322.05,18881.81214
1659340800000,23323.26,23379.0,22939.57,23227.79,25583.0702
1659355200000,23227.79,23509.68,22961.6,23326.73,35670.80561
1659369600000,23325.19,23355.0,22850.0,22953.59,28331.92374
1659384000000,22955.37,23417.11,22908.45,23268.01,20234.43488
1659398400000,23266.9,23447.62,22780.0,22853.11,23861.8006
1659412800000,22851.34,22937.5,22715.61,22887.8,19556.90887
1659427200000,22889.62,22973.08,22654.37,22882.61,22574.83437
1659441600000,22882.61,23151.24,22666.05,22979.5,41402.35374
1659456000000,22977.78,23459.89,22870.1,22951.21,34504.69159
1659470400000,22951.21,23148.6,22910.0,22987.79,16172.69308
1659484800000,22985.93,23079.39,22681.22,22862.72,21794.67604
1659499200000,22863.65,23074.86,22802.0,22989.96,16328.70249
1659513600000,22989.16,23471.5,22987.46,23402.83,27560.31855
1659528000000,23405.14,23647.68,23207.29,23352.76,34061.28808
1659542400000,23352.76,23574.98,23256.87,23462.0,24167.19029
1659556800000,23460.51,23486.48,22720.0,22818.37,22036.6345
1659571200000,22816.91,23223.32,22791.46,23095.74,23187.70628
1659585600000,23095.74,23185.35,22815.35,22947.92,21337.72264
1659600000000,22947.92,22956.41,22767.86,22885.01,21575.66775
1659614400000,22885.01,23148.99,22750.0,22931.68,38733.1817
1659628800000,22931.68,22980.0,22400.0,22451.24,31973.68221
1659643200000,22451.28,22670.0,22449.09,22622.98,18046.70958
1659657600000,22622.41,23200.0,22586.95,23175.32,29075.77169
1659672000000,23173.9,23432.51,23065.82,23186.08,24099.30825
1659686400000,23185.08,23441.1,23095.17,23405.13,25397.19562
1659700800000,23403.67,23472.86,22879.42,22988.25,48880.34457
1659715200000,22988.26,23104.0,22754.13,22932.83,27002.4136
1659729600000,22931.23,23329.0,22839.27,23312.42,20796.66376
1659744000000,23313.56,23354.36,23152.42,23173.65,16587.73975
1659758400000,23173.65,23236.93,23140.02,23205.87,11942.3366
1659772800000,23204.77,23258.61,23100.0,23157.42,12641.35947
1659787200000,23157.42,23236.49,23153.59,23202.21,10906.19763
1659801600000,23201.18,23256.37,22982.49,23185.12,17103.93227
1659816000000,23186.32,23220.0,22909.52,22954.21,14730.23735
1659830400000,22954.21,23051.92,22844.62,22990.1,15970.1472
1659844800000,22990.1,23029.62,22938.47,23015.95,10283.04251
1659859200000,23014.6,23055.0,22890.52,23038.48,13104.13907
1659873600000,23038.48,23184.21,23010.84,23023.14,17967.66602
1659888000000,23021.97,23300.0,22994.0,23161.02,15650.28447
1659902400000,23162.46,23402.0,23051.71,23174.39,15914.7295
1659916800000,23174.39,23350.0,23154.25,23306.63,18056.13149
1659931200000,23306.62,23852.43,23278.14,23807.68,30112.85373
1659945600000,23807.53,24189.43,23771.01,24166.12,34588.39517
1659960000000,24166.12,24245.0,23892.57,23991.38,38414.44409
1659974400000,23991.38,24011.93,23793.33,23926.83,24331.51732
1659988800000,23926.84,24104.55,23670.88,23810.0,25455.09972
1660003200000,23810.98,23869.96,23626.87,23828.96,15374.43569
1660017600000,23828.98,23933.25,23754.51,23878.12,16624.77929
1660032000000,23878.12,23890.47,23182.55,23263.92,36406.15298
1660046400000,23263.34,23327.07,22865.0,23075.0,35184.14371
1660060800000,23075.0,23132.11,22970.0,23053.82,22428.47764
1660075200000,23053.82,23265.0,23050.0,23149.95,17164.51927
1660089600000,23151.32,23151.32,22664.69,22863.75,27322.38638
1660104000000,22863.75,23011.5,22829.17,22963.67,18724.46992
1660118400000,22963.67,23204.0,22961.96,23123.95,23418.88921
1660132800000,23122.36,24178.0,23004.58,23997.1,74487.45703
1660147200000,23997.1,24092.52,23475.4,23638.95,34250.74128
1660161600000,23638.95,24226.0,23622.96,23954.05,30712.60571
1660176000000,23954.05,24491.22,23912.39,24324.38,43690.74811
1660190400000,24324.37,24745.0,24287.47,24431.88,42311.44311
1660204800000,24431.88,24685.2,24345.08,24559.37,31586.25817
1660219200000,24559.37,24918.54,24280.18,24343.68,67916.73828
1660233600000,24343.68,24418.5,24081.22,24221.81,39040.82428
1660248000000,24222.73,24334.46,23852.13,23934.39,25213.78362
1660262400000,23933.09,24097.97,23761.84,24010.11,29110.90611
1660276800000,24011.25,24060.0,23880.0,23960.99,20722.1852
1660291200000,23960.99,24143.0,23583.0,23672.99,33894.47421
1660305600000,23672.98,24012.21,23653.66,23980.66,37591.11057
1660320000000,23979.58,24271.58,23952.03,24177.57,26396.2295
1660334400000,24177.57,24456.5,24048.29,24403.68,26492.66481
1660348800000,24401.7,24811.24,24334.37,24796.53,33493.90366
1660363200000,24796.53,24888.0,24552.13,24572.12,29087.49126
1660377600000,24574.03,24653.48,24291.22,24435.91,31052.72614
1660392000000,24435.91,24600.88,24300.0,24512.66,21336.66579
1660406400000,24512.66,24593.37,24336.16,24398.56,21151.79633
1660420800000,24398.56,24545.0,24319.09,24441.38,16729.67117
1660435200000,24443.06,24640.0,24343.3,24570.02,21999.26985
1660449600000,24570.33,25047.56,24500.0,24873.32,29499.16312
1660464000000,24873.32,24883.24,24524.32,24564.49,28622.92667
1660478400000,24564.5,24593.43,24400.0,24524.54,21597.85172
1660492800000,24525.51,24568.74,24144.0,24284.07,29371.84503
1660507200000,24284.07,24435.0,24172.4,24305.24,20115.08834
1660521600000,24305.25,25211.32,24164.1,24867.39,48020.61288
1660536000000,24866.12,24982.7,23944.62,24027.05,54638.95429
1660550400000,24027.05,24314.28,23869.46,24049.48,40091.08032
1660564800000,24048.91,24265.74,23900.0,24226.0,42008.7708
1660579200000,24226.0,24281.1,23965.0,23982.54,30437.94241
1660593600000,23983.54,24192.83,23773.22,24094.82,27342.18688
1660608000000,24093.04,24247.49,23853.0,24083.42,31819.39488
1660622400000,24083.25,24144.77,23795.67,24066.93,26639.66002
1660636800000,24067.77,24150.0,23968.78,24038.03,25008.36776
1660651200000,24036.86,24094.13,23671.22,23901.27,41284.19897
1660665600000,23901.0,24058.0,23691.06,23930.24,36967.30007
1660680000000,23930.24,23994.0,23809.0,23854.74,17606.02651
1660694400000,23856.15,24085.0,23824.99,24006.66,27497.44226
1660708800000,24006.66,24446.71,23759.3,23786.42,42139.73733
1660723200000,23788.32,23924.97,23690.79,23746.65,29502.38216
1660737600000,23746.65,23760.68,23321.6,23391.9,50641.81441
1660752000000,23391.9,23638.84,23236.0,23275.04,40282.52766
1660766400000,23276.89,23417.44,23180.4,23342.66,20604.78384
1660780800000,23342.66,23516.44,23285.23,23433.31,20285.16515
1660795200000,23434.25,23466.67,23325.01,23414.21,18535.89444
1660809600000,23414.21,23582.35,23344.2,23534.43,21749.67803
1660824000000,23534.43,23600.0,23355.73,23452.28,33043.94202
1660838400000,23451.45,23469.27,23235.28,23344.88,27697.39734
1660852800000,23344.88,23448.0,23111.04,23191.2,22873.89313
1660867200000,23191.45,23208.67,22711.11,22769.05,41226.7643
1660881600000,22768.97,22837.34,21447.76,21905.88,52502.49717
1660896000000,21907.37,21915.88,21261.96,21467.91,55689.19945
1660910400000,21467.91,21605.71,21265.77,21443.36,47572.54319
1660924800000,21443.36,21660.73,21149.95,21329.66,38711.52891
1660939200000,21329.65,21382.5,20783.57,20834.39,48293.34445
1660953600000,20834.39,21212.67,20792.92,21140.34,33280.56478
1660968000000,21139.97,21370.0,21077.56,21307.25,30309.80491
1660982400000,21307.99,21315.0,21118.5,21233.66,24822.54213
1660996800000,21233.66,21382.85,21200.0,21299.44,23779.7671
1661011200000,21300.5,21360.0,20941.63,20988.36,35287.95553
1661025600000,20988.52,21250.51,20761.9,21140.07,35561.04918
1661040000000,21140.07,21330.55,21118.71,21208.72,21895.29548
1661054400000,21210.06,21285.08,21069.11,21251.38,21730.29782
1661068800000,21250.21,21570.0,21224.48,21524.39,34690.60227
1661083200000,21525.57,21587.74,21314.88,21420.2,24843.69947
1661097600000,21419.0,21557.26,21330.75,21512.01,21034.03801
1661112000000,21512.01,21800.0,21277.73,21515.61,35006.75105
1661126400000,21516.7,21530.03,21360.41,21414.86,25174.83039
1661140800000,21413.67,21494.44,21058.62,21097.72,34115.81272
1661155200000,21098.01,21338.75,20890.18,21248.71,49490.8094
1661169600000,21249.78,21444.72,21086.54,21400.47,51797.07693
1661184000000,21400.47,21548.71,20963.0,21057.25,35679.67466
1661198400000,21055.48,21423.74,21045.0,21399.83,25963.84116
1661212800000,21400.75,21468.51,21218.28,21239.18,25560.09622
1661227200000,21239.18,21318.84,20890.14,21305.34,34416.0604
1661241600000,21305.34,21550.0,21286.0,21456.34,40917.92309
1661256000000,21455.97,21684.87,21327.95,21474.67,48875.0019
1661270400000,21473.01,21602.49,21358.38,21522.01,29866.93249
1661284800000,21522.01,21654.91,21428.0,21529.12,21331.75754
1661299200000,21529.11,21555.84,21145.0,21264.01,29785.93251
1661313600000,21264.01,21504.97,21237.57,21317.85,29673.56148
1661328000000,21319.27,21476.23,21261.0,21438.92,25602.05989
1661342400000,21439.84,21645.65,21373.43,21618.45,36534.39799
1661356800000,21618.46,21900.0,21605.0,21707.58,32108.0372
1661371200000,21709.32,21761.92,21361.6,21368.08,20679.23139
1661385600000,21368.05,21637.89,21310.15,21468.93,25661.25463
1661400000000,21468.12,21762.0,21461.53,21743.29,27720.91104
1661414400000,21744.22,21819.88,21611.22,21720.31,31114.16042
1661428800000,21720.31,21779.0,21483.38,21565.12,40638.26855
1661443200000,21563.92,21646.27,21422.43,21605.2,27793.81951
1661457600000,21607.25,21685.0,21514.89,21559.04,16987.36886
1661472000000,21559.04,21614.89,21431.22,21552.17,21810.53604
1661486400000,21552.17,21564.82,21326.66,21452.9,26876.78847
1661500800000,21452.9,21468.76,21106.31,21189.77,29944.51782
1661515200000,21191.27,21886.77,20635.12,20781.08,113783.45025
1661529600000,20780.86,20832.23,20529.74,20644.47,44696.99841
1661544000000,20643.01,20749.98,20107.9,20241.05,36699.32856
1661558400000,20239.14,20402.93,20135.04,20203.18,29318.4206
1661572800000,20204.23,20277.38,19920.0,20272.25,31410.50355
1661587200000,20269.9,20279.61,20135.89,20211.21,21699.22715
1661601600000,20211.21,20242.02,19800.0,19977.36,32921.72422
1661616000000,19976.08,20100.0,19838.8,20018.0,26551.73716
1661630400000,20018.0,20103.57,19858.43,20037.6,20680.84764
1661644800000,20037.6,20171.18,19926.78,19990.58,19062.2534
1661659200000,19991.39,20085.0,19937.9,20056.62,15905.99683
1661673600000,20055.85,20107.52,19943.0,20034.97,18745.8172
1661688000000,20033.87,20059.99,19811.0,20022.03,28371.45725
1661702400000,20022.03,20155.62,19955.1,19973.76,23600.20388
1661716800000,19972.31,20049.96,19520.0,19555.61,33622.2312
1661731200000,19555.61,19966.56,19550.79,19868.14,35747.04123
1661745600000,19866.29,19941.22,19739.74,19897.01,26893.72392
1661760000000,19897.01,19923.63,19762.3,19825.09,25639.12076
1661774400000,19824.2,20384.25,19805.0,20262.28,60730.4378
1661788800000,20263.62,20433.62,20078.92,20098.65,35933.86098
1661803200000,20098.65,20351.53,20075.0,20285.73,25565.31076
1661817600000,20287.2,20298.75,20110.0,20273.36,28757.16891
1661832000000,20273.36,20576.25,20257.32,20434.16,39864.58091
1661846400000,20433.65,20511.3,20331.99,20403.8,31895.57423
1661860800000,20403.8,20450.0,19650.0,19756.24,63047.81394
1661875200000,19756.24,20099.81,19540.0,19947.2,59238.18278
1661889600000,19947.2,20059.66,19745.43,19811.66,33831.03452
1661904000000,19813.03,20459.32,19797.94,20402.87,43434.99397
1661918400000,20401.46,20490.0,20188.0,20258.09,40558.7766
1661932800000,20258.09,20410.21,20123.09,20314.78,46273.02503
1661947200000,20314.78,20423.38,19870.0,20140.63,69387.69551
1661961600000,20142.26,20328.46,19881.22,20228.57,49128.3389
1661976000000,20228.57,20299.97,19966.0,20050.02,28163.77764
1661990400000,20048.44,20208.37,19917.01,20022.97,35505.13886
1662004800000,20023.82,20139.0,19801.38,19895.66,35973.37844
1662019200000,19894.97,20126.23,19820.6,20074.01,40982.81672
1662033600000,20074.91,20096.39,19652.79,19782.59,58172.52468
1662048000000,19783.03,19938.0,19565.66,19871.68,44073.56909
1662062400000,19871.68,20180.0,19841.45,20131.46,30582.54484
1662076800000,20132.64,20245.89,19957.78,20157.01,30343.55359
1662091200000,20157.01,20298.0,20037.14,20111.24,29629.83037
1662105600000,20111.24,20179.19,19991.0,20090.81,29418.89765
1662120000000,20090.81,20441.26,20020.06,20355.85,68960.92967
1662134400000,20355.85,20387.3,19755.29,19910.43,64356.56312
1662148800000,19909.23,20026.66,19858.4,19951.86,23276.8289
1662163200000,19950.98,20055.93,19866.77,19899.69,25987.89995
1662177600000,19899.69,19968.11,19754.77,19815.63,23401.70682
1662192000000,19815.63,19868.86,19726.1,19798.76,27168.875
1662206400000,19798.73,19904.68,19748.88,19772.95,24593.00049
1662220800000,19772.95,19835.0,19652.72,19710.0,27439.06077
1662235200000,19710.0,19850.0,19677.29,19831.9,18048.48901
1662249600000,19832.45,19861.94,19740.07,19772.79,16305.78804
1662264000000,19772.81,19812.19,19615.0,19632.4,19451.27513
1662278400000,19630.95,19852.92,19583.1,19850.79,27933.29823
1662292800000,19849.89,19940.0,19650.0,19789.9,30563.58575
1662307200000,19790.84,19956.54,19722.0,19882.69,25831.56173
1662321600000,19883.18,20029.23,19815.0,20000.3,25503.27005
1662336000000,20000.3,20057.27,19809.56,19884.91,35602.25427
1662350400000,19884.88,19913.09,19681.22,19750.0,38064.14007
1662364800000,19750.51,19805.47,19633.83,19701.95,35287.92719
1662379200000,19701.95,19950.7,19667.02,19854.59,45206.89541
1662393600000,19854.59,19912.4,19670.14,19708.64,37777.23026
1662408000000,19708.64,19870.8,19697.1,19796.84,30604.56337
1662422400000,19795.34,20180.0,19673.44,19790.01,68746.83346
1662436800000,19790.01,19948.14,19730.74,19905.79,44613.1437
1662451200000,19906.88,20030.82,19860.66,19918.33,44487.59705
1662465600000,19918.33,19993.67,19663.7,19818.37,67591.86273
1662480000000,19818.37,19855.0,18733.97,18824.41,87847.22545
1662494400000,18823.48,19120.0,18649.51,18790.61,43028.39479
1662508800000,18790.61,18873.17,18510.77,18745.85,53212.43422
1662523200000,18745.01,18843.68,18671.22,18800.43,37858.02278
1662537600000,18799.61,18859.98,18691.22,18739.59,34622.30107
1662552000000,18739.78,18968.58,18674.33,18871.35,55673.06639
1662566400000,18870.6,19200.0,18850.42,18992.38,55904.80594
1662580800000,18992.37,19464.06,18987.89,19292.84,50124.1484
1662595200000,19292.85,19384.81,19151.48,19218.4,31899.09781
1662609600000,19218.4,19391.22,19056.0,19171.66,43606.76131
1662624000000,19171.6,19397.71,19142.29,19311.15,38445.38899
1662638400000,19311.6,19378.19,19012.0,19250.81,73379.5276
1662652800000,19250.81,19354.04,19093.13,19352.38,46668.01447
1662667200000,19352.38,19458.25,19251.9,19319.77,28814.49255
1662681600000,19320.54,19956.12,19291.75,19950.73,45447.37355
1662696000000,19949.59,20800.0,19928.47,20631.76,84684.16281
1662710400000,20631.76,21200.0,20625.26,20937.72,77966.44551
1662724800000,20937.72,21337.72,20912.37,21266.79,89876.5496
1662739200000,21266.76,21437.9,21129.0,21291.62,79607.75533
1662753600000,21291.62,21597.22,21186.07,21360.11,51337.45972
1662768000000,21361.62,21391.65,21163.25,21303.07,46245.75068
1662782400000,21301.88,21672.24,21251.59,21283.87,59402.39996
1662796800000,21283.89,21393.99,21253.5,21285.11,42611.26446
1662811200000,21285.11,21363.01,21111.13,21219.36,52619.58777
1662825600000,21220.18,21646.0,21171.44,21579.1,54139.50348
1662840000000,21579.1,21810.8,21361.64,21648.34,52978.82869
1662854400000,21647.21,21682.6,21450.01,21542.42,37855.78481
1662868800000,21542.42,21643.61,21350.0,21611.49,43220.93719
1662883200000,21610.82,21726.6,21557.38,21613.03,42717.06626
1662897600000,21613.03,21753.75,21455.0,21643.16,53469.51783
1662912000000,21642.07,21860.0,21530.0,21617.99,49795.29184
1662926400000,21617.99,21850.0,21456.67,21826.87,53643.95356
1662940800000,21826.87,22374.0,21538.51,21656.87,85688.38428
1662955200000,21656.43,22232.09,21627.34,22193.64,63905.9675
1662969600000,22195.78,22472.68,21970.43,22312.75,77531.3543
1662984000000,22313.57,22488.0,22000.0,22114.5,70775.18087
1662998400000,22112.59,22454.0,22010.96,22426.08,57352.90302
1663012800000,22428.25,22480.71,22252.37,22395.74,40141.82831
1663027200000,22395.44,22445.86,22054.07,22231.58,54467.66462
1663041600000,22232.72,22627.0,22178.57,22273.09,62723.37173
1663056000000,22271.59,22713.92,22182.09,22522.74,65382.90597
1663070400000,22522.74,22799.0,20751.0,20829.77,127253.50689
1663084800000,20829.77,20927.73,20030.0,20283.58,76799.9066
1663099200000,20284.89,20421.15,19860.0,20173.57,45287.67752
1663113600000,20173.62,20541.48,20042.15,20323.04,52365.02585
1663128000000,20323.04,20405.77,20130.98,20243.89,42761.43332
1663142400000,20243.22,20419.83,20091.19,20225.35,51545.65753
1663156800000,20224.74,20389.99,20070.0,20178.79,82170.45147
1663171200000,20178.16,20238.71,19617.62,19952.11,71429.90144
1663185600000,19951.83,20393.37,19851.21,20226.71,40553.9319
1663200000000,20227.17,20270.61,19920.0,20023.59,49094.25992
1663214400000,20023.59,20330.24,19955.43,20204.23,68202.10017
1663228800000,20204.23,20225.0,20025.0,20148.35,47940.74236
1663243200000,20149.59,20194.12,19497.0,19737.36,81453.00838
1663257600000,19737.36,19947.56,19644.1,19782.36,50623.9086
1663272000000,19780.71,19894.99,19578.0,19701.88,35755.74133
1663286400000,19701.88,19814.99,19582.05,19744.77,39694.45813
1663300800000,19744.77,19859.99,19728.0,19739.1,32804.03728
1663315200000,19739.1,19890.0,19610.13,19867.82,42860.06736
1663329600000,19868.75,19875.61,19442.76,19661.24,69622.24444
1663344000000,19661.24,19661.89,19320.01,19618.91,69991.76218
1663358400000,19617.34,19819.22,19612.42,19803.3,28818.50125
1663372800000,19803.3,20071.09,19770.0,19884.93,34184.08705
1663387200000,19884.5,19988.89,19785.49,19842.09,26553.85296
1663401600000,19842.22,19916.61,19806.64,19810.22,27389.60408
1663416000000,19810.22,20037.99,19748.08,19963.34,31447.15942
1663430400000,19963.34,20189.0,19935.08,20009.21,36652.04674
1663444800000,20009.27,20145.76,19940.0,20113.62,23123.49313
1663459200000,20112.61,20117.26,19949.95,20000.33,28644.14045
1663473600000,20000.33,20098.0,19953.58,20053.17,22819.40077
1663488000000,20052.57,20102.16,19765.01,19922.92,43805.52765
1663502400000,19922.29,20029.81,19725.0,19814.63,45886.72865
1663516800000,19814.63,19879.44,19562.45,19725.87,58816.15437
1663531200000,19725.58,19753.95,19335.62,19416.18,54245.51715
1663545600000,19417.45,19518.17,18670.0,18776.93,57773.78177
1663560000000,18775.89,18879.08,18232.56,18468.74,68529.74012
1663574400000,18468.74,18800.0,18367.88,18684.87,65845.86227
1663588800000,18685.77,19433.48,18676.47,19080.49,84129.00624
1663603200000,19081.24,19560.35,18877.0,19514.8,60598.18921
1663617600000,19514.8,19686.2,19413.53,19537.02,43635.82345
1663632000000,19537.02,19634.62,19174.74,19364.19,45833.15231
1663646400000,19364.19,19589.0,19233.38,19357.93,39970.83853
1663660800000,19358.87,19424.29,19150.0,19219.49,47441.73225
1663675200000,19219.49,19269.17,18777.0,19238.1,78407.70224
1663689600000,19238.09,19319.28,18711.87,18993.33,75149.48271
1663704000000,18993.33,19093.45,18785.01,18875.0,37295.42056
1663718400000,18874.31,19060.26,18829.3,19021.17,31767.02269
1663732800000,19022.24,19135.57,18791.2,18947.82,39627.44704
1663747200000,18946.8,19205.93,18823.53,19165.93,44009.67001
1663761600000,19165.18,19477.77,19084.17,19191.17,68280.56751
1663776000000,19191.81,19956.0,18666.0,19001.03,129660.78978
1663790400000,19002.76,19072.72,18125.98,18461.36,71688.60318
1663804800000,18461.36,18789.04,18356.39,18690.39,59304.30733
1663819200000,18690.39,18969.87,18617.41,18934.29,54535.0649
1663833600000,18934.29,19285.12,18906.1,19229.81,65982.97543
1663848000000,19229.81,19317.66,18794.06,18986.89,79875.43764
1663862400000,18985.96,19499.0,18780.01,19311.19,72770.35854
1663876800000,19309.43,19550.17,19150.0,19401.63,46853.57727
1663891200000,19401.63,19467.0,19225.73,19394.62,46965.80422
1663905600000,19393.14,19500.0,19200.0,19223.27,44875.62309
1663920000000,19223.27,19273.52,18835.0,18862.72,66981.43167
1663934400000,18862.72,19077.02,18531.42,18711.86,86334.54454
1663948800000,18712.08,18852.28,18572.55,18807.57,84405.44112
1663963200000,18807.57,19406.73,18803.0,19289.91,56324.07365
1663977600000,19288.57,19316.14,19029.8,19121.92,47764.24279
1663992000000,19121.92,19189.0,18925.94,18997.14,40878.7735
1664006400000,18996.63,19119.75,18940.23,19051.63,35957.7707
1664020800000,19052.24,19225.92,19012.49,19124.14,43071.74271
1664035200000,19124.14,19195.0,19050.03,19103.3,33486.61434
1664049600000,19102.68,19150.81,18805.34,18920.5,38337.42342
1664064000000,18921.99,19062.0,18913.43,19053.67,31530.95821
1664078400000,19052.83,19132.21,18937.62,19098.09,23058.73258
1664092800000,19098.09,19180.21,18982.0,19117.94,26380.66333
1664107200000,19117.95,19144.23,18841.91,18988.74,35787.72141
1664121600000,18988.74,19123.27,18850.01,18915.49,32186.97594
1664136000000,18915.49,18953.56,18629.2,18807.38,42246.39773
1664150400000,18809.13,18948.11,18721.02,18868.39,60306.79999
1664164800000,18869.07,18935.0,18680.72,18911.18,67107.34202
1664179200000,18911.18,19318.96,18803.13,18876.62,96374.4075
1664193600000,18876.62,19280.0,18817.62,19113.48,97273.5181
1664208000000,19113.48,19269.69,18967.59,19202.77,74843.64765
1664222400000,19202.16,19246.33,19070.05,19227.82,43333.50417
1664236800000,19226.68,20300.0,19187.63,20099.04,102429.59353
1664251200000,20099.04,20350.0,19958.85,20183.74,87315.93782
1664265600000,20183.74,20338.39,20091.3,20229.26,83092.0836
1664280000000,20230.35,20385.86,19865.0,19887.73,112000.16808
1664294400000,19887.78,19954.49,18816.32,19077.59,143710.02724
1664308800000,19077.59,19169.39,18926.91,19079.13,64712.93134
1664323200000,19078.1,19238.28,18471.28,18745.65,89888.25192
1664337600000,18746.2,18883.04,18622.0,18781.48,71094.44419
1664352000000,18782.49,19155.08,18565.0,18955.43,101051.98922
1664366400000,18954.96,19500.0,18940.02,19487.79,107753.20774
1664380800000,19487.79,19666.66,19256.07,19546.72,100562.72795
1664395200000,19546.72,19790.0,19386.22,19412.82,51034.83445
1664409600000,19412.82,19605.0,19277.01,19507.5,68081.57253
1664424000000,19507.5,19629.0,19267.0,19359.71,59453.67446
1664438400000,19360.4,19550.0,19301.27,19463.04,51468.77584
1664452800000,19463.04,19476.16,18843.01,19288.85,107395.48792
1664467200000,19288.78,19645.52,19117.5,19405.37,80158.72186
1664481600000,19402.63,19620.0,19379.74,19591.51,39866.69995
1664496000000,19590.54,19700.0,19311.99,19398.12,64551.92999
1664510400000,19397.72,19640.0,19387.87,19571.35,47503.62768
1664524800000,19570.74,19635.53,19400.32,19436.29,55842.13147
1664539200000,19435.79,20185.0,19155.36,19756.01,144858.14617
1664553600000,19756.02,19873.5,19470.29,19473.52,81008.82587
1664568000000,19473.52,19542.72,19240.44,19422.61,50558.29222
1664582400000,19422.61,19484.0,19351.02,19416.05,26599.06128
1664596800000,19416.05,19423.63,19258.53,19309.84,33286.14711
1664611200000,19309.84,19367.98,19159.42,19312.04,28801.44783
1664625600000,19312.04,19400.02,19240.08,19330.95,29365.85986
1664640000000,19332.42,19353.81,19206.63,19266.15,28936.5307
1664654400000,19266.15,19342.63,19200.0,19310.95,18636.09281
1664668800000,19312.24,19345.88,19236.0,19310.83,23507.0187
1664683200000,19310.36,19395.91,19227.73,19285.26,29989.34911
1664697600000,19284.93,19300.55,19036.0,19192.43,39205.18396
1664712000000,19193.05,19247.0,19070.0,19143.94,29988.35819
1664726400000,19143.97,19341.58,19129.97,19260.63,28556.86831
1664740800000,19260.63,19304.06,18920.35,19056.8,55565.69205
1664755200000,19057.74,19258.96,18959.68,19168.29,51382.5756
1664769600000,19168.35,19315.0,19059.68,19197.73,43780.6323
1664784000000,19197.73,19255.3,19122.67,19245.41,36111.41297
1664798400000,19246.81,19498.0,19134.23,19335.92,70106.16095
1664812800000,19336.75,19650.0,19310.0,19541.38,59130.40924
1664827200000,19543.31,19719.1,19508.83,19629.08,33074.56106
1664841600000,19629.08,19722.6,19490.6,19598.27,33197.29856
1664856000000,19598.27,19975.43,19554.0,19968.01,51247.75988
1664870400000,19967.69,20152.0,19808.0,19939.0,64010.07569
1664884800000,19939.0,20270.0,19905.3,20099.7,69188.34696
1664899200000,20099.71,20272.98,19872.02,20220.09,62310.49507
1664913600000,20220.09,20475.0,20139.51,20337.82,47058.02511
1664928000000,20337.82,20365.6,20142.95,20189.83,36048.69819
1664942400000,20190.66,20299.99,20074.91,20226.58,35631.11299
1664956800000,20227.2,20245.58,19952.12,20027.43,49833.12646
1664971200000,20028.74,20071.44,19730.0,20001.7,79557.72506
1664985600000,20001.7,20350.0,19950.05,20119.47,72659.65133
1665000000000,20117.31,20215.17,19975.42,20158.26,38509.43821
1665014400000,20158.26,20445.52,20140.38,20355.69,60712.63123
1665028800000,20356.08,20456.6,20156.0,20218.43,49277.52824
1665043200000,20218.43,20257.42,20080.01,20245.22,44476.48281
1665057600000,20244.46,20324.94,19874.81,20010.0,85298.42765
1665072000000,20010.0,20256.0,19946.76,20010.62,52466.61013
1665086400000,20010.62,20072.03,19853.0,19960.67,27890.49014
1665100800000,19960.67,20054.41,19940.9,19981.88,22330.80432
1665115200000,19982.86,20011.76,19810.0,19928.0,26021.78534
1665129600000,19928.0,20024.7,19913.63,19998.9,24295.73874
1665144000000,20000.15,20068.82,19474.71,19577.65,83168.1762
1665158400000,19577.34,19606.52,19320.0,19459.32,45716.33665
1665172800000,19459.32,19645.0,19440.73,19530.09,19341.99788
1665187200000,19530.09,19627.38,19494.0,19504.78,16587.03947
1665201600000,19504.78,19544.0,19415.6,19499.94,16821.42812
1665216000000,19500.64,19548.0,19450.0,19534.21,15185.86547
1665230400000,19534.21,19543.23,19415.0,19487.88,17822.54905
1665244800000,19487.88,19535.91,19438.99,19468.03,13246.84579
1665259200000,19467.49,19480.0,19237.14,19417.96,22816.37052
1665273600000,19416.52,19455.0,19327.77,19366.58,15622.05078
1665288000000,19365.35,19439.87,19316.04,19407.96,16252.84498
1665302400000,19407.96,19558.0,19373.49,19468.35,19661.91341
1665316800000,19468.35,19550.0,19460.8,19535.77,19786.37994
1665331200000,19535.77,19555.89,19353.0,19468.96,22058.46837
1665345600000,19468.73,19500.0,19368.1,19439.02,20519.16933
1665360000000,19439.96,19525.0,19401.0,19452.99,22871.55036
1665374400000,19452.97,19477.0,19368.08,19412.25,22698.65021
1665388800000,19412.25,19419.78,19107.0,19331.62,42539.31282
1665403200000,19333.02,19441.99,19221.41,19269.02,51393.02699
1665417600000,19269.02,19358.76,19098.21,19211.59,47370.72922
1665432000000,19211.59,19282.14,19020.25,19131.87,25635.82889
1665446400000,19131.87,19133.52,18950.01,19044.74,38613.72562
1665460800000,19044.19,19117.89,19010.0,19084.1,26726.91547
1665475200000,19082.28,19158.93,19031.23,19153.68,26988.03887
1665489600000,19153.68,19268.09,18860.0,19147.6,61403.19992
1665504000000,19147.6,19185.52,18918.01,18999.25,62863.50025
1665518400000,18997.66,19064.99,18986.62,19060.0,26878.46273
1665532800000,19060.0,19132.93,19024.65,19048.73,27074.07089
1665547200000,19049.09,19203.14,19041.9,19112.41,33358.37272
1665561600000,19111.5,19201.82,19089.51,19114.62,29801.48633
1665576000000,19114.62,19182.18,18965.88,19137.32,61965.24953
1665590400000,19137.36,19179.26,19041.74,19137.18,43061.46223
1665604800000,19137.29,19238.31,19131.55,19155.53,18565.62561
1665619200000,19155.1,19175.13,19017.8,19089.16,27934.0663
1665633600000,19089.16,19112.68,18950.0,19005.29,37143.82125
1665648000000,19005.29,19038.9,18566.66,18753.2,59444.87585
1665662400000,18754.09,19049.99,18190.0,18958.59,145930.25338
1665676800000,18958.59,19513.79,18895.08,19369.94,92521.63596
1665691200000,19369.94,19494.56,19328.72,19375.13,36782.03063
1665705600000,19375.58,19951.87,19338.07,19816.85,68536.61884
1665720000000,19816.85,19849.79,19568.33,19642.35,51525.85517
1665734400000,19642.2,19748.54,19530.0,19596.25,52283.78825
1665748800000,19596.25,19854.48,19301.0,19358.59,101579.14715
1665763200000,19358.59,19403.6,19106.16,19168.18,55347.46757
1665777600000,19168.18,19217.64,19070.37,19176.93,22361.44903
1665792000000,19176.93,19227.68,19133.24,19200.99,17896.53771
1665806400000,19200.99,19211.98,19133.16,19169.79,16197.72754
1665820800000,19170.43,19179.63,19037.39,19167.33,25459.3042
1665835200000,19167.33,19199.0,19094.01,19127.95,18810.70859
1665849600000,19127.95,19163.39,19052.0,19102.17,15580.6284
1665864000000,19102.65,19131.0,18975.18,19069.39,19902.73588
1665878400000,19068.4,19170.82,19063.74,19123.43,15639.43271
1665892800000,19123.43,19162.82,19110.35,19134.31,15106.93578
1665907200000,19134.31,19195.0,19087.37,19144.69,19470.20494
1665921600000,19144.69,19172.55,19104.16,19158.49,18611.13077
1665936000000,19158.49,19383.44,19118.4,19375.39,23425.86976
1665950400000,19375.39,19425.84,19101.0,19262.98,39641.04489
1665964800000,19262.98,19309.06,19152.03,19186.38,22318.36879
1665979200000,19186.38,19318.28,19161.03,19295.58,27284.47734
1665993600000,19295.58,19545.22,19244.03,19457.58,41306.37788
1666008000000,19457.58,19676.96,19419.6,19535.19,69167.97735
1666022400000,19535.19,19592.55,19441.87,19526.84,37487.89479
1666036800000,19527.66,19626.91,19471.8,19549.86,25248.78019
1666051200000,19548.48,19624.03,19480.0,19547.9,29266.67122
1666065600000,19548.68,19706.66,19524.37,19664.92,37967.51537
1666080000000,19665.95,19673.0,19470.0,19563.59,40890.45
1666094400000,19563.59,19680.49,19280.11,19375.01,67510.77491
1666108800000,19375.71,19442.0,19091.0,19216.21,52650.55356
1666123200000,19217.79,19433.43,19195.44,19327.44,32027.11342
1666137600000,19327.44,19360.16,19213.99,19281.63,24838.11541
1666152000000,19281.01,19308.34,19146.8,19218.11,30838.31529
1666166400000,19218.59,19281.81,19140.01,19200.84,29796.8416
1666180800000,19201.42,19301.69,19065.97,19266.43,49420.78798
1666195200000,19267.94,19279.31,19095.0,19232.59,30387.57413
1666209600000,19231.63,19249.51,19084.23,19123.97,20855.66097
1666224000000,19123.35,19165.34,18900.0,19042.09,29823.96779
1666238400000,19043.2,19210.0,19037.66,19145.94,31657.92383
1666252800000,19145.1,19253.33,19105.99,19208.09,30170.9369
1666267200000,19208.09,19347.82,19128.24,19253.3,52098.24201
1666281600000,19253.88,19256.55,18964.02,19063.82,53032.20372
1666296000000,19063.04,19098.0,18929.38,19041.92,26746.85643
1666310400000,19041.92,19131.39,18999.0,19051.77,25204.50825
1666324800000,19051.19,19084.17,18991.69,19027.86,25166.7528
1666339200000,19028.68,19041.96,18900.0,18945.65,40041.11911
1666353600000,18944.99,19174.16,18650.0,19168.25,103700.45286
1666368000000,19168.44,19250.0,19089.0,19189.22,55099.94775
1666382400000,19189.22,19249.73,19137.68,19164.37,20097.97692
1666396800000,19164.37,19183.39,19112.72,19151.22,17604.99004
1666411200000,19150.36,19177.01,19132.71,19163.58,14399.18819
1666425600000,19163.58,19188.0,19140.0,19178.66,17169.0101
1666440000000,19178.99,19257.0,19155.0,19235.65,26983.03009
1666454400000,19234.8,19248.85,19134.0,19183.83,21607.12362
1666468800000,19183.83,19224.99,19173.79,19204.35,12640.56633
1666483200000,19204.29,19219.76,19163.32,19197.59,14760.13894
1666497600000,19197.55,19221.71,19148.01,19162.37,16794.21475
1666512000000,19162.16,19188.7,19125.63,19151.78,15471.09367
1666526400000,19151.24,19213.14,19070.11,19190.14,22124.29676
1666540800000,19190.14,19553.96,19169.18,19499.83,47851.15347
1666555200000,19500.38,19695.0,19441.96,19570.4,50056.30425
1666569600000,19570.4,19601.15,19342.33,19391.97,46226.18507
1666584000000,19391.97,19392.41,19250.59,19322.4,45121.51744
1666598400000,19322.4,19444.44,19292.3,19423.63,38678.18395
1666612800000,19422.9,19450.9,19157.0,19301.96,71143.04614
1666627200000,19301.96,19425.05,19223.0,19343.23,33590.0143
1666641600000,19343.95,19419.15,19301.11,19329.72,21409.19777
1666656000000,19330.6,19365.32,19250.0,19342.02,22889.60614
1666670400000,19342.41,19377.1,19272.85,19306.75,21688.59752
1666684800000,19306.34,19327.16,19237.0,19302.13,23756.86728
1666699200000,19301.39,19811.0,19260.82,19748.48,87957.91613
1666713600000,19748.48,20415.87,19718.0,20273.14,119097.10993
1666728000000,20276.26,20296.92,19981.12,20080.07,50980.57361
1666742400000,20079.02,20308.0,20050.41,20251.17,45190.154
1666756800000,20250.55,20382.56,20129.24,20344.76,48521.83566
1666771200000,20344.05,20783.27,20281.79,20607.81,74517.65302
1666785600000,20606.86,21020.0,20338.75,20846.66,108637.26464
1666800000000,20846.66,20997.13,20639.98,20763.54,64776.09859
1666814400000,20764.52,20907.0,20694.28,20771.59,38849.68985
1666828800000,20771.61,20847.9,20581.49,20755.33,41094.39042
1666843200000,20755.9,20872.21,20680.72,20710.02,39944.95921
1666857600000,20711.12,20750.9,20451.71,20622.84,51716.0483
1666872000000,20622.11,20780.0,20430.0,20563.09,91523.45178
1666886400000,20564.08,20679.51,20497.62,20629.59,39133.37997
1666900800000,20629.59,20637.9,20200.0,20295.11,65231.34823
1666915200000,20295.11,20337.8,20160.0,20292.81,41598.64181
1666929600000,20292.77,20312.32,20060.0,20080.01,39111.54404
1666944000000,20080.01,20248.64,20026.0,20173.74,44669.4375
1666958400000,20174.0,20588.88,20000.09,20484.59,85700.24245
1666972800000,20483.96,20750.0,20450.5,20609.21,52122.55718
1666987200000,20609.21,20735.86,20566.0,20591.84,23837.52271
1667001600000,20591.84,20823.81,20554.01,20754.27,31867.55531
1667016000000,20754.27,20777.0,20620.81,20772.27,29666.53623
1667030400000,20772.27,21085.0,20650.21,20698.89,69530.73315
1667044800000,20698.06,20947.0,20676.54,20923.33,50383.03946
1667059200000,20922.25,20982.86,20757.26,20836.96,46871.78707
1667073600000,20836.96,20899.99,20704.12,20809.67,26562.12633
1667088000000,20809.68,20841.11,20701.15,20775.5,24897.3423
1667102400000,20775.5,20931.21,20741.32,20850.85,31837.14803
1667116800000,20850.84,20887.34,20632.73,20769.84,41886.09154
1667131200000,20770.81,20781.5,20589.18,20676.7,34950.03823
1667145600000,20676.72,20700.91,20550.0,20647.49,30214.93935
1667160000000,20647.77,20739.0,20515.0,20627.48,29010.04941
1667174400000,20627.48,20675.0,20427.23,20516.07,38837.89003
1667188800000,20516.07,20593.0,20455.0,20546.65,29471.83535
1667203200000,20547.08,20845.92,20449.86,20730.54,56721.14914
1667217600000,20731.53,20755.73,20237.95,20401.53,91762.35397
1667232000000,20402.6,20533.0,20328.68,20371.72,56560.55789
1667246400000,20371.4,20524.76,20353.77,20490.74,30213.8299
1667260800000,20490.74,20589.67,20440.64,20482.57,42530.18742
1667275200000,20482.57,20662.8,20466.71,20599.51,41697.36943
1667289600000,20598.74,20700.0,20489.92,20522.79,53368.52562
1667304000000,20522.23,20570.07,20330.74,20444.0,73725.84369
1667318400000,20444.0,20517.77,20372.85,20451.45,45119.33416
1667332800000,20449.29,20503.51,20429.35,20483.62,23491.17739
1667347200000,20482.81,20558.35,20407.66,20520.34,35736.13079
1667361600000,20520.34,20563.36,20356.75,20421.64,40207.32805
1667376000000,20421.64,20539.9,20339.99,20431.33,43427.03759
1667390400000,20432.38,20457.29,20360.0,20409.03,49089.14117
1667404800000,20409.03,20800.0,20048.04,20250.68,152367.1987
1667419200000,20250.68,20282.6,20059.94,20151.84,52889.43669
1667433600000,20151.84,20339.99,20120.0,20310.63,45286.36328
1667448000000,20310.63,20393.32,20281.01,20303.09,39635.74249
1667462400000,20302.35,20338.99,20052.0,20130.64,57231.73925
1667476800000,20129.8,20339.86,20031.24,20248.62,93114.84927
1667491200000,20249.18,20315.8,20177.1,20262.53,48379.24924
1667505600000,20262.53,20271.0,20157.86,20207.82,35537.21087
1667520000000,20207.12,20330.87,20180.96,20321.79,43072.76992
1667534400000,20321.79,20688.0,20306.58,20611.56,68700.50414
1667548800000,20611.56,20681.91,20546.0,20558.46,61029.30462
1667563200000,20558.03,21302.05,20350.0,20838.7,147532.06386
1667577600000,20837.54,21115.48,20669.57,21108.54,94896.25811
1667592000000,21108.54,21209.16,21048.63,21148.52,38463.491
1667606400000,21148.52,21480.65,21080.65,21444.61,60018.53835
1667620800000,21445.19,21467.93,21364.34,21384.42,36468.18793
1667635200000,21384.92,21427.34,21234.9,21404.63,46187.5476
1667649600000,21404.63,21420.84,21210.98,21299.22,43810.72523
1667664000000,21299.22,21345.08,21261.56,21331.11,33717.99149
1667678400000,21330.58,21380.0,21233.33,21299.37,25418.99465
1667692800000,21299.37,21365.27,21189.44,21233.88,37099.86756
1667707200000,21234.44,21252.54,21143.27,21194.49,28519.82652
1667721600000,21193.88,21310.0,21173.03,21255.08,38346.71333
1667736000000,21254.8,21289.49,21190.81,21241.1,36483.35035
1667750400000,21241.85,21282.19,21152.46,21194.5,42016.27696
1667764800000,21194.5,21211.62,20886.13,20905.58,47570.93745
1667779200000,20905.58,21069.77,20820.0,20913.82,63421.68582
1667793600000,20913.82,20918.33,20612.67,20635.74,64111.17727
1667808000000,20635.1,20811.92,20571.52,20733.46,64125.37499
1667822400000,20733.97,20798.74,20626.25,20764.95,81505.79028
1667836800000,20764.95,20892.04,20652.52,20847.51,57993.87395
1667851200000,20848.33,20890.71,20384.89,20591.13,55819.70106
1667865600000,20590.67,20673.38,20116.13,20148.66,81205.83173
1667880000000,20147.62,20242.4,19344.0,19796.9,143550.27178
1667894400000,19796.9,19801.39,19580.33,19699.04,61367.50712
1667908800000,19699.04,19746.78,19229.0,19520.97,97127.74479
1667923200000,19522.0,20700.88,17166.83,18256.64,284711.694213
1667937600000,18255.24,18730.0,17810.49,18547.23,92742.31315
1667952000000,18545.38,18587.76,18000.0,18313.68,91433.92399
1667966400000,18313.68,18517.58,18173.09,18240.72,73860.20891
1667980800000,18239.34,18256.85,17250.33,17818.08,152443.38735
1667995200000,17817.07,18015.0,16918.83,17116.08,155027.773514
1668009600000,17119.61,17333.33,16441.53,16784.64,137445.213943
1668024000000,16784.64,16900.0,15588.0,15922.81,121716.422022
1668038400000,15922.68,16574.92,15754.26,16369.59,115416.98805
1668052800000,16370.64,16920.0,16204.36,16752.1,86030.11983
1668067200000,16752.36,16959.99,16258.74,16397.57,93401.92308
1668081600000,16399.03,17960.04,16386.66,17554.06,156826.77015
1668096000000,17556.12,17989.0,17120.94,17455.62,90940.22913
1668110400000,17456.98,18199.0,17374.81,17601.15,65832.33408
1668124800000,17602.45,17695.0,16888.76,17064.12,74718.85795
1668139200000,17064.12,17483.9,17002.97,17404.08,61422.11813
1668153600000,17404.09,17537.0,17209.2,17350.7,48744.88649
1668168000000,17349.45,17544.9,16361.6,16871.27,109025.83649
1668182400000,16871.27,17045.09,16543.95,16849.17,57131.4949
1668196800000,16849.17,17148.96,16555.77,17070.31,42509.67096
1668211200000,17069.98,17119.1,16774.0,16907.44,33819.7034
1668225600000,16907.58,16938.2,16631.39,16822.02,41019.46079
1668240000000,16822.02,16977.45,16727.13,16866.92,31202.44956
1668254400000,16866.46,16996.35,16757.0,16935.74,27834.06115
1668268800000,16935.74,16964.37,16830.0,16891.32,18213.15975
1668283200000,16892.41,16897.68,16760.0,16812.08,15731.1257
1668297600000,16813.16,16954.28,16774.07,16914.6,19731.61105
1668312000000,16915.02,16926.15,16562.82,16774.99,30970.25962
1668326400000,16774.99,16795.92,16435.23,16659.23,39883.47029
1668340800000,16659.23,16714.26,16517.85,16580.79,33086.48076
1668355200000,16579.49,16621.23,16461.16,16554.6,28434.44524
1668369600000,16553.35,16583.15,16229.0,16329.85,32854.5215
1668384000000,16331.78,16411.99,15911.61,16139.79,53021.52334
1668398400000,16140.66,16889.97,15815.21,16824.78,87942.46918
1668412800000,16822.96,16935.59,16640.01,16749.8,54555.43829
1668427200000,16748.75,17190.0,16425.67,16595.84,90401.96894
1668441600000,16593.77,16674.97,16181.0,16258.21,51176.10236
1668456000000,16258.21,16765.0,16191.58,16619.46,43113.27539
1668470400000,16617.72,16894.56,16527.72,16823.06,41747.45402
1668484800000,16823.06,16946.32,16638.59,16844.63,38017.00544
1668499200000,16845.34,16989.0,16708.31,16781.62,46985.26326
1668513600000,16783.27,17134.69,16730.0,16987.03,64668.96276
1668528000000,16988.07,17071.43,16614.61,16858.77,60060.79783
1668542400000,16858.77,16939.99,16736.47,16900.57,30982.3606
1668556800000,16900.57,17015.92,16765.64,16969.99,36809.69032
1668571200000,16970.87,16979.22,16796.2,16824.69,39167.06524
1668585600000,16824.69,16850.27,16650.29,16707.9,44918.03841
1668600000000,16706.64,16721.23,16378.61,16431.7,76074.13766
1668614400000,16431.7,16643.23,16401.0,16556.88,35763.68183
1668628800000,16558.2,16773.09,16499.46,16662.76,28760.79463
1668643200000,16661.61,16751.0,16505.0,16526.18,32466.67392
1668657600000,16526.18,16624.12,16410.74,16611.9,38581.60516
1668672000000,16611.9,16635.82,16471.36,16595.08,36987.28275
1668686400000,16594.19,16717.49,16430.0,16536.71,53461.3085
1668700800000,16534.61,16748.94,16517.36,16620.56,41311.30641
1668715200000,16620.56,16749.0,16608.98,16692.56,25230.80199
1668729600000,16692.56,17011.0,16682.06,16854.98,47218.42906
1668744000000,16855.75,16869.08,16724.32,16745.1,29781.53128
1668758400000,16745.84,16854.33,16680.0,16749.88,37979.75646
1668772800000,16750.25,16818.0,16608.8,16696.86,41069.82088
1668787200000,16695.06,16732.85,16546.04,16656.37,35507.74399
1668801600000,16656.36,16727.99,16610.0,16700.45,22666.90017
1668816000000,16699.43,16708.77,16573.94,16628.7,17108.8338
1668830400000,16628.7,16649.0,16553.53,16599.31,19554.82303
1668844800000,16598.98,16683.01,16580.0,16676.26,16369.32698
1668859200000,16676.26,16686.86,16634.01,16655.65,17152.87688
1668873600000,16655.65,16664.0,16608.35,16627.33,14571.44836
1668888000000,16627.33,16822.41,16625.98,16700.68,20205.84653
1668902400000,16700.68,16753.33,16666.47,16679.99,16142.47871
1668916800000,16679.99,16738.76,16671.0,16722.9,12890.18333
1668931200000,16722.2,16736.41,16462.46,16525.38,35455.67077
1668945600000,16526.04,16628.49,16461.0,16580.53,29836.83974
1668960000000,16580.53,16613.35,16530.22,16587.8,16743.05612
1668974400000,16587.8,16595.85,16180.0,16280.23,43773.90611
1668988800000,16279.5,16295.0,15897.15,16073.75,62216.2307
1669003200000,16073.15,16319.0,15955.99,16039.73,51162.58822
1669017600000,16040.73,16169.52,15964.0,16084.42,44238.6051
1669032000000,16084.42,16284.0,16025.42,16130.45,42559.74987
1669046400000,16130.45,16139.19,15589.68,15722.98,66317.78175
1669060800000,15721.51,15894.74,15476.0,15781.29,57602.042113
1669075200000,15781.29,15967.76,15746.16,15847.82,37286.75927
1669089600000,15848.53,15882.87,15616.63,15760.42,34849.336
1669104000000,15760.42,15824.16,15660.0,15747.88,34287.55487
1669118400000,15747.88,16315.0,15683.33,16241.3,70019.93246
1669132800000,16241.3,16290.27,16049.87,16168.38,38015.74078
1669147200000,16167.49,16254.99,16085.54,16226.94,25088.74285
1669161600000,16227.96,16593.8,16160.2,16586.55,50293.37765
1669176000000,16584.66,16662.1,16444.0,16583.84,40361.53649
1669190400000,16583.84,16677.25,16500.0,16585.77,43852.99891
1669204800000,16585.21,16604.1,16342.98,16427.11,48540.11547
1669219200000,16427.09,16706.0,16320.02,16473.32,50260.38197
1669233600000,16473.32,16676.72,16426.42,16603.11,31619.29359
1669248000000,16603.11,16812.63,16533.65,16712.07,41047.14212
1669262400000,16711.41,16740.01,16614.75,16623.9,37771.28253
1669276800000,16622.38,16642.18,16493.81,16572.11,39861.5589
1669291200000,16572.11,16606.52,16458.05,16558.11,34211.52881
1669305600000,16559.01,16676.0,16517.99,16577.41,31052.91268
1669320000000,16577.05,16639.0,16535.01,16598.95,22621.49842
1669334400000,16599.55,16622.64,16470.0,16485.45,30431.68911
1669348800000,16485.45,16502.19,16342.81,16461.66,33109.57785
1669363200000,16462.22,16591.43,16407.72,16531.64,32443.09713
1669377600000,16531.64,16584.48,16435.11,16513.0,38139.36908
1669392000000,16513.0,16553.88,16458.46,16523.21,24601.27357
1669406400000,16523.67,16666.0,16482.87,16522.14,23364.48859
1669420800000,16521.35,16701.99,16509.6,16625.79,36853.07145
1669435200000,16625.79,16651.84,16530.0,16583.75,33520.15757
1669449600000,16584.13,16638.23,16556.66,16580.31,26143.57104
1669464000000,16580.58,16680.57,16483.25,16512.86,38223.41057
1669478400000,16512.35,16532.91,16420.45,16488.43,22355.97481
1669492800000,16488.44,16549.66,16385.0,16458.57,24708.63122
1669507200000,16457.61,16575.31,16446.59,16527.22,30490.33297
1669521600000,16527.22,16600.0,16522.23,16562.98,30809.95839
1669536000000,16562.98,16593.91,16513.0,16550.91,26995.40669
1669550400000,16550.57,16586.74,16520.0,16574.28,24985.85901
1669564800000,16573.76,16581.6,16520.88,16555.39,19431.08517
1669579200000,16555.39,16597.36,16401.0,16428.78,29312.83384
1669593600000,16428.77,16487.04,16051.9,16178.22,64062.47181
1669608000000,16177.49,16246.98,16136.0,16222.06,30018.81404
1669622400000,16224.14,16270.59,16178.24,16213.29,31112.94365
1669636800000,16213.29,16310.43,16120.38,16146.26,47211.77393
1669651200000,16146.26,16399.69,15995.27,16224.75,58760.47382
1669665600000,16225.53,16271.09,16186.0,16212.91,21528.92642
1669680000000,16212.18,16309.03,16100.0,16287.66,37524.80992
1669694400000,16287.53,16541.59,16278.9,16463.31,49944.14239
1669708800000,16463.95,16548.71,16430.0,16497.64,46585.27371
1669723200000,16496.73,16508.04,16328.84,16393.48,56143.03583
1669737600000,16394.34,16479.84,16342.59,16426.56,32741.57854
1669752000000,16426.56,16526.91,16423.19,16442.53,25167.4097
1669766400000,16442.91,17162.2,16428.3,16845.25,73546.88903
1669780800000,16845.25,16920.16,16794.16,16884.18,36035.2487
1669795200000,16883.87,16930.66,16835.75,16879.32,31050.82315
1669809600000,16879.32,16897.0,16766.68,16865.64,47218.19899
1669824000000,16865.64,17147.16,16705.0,17062.85,67867.00021
1669838400000,17061.14,17249.0,17028.37,17163.64,47301.64711
1669852800000,17165.53,17236.29,17088.01,17150.98,38426.27207
1669867200000,17150.98,17168.0,17059.58,17070.21,28959.52128
1669881600000,17070.21,17137.75,17042.37,17102.47,33637.46765
1669896000000,17102.47,17324.0,16895.02,16977.67,72980.67845
1669910400000,16977.6,17000.0,16897.15,16951.8,33234.91929
1669924800000,16952.49,16987.29,16855.01,16977.37,25579.32344
1669939200000,16978.0,17048.99,16857.89,16902.03,39252.94603
1669953600000,16902.03,16973.72,16879.08,16955.82,24094.8219
1669968000000,16955.42,17065.0,16936.15,16996.92,32589.74473
1669982400000,16996.92,17105.73,16787.85,16938.94,56676.99303
1669996800000,16938.94,16997.19,16902.1,16987.01,23517.59893
1670011200000,16987.01,17099.0,16977.49,17092.74,26240.10158
1670025600000,17092.13,17188.98,17011.0,17020.89,28132.99355
1670040000000,17021.16,17036.24,16925.55,16964.51,25820.42469
1670054400000,16964.51,16987.0,16880.88,16943.43,29069.57376
1670068800000,16943.43,16983.77,16921.07,16961.49,26091.96422
1670083200000,16961.04,16983.65,16937.84,16953.4,18257.70659
1670097600000,16953.88,16959.61,16858.74,16885.2,27169.91025
1670112000000,16885.2,17049.45,16878.25,16959.64,27682.51453
1670126400000,16959.64,17068.0,16958.15,16996.39,30157.22705
1670140800000,16996.39,17050.0,16905.01,16948.64,26725.06059
1670155200000,16948.64,17067.45,16915.0,17029.88,33461.2234
1670169600000,17029.88,17159.0,16972.36,17085.53,37721.27121
1670184000000,17085.53,17202.84,17069.01,17105.7,22871.83709
1670198400000,17106.65,17349.99,17076.85,17196.88,49755.20725
1670212800000,17197.22,17424.25,17191.74,17313.93,43938.99382
1670227200000,17313.34,17386.0,17281.42,17310.51,34517.04213
1670241600000,17310.08,17313.48,17015.32,17083.92,38567.89848
1670256000000,17083.92,17129.72,16867.0,16926.65,41843.07066
1670270400000,16926.65,16989.59,16899.09,16966.35,25081.07991
1670284800000,16966.35,17102.97,16965.98,17003.88,33880.09561
1670299200000,17003.84,17023.41,16955.13,17001.17,27028.21636
1670313600000,17001.17,17041.96,16906.37,16983.9,37036.12495
1670328000000,16983.42,17032.95,16930.0,16985.27,49226.80508
1670342400000,16985.27,17021.56,16912.24,16970.93,40500.76253
1670356800000,16970.52,17107.01,16951.75,17088.96,31058.7643
1670371200000,17088.96,17142.21,17018.94,17025.03,32672.43476
1670385600000,17024.97,17046.48,16729.35,16763.03,48730.74334
1670400000000,16763.03,16836.69,16678.83,16793.29,40654.46263
1670414400000,16793.29,16897.38,16765.12,16837.48,45582.55807
1670428800000,16837.48,16850.24,16778.21,16815.73,31381.52031
1670443200000,16815.13,16865.81,16793.7,16836.64,21635.69423
1670457600000,16836.64,16890.01,16780.01,16834.32,36098.63764
1670472000000,16834.32,16851.0,16777.0,16825.55,29113.62581
1670486400000,16825.55,16863.01,16733.49,16851.02,31992.18247
1670500800000,16850.88,16957.79,16802.88,16917.4,45153.97555
1670515200000,16917.39,17299.0,16909.46,17251.62,57256.46966
1670529600000,17251.32,17297.65,17154.94,17224.1,36803.08691
1670544000000,17224.1,17300.0,17186.5,17202.66,37666.59527
1670558400000,17202.01,17235.85,17188.0,17211.93,30283.86513
1670572800000,17211.65,17269.39,17200.0,17241.44,34392.33278
1670587200000,17241.16,17360.0,17058.21,17181.5,74572.46263
1670601600000,17181.5,17187.51,17119.03,17142.67,33791.84635
1670616000000,17142.67,17158.22,17067.1,17128.56,27714.96249
1670630400000,17128.56,17169.09,17116.4,17145.08,23546.55664
1670644800000,17145.08,17178.0,17130.28,17154.06,21208.21159
1670659200000,17154.06,17173.91,17112.52,17168.61,24177.65614
1670673600000,17168.17,17225.12,17140.23,17207.7,28461.10102
1670688000000,17207.69,17227.72,17160.14,17175.8,20890.63472
1670702400000,17175.5,17183.87,17092.0,17127.49,22289.81926
1670716800000,17127.49,17175.0,17121.92,17153.61,20173.9319
1670731200000,17153.81,17200.0,17150.29,17180.88,25283.03928
1670745600000,17180.88,17187.67,17140.01,17167.43,23183.64335
1670760000000,17167.12,17169.8,17127.96,17153.52,24487.73588
1670774400000,17153.52,17270.99,17136.0,17177.43,25321.47189
1670788800000,17177.88,17179.4,17071.0,17085.05,36836.65641
1670803200000,17085.05,17087.67,16871.85,16918.97,59583.90532
1670817600000,16918.69,16948.66,16903.64,16923.94,30090.78129
1670832000000,16923.61,17008.4,16903.49,16988.62,30337.96983
1670846400000,16989.45,17054.79,16920.61,17010.81,47121.7899
1670860800000,17010.19,17046.43,16981.03,17043.22,22763.79302
1670875200000,17043.22,17241.89,17042.48,17209.83,36329.25758
1670889600000,17208.93,17238.7,17119.02,17152.37,28009.77348
1670904000000,17152.37,17208.47,17080.14,17165.17,41652.08355
1670918400000,17164.82,17500.0,17155.0,17444.63,56294.44737
1670932800000,17444.32,18000.0,17395.0,17752.94,90319.21705
1670947200000,17753.54,17840.0,17618.38,17740.86,44340.47179
1670961600000,17741.83,17818.99,17705.01,17774.7,23846.92066
1670976000000,17775.82,17845.0,17750.0,17781.68,26604.67647
1670990400000,17781.68,17817.46,17734.19,17806.01,21858.50725
1671004800000,17805.54,17878.5,17785.0,17824.93,29001.95651
1671019200000,17824.93,18116.0,17815.75,18061.83,57623.51886
1671033600000,18061.83,18387.95,17709.62,17792.9,93233.97174
1671048000000,17792.9,17947.33,17660.94,17803.15,38358.59126
1671062400000,17804.01,17854.82,17561.0,17729.56,34212.62671
1671076800000,17729.57,17746.0,17681.3,17691.45,18037.6522
1671091200000,17690.84,17726.0,17610.22,17720.33,26381.54513
1671105600000,17720.33,17725.93,17374.89,17429.05,67165.11004
1671120000000,17428.43,17474.38,17314.0,17442.25,43487.27448
1671134400000,17442.8,17457.44,17275.51,17356.34,34417.76026
1671148800000,17356.96,17428.55,17345.15,17425.76,22531.33417
1671163200000,17425.76,17531.73,17372.7,17503.35,19876.54141
1671177600000,17503.36,17519.64,16918.97,17027.09,61576.8175
1671192000000,17027.09,17085.0,16890.46,16972.34,46829.65618
1671206400000,16972.33,16979.02,16732.36,16864.81,45596.75469
1671220800000,16865.22,16956.55,16527.32,16632.12,56967.93721
1671235200000,16631.5,16729.32,16579.85,16676.85,35862.93011
1671249600000,16676.85,16772.0,16653.53,16745.54,31416.00664
1671264000000,16746.15,16757.42,16661.71,16708.22,23218.18776
1671278400000,16707.55,16729.18,16642.0,16700.26,24587.85943
1671292800000,16700.78,16721.77,16647.15,16691.63,13526.16506
1671307200000,16692.16,16796.82,16685.03,16776.52,16214.51784
1671321600000,16777.54,16784.8,16702.23,16741.02,13502.77598
1671336000000,16741.02,16804.7,16718.01,16750.83,20582.8977
1671350400000,16750.83,16767.58,16663.07,16711.35,23453.63566
1671364800000,16711.35,16738.0,16673.63,16683.84,17046.13528
1671379200000,16683.83,16794.99,16676.15,16750.82,21118.31489
1671393600000,16751.52,16863.26,16723.4,16738.21,16915.55695
1671408000000,16739.0,16815.99,16627.35,16681.47,25799.30572
1671422400000,16681.43,16750.0,16672.88,16722.23,23563.91318
1671436800000,16722.23,16784.0,16707.1,16734.46,21364.79632
1671451200000,16734.46,16765.71,16665.03,16669.08,30015.09905
1671465600000,16668.23,16702.83,16505.0,16555.74,40426.17758
1671480000000,16555.74,16649.0,16256.3,16438.88,37924.9912
1671494400000,16438.88,16856.5,16397.2,16727.24,59178.87006
1671508800000,16727.25,16880.58,16689.1,16802.83,41542.41439
1671523200000,16802.23,16858.42,16763.78,16814.25,30146.26807
1671537600000,16814.71,17061.27,16710.12,16918.83,54021.09656
1671552000000,16918.15,16936.32,16767.0,16900.3,37387.83316
1671566400000,16900.93,16926.99,16833.51,16895.56,26532.441
1671580800000,16896.15,16925.0,16794.84,16837.1,25618.81632
1671595200000,16836.44,16856.84,16767.53,16816.18,22520.56062
1671609600000,16816.18,16894.91,16795.69,16878.47,22432.34441
1671624000000,16878.47,16914.72,16723.0,16861.13,37844.72507
1671638400000,16860.51,16866.4,16728.09,16756.2,27011.33711
1671652800000,16756.2,16835.11,16729.22,16824.67,21383.18009
1671667200000,16824.68,16860.77,16809.78,16852.8,19369.91332
1671681600000,16852.44,16859.54,16783.43,16826.87,19944.19968
1671696000000,16826.23,16868.52,16801.3,16834.8,24143.10225
1671710400000,16834.2,16845.45,16610.92,16636.54,44272.22633
1671724800000,16636.54,16669.5,16559.85,16662.13,34152.6759
1671739200000,16662.72,16852.79,16647.01,16821.43,34162.15487
1671753600000,16821.9,16893.9,16770.0,16828.23,24391.18256
1671768000000,16828.54,16856.54,16805.53,16848.01,19206.52616
1671782400000,16848.45,16890.89,16810.23,16844.02,22397.94279
1671796800000,16844.02,16955.14,16731.13,16832.16,51543.61527
1671811200000,16832.15,16860.07,16816.0,16844.79,22060.25162
1671825600000,16844.79,16851.57,16765.67,16778.5,22012.49107
1671840000000,16778.52,16844.08,16776.62,16840.65,16901.76793
1671854400000,16840.8,16857.37,16805.01,16848.26,18443.51821
1671868800000,16848.26,16859.44,16817.99,16824.41,17772.0835
1671883200000,16824.42,16840.0,16815.09,16836.35,13411.00975
1671897600000,16835.93,16865.0,16823.0,16843.59,14733.08619
1671912000000,16843.92,16869.99,16808.15,16836.12,18962.82538
1671926400000,16835.73,16852.95,16823.02,16832.14,13169.46243
1671940800000,16832.14,16843.0,16802.0,16821.97,20043.33387
1671955200000,16821.97,16835.93,16815.4,16821.51,16391.68969
1671969600000,16821.51,16857.96,16721.0,16793.09,32149.19357
1671984000000,16793.49,16822.27,16727.0,16794.07,23046.51009
1671998400000,16794.07,16846.0,16753.44,16832.11,20640.88237
1672012800000,16832.11,16900.0,16820.75,16894.19,21044.88061
1672027200000,16894.54,16924.0,16835.0,16843.65,19840.31077
1672041600000,16843.76,16873.15,16818.0,16864.04,19606.41357
1672056000000,16864.64,16868.34,16791.0,16809.51,22661.78265
1672070400000,16809.51,16862.23,16798.38,16841.0,19226.75704
1672084800000,16841.0,16944.52,16817.82,16919.39,22183.86192
1672099200000,16919.39,16972.83,16839.0,16876.51,28268.89204
1672113600000,16876.82,16897.0,16853.52,16869.19,20265.58633
1672128000000,16869.68,16882.03,16806.57,16832.4,26660.05201
1672142400000,16832.01,16839.49,16733.21,16799.78,38183.41332
1672156800000,16799.92,16804.98,16592.37,16690.75,38189.34193
1672171200000,16690.75,16723.24,16651.03,16706.36,22182.30053
1672185600000,16706.06,16755.2,16559.79,16650.65,34327.03679
1672200000000,16650.65,16678.85,16585.71,16647.16,28797.5267
1672214400000,16647.16,16689.3,16632.0,16678.98,25536.18644
1672228800000,16678.52,16785.19,16569.94,16578.52,41691.03557
1672243200000,16578.02,16668.0,16563.63,16595.92,27900.69287
1672257600000,16595.43,16615.67,16465.33,16547.31,34785.0874
1672272000000,16547.32,16594.0,16488.91,16558.33,23608.82868
1672286400000,16558.33,16583.87,16534.04,16556.37,21158.81283
1672300800000,16556.37,16630.0,16517.54,16598.7,28212.71787
1672315200000,16598.7,16664.41,16590.64,16616.6,34295.37736
1672329600000,16616.6,16654.54,16590.82,16612.4,26230.77683
1672344000000,16612.4,16654.51,16555.57,16633.47,27491.95801
1672358400000,16633.47,16648.77,16579.75,16599.08,20857.62793
1672372800000,16598.79,16615.35,16429.0,16474.93,28945.88758
1672387200000,16475.1,16531.1,16458.25,16496.27,20505.90685
1672401600000,16495.96,16580.7,16333.0,16555.26,44689.94988
1672416000000,16555.26,16577.0,16515.45,16525.37,25853.48693
1672430400000,16525.91,16677.35,16523.91,16607.48,24063.45257
1672444800000,16607.48,16616.37,16550.01,16552.46,15656.04768
1672459200000,16552.46,16568.12,16531.0,16565.09,15808.94958
1672473600000,16564.81,16583.9,16540.01,16567.15,20777.75988
1672488000000,16567.52,16644.09,16547.12,16590.1,27839.30964
1672502400000,16590.1,16613.3,16565.1,16570.14,16498.8751
1672516800000,16570.14,16574.97,16470.0,16542.4,17909.48676
1672531200000,16541.77,16559.77,16508.39,16533.04,15515.82327
1672545600000,16533.04,16550.0,16499.01,16526.19,16532.24115
1672560000000,16525.7,16557.0,16505.2,16556.66,15915.96701
1672574400000,16556.66,16572.94,16533.68,16558.73,15046.09096
1672588800000,16558.73,16623.65,16558.0,16603.08,18532.64857
1672603200000,16603.53,16628.0,16586.24,16616.75,15382.64278
1672617600000,16617.17,16707.25,16548.7,16661.94,19463.4751
1672632000000,16662.38,16769.51,16619.44,16721.28,26026.88178
1672646400000,16721.27,16772.01,16704.07,16735.11,23267.94119
1672660800000,16735.51,16750.0,16669.15,16734.66,21747.21491
1672675200000,16734.66,16739.64,16707.12,16737.56,12314.73653
1672689600000,16737.56,16799.23,16660.51,16672.87,19068.3224
1672704000000,16672.78,16706.14,16647.81,16691.81,20183.45596
1672718400000,16691.81,16778.4,16681.79,16729.74,21434.34333
1672732800000,16730.15,16766.0,16698.15,16721.03,25576.16376
1672747200000,16721.42,16773.0,16617.79,16676.94,42131.78382
1672761600000,16677.54,16688.2,16605.28,16643.37,29519.13275
1672776000000,16643.77,16695.0,16640.4,16675.18,20696.65771
1672790400000,16675.65,16877.65,16652.66,16862.02,41904.57254
1672804800000,16862.61,16910.98,16840.36,16869.44,30270.2531
1672819200000,16869.49,16919.0,16831.13,16835.35,30320.64004
1672833600000,16835.35,16863.09,16765.3,16854.05,40843.05953
1672848000000,16853.55,16991.87,16787.85,16842.36,52076.35176
1672862400000,16842.32,16869.56,16777.0,16850.36,24947.31165
1672876800000,16850.36,16878.18,16807.72,16827.71,21763.76721
1672891200000,16827.71,16849.37,16789.87,16823.64,21213.55835
1672905600000,16823.05,16839.0,16780.75,16833.6,26296.22105
1672920000000,16833.6,16879.82,16753.0,16842.94,41963.23448
1672934400000,16842.94,16875.5,16800.5,16863.85,30157.4645
1672948800000,16864.29,16873.52,16818.91,16831.85,22079.32082
1672963200000,16831.85,16872.57,16802.01,16833.56,22896.56633
1672977600000,16833.56,16837.87,16779.96,16794.06,24759.51652
1672992000000,16794.33,16812.22,16709.88,16738.22,29976.56156
1673006400000,16738.74,16849.0,16679.0,16840.82,52584.91113
1673020800000,16840.1,16965.41,16805.04,16939.91,42771.69765
1673035200000,16940.41,17041.0,16886.21,16950.65,34412.03096
1673049600000,16950.31,16981.91,16930.46,16952.46,17943.00432
1673064000000,16952.73,16954.45,16922.14,16948.09,15480.43183
1673078400000,16948.18,16954.95,16908.07,16918.3,18936.72265
1673092800000,16918.3,16947.7,16908.0,16940.42,20650.09476
1673107200000,16940.6,16946.13,16916.0,16944.05,16073.99982
1673121600000,16944.05,16951.92,16929.46,16943.57,15442.31542
1673136000000,16943.83,16955.0,16911.0,16944.02,18295.79671
1673150400000,16944.02,16957.12,16933.26,16953.77,14667.61069
1673164800000,16953.77,16967.67,16925.05,16927.42,20434.41029
1673179200000,16927.42,17019.79,16920.37,17000.43,23086.53831
1673193600000,17000.43,17022.08,16916.1,16927.25,23557.66783
1673208000000,16927.25,17176.99,16924.41,17127.83,35113.87312
1673222400000,17127.83,17252.6,17104.66,17197.0,50799.16414
1673236800000,17197.0,17262.56,17180.0,17198.48,33546.34885
1673251200000,17198.01,17285.48,17186.95,17238.93,38468.19722
1673265600000,17239.47,17335.35,17190.74,17268.49,50514.03168
1673280000000,17268.49,17398.8,17268.02,17293.69,52520.91466
1673294400000,17294.19,17313.3,17128.0,17178.26,40362.87068
1673308800000,17179.04,17235.0,17146.34,17205.72,30946.1691
1673323200000,17205.31,17233.91,17189.15,17203.2,25989.57305
1673337600000,17203.2,17286.02,17187.73,17252.89,31083.00421
1673352000000,17252.89,17375.0,17212.14,17327.7,57523.3681
1673366400000,17327.7,17456.07,17282.0,17432.85,43079.81645
1673380800000,17432.85,17499.0,17403.73,17440.66,32760.4949
1673395200000,17440.64,17510.0,17366.58,17416.14,31946.4848
1673409600000,17416.49,17462.99,17388.0,17446.65,29726.8908
1673424000000,17447.02,17472.15,17408.68,17437.75,29986.37534
1673438400000,17437.75,17437.75,17315.6,17332.43,49062.38496
1673452800000,17331.9,17571.7,17320.42,17550.29,55789.51498
1673467200000,17549.62,18000.0,17508.86,17943.26,65709.95565
1673481600000,17943.26,18385.71,17907.25,18224.68,82494.53271
1673496000000,18224.68,18241.43,18075.19,18138.22,37256.18339
1673510400000,18138.21,18222.59,18071.06,18200.8,34254.13454
1673524800000,18200.8,18380.47,17892.05,18086.62,130706.45782
1673539200000,18087.28,19060.0,18054.61,18885.35,110884.4527
1673553600000,18885.35,19117.04,18762.0,18846.62,58972.56062
1673568000000,18846.62,18887.0,18714.12,18876.37,41728.30446
1673582400000,18876.37,18883.79,18778.41,18824.25,33637.34382
1673596800000,18825.0,19057.7,18810.01,18920.95,53635.34061
1673611200000,18920.95,19310.91,18811.52,19261.19,84962.31802
1673625600000,19261.19,19406.26,19060.15,19362.01,76088.31369
1673640000000,19363.43,20000.0,19315.77,19930.01,78564.25763
1673654400000,19930.01,21258.0,19888.05,20967.23,132906.52741
1673668800000,20967.23,21033.64,20777.37,20897.36,44676.34594
1673683200000,20897.36,21022.39,20225.06,20721.73,79770.25474
1673697600000,20721.03,21200.0,20568.12,20786.74,70757.33684
1673712000000,20785.85,20911.23,20660.0,20783.68,40261.90826
1673726400000,20783.68,21072.27,20758.0,20954.92,25541.37632
1673740800000,20952.76,21001.84,20551.01,20719.09,38036.35096
1673755200000,20719.09,20789.58,20666.88,20735.69,20276.51594
1673769600000,20735.69,20759.0,20573.13,20722.23,28650.05726
1673784000000,20722.23,20994.05,20652.24,20908.28,32504.50894
1673798400000,20906.97,21050.74,20665.0,20870.15,37663.66746
1673812800000,20870.15,20952.37,20746.39,20871.5,21411.12493
1673827200000,20872.99,21439.59,20770.2,21075.68,65696.37043
1673841600000,21074.8,21260.0,21037.64,21109.23,32932.04546
1673856000000,21109.4,21113.22,20666.0,20817.56,49457.76438
1673870400000,20816.63,21053.89,20611.48,20994.17,50011.28024
1673884800000,20995.37,21414.42,20916.43,21308.57,57585.03731
1673899200000,21307.29,21474.05,21048.16,21185.65,37395.5848
1673913600000,21185.65,21299.04,20841.31,21124.57,43454.76384
1673928000000,21124.57,21236.62,21060.8,21133.65,27720.49973
1673942400000,21133.65,21249.46,21082.48,21219.75,32766.90672
1673956800000,21219.21,21647.45,21030.0,21176.06,87104.51182
1673971200000,21176.06,21412.0,21084.0,21336.46,48658.53141
1673985600000,21336.46,21413.15,21121.71,21134.81,35702.53057
1674000000000,21132.29,21377.44,21103.15,21258.54,40301.19947
1674014400000,21257.0,21320.0,21228.54,21307.94,26697.4268
1674028800000,21307.94,21316.77,21151.0,21204.67,33225.41111
1674043200000,21204.67,21650.0,20842.0,21042.73,97538.81068
1674057600000,21042.73,21136.8,20407.15,20906.54,112546.34199
1674072000000,20905.37,20938.67,20624.02,20677.47,40606.82944
1674086400000,20677.47,20817.85,20659.19,20748.04,37267.51378
1674100800000,20748.04,20874.81,20742.71,20818.95,28848.62637
1674115200000,20818.94,20846.75,20706.9,20743.72,35522.44033
1674129600000,20744.17,20960.23,20660.8,20876.44,61331.76023
1674144000000,20876.44,21142.07,20791.13,21090.95,51508.95942
1674158400000,21092.1,21192.0,20919.31,21071.59,36906.54912
1674172800000,21071.59,21219.6,21013.96,21087.74,37141.33047
1674187200000,21087.74,21127.33,20861.28,20959.44,38475.43025
1674201600000,20958.43,20993.99,20898.79,20963.51,33292.86295
1674216000000,20963.34,21247.55,20955.53,21144.77,63718.57309
1674230400000,21145.05,21529.0,21140.99,21496.67,68762.00358
1674244800000,21496.67,22755.93,21495.75,22667.21,96688.93625
1674259200000,22666.0,22792.86,22422.0,22547.35,46689.92028
1674273600000,22547.83,22670.0,22514.6,22638.36,31004.20655
1674288000000,22638.36,23335.77,22595.23,22905.65,102373.50511
1674302400000,22907.01,23280.0,22851.94,22998.9,60494.75835
1674316800000,22998.9,23371.8,22980.0,23270.5,62208.75289
1674331200000,23270.97,23299.55,22680.73,22783.55,43674.34114
1674345600000,22783.35,22979.88,22602.55,22758.3,43093.66569
1674360000000,22759.08,22967.33,22716.72,22895.2,29768.68658
1674374400000,22895.49,22938.12,22726.02,22783.61,31739.4919
1674388800000,22784.74,23078.71,22645.59,22794.51,49271.02796
1674403200000,22794.63,22959.71,22687.13,22722.15,41105.52201
1674417600000,22721.88,22773.89,22292.37,22707.88,58599.35872
1674432000000,22706.02,22826.46,22646.43,22661.02,36139.99774
1674446400000,22661.02,22794.33,22600.14,22695.9,33194.2653
1674460800000,22696.61,22957.25,22662.38,22904.58,38266.29469
1674475200000,22904.58,23115.0,22500.0,22853.14,80367.50864
1674489600000,22855.44,23180.0,22654.0,22792.47,71278.43489
1674504000000,22792.47,23044.56,22753.71,22916.45,34341.87812
1674518400000,22917.81,23144.76,22864.67,23079.27,41432.57478
1674532800000,23079.87,23162.2,23006.98,23054.08,34450.19326
1674547200000,23054.7,23090.25,22770.0,22917.66,46085.15863
1674561600000,22917.11,23035.31,22711.0,22931.36,64690.98641
1674576000000,22931.36,23079.0,22785.59,23018.53,44205.31571
1674590400000,23017.73,23080.45,22462.93,22632.89,62294.55375
1674604800000,22631.94,22715.06,22300.0,22643.61,56101.10349
1674619200000,22643.04,22772.0,22606.04,22712.45,30093.23392
1674633600000,22711.85,22739.11,22475.0,22598.47,39000.61252
1674648000000,22598.45,22745.0,22335.0,22577.86,70513.75269
1674662400000,22578.79,22765.3,22510.0,22748.86,50906.47279
1674676800000,22749.97,23816.73,22749.93,23060.94,99427.65682
1674691200000,23060.42,23282.47,23041.14,23136.16,49167.22282
1674705600000,23136.16,23197.8,22897.17,22966.73,45284.94138
1674720000000,22965.81,23048.49,22850.01,22992.94,39326.2452
1674734400000,22992.09,23250.0,22880.95,22958.02,81188.23496
1674748800000,22955.16,23106.51,22853.81,23070.0,43604.15119
1674763200000,23068.57,23195.0,22963.07,23009.65,30353.64026
1674777600000,23009.65,23076.62,22534.88,22772.62,46182.87922
1674792000000,22772.2,23100.0,22760.64,23072.77,38724.8656
1674806400000,23072.29,23083.87,22903.03,22967.47,33552.11913
1674820800000,22967.48,23148.0,22841.19,22933.96,62813.27522
1674835200000,22932.2,23284.32,22924.01,23253.06,49014.72696
1674849600000,23253.06,23500.0,22951.33,23074.16,50545.99702
1674864000000,23074.16,23189.0,23042.54,23117.44,24315.1602
1674878400000,23117.44,23133.4,22951.01,22991.51,24728.2785
1674892800000,22991.86,23017.27,22905.0,22981.51,25675.38157
1674907200000,22981.51,23044.12,22878.46,23012.54,33451.32025
1674921600000,23012.02,23052.82,22975.0,23039.35,20431.10042
1674936000000,23039.35,23042.91,22942.0,23022.6,19514.46991
1674950400000,23021.4,23492.0,22967.76,23193.43,52580.79543
1674964800000,23194.27,23268.51,23144.99,23203.86,24988.1288
1674979200000,23203.39,23605.74,23153.64,23432.17,55739.69077
1674993600000,23431.39,23666.0,23350.47,23525.09,54723.54894
1675008000000,23525.09,23960.54,23472.0,23897.84,66296.44216
1675022400000,23896.65,23910.6,23600.0,23742.3,41360.18594
1675036800000,23743.37,23800.51,23567.1,23701.44,36904.38643
1675051200000,23700.78,23769.32,23599.15,23642.81,31345.83274
1675065600000,23642.81,23676.98,23017.0,23077.47,72543.62927
1675080000000,23077.47,23301.82,22962.68,23178.51,58389.64648
1675094400000,23178.51,23248.86,22627.9,22784.86,58798.23417
1675108800000,22784.86,22840.69,22500.0,22826.15,44424.17212
1675123200000,22827.38,22913.71,22714.77,22835.01,35131.51516
1675137600000,22835.46,22989.48,22743.05,22978.24,35466.16773
1675152000000,22978.24,22996.84,22810.03,22865.43,35127.03829
1675166400000,22865.97,23206.84,22851.01,23121.8,64918.10238
1675180800000,23121.8,23221.14,23081.08,23163.88,42055.90095
1675195200000,23162.99,23320.0,22812.69,23125.13,51950.62458
1675209600000,23125.13,23184.29,22997.1,23130.19,35705.95217
1675224000000,23130.7,23167.39,23017.07,23076.68,32517.47391
1675238400000,23076.67,23100.0,22919.33,23077.52,37238.66144
1675252800000,23078.43,23144.85,22938.36,22979.73,53826.35919
1675267200000,22979.73,23494.77,22760.23,23385.99,77933.60595
1675281600000,23385.99,23812.66,23320.01,23732.66,73568.37005
1675296000000,23731.41,24255.0,23690.02,23848.6,61426.43407
1675310400000,23848.6,23921.1,23658.2,23781.12,36774.35541
1675324800000,23780.65,23852.75,23750.0,23820.49,34341.7451
1675339200000,23820.49,23945.68,23525.0,23839.5,83485.59583
1675353600000,23839.5,24144.62,23725.76,23802.57,83227.45056
1675368000000,23802.57,23924.81,23363.27,23488.94,64921.62654
1675382400000,23489.33,23590.11,23411.47,23534.18,41608.93455
1675396800000,23533.64,23566.18,23447.25,23456.23,34988.87578
1675411200000,23456.22,23541.7,23322.3,23534.13,47896.72547
1675425600000,23533.32,23710.8,23227.16,23603.36,102225.36461
1675440000000,23604.62,23715.7,23300.76,23307.99,68730.83213
1675454400000,23308.05,23472.0,23204.62,23431.9,37120.2965
1675468800000,23431.9,23465.15,23331.16,23343.43,25040.05526
1675483200000,23343.12,23361.33,23253.96,23329.18,24999.77578
1675497600000,23329.18,23376.27,23292.19,23363.76,23614.83087
1675512000000,23364.14,23587.78,23340.44,23421.45,41379.54799
1675526400000,23421.45,23472.5,23358.57,23425.89,26883.53409
1675540800000,23425.28,23449.96,23259.62,23326.84,24208.72896
1675555200000,23327.66,23371.99,23230.0,23344.53,27050.82035
1675569600000,23344.53,23433.33,23326.23,23377.4,20474.72317
1675584000000,23377.03,23419.74,23345.0,23356.33,24127.72175
1675598400000,23356.86,23374.8,23000.01,23096.16,51552.20203
1675612800000,23096.92,23157.75,22743.0,22891.8,56584.15419
1675627200000,22892.65,23030.0,22795.01,22932.91,29461.71768
1675641600000,22932.91,23094.92,22823.0,22895.48,29572.88535
1675656000000,22895.48,22928.2,22628.13,22879.69,39216.01093
1675670400000,22880.91,22939.99,22735.46,22878.23,40012.24453
1675684800000,22878.23,23054.66,22745.01,23041.39,58692.68023
1675699200000,23042.86,23158.25,22921.25,23031.03,56494.24898
1675713600000,23030.29,23032.13,22638.0,22762.52,41383.53688
1675728000000,22762.52,22897.67,22745.78,22877.99,33497.36874
1675742400000,22877.99,22986.71,22861.45,22910.91,36499.34993
1675756800000,22910.91,23064.56,22862.85,22977.24,44279.99243
1675771200000,22977.24,23042.0,22876.35,22904.89,52432.35114
1675785600000,22904.89,23350.25,22769.05,23091.9,97115.49334
1675800000000,23092.87,23309.29,23029.11,23240.46,44182.16924
1675814400000,23242.42,23452.0,23225.19,23255.34,40305.77589
1675828800000,23255.34,23287.3,23183.17,23232.68,31403.38319
1675843200000,23233.23,23239.44,23132.21,23159.07,34433.80696
1675857600000,23159.07,23199.58,22857.0,22872.28,65167.42448
1675872000000,22871.28,23042.95,22665.85,22874.89,73007.67562
1675886400000,22873.9,22980.3,22778.93,22963.0,35738.24103
1675900800000,22961.85,23011.39,22424.48,22518.44,65154.16827
1675915200000,22519.56,22737.48,22353.71,22676.41,55075.60069
1675929600000,22676.41,22770.0,22663.32,22685.79,41696.32449
1675944000000,22685.79,22831.41,22556.32,22610.94,74349.41042
1675958400000,22610.94,22623.41,21881.0,22032.71,93051.2266
1675972800000,22030.99,22084.46,21688.0,21796.35,73567.96503
1675987200000,21797.83,21938.16,21756.0,21825.59,44103.28784
1676001600000,21825.59,21926.2,21622.4,21911.71,57049.51366
1676016000000,21910.61,21926.91,21713.96,21733.52,53475.20812
1676030400000,21732.63,21901.24,21520.0,21654.09,79689.38726
1676044800000,21652.75,21799.0,21558.13,21771.09,59831.97353
1676059200000,21772.26,21790.92,21451.0,21625.19,44442.57206
1676073600000,21625.19,21725.95,21599.78,21678.56,33397.4464
1676088000000,21678.56,21715.38,21640.03,21692.63,26123.14402
1676102400000,21692.63,21705.0,21658.01,21697.44,26681.07439
1676116800000,21697.44,21777.54,21662.11,21735.78,33330.44499
1676131200000,21735.78,21737.89,21618.23,21662.63,26494.56227
1676145600000,21662.36,21906.32,21645.21,21862.55,30994.91226
1676160000000,21862.02,21890.16,21766.0,21781.38,25750.93181
1676174400000,21781.38,21817.15,21761.04,21798.42,24728.18422
1676188800000,21798.42,21960.0,21798.01,21888.31,32585.21424
1676203200000,21888.31,21995.6,21756.04,21945.3,41637.6802
1676217600000,21944.14,22090.0,21914.07,21997.18,38167.26838
1676232000000,21997.18,22028.78,21630.0,21783.54,41566.37278
1676246400000,21782.37,21876.43,21622.47,21808.6,45008.5028
1676260800000,21808.6,21894.99,21792.86,21867.69,29927.77153
1676275200000,21867.74,21874.97,21433.0,21603.11,71030.04136
1676289600000,21602.8,21701.34,21556.0,21563.02,51668.73309
1676304000000,21561.84,21678.0,21351.07,21607.81,62803.51308
1676318400000,21607.81,21845.79,21559.95,21773.97,35292.20605
1676332800000,21774.63,21816.62,21677.47,21700.42,31230.75357
1676347200000,21700.42,21789.46,21684.59,21768.48,31733.58592
1676361600000,21767.56,21875.42,21666.39,21809.81,44954.45087
1676376000000,21809.81,22319.08,21532.77,22041.45,136833.56633
1676390400000,22040.52,22245.0,21917.31,22208.65,77894.26418
1676404800000,22207.96,22285.0,22122.7,22199.84,39311.78022
1676419200000,22199.84,22200.88,22047.28,22099.49,36360.45775
1676433600000,22099.13,22199.29,22072.55,22109.89,32290.25159
1676448000000,22109.89,22500.0,22089.11,22445.13,49264.71292
1676462400000,22444.28,22916.98,22443.24,22809.46,100777.72923
1676476800000,22809.46,23353.87,22745.03,23318.9,70218.08957
1676491200000,23320.18,24380.0,23296.3,24324.05,86757.92005
1676505600000,24322.87,24905.0,24278.58,24732.42,58850.15163
1676520000000,24731.6,24756.35,24430.12,24612.95,48051.21682
1676534400000,24611.51,24664.49,24509.07,24568.55,39484.86925
1676548800000,24567.93,25091.0,24283.35,25072.67,101794.47626
1676563200000,25072.67,25250.0,24606.14,24872.58,108806.09222
1676577600000,24872.58,24879.81,23505.25,23517.72,93093.87748
1676592000000,23517.72,23914.58,23339.37,23838.64,69235.79241
1676606400000,23838.64,23883.12,23612.0,23637.04,43781.38344
1676620800000,23635.84,23861.78,23532.69,23789.82,58228.45005
1676635200000,23789.12,24280.0,23710.0,24130.5,118441.1066
1676649600000,24130.5,24560.64,23917.65,24524.49,115198.92622
1676664000000,24524.49,25021.11,24051.73,24569.97,91927.55504
1676678400000,24568.24,24787.5,24503.49,24609.68,37989.15667
1676692800000,24609.68,24676.9,24430.0,24519.01,31352.25067
1676707200000,24519.01,24607.82,24436.46,24519.42,33957.71014
1676721600000,24519.93,24734.32,24488.43,24668.26,45000.52343
1676736000000,24667.02,24877.0,24567.9,24608.34,45513.45782
1676750400000,24608.34,24666.0,24514.03,24631.95,23104.1534
1676764800000,24632.05,24770.67,24622.18,24681.69,24556.3165
1676779200000,24682.1,24850.0,24563.23,24582.62,38276.37482
1676793600000,24582.62,24706.77,24560.47,24669.43,30376.46031
1676808000000,24669.43,25046.0,24656.44,24922.21,59494.57652
1676822400000,24922.21,25192.0,24277.53,24523.79,99703.62008
1676836800000,24523.04,24580.28,24192.57,24271.76,47988.64719
1676851200000,24272.51,24480.44,23840.83,24418.95,63390.50289
1676865600000,24417.86,24555.0,24402.87,24503.65,38007.57091
1676880000000,24503.65,24983.71,24373.33,24890.0,79645.74015
1676894400000,24889.0,25121.23,24720.0,24942.87,80964.87642
1676908800000,24942.87,24957.32,24622.0,24872.19,56462.35763
1676923200000,24872.18,24887.2,24655.0,24842.2,28467.52197
1676937600000,24843.89,25093.23,24781.5,24926.56,47489.89991
1676952000000,24926.56,25050.0,24854.18,24999.95,37867.03335
1676966400000,24999.77,25250.0,24555.55,24572.83,86178.83261
1676980800000,24572.83,24790.0,24408.0,24558.09,79603.75437
1676995200000,24556.81,24745.78,24279.35,24602.88,75522.89551
1677009600000,24602.88,24639.56,24148.34,24452.16,49338.41293
1677024000000,24450.67,24476.05,23855.55,24201.85,66953.18365
1677038400000,24202.67,24221.6,23931.0,24060.95,53259.16489
1677052800000,24059.73,24216.55,23860.61,24160.87,58413.62449
1677067200000,24160.87,24235.37,23627.08,23713.61,86251.40733
1677081600000,23714.94,23972.97,23574.69,23791.67,74769.74135
1677096000000,23791.68,24218.92,23735.19,24182.21,39778.63194
1677110400000,24182.21,24599.59,24124.33,24454.85,58028.05449
1677124800000,24454.85,24526.08,24311.35,24376.27,40892.96719
1677139200000,24377.12,24494.28,23647.46,23780.2,72957.69926
1677153600000,23780.21,24228.44,23608.0,23950.92,114931.1652
1677168000000,23951.83,24056.0,23725.1,23971.5,72622.39716
1677182400000,23971.51,24069.87,23756.77,23940.2,38968.17107
1677196800000,23940.2,24132.35,23890.0,23954.05,37762.53136
1677211200000,23954.5,23986.12,23766.6,23830.32,37287.85119
1677225600000,23831.22,23973.79,23754.03,23883.72,38332.75164
1677240000000,23883.72,24027.44,23322.01,23351.31,88325.951
1677254400000,23349.25,23353.1,22841.19,23182.27,94448.70234
1677268800000,23182.27,23332.79,22974.3,23185.29,47424.787
1677283200000,23184.04,23219.13,23045.33,23077.64,26711.13207
1677297600000,23077.12,23129.65,23023.23,23117.16,24808.07053
1677312000000,23117.1,23158.16,22906.5,22983.85,35506.74408
1677326400000,22983.85,23086.0,22858.35,23006.18,33363.06698
1677340800000,23006.18,23086.29,22912.1,22983.05,31984.90521
1677355200000,22983.78,23185.99,22722.0,23157.07,38937.89123
1677369600000,23157.07,23250.0,23059.18,23214.53,25544.02597
1677384000000,23214.53,23227.17,23090.0,23154.57,22591.59482
1677398400000,23154.57,23293.97,23112.35,23253.44,27886.07588
1677412800000,23253.44,23331.26,23126.47,23247.23,35538.36772
1677427200000,23247.96,23544.93,23137.0,23499.33,42223.44384
1677441600000,23499.33,23689.99,23323.42,23554.85,48540.228
1677456000000,23554.85,23644.65,23432.76,23551.62,30792.51063
1677470400000,23551.99,23561.34,23346.16,23423.31,30283.95062
1677484800000,23423.88,23455.31,23332.65,23428.87,28495.85395
1677499200000,23428.87,23897.99,23379.25,23559.4,83616.02692
1677513600000,23557.66,23618.3,23150.0,23276.35,71456.59915
1677528000000,23276.34,23582.98,23106.77,23492.09,39061.14463
1677542400000,23492.09,23549.99,23349.57,23467.52,25897.10942
1677556800000,23467.01,23470.44,23212.8,23236.68,29133.3021
1677571200000,23235.63,23421.98,23200.0,23392.69,33078.50122
1677585600000,23391.96,23579.12,23315.42,23518.3,68386.6113
1677600000000,23519.08,23600.0,23205.06,23264.36,54116.84831
1677614400000,23263.38,23343.55,23020.97,23141.57,53528.62659
1677628800000,23141.57,23498.0,23020.03,23441.14,47163.64208
1677643200000,23440.37,23847.0,23425.44,23716.06,49437.13297
1677657600000,23716.06,24000.0,23673.44,23739.17,45593.75366
1677672000000,23739.87,23888.0,23550.8,23711.09,71527.84275
1677686400000,23711.09,23746.24,23328.16,23355.14,59540.49755
1677700800000,23354.03,23674.6,23300.0,23628.97,42024.54836
1677715200000,23629.76,23796.93,23423.17,23494.29,38918.66091
1677729600000,23494.29,23546.82,23335.41,23391.87,27953.94328
1677744000000,23391.87,23468.5,23337.37,23414.73,32030.91052
1677758400000,23414.73,23434.26,23195.9,23361.11,63610.81714
1677772800000,23361.1,23507.97,23231.29,23463.99,46562.98279
1677787200000,23463.4,23567.52,23386.44,23465.32,30238.13755
1677801600000,23465.32,23476.95,21971.13,22319.69,105002.30763
1677816000000,22319.69,22411.36,22251.08,22360.78,39524.68367
1677830400000,22360.78,22479.97,22300.14,22342.92,34119.07106
1677844800000,22343.06,22498.99,22172.65,22336.33,63808.35172
1677859200000,22335.84,22448.25,22229.25,22358.48,42253.91274
1677873600000,22357.83,22378.22,22147.0,22354.34,35245.87103
1677888000000,22354.34,22392.17,22323.05,22346.66,17092.81805
1677902400000,22346.65,22410.0,22269.94,22359.09,20708.89441
1677916800000,22359.44,22376.97,22322.3,22349.46,15610.44674
1677931200000,22349.46,22398.0,22307.98,22317.87,19247.99791
1677945600000,22317.38,22347.93,22227.2,22250.78,18483.98314
1677960000000,22250.67,22359.0,22157.08,22346.57,30113.24107
1677974400000,22346.57,22662.09,22189.22,22387.02,47822.67957
1677988800000,22387.02,22470.93,22365.26,22375.7,19299.91498
1678003200000,22375.7,22448.8,22316.63,22389.77,20090.00817
1678017600000,22390.12,22494.96,22388.57,22436.18,22428.03796
1678032000000,22436.7,22460.07,22374.6,22403.45,16269.59179
1678046400000,22403.45,22560.0,22331.0,22430.24,28931.52539
1678060800000,22430.24,22508.0,22258.0,22387.19,38270.80221
1678075200000,22387.19,22436.0,22313.94,22392.74,20841.04209
1678089600000,22392.74,22450.0,22355.0,22379.57,28144.14141
1678104000000,22379.95,22602.19,22357.08,22553.42,44162.64438
1678118400000,22554.43,22586.98,22358.0,22393.35,45283.05605
1678132800000,22393.35,22450.0,22320.01,22410.0,27050.14343
1678147200000,22409.41,22557.91,22377.69,22460.54,28066.33637
1678161600000,22460.99,22479.85,22408.09,22419.71,21032.34041
1678176000000,22420.29,22432.6,22321.0,22351.02,35538.29626
1678190400000,22351.02,22489.88,21927.0,22320.9,97281.67866
1678204800000,22321.98,22394.08,22054.92,22124.77,62136.24828
1678219200000,22125.99,22230.51,21943.0,22197.96,48464.90914
1678233600000,22198.56,22287.0,22084.3,22152.52,30155.52102
1678248000000,22152.52,22167.73,21840.13,21971.03,47071.5731
1678262400000,21971.83,22144.2,21944.55,22072.45,41053.20652
1678276800000,22071.98,22229.04,21876.66,22140.8,81155.91342
1678291200000,22139.97,22218.3,21944.25,21997.25,47324.56273
1678305600000,21997.25,22133.75,21580.0,21705.44,54699.79593
1678320000000,21704.37,21806.68,21629.43,21769.66,35431.65786
1678334400000,21770.37,21774.69,21665.67,21688.54,27862.16425
1678348800000,21688.54,21700.0,21527.0,21669.38,52297.6602
1678363200000,21669.38,21834.99,21552.84,21648.57,71861.08871
1678377600000,21647.42,21675.22,20766.2,20854.93,127310.48874
1678392000000,20856.3,20867.3,20042.72,20362.22,128895.22608
1678406400000,20362.21,20367.78,19776.22,20052.07,111144.42259
1678420800000,20052.07,20065.0,19776.55,19953.58,83995.86888
1678435200000,19953.58,19977.0,19549.09,19760.78,96978.28705
1678449600000,19761.12,20321.19,19657.11,20004.96,152618.48716
1678464000000,20004.96,20307.73,19824.06,20024.32,109663.76524
1678478400000,20022.72,20240.4,19850.0,20150.69,64055.63618
1678492800000,20150.69,20686.51,20135.05,20393.88,98589.40007
1678507200000,20393.89,20435.43,19823.82,19850.81,76336.21941
1678521600000,19850.81,20208.36,19765.03,20086.07,81791.94176
1678536000000,20086.07,20205.46,20030.0,20061.98,50101.82477
1678550400000,20062.77,20331.44,19992.24,20220.96,62707.52998
1678564800000,20220.98,20529.91,20214.63,20455.73,58304.90534
1678579200000,20455.73,20502.46,20303.53,20376.46,51370.51344
1678593600000,20376.47,20440.8,20270.6,20346.71,35988.61581
1678608000000,20346.71,20497.34,20333.8,20445.43,39710.54197
1678622400000,20445.56,20466.0,20284.39,20358.96,49787.13406
1678636800000,20359.59,21331.75,20341.85,20779.54,124989.68987
1678651200000,20779.54,22150.0,20755.76,21997.11,129098.44773
1678665600000,21998.05,22600.0,21860.74,22231.62,111447.41727
1678680000000,22232.76,22506.0,22222.88,22458.72,68170.49795
1678694400000,22458.87,22539.64,21813.88,22106.64,112208.05043
1678708800000,22106.63,24500.0,21959.0,23981.72,216519.77954
1678723200000,23981.72,24393.83,23755.0,24279.91,122447.56492
1678737600000,24277.25,24311.99,23938.0,24113.48,57096.00248
1678752000000,24112.27,24496.41,23986.02,24374.2,70241.14758
1678766400000,24375.68,24820.0,24139.06,24247.64,78968.84513
1678780800000,24246.75,24820.0,24118.28,24743.04,90925.96183
1678795200000,24743.05,26386.87,24458.04,25894.67,210348.01513
1678809600000,25894.67,26001.81,24212.49,25054.15,144791.97024
1678824000000,25048.39,25167.9,23976.42,24670.41,104084.99432
1678838400000,24670.41,25074.24,24284.6,24717.65,74592.62791
1678852800000,24716.87,24918.59,24599.0,24871.28,49951.0718
1678867200000,24872.54,24922.22,24255.0,24754.5,92660.51407
1678881600000,24753.27,25196.97,24371.6,24471.01,172954.88765
1678896000000,24471.01,24523.0,23896.95,24366.71,137774.37953
1678910400000,24369.97,24633.02,24223.0,24285.66,53517.24888
1678924800000,24285.66,24439.8,24123.0,24265.43,52421.25766
1678939200000,24265.44,24685.0,24182.0,24614.27,58224.85322
1678953600000,24615.79,25066.32,24374.35,24824.62,94332.38827
1678968000000,24826.33,25032.74,24515.23,24888.44,105164.77326
1678982400000,24889.94,25167.4,24620.0,24953.21,75970.81647
1678996800000,24953.21,25090.0,24623.52,24998.78,53307.2411
1679011200000,24998.78,25896.0,24890.0,25781.66,92627.82966
1679025600000,25781.66,26196.4,25656.0,26058.45,82998.31022
1679040000000,26060.07,26970.0,25918.02,26918.73,122412.61854
1679054400000,26920.11,26935.12,26118.19,26421.34,129230.31572
1679068800000,26419.28,26860.66,26264.0,26834.87,93862.34173
1679083200000,26834.87,27756.84,26588.38,27395.13,103329.26504
1679097600000,27395.13,27724.85,27060.0,27307.54,81541.36167
1679112000000,27306.57,27612.31,27212.56,27359.89,43190.10831
1679126400000,27360.43,27500.0,27055.83,27443.09,48227.50229
1679140800000,27443.09,27637.2,27057.0,27226.23,68303.82651
1679155200000,27227.63,27489.94,26578.0,27329.83,84968.97465
1679169600000,27329.14,27449.95,26810.0,26907.49,45007.19831
1679184000000,26907.49,27255.19,26901.02,27198.71,36110.46659
1679198400000,27198.71,27291.4,26827.22,26974.81,36337.34801
1679212800000,26973.76,27200.0,26872.0,27160.98,41991.39588
1679227200000,27162.33,27750.0,27110.12,27546.62,71743.09938
1679241600000,27546.62,28376.0,27470.0,28255.87,113916.61398
1679256000000,28255.35,28390.1,27738.0,27972.87,71968.0667
1679270400000,27972.87,28057.44,27124.47,27269.17,78217.14607
1679284800000,27269.18,28268.0,27141.36,28183.13,74108.85462
1679299200000,28183.13,28472.0,27919.66,28188.93,101047.66229
1679313600000,28188.95,28258.58,27620.0,27694.46,93832.37034
1679328000000,27698.15,28041.48,27461.35,27785.1,82313.05852
1679342400000,27784.57,28186.71,27577.02,27717.01,47859.14189
1679356800000,27717.01,27953.33,27664.51,27787.29,50949.32902
1679371200000,27787.29,27968.0,27303.1,27505.25,66335.07466
1679385600000,27505.25,28177.0,27393.52,28040.13,82017.60625
1679400000000,28040.13,28244.87,27730.0,28041.06,100474.3209
1679414400000,28041.06,28438.55,27935.07,28126.84,84240.60599
1679428800000,28126.85,28214.99,27900.0,28105.47,36912.80538
1679443200000,28107.81,28280.0,27945.44,28154.14,37000.16051
1679457600000,28154.14,28288.0,28028.24,28103.69,22588.25375
1679472000000,28103.68,28213.23,28000.0,28122.74,16280.67428
1679486400000,28122.73,28736.0,28105.35,28595.07,35677.15924
1679500800000,28595.06,28868.05,26650.27,26667.33,84244.59506
1679515200000,26668.8,27437.98,26601.8,27250.97,28322.57012
1679529600000,27250.97,27428.69,27105.0,27356.78,13920.76715
1679544000000,27356.79,27700.0,27258.0,27631.93,14310.97848
1679558400000,27631.93,27738.27,27439.5,27584.53,11897.09818
1679572800000,27584.52,28750.0,27275.92,28580.87,40190.57705
1679587200000,28580.86,28647.05,27772.22,28369.99,34052.53912
1679601600000,28369.82,28438.0,27967.93,28295.41,14277.6482
1679616000000,28295.42,28374.3,28134.86,28219.98,8820.33865
1679630400000,28219.98,28335.32,28102.15,28274.59,9065.12568
1679644800000,28274.58,28295.72,27934.48,28080.0,14569.39777
1679659200000,28079.99,28253.01,27835.0,28018.04,14181.52699
1679673600000,28018.04,28059.63,27523.81,27821.6,20321.9705
1679688000000,27821.59,27860.0,27000.0,27454.47,19283.70585
1679702400000,27454.46,27658.2,27420.0,27581.65,7631.30004
1679716800000,27581.65,27608.2,27375.9,27485.36,7176.48565
1679731200000,27485.37,27537.79,27309.8,27457.2,7012.9894
1679745600000,27457.19,27787.33,27357.14,27647.43,10741.6268
1679760000000,27647.44,27730.0,27159.57,27189.68,11693.92908
1679774400000,27189.69,27529.29,27156.09,27462.95,6587.75005
1679788800000,27462.96,27650.0,27417.76,27529.26,5328.00445
1679803200000,27529.27,27570.93,27462.15,27504.94,3807.16894
1679817600000,27504.94,27915.08,27480.01,27865.95,8183.69994
1679832000000,27865.96,28194.4,27695.0,27803.89,17696.05035
1679846400000,27803.89,27934.57,27635.18,27827.95,5605.98308
1679860800000,27827.95,28143.0,27670.71,27968.05,9050.79677
1679875200000,27968.05,28023.86,27781.6,27888.68,6854.66298
1679889600000,27888.68,27935.17,27666.0,27808.81,8855.5393
1679904000000,27808.8,27996.28,27768.55,27892.69,7616.84015
1679918400000,27892.69,27923.42,26508.14,26903.62,39066.20195
1679932800000,26903.63,27313.42,26858.79,26968.94,16613.0284
1679947200000,26968.93,27255.0,26877.82,27124.91,9033.1962
1679961600000,27124.9,27176.05,26800.0,26971.71,11049.59827
1679976000000,26971.71,27142.25,26872.11,26962.88,9458.87712
1679990400000,26962.89,27155.38,26631.78,27057.36,15726.76618
1680004800000,27057.36,27210.0,26835.31,26998.63,15937.25349
1680019200000,26998.63,27520.0,26745.0,27425.99,18090.07394
1680033600000,27425.98,27492.8,27095.66,27261.07,8339.87441
1680048000000,27261.06,27479.36,27240.1,27367.45,7124.26009
1680062400000,27367.44,28164.48,27349.68,28086.82,22445.56265
1680076800000,28086.82,28650.0,28040.34,28353.99,23446.56936
1680091200000,28354.0,28590.0,28230.85,28442.79,16417.40637
1680105600000,28442.8,28448.68,28135.82,28419.49,11647.76233
1680120000000,28419.49,28500.0,28211.0,28348.6,8404.59928
1680134400000,28348.6,29184.68,28090.06,28489.18,28533.03962
1680148800000,28489.19,28775.6,28442.79,28725.01,11891.4425
1680163200000,28725.0,28748.76,28500.0,28644.79,10631.82494
1680177600000,28644.79,28691.45,28169.5,28300.33,17202.57157
1680192000000,28300.32,28301.01,27686.0,27986.09,20579.80879
1680206400000,27986.1,28197.96,27786.66,28028.53,10026.74514
1680220800000,28028.53,28375.0,27916.34,28168.41,11765.30998
1680235200000,28168.41,28219.36,27511.71,27738.48,15529.91399
1680249600000,27738.48,27992.05,27688.0,27927.97,10543.8057
1680264000000,27927.97,28656.69,27870.93,28494.99,24322.41408
1680278400000,28495.0,28541.18,28262.87,28469.31,9395.77884
1680292800000,28469.31,28632.94,28337.46,28465.36,6640.8988
1680307200000,28465.36,28819.71,28408.57,28541.1,7594.11361
1680321600000,28541.1,28625.1,28351.35,28424.99,5673.20621
1680336000000,28424.98,28485.11,28360.65,28372.85,4134.1087
1680350400000,28372.84,28473.9,28220.27,28400.07,5187.63015
1680364800000,28400.07,28443.04,28280.0,28381.98,3397.25326
1680379200000,28381.97,28577.0,28379.63,28452.73,4252.1356
1680393600000,28452.74,28530.0,28355.0,28476.59,3671.10292
1680408000000,28476.58,28490.4,28381.54,28416.38,2774.33739
1680422400000,28416.37,28450.9,28306.8,28357.93,3482.11028
1680436800000,28357.93,28361.0,28037.59,28124.81,10410.79993
1680451200000,28124.8,28229.9,27856.43,27943.85,9548.76463
1680465600000,27943.84,28203.35,27858.29,28171.87,7478.54177
1680480000000,28171.87,28182.17,27560.0,27753.85,11150.24369
1680494400000,27753.85,27962.9,27588.0,27958.74,7740.46106
1680508800000,27958.73,28500.99,27958.73,28253.73,16752.02691
1680523200000,28253.73,28375.0,27945.19,28051.48,12843.96705
1680537600000,28051.48,28238.53,27875.0,28081.08,10815.36454
1680552000000,28081.08,28093.56,27200.24,27800.0,19877.9508
1680566400000,27800.0,27965.0,27662.79,27855.06,7378.74569
1680580800000,27855.06,28145.0,27775.37,28021.3,7401.39758
1680595200000,28021.31,28444.44,27931.2,28289.52,11327.61021
1680609600000,28289.51,28399.0,27947.59,28030.04,11827.84541
1680624000000,28030.05,28260.0,27971.07,28189.25,6969.29766
1680638400000,28189.25,28305.0,28078.63,28165.47,4817.66036
1680652800000,28165.47,28775.0,28099.68,28544.72,14845.01269
1680667200000,28544.73,28624.35,28455.0,28525.21,5559.92922
1680681600000,28525.2,28600.0,28450.5,28554.38,5619.6494
1680696000000,28554.37,28750.0,27860.0,28031.09,19633.382
1680710400000,28031.09,28308.04,27805.1,28240.64,11011.74625
1680724800000,28240.64,28300.0,28132.16,28170.01,4067.92776
1680739200000,28170.01,28182.05,27878.6,28128.42,6441.25347
1680753600000,28128.42,28130.0,27907.77,27910.97,4898.59822
1680768000000,27910.97,28028.6,27711.0,27945.52,8497.72048
1680782400000,27945.51,28181.05,27750.0,28090.39,10932.58337
1680796800000,28090.39,28165.88,27950.9,28017.77,5293.83638
1680811200000,28017.77,28121.87,27900.0,28033.82,4054.95771
1680825600000,28033.83,28100.0,27926.52,28038.66,3144.63896
1680840000000,28038.67,28062.73,27766.94,27839.78,4967.42754
1680854400000,27839.79,27961.67,27785.0,27840.9,5563.5226
1680868800000,27840.89,27984.75,27800.0,27944.1,5761.76975
1680883200000,27944.09,27953.47,27856.0,27897.52,2550.36482
1680897600000,27897.51,27980.74,27839.02,27906.33,2774.3702
1680912000000,27906.34,28059.39,27859.02,28023.39,3614.73585
1680926400000,28023.39,28154.99,27974.14,28086.22,4034.10068
1680940800000,28086.22,28114.94,27990.57,28016.09,2664.16144
1680955200000,28016.09,28057.0,27950.0,28014.7,3002.75065
1680969600000,28014.71,28020.0,27872.11,27924.13,3619.71605
1680984000000,27924.13,27987.41,27885.86,27938.38,2544.50268
1680998400000,27938.38,28083.45,27924.9,28027.71,3682.55851
1681012800000,28027.71,28067.46,27840.51,27903.02,5008.26881
1681027200000,27903.01,27949.99,27800.0,27930.2,3470.02822
1681041600000,27930.2,27973.39,27800.0,27891.91,3818.27012
1681056000000,27891.91,28250.0,27876.68,28140.4,6527.39031
1681070400000,28140.41,28530.0,28094.5,28323.76,10024.64504
1681084800000,28323.76,28425.43,28244.18,28278.45,5372.26276
1681099200000,28278.45,28325.43,28196.61,28284.57,4995.24453
1681113600000,28284.57,28375.02,28275.01,28305.6,5234.32286
1681128000000,28305.59,28575.04,28170.0,28439.38,10137.40167
1681142400000,28439.39,29380.0,28356.51,29173.06,27035.28756
1681156800000,29173.05,29770.0,29069.1,29637.34,14979.54282
1681171200000,29637.35,30430.0,29590.0,30115.95,20828.19269
1681185600000,30115.95,30169.14,29800.0,30106.89,10285.50672
1681200000000,30106.9,30147.38,29974.0,30055.15,7339.48746
1681214400000,30055.14,30280.0,29975.0,30194.22,11314.16156
1681228800000,30194.23,30550.0,30040.0,30130.02,10970.16011
1681243200000,30130.02,30274.19,29940.0,30200.42,7252.56767
1681257600000,30200.43,30350.07,29811.82,29922.04,11394.97178
1681272000000,29922.04,30070.42,29850.0,29987.0,6069.48422
1681286400000,29986.99,30050.47,29895.98,30016.3,5584.43686
1681300800000,30016.31,30486.0,29637.4,29964.02,26308.52652
1681315200000,29964.03,30091.01,29760.13,29798.59,8528.50057
1681329600000,29798.59,29979.74,29775.68,29888.07,4163.56456
1681344000000,29888.07,30200.0,29854.59,30072.17,5485.41854
1681358400000,30072.17,30128.59,29982.93,30068.6,5087.64391
1681372800000,30068.6,30374.87,30039.0,30159.82,10749.49629
1681387200000,30159.81,30595.0,30134.16,30441.43,14771.58975
1681401600000,30441.43,30535.76,30262.4,30335.13,9458.03277
1681416000000,30335.13,30394.7,30205.0,30373.84,6381.93605
1681430400000,30373.84,30893.79,30310.03,30690.88,18523.2894
1681444800000,30690.89,31000.0,30674.53,30733.72,11910.85727
1681459200000,30733.73,30827.27,30657.14,30801.89,7627.76445
1681473600000,30801.89,30850.0,30101.0,30237.89,19633.71604
1681488000000,30237.88,30357.8,29966.0,30324.09,12230.50318
1681502400000,30324.09,30522.07,30272.25,30466.93,6058.06418
1681516800000,30466.93,30595.6,30278.08,30376.14,5746.9438
1681531200000,30376.13,30467.92,30337.97,30433.3,4154.39976
1681545600000,30433.29,30470.0,30364.7,30385.3,3667.82496
1681560000000,30385.31,30444.0,30285.0,30325.27,4272.47036
1681574400000,30325.27,30339.35,30202.0,30331.74,4726.84822
1681588800000,30331.74,30360.19,30236.39,30295.09,2861.32537
1681603200000,30295.1,30319.04,30120.0,30249.37,3384.26015
1681617600000,30249.36,30399.4,30245.82,30344.97,2921.29461
1681632000000,30344.97,30353.96,30220.4,30226.45,3645.14709
1681646400000,30226.46,30362.0,30160.4,30332.98,4673.57527
1681660800000,30332.98,30549.99,30259.69,30309.06,6879.44808
1681675200000,30309.05,30407.98,30192.0,30304.65,4928.26802
1681689600000,30304.66,30316.06,29740.64,29982.8,13105.03703
1681704000000,29982.8,30007.56,29832.0,29838.3,5573.07492
1681718400000,29838.3,29922.5,29366.0,29570.81,11957.93933
1681732800000,29570.8,29593.14,29240.65,29358.31,13750.46214
1681747200000,29358.3,29580.17,29330.85,29467.24,7312.65763
1681761600000,29467.25,29536.93,29391.92,29430.27,4742.64022
1681776000000,29430.27,29500.0,29096.78,29446.99,7340.04494
1681790400000,29447.0,29803.0,29442.56,29775.62,8003.36187
1681804800000,29775.61,30381.68,29693.1,30380.59,13941.09794
1681819200000,30380.59,30485.0,30099.37,30184.86,16268.45181
1681833600000,30184.85,30274.21,29945.58,30221.52,9976.92726
1681848000000,30221.53,30450.0,30150.0,30380.01,6475.01052
1681862400000,30380.01,30413.53,30126.0,30211.23,5329.7858
1681876800000,30211.23,30325.51,29980.0,30077.76,7472.46844
1681891200000,30077.76,30077.76,29000.0,29310.65,32617.02212
1681905600000,29310.64,29500.0,29100.0,29260.44,12985.95001
1681920000000,29260.43,29370.0,29080.0,29227.07,8902.9979
1681934400000,29227.06,29315.61,28520.0,28797.1,19267.26229
1681948800000,28797.1,29000.0,28549.0,28862.52,11329.84169
1681963200000,28862.51,29088.3,28818.8,28869.66,7669.56391
1681977600000,28869.66,28951.0,28590.0,28607.13,8737.40051
1681992000000,28607.12,28978.69,28334.0,28506.69,18458.73713
1682006400000,28506.7,28658.81,28010.0,28104.38,21464.77891
1682020800000,28104.38,28365.5,28012.0,28243.65,9218.77157
1682035200000,28243.65,28374.02,28090.0,28321.41,7136.4826
1682049600000,28321.42,28348.0,27815.89,28155.03,14964.65602
1682064000000,28155.02,28237.3,27919.69,28066.21,9486.35341
1682078400000,28066.22,28308.45,27962.65,28040.7,14095.50499
1682092800000,28040.7,28090.54,27184.54,27279.91,20779.11295
1682107200000,27279.9,27409.62,27125.0,27262.84,11222.65793
1682121600000,27262.84,27367.77,27140.35,27322.16,5410.17958
1682136000000,27322.15,27397.63,27225.0,27277.76,4190.23201
1682150400000,27277.75,27324.58,27184.24,27286.65,4851.36968
1682164800000,27286.65,27562.17,27231.0,27488.93,6866.08949
1682179200000,27488.93,27804.38,27484.63,27622.61,8389.52746
1682193600000,27622.61,27882.72,27566.91,27816.85,6316.29864
1682208000000,27816.85,27816.85,27415.56,27557.84,6582.80343
1682222400000,27557.83,27751.47,27531.85,27718.9,4072.92515
1682236800000,27718.89,27777.0,27482.79,27642.9,5189.51221
1682251200000,27642.89,27735.25,27311.25,27474.47,5943.17948
1682265600000,27474.47,27689.83,27330.0,27465.77,8237.43783
1682280000000,27465.78,27650.28,27402.88,27590.6,4786.23771
1682294400000,27590.59,28000.0,27427.3,27790.48,8178.33983
1682308800000,27790.49,27800.0,27350.0,27451.97,6200.98667
1682323200000,27451.98,27553.24,27157.14,27550.84,10313.90924
1682337600000,27550.83,27720.57,27200.0,27267.05,11420.22805
1682352000000,27267.06,27579.8,26942.82,27383.29,12309.41846
1682366400000,27383.28,27560.73,27320.47,27510.93,4688.68649
1682380800000,27510.93,27590.28,27313.74,27345.72,5310.06861
1682395200000,27345.71,27459.58,27240.8,27266.54,5140.31121
1682409600000,27266.54,27443.63,27192.0,27390.96,6631.97649
1682424000000,27390.96,27482.71,27199.17,27345.0,8847.60442
1682438400000,27345.0,27790.19,27316.2,27611.4,10129.47641
1682452800000,27611.39,28399.99,27611.01,28300.79,16265.70923
1682467200000,28300.8,28481.0,28244.62,28309.1,9794.44476
1682481600000,28309.09,28599.0,28301.05,28376.18,8441.48637
1682496000000,28376.19,29138.83,28371.99,28952.32,21338.25434
1682510400000,28952.31,30036.0,28952.31,29820.03,29557.57382
1682524800000,29820.02,29900.0,27694.06,27884.24,27955.54863
1682539200000,27884.25,28739.99,27235.0,28415.29,32141.09611
1682553600000,28415.29,29480.5,28378.86,28885.79,22447.76067
1682568000000,28885.78,29278.88,28632.25,28893.83,12428.75979
1682582400000,28893.84,29139.85,28780.45,28934.21,11084.1798
1682596800000,28934.21,29555.0,28661.58,29149.73,17936.04093
1682611200000,29149.74,29890.0,29013.44,29673.98,20847.10485
1682625600000,29673.98,29783.15,29255.53,29472.77,10686.97827
1682640000000,29472.77,29599.54,29330.0,29420.52,9071.8883
1682654400000,29420.52,29566.92,29396.89,29488.83,7539.59531
1682668800000,29488.83,29495.34,29137.76,29235.36,9546.8493
1682683200000,29235.36,29467.36,28891.0,29146.89,16054.08157
1682697600000,29146.88,29437.81,29101.28,29328.53,8039.55295
1682712000000,29328.53,29429.36,29276.75,29311.7,4046.19835
1682726400000,29311.69,29400.0,29195.58,29345.74,4266.76284
1682740800000,29345.75,29448.88,29289.44,29345.54,3485.37764
1682755200000,29345.54,29360.0,29234.39,29332.11,3230.99493
1682769600000,29332.11,29393.39,29210.24,29271.21,3619.27524
1682784000000,29271.21,29309.05,29031.0,29240.67,3877.98484
1682798400000,29240.68,29265.0,29138.25,29230.45,1986.43509
1682812800000,29230.45,29230.49,29079.59,29178.87,2342.26797
1682827200000,29178.88,29295.96,29171.22,29266.43,2111.33452
1682841600000,29266.43,29348.31,29160.53,29197.01,2785.88414
1682856000000,29197.02,29969.39,29182.74,29655.18,12772.70758
1682870400000,29655.18,29870.22,29211.28,29361.13,12470.01847
1682884800000,29361.13,29486.5,29160.96,29233.21,7270.32452
1682899200000,29233.2,29337.34,28369.95,28561.06,15966.85068
1682913600000,28561.07,28713.94,28250.15,28629.09,8593.24272
1682928000000,28629.08,28670.1,28487.42,28523.86,4839.78726
1682942400000,28523.85,28629.42,28075.36,28170.64,12056.92682
1682956800000,28170.64,28410.95,27799.99,27843.36,14168.83144
1682971200000,27843.35,28159.26,27666.95,28068.26,8808.02066
1682985600000,28068.26,28145.6,27918.49,28043.76,5134.45129
1683000000000,28043.75,28164.55,27872.0,28057.47,4237.79005
1683014400000,28057.47,28133.33,27939.4,28084.83,5040.42695
1683028800000,28084.83,28767.08,27910.0,28540.68,20134.60393
1683043200000,28540.69,28879.88,28431.48,28686.14,10323.68451
1683057600000,28686.13,28815.43,28616.08,28669.86,5953.56567
1683072000000,28669.85,28689.35,28336.3,28520.9,6054.38189
1683086400000,28520.89,28680.0,28427.56,28653.8,5308.0261
1683100800000,28653.81,28767.93,28526.18,28543.74,6103.80959
1683115200000,28543.73,28583.33,28113.69,28311.51,13681.91671
1683129600000,28311.52,28800.0,28211.08,28322.98,19116.3162
1683144000000,28322.97,29266.66,28285.19,29026.16,14351.34164
1683158400000,29026.16,29195.94,28950.98,29096.86,6023.39211
1683172800000,29096.85,29237.73,29038.31,29058.19,5854.55975
1683187200000,29058.2,29379.83,28982.58,29154.66,6802.18312
1683201600000,29154.65,29232.87,28663.64,28866.19,13921.52127
1683216000000,28866.2,28972.92,28673.59,28895.12,6804.94862
1683230400000,28895.31,28920.0,28748.0,28838.16,3168.87014
1683244800000,28838.16,29531.0,28819.77,29198.23,11947.31875
1683259200000,29198.22,29275.0,29029.87,29062.29,7022.92515
1683273600000,29062.29,29195.97,29022.27,29149.36,5306.30763
1683288000000,29149.36,29439.99,28800.0,29356.45,16673.08266
1683302400000,29356.44,29677.0,29315.78,29561.66,13062.47594
1683316800000,29561.66,29650.0,29450.69,29505.61,4403.72035
1683331200000,29505.6,29820.0,29337.83,29353.61,8317.65484
1683345600000,29353.62,29437.01,29250.65,29363.35,4244.22179
1683360000000,29363.34,29367.2,29132.14,29266.15,7223.00274
1683374400000,29266.16,29267.24,28300.0,28576.61,17920.04251
1683388800000,28576.62,28964.68,28535.26,28842.82,7823.22553
1683403200000,28842.82,28880.49,28642.0,28848.2,3721.13718
1683417600000,28848.19,29138.29,28744.08,28798.56,6222.87665
1683432000000,28798.57,28952.56,28787.02,28910.41,3568.17865
1683446400000,28910.42,28960.03,28705.12,28840.06,4273.23723
1683460800000,28840.07,29095.88,28840.0,28942.67,5289.32095
1683475200000,28942.66,29029.11,28770.69,28907.73,4257.69952
1683489600000,28907.73,28952.87,28395.23,28430.1,6392.09728
1683504000000,28430.09,28631.01,28004.23,28199.71,14859.1196
1683518400000,28199.72,28262.19,27830.85,27975.48,8390.05014
1683532800000,27975.47,27989.11,27577.01,27934.09,12536.98963
1683547200000,27934.09,28082.14,27669.5,27887.58,11265.19598
1683561600000,27887.58,27930.21,27289.39,27340.72,15387.57351
1683576000000,27340.72,27699.8,27262.0,27668.79,5805.43293
1683590400000,27668.8,27749.34,27534.55,27629.34,6065.10248
1683604800000,27629.35,27673.72,27437.32,27666.64,6284.15386
1683619200000,27666.63,27728.99,27517.7,27678.31,6095.98208
1683633600000,27678.31,27818.0,27370.01,27400.39,10521.56892
1683648000000,27400.39,27750.0,27353.0,27716.32,7606.46136
1683662400000,27716.32,27775.18,27521.49,27628.27,3540.04199
1683676800000,27628.28,27849.94,27620.19,27685.29,5494.08267
1683691200000,27685.29,27720.97,27529.88,27542.26,4166.55679
1683705600000,27542.26,27679.1,27474.91,27677.09,4341.29032
1683720000000,27677.08,28331.42,27635.81,28153.2,20173.02813
1683734400000,28153.21,28299.15,26777.0,27692.26,27681.52219
1683748800000,27692.27,27982.23,27219.0,27598.75,9298.63345
1683763200000,27598.74,27622.68,27367.76,27446.9,5751.34688
1683777600000,27446.9,27553.21,27395.88,27450.07,4068.24392
1683792000000,27450.07,27490.29,27257.98,27405.61,5364.94429
1683806400000,27405.62,27630.14,26952.0,27179.42,14153.77268
1683820800000,27179.43,27219.52,26702.05,26843.05,13568.21685
1683835200000,26843.06,27060.47,26807.22,26968.62,4728.78903
1683849600000,26968.61,27091.12,26528.01,26584.32,9615.45856
1683864000000,26584.33,26710.0,26120.74,26311.52,15964.27071
1683878400000,26311.51,26437.0,26234.79,26348.01,6428.01795
1683892800000,26348.02,26614.67,26271.65,26320.84,10467.89536
1683907200000,26320.83,26500.0,25811.46,26459.62,13923.67108
1683921600000,26459.63,26894.9,26360.85,26795.01,10808.62128
1683936000000,26795.01,26983.98,26692.03,26808.27,5326.73837
1683950400000,26808.27,26870.19,26695.41,26771.88,3324.74278
1683964800000,26771.87,26877.0,26746.53,26823.94,2880.66763
1683979200000,26823.93,26904.98,26736.0,26816.25,3969.69792
1683993600000,26816.25,27045.45,26757.32,26837.94,4607.2156
1684008000000,26837.93,26939.4,26750.0,26775.28,2705.84191
1684022400000,26775.27,26874.42,26560.53,26865.03,4054.69409
1684036800000,26865.04,26898.87,26793.53,26855.21,1996.19316
1684051200000,26855.22,26886.73,26790.02,26805.98,2360.00891
1684065600000,26805.97,27200.0,26744.7,27082.02,6476.4122
1684080000000,27082.01,27135.04,26827.23,26878.97,4269.87056
1684094400000,26878.96,26961.55,26842.57,26917.62,2437.62468
1684108800000,26917.61,27290.93,26726.0,27232.8,8804.15424
1684123200000,27232.8,27550.03,27180.01,27407.48,9336.327
1684137600000,27407.47,27485.5,27315.55,27336.12,4994.35313
1684152000000,27336.12,27534.0,27221.2,27396.8,6016.97493
1684166400000,27396.81,27663.59,27317.9,27418.24,7697.17284
1684180800000,27418.24,27418.24,27126.73,27162.14,3581.10119
1684195200000,27162.15,27296.89,26852.11,27130.0,7412.18425
1684209600000,27130.02,27252.59,26993.71,27252.58,4084.89688
1684224000000,27252.58,27286.08,26987.02,27059.03,6519.02741
1684238400000,27059.03,27137.69,26900.0,27038.02,7185.69731
1684252800000,27038.01,27151.51,26880.0,26933.05,5291.70789
1684267200000,26933.06,27049.74,26897.34,27033.84,2776.94077
1684281600000,27033.85,27238.55,26982.93,27060.04,4465.66046
1684296000000,27060.05,27100.0,26760.0,26845.14,5043.29563
1684310400000,26845.14,26914.3,26573.62,26637.62,7683.56934
1684324800000,26637.61,26836.06,26544.71,26796.93,8211.97472
1684339200000,26796.93,27447.29,26741.36,27385.09,11344.69624
1684353600000,27385.09,27500.0,27274.45,27405.61,6209.78146
1684368000000,27405.62,27485.33,27286.58,27365.69,4794.02065
1684382400000,27365.69,27454.14,27152.29,27391.61,5687.90418
1684396800000,27391.61,27440.01,27334.02,27398.97,4932.72046
1684411200000,27398.97,27472.14,27021.95,27086.77,11379.91575
1684425600000,27086.78,27118.36,26361.2,26734.01,17649.2143
1684440000000,26734.01,27065.27,26691.2,26821.28,4754.87609
1684454400000,26821.28,26929.04,26749.33,26834.73,3284.92163
1684468800000,26834.73,26960.24,26812.03,26851.38,3895.84769
1684483200000,26851.39,26926.61,26790.72,26855.89,3835.92219
1684497600000,26855.9,27183.6,26630.0,26883.65,10729.53517
1684512000000,26883.65,26973.56,26780.73,26834.46,5009.72566
1684526400000,26834.47,26921.21,26807.73,26880.26,1998.1831
1684540800000,26880.26,26908.42,26825.11,26865.58,1482.13696
1684555200000,26865.59,26873.63,26835.1,26854.98,1564.32919
1684569600000,26854.98,26917.38,26854.97,26880.06,1835.86678
1684584000000,26880.05,26976.0,26875.51,26945.66,2592.17838
1684598400000,26945.67,27150.0,26913.25,27063.03,4920.8158
1684612800000,27063.04,27129.36,26967.18,27102.43,2039.22007
1684627200000,27102.42,27277.55,27063.09,27176.22,3192.89918
1684641600000,27176.22,27176.22,27047.88,27054.99,2189.06207
1684656000000,27055.0,27085.81,26776.23,26829.94,5097.44885
1684670400000,26829.93,26977.0,26803.58,26898.97,4298.7889
1684684800000,26898.97,26933.33,26832.98,26902.12,2779.63268
1684699200000,26902.13,26926.29,26666.03,26747.78,3790.04111
1684713600000,26747.78,26779.54,26538.21,26644.8,5217.78929
1684728000000,26644.8,26913.14,26643.12,26843.13,4019.96121
1684742400000,26843.12,26900.0,26767.34,26826.78,2625.2567
1684756800000,26826.79,27099.89,26702.91,26877.18,8413.07143
1684771200000,26877.17,26930.0,26781.99,26862.43,4148.42459
1684785600000,26862.43,26959.52,26833.21,26849.27,2034.33506
1684800000000,26849.28,27442.03,26798.11,27366.67,11734.74573
1684814400000,27366.67,27495.83,27205.01,27304.4,9379.21247
1684828800000,27304.4,27349.0,27250.32,27337.36,4034.79813
1684843200000,27337.36,27386.26,27175.19,27320.05,5982.18313
1684857600000,27320.04,27328.48,27100.79,27181.22,4947.99802
1684872000000,27181.23,27249.38,27151.38,27219.61,2621.9011
1684886400000,27219.61,27219.61,26649.88,26786.0,8310.29731
1684900800000,26786.01,26830.42,26613.0,26678.67,7316.11741
1684915200000,26678.67,26839.02,26670.0,26742.24,5232.44209
1684929600000,26742.25,26742.25,26080.5,26314.69,19023.6564
1684944000000,26314.69,26397.64,26159.97,26252.33,8949.56603
1684958400000,26252.34,26486.46,26242.62,26329.01,5560.98646
1684972800000,26329.0,26394.37,25871.89,26183.72,8738.553
1684987200000,26183.73,26300.0,26126.76,26131.27,4175.09584
1685001600000,26131.27,26335.16,26128.37,26296.62,4349.74729
1685016000000,26296.61,26499.99,26168.6,26226.12,9538.70156
1685030400000,26226.12,26631.98,26207.47,26468.68,7740.72317
1685044800000,26468.67,26551.02,26432.46,26473.79,2892.62809
1685059200000,26473.8,26539.34,26350.0,26435.14,4447.14298
1685073600000,26435.14,26534.05,26327.24,26501.33,3969.78034
1685088000000,26501.34,26549.0,26423.62,26463.29,5035.26395
1685102400000,26463.29,26932.16,26355.81,26750.21,12837.29542
1685116800000,26750.22,26837.34,26610.49,26767.21,6306.29004
1685131200000,26767.22,26807.5,26686.0,26705.92,2465.4144
1685145600000,26705.93,26782.73,26633.0,26752.0,2670.95052
1685160000000,26752.0,26786.51,26710.0,26722.8,2156.5994
1685174400000,26722.8,26732.66,26666.37,26699.02,2242.83881
1685188800000,26699.02,26777.77,26551.0,26690.05,3174.31189
1685203200000,26690.06,26846.0,26620.35,26729.6,2781.7237
1685217600000,26729.6,26895.0,26726.01,26854.27,2069.26238
1685232000000,26854.28,27247.1,26764.36,27187.23,8004.20461
1685246400000,27187.24,27285.52,27128.41,27226.37,5618.39448
1685260800000,27226.38,27344.23,27136.01,27153.76,4114.67614
1685275200000,27153.76,27280.0,27100.02,27272.17,4058.9424
1685289600000,27272.17,27746.33,27212.91,27525.99,10140.27075
1685304000000,27525.99,28261.32,27525.99,28065.0,11979.52017
1685318400000,28065.01,28447.14,27914.28,27954.99,12178.46709
1685332800000,27954.99,28047.01,27841.0,27907.87,6651.3647
1685347200000,27907.86,27971.01,27745.78,27913.87,5028.062
1685361600000,27913.87,27949.7,27588.0,27630.51,7542.99192
1685376000000,27630.5,27737.99,27524.6,27637.94,7602.66189
1685390400000,27637.94,27818.0,27554.57,27736.4,3381.87185
1685404800000,27736.39,27940.55,27584.45,27829.23,4057.20611
1685419200000,27829.23,27848.28,27672.93,27733.22,3551.68079
1685433600000,27733.22,28038.59,27712.19,28021.4,6468.5174
1685448000000,28021.39,28027.78,27615.0,27673.08,9424.08758
1685462400000,27673.08,27862.84,27554.0,27850.2,5809.72829
1685476800000,27850.21,27855.13,27651.17,27694.4,3375.53354
1685491200000,27694.39,27835.51,27571.04,27657.3,4589.66625
1685505600000,27657.29,27677.67,26968.49,27167.9,14852.80264
1685520000000,27167.91,27203.73,26994.33,27097.18,7051.71041
1685534400000,27097.18,27231.34,26851.0,26911.54,10524.42883
1685548800000,26911.55,27123.43,26839.01,27010.57,5607.89699
1685563200000,27010.57,27299.99,27005.16,27210.35,3962.30061
1685577600000,27210.36,27350.0,26605.05,26779.94,11213.18795
1685592000000,26779.93,26883.6,26746.0,26802.67,4613.77433
1685606400000,26802.66,26951.07,26790.96,26892.96,4275.56782
1685620800000,26892.95,26981.34,26782.53,26894.48,6481.67546
1685635200000,26894.47,27175.0,26656.0,26862.68,8974.24713
1685649600000,26862.68,26942.98,26713.34,26817.93,3659.35611
1685664000000,26817.93,27017.0,26505.0,27000.0,7016.0416
1685678400000,27000.01,27213.0,26949.4,27049.65,6856.64454
1685692800000,27049.65,27183.07,27049.38,27130.75,3577.11
1685707200000,27130.75,27240.0,26860.71,27095.92,9100.69076
1685721600000,27095.93,27287.64,27006.22,27239.02,6294.35686
1685736000000,27239.03,27300.0,27143.37,27242.59,3536.05893
1685750400000,27242.59,27242.6,27092.0,27143.2,2715.88602
1685764800000,27143.2,27212.78,27105.73,27174.42,1822.46448
1685779200000,27174.42,27181.0,27112.73,27129.79,2020.98723
1685793600000,27129.78,27333.29,27126.85,27305.26,3088.32066
1685808000000,27305.27,27318.63,27025.59,27096.36,4087.75798
1685822400000,27096.37,27124.68,26914.93,27069.22,2859.9248
1685836800000,27069.22,27100.43,26951.0,27061.38,2017.63875
1685851200000,27061.37,27163.94,27027.0,27150.45,2458.23876
1685865600000,27150.46,27249.86,27123.81,27198.55,2737.05084
1685880000000,27198.54,27298.0,27160.11,27179.0,3447.67191
1685894400000,27179.0,27222.0,27155.0,27213.11,1986.61888
1685908800000,27213.11,27455.02,27043.65,27115.21,6611.19135
1685923200000,27115.2,27129.33,26791.04,26843.58,6449.76559
1685937600000,26843.57,26870.54,26740.38,26829.99,5422.13247
1685952000000,26830.0,26840.77,26668.0,26773.39,4723.46593
1685966400000,26773.39,26817.61,26000.0,26007.53,14719.7066
1685980800000,26007.53,26074.51,25388.0,25629.99,27456.05814
1685995200000,25630.0,25858.42,25509.98,25728.2,7034.47432
1686009600000,25728.2,25801.09,25601.0,25730.83,5737.28976
1686024000000,25730.83,25821.41,25706.18,25722.33,4562.45045
1686038400000,25722.34,25797.0,25640.33,25686.64,4705.4168
1686052800000,25686.64,26143.69,25351.02,26066.11,18580.6297
1686067200000,26066.12,27216.89,26066.11,27080.13,21954.76955
1686081600000,27080.12,27355.33,26857.92,27230.08,12852.04812
1686096000000,27230.07,27391.77,26720.47,26909.01,11374.06381
1686110400000,26909.01,26980.04,26753.01,26795.87,5395.14109
1686124800000,26795.87,26968.0,26352.0,26896.14,12299.41041
1686139200000,26896.14,26932.1,26236.0,26349.52,16129.1175
1686153600000,26349.52,26553.78,26240.47,26482.42,7669.83392
1686168000000,26482.43,26493.3,26125.01,26339.34,6751.87691
1686182400000,26339.34,26470.0,26210.0,26344.17,5218.61987
1686196800000,26344.16,26523.93,26290.19,26444.69,3725.37329
1686211200000,26444.68,26504.94,26368.04,26432.0,3204.5364
1686225600000,26432.01,26810.0,26300.0,26721.68,10657.94023
1686240000000,26721.69,26732.24,26414.02,26539.9,5458.16496
1686254400000,26539.86,26649.97,26488.01,26498.61,2810.87608
1686268800000,26498.62,26596.58,26269.91,26483.7,5322.52752
1686283200000,26483.69,26576.55,26424.35,26493.43,3615.92481
1686297600000,26493.44,26685.43,26491.66,26610.19,4887.18214
1686312000000,26610.18,26783.33,26452.86,26477.37,7205.6206
1686326400000,26477.36,26529.54,26383.05,26407.15,4445.40191
1686340800000,26407.15,26500.0,26397.11,26477.81,2458.05272
1686355200000,26477.8,26533.87,26266.0,26323.07,5021.65979
1686369600000,26323.07,26349.17,25456.41,25651.09,28094.05597
1686384000000,25651.08,25750.25,25561.25,25731.4,7165.46892
1686398400000,25731.41,25731.41,25572.94,25628.8,5268.77063
1686412800000,25628.81,26154.0,25358.0,25750.0,14974.92299
1686427200000,25750.01,25932.02,25679.59,25841.21,4419.72278
1686441600000,25841.22,25864.32,25695.0,25727.51,4218.10619
1686456000000,25727.51,25834.59,25634.7,25741.33,3668.97441
1686470400000,25741.32,25842.44,25695.0,25796.06,3776.68664
1686484800000,25796.05,25806.11,25672.68,25751.36,4082.10621
1686499200000,25751.36,26106.66,25738.07,26030.89,8314.30254
1686513600000,26030.89,26206.88,25745.03,25925.55,5954.11996
1686528000000,25925.54,26028.5,25602.11,25791.29,6665.93933
1686542400000,25791.29,25905.63,25744.06,25802.98,3896.06919
1686556800000,25802.97,26106.48,25780.0,25988.83,5833.76222
1686571200000,25988.82,25993.6,25734.47,25824.63,5467.66761
1686585600000,25824.63,25966.18,25652.04,25824.23,5214.5963
1686600000000,25824.23,25970.05,25804.3,25905.19,2822.47428
1686614400000,25905.2,26157.99,25818.07,26063.85,6646.9644
1686628800000,26063.85,26133.03,25973.7,26073.92,3654.18194
1686643200000,26073.91,26272.25,26060.77,26191.81,7274.19395
1686657600000,26191.81,26433.21,25712.57,25759.54,15947.44516
1686672000000,25759.54,25978.37,25739.38,25902.84,4582.14533
1686686400000,25902.83,25959.26,25808.1,25934.25,2960.67775
1686700800000,25934.24,26055.99,25911.6,25985.07,3250.7713
1686715200000,25985.06,26005.36,25837.13,25897.72,3115.6103
1686729600000,25897.71,26028.58,25885.35,25975.71,3129.69928
1686744000000,25975.71,26085.33,25927.22,25986.75,4693.52887
1686758400000,25986.74,26098.0,25753.38,25874.59,8531.61707
1686772800000,25874.58,25879.69,24820.56,25128.6,22356.08926
1686787200000,25128.6,25206.52,25030.01,25065.35,4255.38633
1686801600000,25065.35,25072.35,24872.35,24983.8,7733.13657
1686816000000,24983.81,25050.0,24800.0,25014.97,8784.77975
1686830400000,25014.97,25108.54,24921.11,24959.95,8435.0323
1686844800000,24959.96,25518.49,24929.0,25455.49,9617.56919
1686859200000,25455.49,25759.01,25220.25,25598.49,9838.95649
1686873600000,25598.49,25606.59,25440.39,25561.74,3915.20068
1686888000000,25561.75,25629.73,25475.84,25537.01,4070.48779
1686902400000,25537.0,25624.38,25462.03,25474.51,5108.24521
1686916800000,25474.51,25896.78,25175.56,25840.01,12940.05194
1686931200000,25840.0,26518.0,25774.02,26382.43,20866.29228
1686945600000,26382.43,26464.58,26287.97,26345.0,4696.63872
1686960000000,26345.01,26372.4,26181.0,26262.16,3497.08278
1686974400000,26262.17,26839.99,26246.0,26593.57,9565.95016
1686988800000,26593.58,26657.09,26473.5,26507.76,4665.11979
1687003200000,26507.75,26585.48,26311.0,26410.82,5426.02563
1687017600000,26410.82,26538.37,26378.95,26475.3,2713.13332
1687032000000,26475.31,26595.13,26465.42,26516.99,1974.90782
1687046400000,26516.99,26548.63,26378.98,26548.45,2397.66907
1687060800000,26548.46,26680.0,26472.03,26584.98,4069.09898
1687075200000,26584.99,26596.0,26456.83,26500.0,2525.69386
1687089600000,26500.0,26573.35,26444.0,26562.09,3559.38335
1687104000000,26562.09,26657.99,26525.99,26650.0,2834.3115
1687118400000,26650.01,26700.0,26255.85,26339.97,6152.15346
1687132800000,26339.98,26469.58,26256.61,26403.36,2818.66359
1687147200000,26403.36,26478.87,26369.0,26428.01,2925.34742
1687161600000,26428.0,26459.18,26364.4,26447.73,2824.90303
1687176000000,26447.73,26576.87,26348.01,26444.0,5446.90953
1687190400000,26443.99,27068.09,26308.45,26682.28,16596.08384
1687204800000,26682.29,26859.36,26652.19,26844.35,5260.75233
1687219200000,26844.35,27179.03,26798.68,26896.52,7510.40809
1687233600000,26896.53,27033.24,26755.0,26832.44,5125.51154
1687248000000,26832.45,26912.0,26702.47,26907.99,4550.36223
1687262400000,26907.99,27134.73,26652.0,27071.93,8935.82439
1687276800000,27071.94,28140.0,27001.73,27982.77,30469.11578
1687291200000,27982.77,28402.74,27872.0,28307.99,13075.73322
1687305600000,28308.0,29088.09,28257.99,28711.15,17152.45801
1687320000000,28711.15,29005.0,28680.0,28872.28,11260.27734
1687334400000,28872.28,29221.99,28787.7,28930.0,11143.04259
1687348800000,28930.0,30000.0,28875.81,29851.58,27907.23239
1687363200000,29851.58,30800.0,29763.37,30112.03,32165.45866
1687377600000,30112.02,30195.77,29800.0,29993.89,9297.93513
1687392000000,29993.89,30500.0,29891.15,30296.01,10104.59967
1687406400000,30296.0,30350.0,30010.0,30100.75,7689.18523
1687420800000,30100.75,30244.0,29840.09,29928.0,10681.90715
1687435200000,29928.01,30351.14,29525.61,29850.65,16896.20667
1687449600000,29850.65,30234.83,29821.5,30213.11,8943.57285
1687464000000,30213.11,30256.76,29880.0,29884.92,4739.09303
1687478400000,29884.92,30054.0,29800.0,30007.96,4581.18928
1687492800000,30007.97,30082.25,29904.29,29931.99,4355.16293
1687507200000,29932.0,30195.0,29906.71,30140.87,6057.11746
1687521600000,30140.86,31400.0,29911.07,31238.0,26083.48619
1687536000000,31238.01,31431.94,30615.33,30880.87,25886.97674
1687550400000,30880.88,30950.0,30453.1,30688.5,6967.96375
1687564800000,30688.51,30794.11,30410.0,30730.01,6049.00866
1687579200000,30730.0,30788.0,30552.01,30567.58,3587.21749
1687593600000,30567.58,30742.73,30552.78,30684.38,3478.09199
1687608000000,30684.37,30800.0,30282.07,30398.71,7419.33976
1687622400000,30398.72,30709.36,30250.0,30627.84,6143.31292
1687636800000,30627.84,30627.85,30408.95,30527.43,3836.33053
1687651200000,30527.44,30783.68,30465.41,30748.46,3538.22628
1687665600000,30748.46,31046.01,30666.87,30723.78,8518.57452
1687680000000,30723.78,30761.7,30584.51,30716.03,3922.90014
1687694400000,30716.03,30739.8,30462.0,30585.16,5838.8806
1687708800000,30585.16,30655.11,30328.0,30429.78,4871.42995
1687723200000,30429.78,30571.89,30277.49,30462.66,3533.43652
1687737600000,30462.67,30550.0,29963.6,30296.36,9207.88051
1687752000000,30296.35,30580.0,30164.79,30404.29,6806.5466
1687766400000,30404.28,30428.36,30130.0,30322.89,5433.69289
1687780800000,30322.89,30666.0,30257.02,30419.62,9096.84715
1687795200000,30419.63,30432.0,29930.0,30243.97,11221.92192
1687809600000,30243.97,30290.0,30099.0,30267.99,3413.52582
1687824000000,30267.99,30496.88,30226.17,30371.57,4890.13774
1687838400000,30371.56,30470.8,30233.58,30411.22,4152.72217
1687852800000,30411.23,30786.99,30336.0,30729.1,8932.93349
1687867200000,30729.09,30994.97,30383.0,30498.74,13404.27576
1687881600000,30498.74,30769.96,30455.5,30648.03,7509.05985
1687896000000,30648.03,30736.24,30554.09,30692.44,3810.51256
1687910400000,30692.44,30709.74,30336.36,30452.75,5422.85
1687924800000,30452.74,30488.83,30155.75,30186.13,6169.86931
1687939200000,30186.14,30388.0,30150.98,30310.73,4469.60145
1687953600000,30310.73,30490.86,30009.0,30411.06,10958.22627
1687968000000,30411.07,30466.36,29858.8,30100.0,9490.07497
1687982400000,30099.99,30218.55,29948.82,30077.41,3952.89737
1687996800000,30077.4,30245.9,30049.98,30176.0,2950.73551
1688011200000,30176.0,30421.48,30141.05,30340.29,3650.28435
1688025600000,30340.29,30750.0,30337.23,30670.94,9512.82089
1688040000000,30670.95,30843.98,30400.0,30478.8,10056.97009
1688054400000,30478.79,30663.37,30416.63,30584.99,5567.6853
1688068800000,30584.99,30639.9,30250.0,30447.31,4592.13289
1688083200000,30447.31,30883.68,30347.17,30745.05,7913.86236
1688097600000,30745.06,31282.0,30610.01,30765.09,15308.46395
1688112000000,30765.1,30963.2,30717.5,30910.01,6842.23429
1688126400000,30910.01,31137.36,29500.0,30067.72,36336.678
1688140800000,30067.72,30748.08,29925.5,30372.36,18843.02962
1688155200000,30372.37,30544.44,30340.46,30472.0,4174.80796
1688169600000,30471.99,30534.74,30375.85,30398.01,4008.04076
1688184000000,30398.02,30472.69,30320.57,30459.88,3285.51834
1688198400000,30459.87,30600.0,30420.77,30523.02,2775.7443
1688212800000,30523.02,30661.6,30503.94,30572.58,3801.28671
1688227200000,30572.59,30633.92,30543.99,30609.51,2240.4209
1688241600000,30609.51,30612.68,30548.88,30585.9,1390.73974
1688256000000,30585.9,30649.99,30463.16,30509.31,3211.40133
1688270400000,30509.3,30553.17,30470.01,30513.01,2300.42674
1688284800000,30513.01,30552.0,30484.0,30544.74,1915.72134
1688299200000,30544.74,30628.0,30155.0,30498.01,5741.64801
1688313600000,30498.0,30693.14,30366.65,30557.74,4005.03205
1688328000000,30557.74,30791.0,30425.47,30617.03,6112.18072
1688342400000,30617.02,30800.01,30587.77,30756.65,3617.65215
1688356800000,30756.65,30795.8,30606.0,30667.19,4529.14702
1688371200000,30667.19,30700.92,30583.01,30625.22,5651.3227
1688385600000,30625.22,31170.0,30570.27,31068.64,11506.76313
1688400000000,31068.64,31380.0,30800.8,31255.84,12496.68998
1688414400000,31255.83,31299.16,30900.0,31156.2,5960.06813
1688428800000,31156.2,31350.69,31096.48,31195.69,5915.60031
1688443200000,31195.68,31212.26,30879.29,30911.41,6224.065
1688457600000,30911.4,31080.0,30867.68,31067.99,4279.90524
1688472000000,31067.99,31080.0,30886.0,30964.37,5117.54936
1688486400000,30964.38,31130.0,30620.0,30696.84,8695.01225
1688500800000,30696.84,30843.73,30668.5,30766.51,2973.98727
1688515200000,30766.52,30878.07,30752.0,30868.71,2838.19206
1688529600000,30868.71,30869.57,30762.0,30774.25,2778.41767
1688544000000,30774.24,30810.34,30350.0,30404.3,9136.14566
1688558400000,30404.31,30452.0,30200.0,30356.11,10424.67966
1688572800000,30356.11,30591.57,30333.7,30431.95,4635.72484
1688587200000,30431.95,30539.13,30383.83,30504.81,3402.51133
1688601600000,30504.8,30560.51,30327.0,30490.85,2865.18104
1688616000000,30490.85,30857.89,30438.26,30803.19,6076.76347
1688630400000,30803.2,31500.0,30701.0,30846.55,20483.84413
1688644800000,30846.55,30887.1,29888.0,30407.01,27112.31388
1688659200000,30407.0,30464.13,30157.41,30309.88,7633.47953
1688673600000,30309.88,30345.18,29850.45,29895.43,7148.04405
1688688000000,29895.42,30165.64,29701.02,30135.4,8889.61673
1688702400000,30135.41,30300.0,29930.53,30007.4,5605.28806
1688716800000,30007.41,30199.0,29970.0,30118.7,4267.97548
1688731200000,30118.7,30443.75,30041.05,30390.83,8978.21955
1688745600000,30390.83,30449.0,30116.0,30246.2,4029.29082
1688760000000,30246.21,30346.06,30214.16,30344.7,2300.14831
1688774400000,30344.7,30386.81,30257.07,30274.83,2033.13323
1688788800000,30274.82,30279.19,30145.21,30193.36,2329.32411
1688803200000,30193.36,30313.98,30156.23,30201.71,2090.67845
1688817600000,30201.72,30239.37,30152.19,30208.0,1628.14246
1688832000000,30208.01,30318.25,30044.47,30112.0,2961.09304
1688846400000,30112.0,30289.99,30054.06,30284.63,2052.21913
1688860800000,30284.63,30402.98,30246.47,30287.99,2693.84185
1688875200000,30287.99,30299.89,30233.33,30265.0,1865.45368
1688889600000,30265.0,30310.0,30240.0,30266.69,1557.55664
1688904000000,30266.7,30445.52,30190.0,30349.47,4204.63044
1688918400000,30349.47,30349.74,30204.0,30242.42,1814.15215
1688932800000,30242.43,30249.99,30061.12,30160.71,3252.8672
1688947200000,30160.71,30240.0,29950.0,30156.17,5431.19593
1688961600000,30156.17,30160.0,30050.29,30112.1,2853.31032
1688976000000,30112.11,30245.9,30000.02,30240.0,4702.37808
1688990400000,30240.0,30362.0,30143.21,30312.81,5908.11612
1689004800000,30312.82,30840.0,30241.0,30837.4,7615.41653
1689019200000,30837.4,31045.78,30190.0,30411.57,14752.45954
1689033600000,30411.57,30600.0,30363.29,30476.0,4533.99483
1689048000000,30475.99,30658.0,30430.88,30535.38,4563.71355
1689062400000,30535.38,30567.32,30344.28,30404.31,4397.68536
1689076800000,30404.31,30813.63,30300.0,30596.45,7750.28791
1689091200000,30596.44,30693.87,30405.0,30581.99,4536.83905
1689105600000,30582.0,30650.0,30501.56,30622.1,2694.31241
1689120000000,30622.1,30671.38,30497.95,30588.32,3576.286
1689134400000,30588.32,30849.01,30565.53,30740.0,4266.19442
1689148800000,30740.0,30809.13,30656.0,30776.25,3490.22801
1689163200000,30776.25,30983.25,30461.59,30524.63,15884.13856
1689177600000,30524.63,30538.44,30210.0,30287.47,7668.51251
1689192000000,30287.48,30419.99,30238.28,30380.0,3223.63719
1689206400000,30380.0,30433.25,30274.0,30298.01,3210.23446
1689220800000,30298.01,30426.91,30251.0,30366.02,3711.05195
1689235200000,30366.01,30637.06,30345.05,30543.99,4724.52462
1689249600000,30543.99,31170.0,30459.91,30917.48,15742.34992
1689264000000,30917.48,31804.2,30718.27,31606.01,33413.97579
1689278400000,31606.0,31691.46,31000.0,31454.23,9970.38162
1689292800000,31454.23,31630.0,31333.0,31460.0,8667.09146
1689307200000,31459.99,31469.0,31075.25,31098.74,5686.39884
1689321600000,31098.75,31287.85,31083.95,31209.59,4545.37951
1689336000000,31209.58,31360.11,31050.0,31240.48,5568.76486
1689350400000,31240.49,31275.5,29900.0,30115.17,29179.61822
1689364800000,30115.18,30319.03,29985.31,30312.01,7102.23135
1689379200000,30312.0,30390.9,30200.0,30292.91,3765.02048
1689393600000,30292.9,30366.83,30257.45,30338.0,2509.41585
1689408000000,30338.0,30371.67,30263.25,30311.99,2699.92345
1689422400000,30311.99,30365.04,30250.99,30303.41,2114.38171
1689436800000,30303.4,30358.18,30256.89,30326.47,1864.0798
1689451200000,30326.47,30326.47,30269.96,30289.52,1165.732
1689465600000,30289.52,30335.0,30064.29,30188.0,4106.79294
1689480000000,30188.0,30311.99,30134.59,30265.22,1941.43927
1689494400000,30265.23,30350.0,30265.22,30306.01,2061.54158
1689508800000,30306.01,30441.46,30273.08,30379.95,3061.26246
1689523200000,30379.96,30403.13,30200.43,30252.93,2207.15898
1689537600000,30252.94,30361.0,30122.95,30231.99,2381.93287
1689552000000,30232.0,30336.96,30176.03,30312.66,2046.85414
1689566400000,30312.66,30323.05,30232.06,30281.0,2300.08203
1689580800000,30281.01,30328.0,29965.39,30161.7,6972.3241
1689595200000,30161.7,30308.0,30032.0,30174.83,5199.39113
1689609600000,30174.84,30241.03,29659.2,29884.39,10264.88813
1689624000000,29884.4,30285.71,29881.41,30138.0,4099.22886
1689638400000,30138.01,30239.78,30073.96,30073.96,2946.84335
1689652800000,30073.97,30118.19,29921.54,29968.13,4074.27718
1689667200000,29968.13,30111.68,29810.0,29884.01,5367.53981
1689681600000,29884.0,30034.15,29675.0,29912.0,7997.98214
1689696000000,29912.01,29964.99,29512.0,29715.99,7221.04629
1689710400000,29715.98,29865.0,29690.65,29859.13,2396.17133
1689724800000,29859.14,30076.71,29839.5,30059.11,3876.95657
1689739200000,30059.1,30189.09,29966.48,30000.68,4281.65902
1689753600000,30000.68,30046.0,29867.17,30012.63,3539.89276
1689768000000,30012.62,30128.0,29761.96,29956.46,6395.6526
1689782400000,29956.46,30100.0,29870.0,30044.31,4369.91637
1689796800000,30044.31,30054.0,29830.36,29909.21,3193.28405
1689811200000,29909.21,30047.95,29881.29,29948.01,2444.85301
1689825600000,29948.0,30246.98,29926.88,30202.77,5123.20299
1689840000000,30202.78,30417.46,30166.67,30284.9,7608.78698
1689854400000,30284.9,30316.0,29627.04,29810.18,11993.35064
1689868800000,29810.17,29872.71,29570.96,29756.0,6738.857
1689883200000,29756.0,29888.0,29669.56,29800.0,3631.63131
1689897600000,29800.0,29953.01,29726.34,29897.62,4221.94752
1689912000000,29897.62,29904.0,29751.9,29766.81,3343.90966
1689926400000,29766.81,29851.37,29729.76,29778.51,3237.11897
1689940800000,29778.51,29913.94,29778.5,29866.0,4668.9474
1689955200000,29866.0,30061.7,29770.0,29875.99,5597.68776
1689969600000,29875.99,29955.0,29833.93,29901.72,2811.79734
1689984000000,29901.72,29999.0,29896.0,29903.41,2730.91284
1689998400000,29903.4,29990.0,29848.0,29944.77,2257.82522
1690012800000,29944.78,29979.92,29864.48,29886.94,2527.3291
1690027200000,29886.93,29907.35,29828.77,29900.24,1964.17495
1690041600000,29900.23,29908.71,29801.66,29836.0,1801.40881
1690056000000,29836.0,29839.75,29625.1,29794.0,3378.75375
1690070400000,29793.99,29893.77,29730.0,29845.72,2210.12963
1690084800000,29845.71,29980.88,29845.71,29916.0,2924.91327
1690099200000,29916.0,29959.0,29884.0,29888.58,2006.54126
1690113600000,29888.59,29931.51,29852.29,29897.64,1417.20165
1690128000000,29897.64,30350.0,29897.63,30093.12,6979.01521
1690142400000,30093.12,30143.5,29920.37,30083.75,2754.98535
1690156800000,30083.75,30099.58,29669.83,29716.01,4955.72652
1690171200000,29716.0,29870.0,29660.0,29828.0,3839.73703
1690185600000,29828.0,29832.54,29000.0,29269.99,12633.36871
1690200000000,29269.99,29270.0,28861.9,29093.78,11841.66927
1690214400000,29093.78,29157.15,29000.0,29117.99,4363.62637
1690228800000,29117.99,29210.0,29090.36,29176.5,1994.86901
1690243200000,29176.5,29183.34,29047.65,29111.0,3185.67346
1690257600000,29111.0,29165.3,29074.55,29142.46,2754.17235
1690272000000,29142.46,29282.0,29120.0,29128.29,3420.58834
1690286400000,29128.29,29340.57,29082.84,29181.51,6818.58052
1690300800000,29181.5,29376.0,29181.5,29198.83,3475.16328
1690315200000,29198.82,29255.99,29183.93,29228.91,1911.56985
1690329600000,29228.91,29412.88,29096.94,29242.81,4301.44969
1690344000000,29242.8,29320.84,29180.0,29216.61,3303.70822
1690358400000,29216.61,29240.54,29160.33,29175.39,2818.48677
1690372800000,29175.39,29354.0,29166.36,29324.0,5180.25464
1690387200000,29324.01,29499.0,29195.0,29401.93,9364.62077
1690401600000,29401.93,29690.0,29280.01,29351.96,8963.11357
1690416000000,29351.95,29450.44,29302.01,29405.78,2433.06591
1690430400000,29405.78,29499.41,29378.6,29412.17,3487.8236
1690444800000,29412.18,29567.49,29396.0,29507.03,3279.97998
1690459200000,29507.02,29507.03,29236.78,29292.01,5407.7351
1690473600000,29292.0,29333.22,29083.85,29163.83,5538.09551
1690488000000,29163.83,29238.0,29133.5,29222.78,2329.77616
1690502400000,29222.78,29305.3,29188.15,29253.85,3009.31278
1690516800000,29253.84,29266.0,29135.15,29140.8,3783.45723
1690531200000,29140.79,29246.08,29123.12,29206.59,3823.62755
1690545600000,29206.58,29542.22,29206.58,29387.99,7235.3303
1690560000000,29387.99,29399.98,29194.05,29316.0,4641.51658
1690574400000,29316.0,29364.46,29284.68,29314.14,1500.37183
1690588800000,29314.14,29396.15,29296.0,29371.89,2528.35734
1690603200000,29371.9,29406.92,29295.0,29295.01,2178.5164
1690617600000,29295.0,29330.55,29256.18,29267.16,1989.92338
1690632000000,29267.16,29335.25,29261.87,29292.34,1933.64564
1690646400000,29292.34,29349.62,29290.6,29338.02,1140.45592
1690660800000,29338.03,29380.92,29338.02,29352.9,1080.46976
1690675200000,29352.9,29352.92,29306.03,29314.92,971.6578
1690689600000,29314.93,29331.98,29268.65,29294.31,1373.60195
1690704000000,29294.3,29326.47,29232.22,29314.0,2125.5252
1690718400000,29314.0,29449.0,29278.38,29349.37,3896.8527
1690732800000,29349.36,29405.66,29113.51,29202.28,3341.76402
1690747200000,29202.28,29284.0,29033.24,29281.09,3997.57274
1690761600000,29281.09,29530.0,29264.0,29421.99,4109.65797
1690776000000,29422.0,29443.68,29360.66,29373.61,2975.90381
1690790400000,29373.62,29420.06,29332.32,29405.99,3067.69901
1690804800000,29405.99,29473.97,29225.97,29247.98,4845.7793
1690819200000,29247.99,29274.99,29101.8,29157.48,4521.86978
1690833600000,29157.49,29295.24,29115.64,29232.25,3084.57977
1690848000000,29232.26,29347.16,28720.0,28835.0,8673.02328
1690862400000,28835.01,28970.81,28803.5,28937.3,4964.8536
1690876800000,28937.31,28995.59,28862.18,28862.19,3644.73244
1690891200000,28862.19,28980.0,28585.7,28954.0,9581.32861
1690905600000,28953.99,29335.0,28864.01,29274.41,8846.63298
1690920000000,29274.42,29739.25,29180.0,29705.99,9009.08071
1690934400000,29705.99,30047.5,29622.5,29632.96,12892.26158
1690948800000,29632.96,29719.77,29564.0,29577.26,5196.11558
1690963200000,29577.25,29577.26,29378.62,29562.49,6827.56627
1690977600000,29562.49,29603.8,29169.04,29321.4,9531.2654
1690992000000,29321.39,29364.0,28927.5,29151.56,11051.05572
1691006400000,29151.57,29233.06,29066.35,29186.01,2683.38686
1691020800000,29186.0,29275.8,29126.34,29182.14,3369.62096
1691035200000,29182.13,29192.0,29013.04,29044.17,3838.38639
1691049600000,29044.16,29197.78,28968.0,29146.01,3557.08908
1691064000000,29146.01,29433.33,29078.43,29259.07,7234.91983
1691078400000,29259.07,29368.86,29137.55,29281.32,5040.57791
1691092800000,29281.32,29361.14,29165.46,29193.64,3436.32577
1691107200000,29193.65,29251.68,29100.0,29161.29,2758.43275
1691121600000,29161.28,29253.02,29134.7,29212.92,2786.72183
1691136000000,29212.91,29263.52,29137.0,29167.51,3233.96545
1691150400000,29167.51,29333.08,29130.0,29274.28,5261.81968
1691164800000,29274.28,29286.7,28950.0,29032.06,5475.27303
1691179200000,29032.05,29130.35,28807.54,29113.99,4035.73943
1691193600000,29114.0,29152.23,29065.11,29094.53,2238.91853
1691208000000,29094.52,29097.72,29035.0,29052.81,2237.92793
1691222400000,29052.81,29090.39,29044.37,29048.0,2385.2365
1691236800000,29048.01,29082.13,28978.64,29041.49,2527.96804
1691251200000,29041.49,29099.0,29009.37,29067.35,1293.61863
1691265600000,29067.36,29092.38,29052.5,29072.13,961.85055
1691280000000,29072.13,29078.95,29036.0,29063.99,1730.38101
1691294400000,29064.0,29107.48,29045.96,29092.68,2554.57467
1691308800000,29092.68,29142.0,29047.82,29078.01,2173.81719
1691323200000,29078.01,29078.01,28991.88,29012.93,2574.91787
1691337600000,29012.92,29102.91,29000.52,29088.0,1393.09127
1691352000000,29088.0,29205.09,29038.13,29088.42,2751.41519
1691366400000,29088.43,29229.62,29018.25,29162.67,3469.1155
1691380800000,29162.66,29197.82,29050.77,29094.09,3151.67245
1691395200000,29094.09,29153.86,29045.14,29091.44,2870.95625
1691409600000,29091.44,29150.0,28788.73,28858.44,8042.90902
1691424000000,28858.45,29186.74,28701.03,29154.91,10217.00216
1691438400000,29154.91,29276.78,29121.12,29211.06,3215.22208
1691452800000,29211.06,29260.1,29146.45,29195.08,2613.81378
1691467200000,29195.09,29331.24,29181.81,29187.62,3984.65386
1691481600000,29187.62,29441.96,29171.47,29438.63,4673.9121
1691496000000,29438.63,29674.7,29354.0,29535.39,12230.25712
1691510400000,29535.38,29950.0,29535.38,29884.24,13510.46737
1691524800000,29884.23,30244.0,29685.76,29770.42,8687.42969
1691539200000,29770.41,29883.1,29613.0,29716.01,5699.9951
1691553600000,29716.0,29821.29,29673.34,29818.0,4621.81004
1691568000000,29818.01,29914.19,29740.01,29888.32,4765.65488
1691582400000,29888.32,30160.0,29676.86,29761.7,11490.49149
1691596800000,29761.7,29774.0,29396.95,29416.22,8420.25502
1691611200000,29416.21,29626.0,29376.67,29581.99,3005.68072
1691625600000,29581.99,29660.06,29566.66,29582.63,3086.43915
1691640000000,29582.63,29616.98,29491.11,29512.0,3524.95587
1691654400000,29511.99,29559.98,29476.0,29504.01,3463.97279
1691668800000,29504.01,29738.0,29400.0,29466.0,8102.29021
1691683200000,29465.99,29478.07,29320.2,29444.52,3677.42824
1691697600000,29444.52,29488.29,29422.71,29455.75,1608.36747
1691712000000,29455.76,29498.17,29352.47,29412.0,2899.21477
1691726400000,29412.0,29490.0,29380.04,29417.28,3351.66422
1691740800000,29417.28,29452.33,29350.0,29445.96,3809.67776
1691755200000,29445.96,29564.52,29354.0,29395.89,5863.2428
1691769600000,29395.9,29431.03,29252.45,29396.76,3515.35274
1691784000000,29396.76,29444.73,29396.76,29426.03,1197.89201
1691798400000,29426.02,29460.73,29381.56,29402.07,1581.2942
1691812800000,29402.06,29426.68,29384.82,29421.49,1711.51601
1691827200000,29421.48,29434.35,29390.57,29429.85,2189.80574
1691841600000,29429.85,29458.1,29408.28,29438.81,1390.34294
1691856000000,29438.81,29481.35,29411.58,29416.16,1263.44937
1691870400000,29416.17,29433.16,29400.0,29430.17,835.07242
1691884800000,29430.18,29455.21,29400.0,29418.56,1168.69051
1691899200000,29418.56,29418.57,29363.0,29396.36,1836.11114
1691913600000,29396.37,29416.53,29375.49,29383.38,1855.11829
1691928000000,29383.39,29393.76,29362.0,29374.2,1507.97478
1691942400000,29374.19,29474.65,29328.21,29442.91,2401.6459
1691956800000,29442.91,29446.0,29272.32,29303.84,2332.16885
1691971200000,29303.85,29429.95,29102.45,29399.91,9359.80818
1691985600000,29399.91,29469.63,29392.6,29422.01,2986.60563
1692000000000,29422.01,29495.76,29383.63,29409.99,3167.54657
1692014400000,29410.0,29672.0,29332.61,29599.99,7136.81271
1692028800000,29600.0,29695.32,29257.0,29360.54,6860.28114
1692043200000,29360.54,29471.31,29338.12,29430.93,1932.06109
1692057600000,29430.92,29454.23,29371.99,29402.01,2988.63804
1692072000000,29402.0,29435.02,29351.33,29408.84,3759.31138
1692086400000,29408.83,29457.44,29358.0,29366.0,4590.74949
1692100800000,29365.99,29499.26,29315.0,29332.66,5517.77561
1692115200000,29332.67,29369.23,29059.6,29181.73,7775.93801
1692129600000,29181.73,29243.08,29135.81,29200.0,2871.46438
1692144000000,29200.01,29259.85,29184.96,29228.51,3589.09589
1692158400000,29228.51,29235.54,29111.0,29197.67,4292.06725
1692172800000,29197.67,29216.46,29100.0,29164.67,4256.97828
1692187200000,29164.67,29211.34,29047.09,29106.55,5632.45835
1692201600000,29106.55,29235.0,28956.0,29111.7,6779.88052
1692216000000,29111.69,29139.99,28723.08,28730.51,8446.21825
1692230400000,28730.51,28783.48,28342.0,28657.31,10139.13995
1692244800000,28657.3,28706.31,28601.87,28621.99,3829.77192
1692259200000,28622.0,28635.3,28483.89,28545.11,5762.14855
1692273600000,28545.1,28573.55,27888.0,27934.02,19119.98745
1692288000000,27934.02,28089.78,27700.0,27894.01,14489.295
1692302400000,27894.0,27920.23,25166.0,26623.41,46931.19746
1692316800000,26623.41,26832.6,26321.18,26398.0,11747.28054
1692331200000,26397.99,26610.0,26157.71,26429.99,13379.28911
1692345600000,26430.0,26609.65,26381.6,26494.0,8403.77999
1692360000000,26494.0,26500.0,25931.95,26002.0,14426.63632
1692374400000,26001.99,26313.33,25619.0,26065.01,16489.27194
1692388800000,26065.01,26243.8,26006.01,26054.0,5344.39921
1692403200000,26054.0,26154.57,25924.0,25967.51,3998.46404
1692417600000,25967.51,26009.18,25801.09,25917.99,4454.75935
1692432000000,25918.0,25999.01,25884.0,25900.08,4023.9561
1692446400000,25900.07,26226.04,25872.06,26216.01,6106.37301
1692460800000,26216.01,26281.0,26026.96,26125.62,5104.24597
1692475200000,26125.61,26156.0,26033.16,26100.01,2472.95496
1692489600000,26100.01,26207.88,26046.4,26105.24,2661.66837
1692504000000,26105.23,26160.16,26047.41,26088.44,2915.3072
1692518400000,26088.44,26198.72,26058.98,26176.7,3036.61074
1692532800000,26176.69,26217.52,25971.05,26106.83,4427.24407
1692547200000,26106.83,26162.34,26002.51,26137.25,2456.00338
1692561600000,26137.25,26299.0,26137.25,26189.99,3560.07833
1692576000000,26190.0,26195.12,26070.0,26090.66,3015.05087
1692590400000,26090.66,26189.04,26000.0,26023.34,4091.24604
1692604800000,26023.33,26088.32,25880.2,26031.6,5803.825
1692619200000,26031.61,26198.89,25812.0,25939.59,9288.78777
1692633600000,25939.59,26164.0,25937.6,26097.74,4995.45618
1692648000000,26097.73,26258.42,26082.25,26126.92,3072.87647
1692662400000,26126.92,26139.42,26025.54,26055.99,2759.8298
1692676800000,26056.0,26117.28,26000.0,26106.69,2705.6774
1692691200000,26106.69,26112.44,26027.22,26049.64,2844.91271
1692705600000,26049.63,26100.23,25914.03,25936.61,5083.53852
1692720000000,25936.62,26054.73,25726.29,25779.99,10251.20292
1692734400000,25780.0,26070.04,25300.0,26056.0,10601.90553
1692748800000,26055.99,26187.99,25990.15,26006.32,4736.45838
1692763200000,26006.32,26183.91,25976.72,26057.13,5066.45045
1692777600000,26057.12,26096.0,25902.62,25939.49,3695.73713
1692792000000,25939.49,26185.0,25812.82,26144.0,8219.23356
1692806400000,26143.99,26819.27,26127.24,26632.0,15370.84219
1692820800000,26632.01,26723.99,26222.43,26432.72,6934.97807
1692835200000,26432.71,26547.89,26345.76,26442.01,4085.62274
1692849600000,26442.01,26516.0,26384.0,26477.38,3595.17305
1692864000000,26477.39,26577.87,26409.4,26444.02,3940.98697
1692878400000,26444.02,26444.02,25990.72,25996.34,8755.58585
1692892800000,25996.35,26163.0,25864.0,26039.44,6438.38839
1692907200000,26039.44,26207.15,25936.01,26180.05,3389.46416
1692921600000,26180.05,26187.34,26011.41,26106.0,2777.0727
1692936000000,26106.0,26111.11,25974.22,25980.5,3435.96694
1692950400000,25980.5,26128.75,25980.49,26096.4,2924.78322
1692964800000,26096.41,26314.05,25777.15,25932.01,11380.01633
1692979200000,25932.01,26066.62,25832.25,25972.36,4923.47202
1692993600000,25972.37,26085.2,25957.4,26060.01,2312.02651
1693008000000,26060.0,26125.77,26027.2,26087.15,1584.31997
1693022400000,26087.16,26088.0,26048.0,26050.81,2188.92461
1693036800000,26050.82,26060.0,26001.83,26045.87,1545.41373
1693051200000,26045.86,26078.0,25985.92,26054.0,1689.85745
1693065600000,26054.0,26060.0,26004.77,26034.21,1625.43664
1693080000000,26034.22,26047.62,25988.2,26017.37,1388.27082
1693094400000,26017.38,26030.55,25966.11,26021.96,1957.15103
1693108800000,26021.96,26055.54,26021.96,26043.61,1536.05749
1693123200000,26043.61,26095.6,26033.78,26060.44,2365.95212
1693137600000,26060.44,26182.23,26052.8,26122.15,2577.47772
1693152000000,26122.14,26179.0,26037.27,26125.49,2530.06704
1693166400000,26125.48,26133.71,26040.17,26101.77,1132.93676
1693180800000,26101.78,26105.0,25986.41,26012.98,3309.2282
1693195200000,26012.98,26038.83,25872.05,25934.12,3765.35956
1693209600000,25934.13,26004.0,25864.5,26000.99,3075.66108
1693224000000,26000.99,26253.99,25991.44,26104.17,6287.02969
1693238400000,26104.16,26191.79,25918.0,25996.26,3676.97567
1693252800000,25996.27,26178.83,25946.18,26120.0,2578.37235
1693267200000,26120.0,26206.24,26066.36,26083.19,2640.28117
1693281600000,26083.18,26095.08,25990.58,26004.2,4150.9928
1693296000000,26004.2,26046.0,25922.0,25975.55,3858.26938
1693310400000,25975.54,27692.0,25964.79,27423.44,33126.0864
1693324800000,27423.44,28142.85,27350.01,27831.33,23108.38949
1693339200000,27831.33,27883.61,27532.79,27716.34,7367.97564
1693353600000,27716.34,27768.57,27280.99,27391.13,7647.4885
1693368000000,27391.14,27476.03,27371.94,27436.25,3198.93935
1693382400000,27436.25,27499.0,27310.05,27338.51,4292.3234
1693396800000,27338.52,27464.45,27017.24,27201.63,12439.12326
1693411200000,27201.63,27286.88,27067.9,27178.28,5043.37898
1693425600000,27178.27,27337.78,27178.27,27299.99,2827.00499
1693440000000,27299.99,27303.36,27178.88,27217.27,2159.40313
1693454400000,27217.28,27294.97,27215.0,27261.03,2206.16181
1693468800000,27261.03,27587.51,27184.99,27303.96,6087.65912
1693483200000,27303.95,27315.47,26803.73,26922.01,11366.93936
1693497600000,26922.01,26924.87,25928.0,26162.79,20012.11138
1693512000000,26162.79,26194.86,25655.01,25940.78,9200.52921
1693526400000,25940.77,26100.0,25931.11,26081.01,3653.53305
1693540800000,26081.0,26095.0,25978.0,25990.92,2839.42565
1693555200000,25990.92,26072.34,25957.37,26047.49,3334.17072
1693569600000,26047.5,26156.0,25566.53,25811.0,12389.595
1693584000000,25811.0,25964.17,25333.75,25645.66,13943.51802
1693598400000,25645.65,25937.42,25565.55,25805.05,4871.90812
1693612800000,25805.04,25840.0,25752.47,25798.08,2127.00305
1693627200000,25798.07,25853.03,25766.75,25795.47,2209.29066
1693641600000,25795.46,25860.0,25774.81,25813.54,2779.60231
1693656000000,25813.55,25987.5,25785.64,25894.76,4217.26208
1693670400000,25894.77,25937.91,25763.2,25833.39,3407.85698
1693684800000,25833.4,25907.09,25817.84,25869.51,1509.7619
1693699200000,25869.52,25907.53,25826.29,25863.91,1838.85883
1693713600000,25863.91,25956.24,25863.9,25956.22,2043.30026
1693728000000,25956.23,25956.3,25877.3,25943.38,2252.14569
1693742400000,25943.39,26085.01,25807.32,25873.5,3971.46407
1693756800000,25873.5,26039.99,25800.0,26011.16,4105.96819
1693771200000,26011.16,26135.0,25927.94,25971.21,3262.73963
1693785600000,25971.21,26108.02,25877.66,25987.56,2742.29835
1693800000000,25987.56,26018.12,25912.21,25964.96,2506.15902
1693814400000,25964.97,26011.24,25865.57,25892.49,3211.69182
1693828800000,25892.49,25966.8,25717.04,25814.23,5847.53927
1693843200000,25814.24,25948.15,25810.0,25893.18,2750.22985
1693857600000,25893.19,25920.0,25631.21,25826.02,4719.67778
1693872000000,25826.03,25844.48,25562.62,25692.45,3386.10818
1693886400000,25692.45,25756.72,25678.06,25735.56,2479.9426
1693900800000,25735.57,25812.09,25654.0,25783.68,3542.48738
1693915200000,25783.69,25915.49,25625.03,25759.37,6381.87118
1693929600000,25759.38,25845.0,25683.93,25683.93,3526.88435
1693944000000,25683.93,25802.73,25675.0,25792.1,2006.09968
1693958400000,25792.11,25870.51,25773.12,25782.86,2108.7925
1693972800000,25782.87,25792.25,25723.65,25728.93,2565.45965
1693987200000,25728.93,25777.2,25715.16,25733.29,2008.48748
1694001600000,25733.28,25778.0,25540.0,25588.02,5745.79519
1694016000000,25588.01,26040.0,25372.51,25689.54,11670.04827
1694030400000,25689.54,25786.51,25655.02,25759.95,3163.94077
1694044800000,25759.95,25839.5,25724.78,25837.88,1892.99921
1694059200000,25837.88,25850.0,25745.94,25762.89,1972.57261
1694073600000,25762.89,25762.9,25691.07,25708.6,2016.54017
1694088000000,25708.6,25834.52,25615.38,25779.35,4992.81316
1694102400000,25779.35,25977.75,25773.52,25880.01,5075.15246
1694116800000,25880.01,26443.14,25858.21,26255.0,11737.41806
1694131200000,26255.0,26445.5,26198.91,26252.8,4810.99373
1694145600000,26252.81,26385.0,26190.0,26256.22,3987.88762
1694160000000,26256.21,26266.93,25647.26,25839.51,8537.78801
1694174400000,25839.52,25955.0,25795.45,25844.64,4962.39556
1694188800000,25844.64,25895.63,25719.8,25895.62,4267.45166
1694203200000,25895.63,25934.36,25850.13,25910.5,2433.24813
1694217600000,25910.5,25910.5,25850.82,25875.0,1941.95487
1694232000000,25874.99,25894.21,25836.49,25886.15,1429.45386
1694246400000,25886.14,25907.75,25849.05,25863.03,1850.2598
1694260800000,25863.03,25928.66,25796.64,25894.09,2845.92701
1694275200000,25894.1,25945.09,25845.7,25868.43,1669.62981
1694289600000,25868.42,25919.5,25857.74,25901.61,1243.39742
1694304000000,25901.6,25902.68,25825.8,25861.39,1632.63627
1694318400000,25861.39,25873.96,25750.35,25852.25,2547.77243
1694332800000,25852.25,25872.11,25795.33,25795.33,1981.33529
1694347200000,25795.33,25834.82,25712.6,25775.01,2761.76743
1694361600000,25775.02,25860.0,25570.57,25800.0,4870.21069
1694376000000,25799.99,26033.66,25771.3,25841.61,4944.54703
1694390400000,25841.6,25876.73,25652.78,25740.39,2981.1259
1694404800000,25740.38,25900.69,25720.82,25813.65,2792.04715
1694419200000,25813.65,25830.95,25577.3,25601.27,6042.88827
1694433600000,25601.27,25755.09,24951.0,25115.97,18581.63736
1694448000000,25115.98,25250.49,24990.38,25020.66,7066.27583
1694462400000,25020.66,25217.0,24901.0,25162.52,4218.34549
1694476800000,25162.53,25950.0,25131.48,25797.97,9471.3342
1694491200000,25797.98,25990.0,25612.7,25822.71,10644.05116
1694505600000,25822.71,26331.38,25735.29,26098.99,12127.23937
1694520000000,26098.98,26392.0,26033.73,26205.97,9779.83697
1694534400000,26205.98,26567.0,25882.43,26066.33,10617.06419
1694548800000,26066.34,26159.11,25790.0,25840.1,3794.85948
1694563200000,25840.1,25985.91,25764.17,25879.24,4479.57494
1694577600000,25879.24,26109.94,25850.91,25879.91,4004.23224
1694592000000,25879.91,26247.79,25866.17,26198.41,5303.36042
1694606400000,26198.41,26387.76,26016.22,26241.31,8919.40709
1694620800000,26241.31,26405.22,26055.0,26140.01,6947.90282
1694635200000,26140.0,26305.46,26140.0,26222.0,1956.35002
1694649600000,26222.0,26541.77,26126.77,26265.68,7110.56563
1694664000000,26265.69,26390.1,26163.96,26344.45,3606.44973
1694678400000,26344.44,26489.5,26270.0,26446.15,4402.22373
1694692800000,26446.15,26798.5,26342.08,26693.97,14426.13224
1694707200000,26693.97,26860.49,26546.6,26678.14,5794.82245
1694721600000,26678.13,26723.64,26473.0,26522.73,2992.97872
1694736000000,26522.73,26624.52,26448.19,26615.39,2958.71535
1694750400000,26615.4,26655.84,26550.99,26565.69,2763.44322
1694764800000,26565.69,26690.0,26375.01,26425.16,4924.84493
1694779200000,26425.17,26526.99,26224.0,26321.21,6805.88938
1694793600000,26321.2,26444.45,26315.02,26397.38,2849.35983
1694808000000,26397.38,26888.0,26373.21,26600.0,5925.04098
1694822400000,26599.99,26777.0,26571.42,26616.43,3344.48979
1694836800000,26616.44,26621.36,26467.45,26494.5,2906.09112
1694851200000,26494.5,26581.98,26445.0,26524.09,2406.5603
1694865600000,26524.08,26576.38,26481.87,26507.12,2133.43562
1694880000000,26507.12,26622.22,26496.14,26532.8,2049.68196
1694894400000,26532.79,26579.99,26507.0,26559.67,1120.67472
1694908800000,26559.67,26559.68,26416.16,26529.25,2710.33559
1694923200000,26529.25,26570.0,26490.88,26495.93,1526.00497
1694937600000,26495.94,26623.25,26493.13,26566.67,2353.14044
1694952000000,26566.68,26600.0,26525.28,26549.98,2199.71373
1694966400000,26549.98,26551.0,26464.64,26505.15,1859.40393
1694980800000,26505.14,26534.09,26399.0,26527.51,2349.50411
1694995200000,26527.5,26750.0,26377.35,26658.66,5170.61491
1695009600000,26658.66,26800.0,26567.09,26710.67,2963.99415
1695024000000,26710.67,27240.0,26684.02,27196.98,10966.96512
1695038400000,27196.98,27409.0,27130.0,27269.42,10343.13705
1695052800000,27269.43,27310.0,26631.0,26814.79,10706.60074
1695067200000,26814.78,26881.45,26728.0,26762.51,2849.12059
1695081600000,26762.5,26840.67,26667.79,26818.42,3113.83028
1695096000000,26818.41,26874.73,26750.88,26847.21,2439.90451
1695110400000,26847.21,27466.0,26847.21,27237.56,9626.79138
1695124800000,27237.57,27480.0,26881.37,27422.24,11536.82998
1695139200000,27422.24,27483.57,27069.9,27185.44,6638.06144
1695153600000,27185.43,27222.81,26990.01,27210.26,2835.10428
1695168000000,27210.25,27388.63,27085.0,27119.48,4518.58217
1695182400000,27119.48,27159.91,26936.79,27105.62,4997.15729
1695196800000,27105.61,27197.66,26950.0,27098.08,5250.00781
1695211200000,27098.07,27237.87,26997.94,27180.63,6236.27587
1695225600000,27180.62,27300.0,26800.0,26930.61,8978.6126
1695240000000,26930.62,27241.31,26921.7,27125.0,4226.58293
1695254400000,27125.01,27159.6,26936.66,27035.0,3714.08467
1695268800000,27034.99,27103.17,26979.92,26990.11,2893.95429
1695283200000,26990.11,27017.0,26618.9,26730.78,8251.18162
1695297600000,26730.77,26776.98,26377.7,26584.02,13026.53324
1695312000000,26584.01,26696.6,26545.82,26599.95,4279.24653
1695326400000,26599.95,26621.57,26497.94,26568.08,2311.82627
1695340800000,26568.08,26670.13,26468.77,26627.77,3453.40638
1695355200000,26627.77,26705.46,26573.93,26674.8,2976.05949
1695369600000,26674.8,26743.38,26590.0,26640.26,3120.40678
1695384000000,26640.26,26698.29,26556.6,26631.01,3906.70541
1695398400000,26631.01,26644.98,26531.01,26540.1,2659.9022
1695412800000,26540.1,26597.96,26488.0,26580.14,2081.74894
1695427200000,26580.14,26614.98,26524.59,26532.2,1739.54774
1695441600000,26532.21,26586.75,26509.0,26585.31,1797.98817
1695456000000,26585.32,26594.78,26554.49,26575.21,1236.67479
1695470400000,26575.21,26588.5,26546.2,26581.55,2014.77977
1695484800000,26581.55,26632.81,26559.83,26610.09,1599.62309
1695499200000,26610.09,26612.61,26558.07,26575.96,1052.08904
1695513600000,26575.97,26590.01,26558.85,26570.93,877.32467
1695528000000,26570.93,26573.7,26549.31,26563.44,1568.51411
1695542400000,26563.43,26611.8,26563.43,26596.71,1426.11493
1695556800000,26596.71,26628.8,26563.8,26578.06,1682.81945
1695571200000,26578.06,26738.54,26335.81,26449.17,6185.41964
1695585600000,26449.18,26521.67,26122.08,26248.38,3966.46491
1695600000000,26248.39,26343.1,26000.0,26157.45,6213.18391
1695614400000,26157.44,26195.44,26040.12,26189.21,3167.49454
1695628800000,26189.21,26233.43,26020.01,26075.41,3525.81677
1695643200000,26075.4,26300.0,25990.46,26243.72,5448.76058
1695657600000,26243.73,26425.63,26222.32,26331.83,5674.61846
1695672000000,26331.84,26446.15,26263.83,26304.81,2236.32964
1695686400000,26304.8,26397.46,26234.37,26353.87,2622.22978
1695700800000,26353.87,26363.84,26253.64,26272.01,1936.44889
1695715200000,26272.0,26334.75,26188.26,26273.83,3123.5531
1695729600000,26273.82,26306.39,26088.34,26126.66,4953.27044
1695744000000,26126.66,26295.99,26115.0,26247.7,3410.21082
1695758400000,26247.7,26288.68,26100.0,26221.67,2449.63763
1695772800000,26221.68,26289.5,26202.96,26278.04,1904.53237
1695787200000,26278.03,26289.0,26231.74,26246.34,1738.93762
1695801600000,26246.35,26848.07,26223.72,26766.7,10440.3616
1695816000000,26766.69,26850.0,26169.38,26304.42,13541.28007
1695830400000,26304.42,26313.79,26112.06,26267.8,4419.72965
1695844800000,26267.81,26385.0,26226.91,26372.99,2726.73847
1695859200000,26373.0,26557.75,26342.4,26379.15,4434.7586
1695873600000,26379.15,26513.46,26347.17,26459.99,3685.9607
1695888000000,26459.99,26623.84,26389.29,26476.93,4838.50281
1695902400000,26476.93,27064.0,26460.0,27020.0,13494.26165
1695916800000,27019.99,27308.48,26848.71,27100.0,14201.72571
1695931200000,27100.0,27166.42,26895.0,27021.39,3862.62544
1695945600000,27021.39,27134.16,26859.7,26957.99,4943.53529
1695960000000,26958.0,27244.89,26895.94,27179.98,4950.61601
1695974400000,27179.99,27179.99,26963.7,26970.78,3627.86592
1695988800000,26970.78,27149.05,26665.16,26888.57,9460.87808
1696003200000,26888.57,26954.09,26750.0,26926.52,3506.19154
1696017600000,26926.53,26984.99,26866.13,26906.96,1989.67535
1696032000000,26906.96,26946.98,26886.31,26915.3,1275.44354
1696046400000,26915.3,26958.04,26911.51,26931.75,1683.47171
1696060800000,26931.76,26997.0,26923.18,26936.02,2013.51121
1696075200000,26936.02,27094.99,26903.01,26996.29,3558.71394
1696089600000,26996.29,27043.61,26970.72,27020.7,2382.42914
1696104000000,27020.7,27081.78,26946.73,26962.56,1891.05353
1696118400000,26962.57,27048.0,26954.09,27044.76,1349.47617
1696132800000,27044.77,27158.59,27020.9,27107.95,2655.15215
1696147200000,27107.94,27289.08,27086.74,27187.71,3969.23722
1696161600000,27187.71,27229.29,27083.24,27153.18,3029.81327
1696176000000,27153.17,27155.0,27035.78,27103.02,2119.78834
1696190400000,27103.02,28065.51,27033.1,27992.57,11479.34753
1696204800000,27992.58,28210.0,27826.65,28126.54,8265.67461
1696219200000,28126.54,28430.0,27910.95,28311.91,8806.14392
1696233600000,28311.91,28484.28,28187.69,28198.04,9240.50392
1696248000000,28198.05,28580.0,27983.0,28026.31,11992.24274
1696262400000,28026.3,28123.39,27631.41,27964.99,9935.03954
1696276800000,27965.0,27965.94,27281.44,27494.51,8831.53768
1696291200000,27494.51,27640.0,27381.48,27601.55,5450.72832
1696305600000,27601.54,27676.52,27521.43,27540.64,3052.3436
1696320000000,27540.65,27642.83,27475.0,27559.99,3884.9952
1696334400000,27560.0,27579.7,27234.55,27345.0,8008.49633
1696348800000,27345.0,27486.2,27250.0,27275.0,4195.05272
1696363200000,27275.0,27469.65,27160.5,27426.46,4337.34938
1696377600000,27426.45,27510.29,27202.0,27430.43,6836.89213
1696392000000,27430.43,27454.98,27350.75,27453.78,2257.47331
1696406400000,27453.77,27643.09,27434.1,27572.43,4588.85168
1696420800000,27572.43,27633.42,27329.85,27404.22,5939.67141
1696435200000,27404.21,27839.72,27400.94,27618.1,6502.51104
1696449600000,27618.1,27831.51,27564.71,27778.57,3690.74243
1696464000000,27778.57,27896.07,27650.01,27651.73,3136.44638
1696478400000,27651.73,27702.2,27550.77,27607.98,2665.09726
1696492800000,27607.98,27774.55,27593.23,27725.68,2893.52044
1696507200000,27725.68,28120.39,27403.59,27555.0,13145.99675
1696521600000,27555.0,27617.57,27352.0,27471.28,6407.84463
1696536000000,27471.28,27509.45,27388.0,27410.39,2432.59073
1696550400000,27410.39,27590.0,27389.99,27559.2,3193.26664
1696564800000,27559.2,27651.0,27464.48,27638.52,3024.13516
1696579200000,27638.51,27801.0,27588.53,27760.0,5204.72994
1696593600000,27760.0,28044.86,27175.94,27941.12,14574.01071
1696608000000,27941.12,28038.0,27789.14,27952.36,7070.26306
1696622400000,27952.35,28295.0,27877.6,27931.09,4916.83726
1696636800000,27931.1,27955.9,27842.08,27900.41,2783.26342
1696651200000,27900.41,27944.84,27875.0,27890.8,1744.73112
1696665600000,27890.79,28029.67,27880.01,27942.12,2905.54923
1696680000000,27942.12,27986.27,27895.28,27939.8,1884.78495
1696694400000,27939.8,27964.2,27850.0,27865.48,2398.58265
1696708800000,27865.49,27959.75,27856.66,27956.67,1631.92688
1696723200000,27956.67,28095.14,27943.9,28064.87,3093.52502
1696737600000,28064.87,28076.04,27878.06,27905.61,4667.47017
1696752000000,27905.61,27937.5,27775.0,27811.63,3177.47074
1696766400000,27811.63,27999.72,27687.5,27892.74,3957.49167
1696780800000,27892.74,27948.68,27807.82,27894.99,2423.88211
1696795200000,27894.99,27980.0,27800.0,27917.05,2373.7295
1696809600000,27917.06,27987.93,27796.53,27921.73,2583.18056
1696824000000,27921.72,27944.0,27808.4,27813.27,2493.15029
1696838400000,27813.27,27842.03,27412.21,27468.92,9638.88315
1696852800000,27468.91,27578.81,27374.73,27443.31,6434.2211
1696867200000,27443.32,27750.03,27260.0,27616.66,8727.0625
1696881600000,27616.66,27653.27,27556.2,27590.12,1658.24879
1696896000000,27590.12,27697.56,27492.6,27632.32,2606.13865
1696910400000,27632.32,27706.34,27579.87,27651.45,2137.06344
1696924800000,27651.46,27735.0,27500.0,27508.87,3351.41272
1696939200000,27508.86,27630.0,27338.87,27408.01,7509.23729
1696953600000,27408.01,27511.96,27298.0,27397.3,5069.48339
1696968000000,27397.31,27470.01,27322.69,27390.12,2103.50834
1696982400000,27390.12,27477.39,27011.01,27016.05,6378.12491
1696996800000,27016.04,27143.91,26964.89,27021.95,4779.75697
1697011200000,27021.95,27332.0,27017.0,27196.26,4863.81154
1697025600000,27196.26,27262.45,26727.56,26779.46,8800.53993
1697040000000,26779.45,26795.63,26538.66,26763.2,9821.60446
1697054400000,26763.19,26885.41,26680.0,26875.52,2705.60925
1697068800000,26875.52,26947.04,26735.83,26847.07,4058.09199
1697083200000,26847.07,26920.81,26783.14,26810.66,2775.84887
1697097600000,26810.66,26867.14,26655.6,26837.84,5012.39582
1697112000000,26837.84,26862.74,26621.76,26675.0,4568.56033
1697126400000,26674.99,26804.99,26555.0,26712.9,4951.99519
1697140800000,26712.91,26775.0,26706.44,26759.63,2061.74892
1697155200000,26759.63,26876.06,26750.0,26781.69,2278.52858
1697169600000,26781.69,26943.0,26773.84,26875.0,2673.92674
1697184000000,26874.99,26903.94,26737.4,26820.92,3719.69143
1697198400000,26820.91,26966.85,26685.96,26706.83,5169.59481
1697212800000,26706.83,26807.1,26685.0,26778.57,3064.36424
1697227200000,26778.57,27130.0,26747.24,26862.0,7209.65919
1697241600000,26862.0,26989.58,26845.0,26930.78,2165.1795
1697256000000,26930.77,26939.35,26841.76,26868.8,2702.47424
1697270400000,26868.8,26900.0,26847.87,26872.35,1215.45022
1697284800000,26872.35,26943.39,26850.44,26942.56,1523.17658
1697299200000,26942.56,26953.18,26850.0,26864.29,1640.26284
1697313600000,26864.29,26883.57,26789.0,26852.48,1170.71238
1697328000000,26852.48,26916.77,26815.76,26880.46,1322.5614
1697342400000,26880.46,26889.22,26871.86,26882.52,757.14626
1697356800000,26882.51,26919.0,26843.79,26852.47,1287.85693
1697371200000,26852.48,26965.28,26808.25,26898.87,2674.18648
1697385600000,26898.87,27081.0,26893.41,27043.75,2777.70323
1697400000000,27043.75,27293.33,27015.0,27154.15,6455.2374
1697414400000,27154.14,27285.91,27112.66,27235.92,4516.03559
1697428800000,27235.92,27980.0,27193.98,27849.06,14546.31979
1697443200000,27849.05,27902.99,27641.72,27749.6,5907.32864
1697457600000,27749.61,30000.0,27709.04,28064.16,36786.47368
1697472000000,28064.16,28808.51,28064.16,28468.85,11103.90409
1697486400000,28468.86,28643.0,28230.37,28500.78,5539.16266
1697500800000,28500.77,28549.34,28231.01,28269.99,6029.14123
1697515200000,28270.0,28475.82,28069.32,28430.63,7626.94163
1697529600000,28430.62,28609.38,28350.11,28422.63,5901.16695
1697544000000,28422.63,28580.34,28135.35,28461.72,9714.28566
1697558400000,28461.72,28613.65,28306.42,28516.47,5911.15044
1697572800000,28516.47,28556.56,28373.33,28395.91,3245.75941
1697587200000,28395.91,28514.66,28320.29,28514.42,2906.41295
1697601600000,28514.43,28982.36,28441.71,28494.55,9157.86875
1697616000000,28494.55,28599.0,28236.41,28340.64,5054.62129
1697630400000,28340.65,28405.29,28142.87,28247.45,6975.16584
1697644800000,28247.46,28437.41,28230.2,28245.62,5434.84346
1697659200000,28245.63,28374.27,28190.81,28320.0,2633.56362
1697673600000,28320.0,28418.0,28100.66,28260.0,5118.8446
1697688000000,28260.0,28349.39,28230.0,28330.82,3083.94309
1697702400000,28330.82,28514.21,28280.96,28450.69,5223.26623
1697716800000,28450.7,28814.14,28420.0,28680.09,10201.17617
1697731200000,28680.09,28916.89,28457.56,28750.75,8031.46796
1697745600000,28750.75,28882.07,28598.6,28713.71,4236.80374
1697760000000,28713.71,29400.0,28578.29,29235.38,9163.6178
1697774400000,29235.37,29400.0,29111.28,29240.51,9839.47459
1697788800000,29240.52,30207.55,29227.75,29839.99,19249.91571
1697803200000,29839.99,29910.0,29380.0,29550.98,12314.89184
1697817600000,29550.98,29592.71,29321.0,29561.41,5075.99041
1697832000000,29561.4,29790.59,29513.5,29669.04,3778.20885
1697846400000,29669.05,29699.68,29464.77,29604.43,2997.17987
1697860800000,29604.42,29730.88,29541.86,29695.8,2576.21292
1697875200000,29695.8,29878.83,29634.56,29804.99,4484.08264
1697889600000,29804.99,29980.0,29678.69,29937.36,5565.77149
1697904000000,29937.37,30379.99,29846.0,30145.04,8767.01436
1697918400000,30145.03,30158.2,29850.0,29909.8,3127.25769
1697932800000,29909.8,30075.0,29843.2,29907.38,3204.67567
1697947200000,29907.38,30248.0,29640.0,29816.26,7070.12608
1697961600000,29816.27,29991.05,29780.11,29909.67,3326.38573
1697976000000,29909.66,29974.46,29781.0,29825.6,3134.79556
1697990400000,29825.61,29946.77,29805.13,29842.75,2320.10659
1698004800000,29842.75,30051.79,29714.28,29992.46,3796.456
1698019200000,29992.46,30799.0,29883.6,30736.69,12607.00915
1698033600000,30736.68,30985.12,30426.82,30518.02,11075.97196
1698048000000,30518.02,30784.54,30355.06,30657.04,7640.53796
1698062400000,30657.04,30970.0,30395.01,30883.33,8833.86153
1698076800000,30883.33,31440.06,30777.0,31354.42,19477.08264
1698091200000,31354.42,34741.91,31318.88,33069.99,33879.17922
1698105600000,33069.99,35280.0,32832.34,34061.6,34138.22019
1698120000000,34061.59,34594.56,33706.32,33999.98,18126.45664
1698134400000,33999.98,34876.4,33948.97,34542.91,16414.89876
1698148800000,34542.9,34835.74,33200.0,33668.9,23998.26959
1698163200000,33668.89,34386.12,33380.01,33796.5,13340.86259
1698177600000,33796.5,34250.0,33485.1,33922.73,9246.31641
1698192000000,33922.73,34399.82,33773.74,33999.39,7966.44126
1698206400000,33999.39,34204.78,33679.05,33857.53,6800.4179
1698220800000,33857.53,34446.42,33783.0,34199.2,7981.4462
1698235200000,34199.2,35000.0,34199.19,34839.8,14860.99739
1698249600000,34839.8,35132.85,34380.85,34738.54,10912.04662
1698264000000,34738.54,34850.23,34250.0,34496.05,6365.67592
1698278400000,34496.05,34824.13,34421.98,34793.29,4707.32825
1698292800000,34793.29,34810.0,34410.02,34647.34,6314.66045
1698307200000,34647.35,34745.86,33960.39,34102.66,9246.8653
1698321600000,34102.66,34370.0,33862.0,34044.43,10140.67337
1698336000000,34044.44,34123.6,33751.0,34044.02,6049.7206
1698350400000,34044.02,34278.0,34023.74,34151.66,3285.41458
1698364800000,34151.66,34171.28,33780.0,34117.08,4153.96403
1698379200000,34117.09,34245.0,33921.84,33942.0,4632.17928
1698393600000,33941.99,34177.0,33935.59,34047.01,4103.34074
1698408000000,34047.0,34195.21,33820.48,33999.48,8705.71
1698422400000,33999.48,34033.48,33390.95,33698.54,7648.42293
1698436800000,33698.54,33941.11,33679.44,33892.02,3086.78408
1698451200000,33892.01,34146.0,33860.0,34060.0,2335.65739
1698465600000,34059.99,34185.0,34019.33,34044.99,2291.45877
1698480000000,34045.0,34493.33,34031.26,34175.84,4892.05545
1698494400000,34175.85,34239.7,33907.79,34192.98,3899.8391
1698508800000,34192.97,34219.58,34077.0,34112.07,2130.66221
1698523200000,34112.07,34190.0,34060.78,34081.0,1330.45852
1698537600000,34081.01,34099.62,33952.0,33970.87,2004.83179
1698552000000,33970.87,34136.28,33930.0,34076.61,1406.72939
1698566400000,34076.6,34321.89,34074.44,34253.81,2878.54864
1698580800000,34253.81,34559.22,34253.8,34449.99,5341.38473
1698595200000,34449.99,34750.11,34372.0,34561.97,5585.25816
1698609600000,34561.97,34720.0,34400.61,34525.89,3468.76905
1698624000000,34525.88,34570.51,34181.47,34270.42,4239.81737
1698638400000,34270.42,34348.55,34114.74,34193.46,3937.4944
1698652800000,34193.46,34679.81,34161.1,34608.51,6064.00017
1698667200000,34608.51,34856.0,34470.0,34656.32,8870.13568
1698681600000,34656.33,34656.33,34062.84,34432.11,7331.80509
1698696000000,34432.12,34569.68,34320.0,34474.73,3214.70705
1698710400000,34474.74,34600.0,34202.33,34209.33,5051.31409
1698724800000,34209.32,34352.25,34082.89,34145.21,5057.82579
1698739200000,34145.22,34535.75,34025.0,34488.27,5689.4344
1698753600000,34488.26,34514.0,34130.0,34272.19,6831.14765
1698768000000,34272.19,34588.0,34223.26,34540.3,4824.38383
1698782400000,34540.3,34720.49,34430.0,34639.77,5283.79246
1698796800000,34639.78,34668.05,34400.0,34418.4,3748.08595
1698811200000,34418.39,34498.57,34316.0,34451.28,3216.51258
1698825600000,34451.28,34493.48,34345.0,34424.07,3350.79713
1698840000000,34424.07,35200.0,34097.39,34291.94,18986.89718
1698854400000,34291.94,34738.07,34280.02,34557.67,9620.10712
1698868800000,34557.67,35582.0,34540.0,35421.43,14550.88169
1698883200000,35421.43,35984.99,35362.0,35571.68,9449.66438
1698897600000,35571.68,35600.0,35063.25,35279.85,6885.55379
1698912000000,35279.86,35478.02,35095.0,35373.56,5508.48405
1698926400000,35373.56,35457.96,34537.99,34640.01,12490.69697
1698940800000,34640.01,35017.42,34300.0,35000.01,8717.23406
1698955200000,35000.0,35097.19,34706.51,34941.59,4963.94407
1698969600000,34941.58,34946.5,34366.7,34681.92,6231.00684
1698984000000,34681.91,34696.4,34310.0,34464.97,5176.71251
1698998400000,34464.98,34626.12,34120.0,34252.4,9096.58315
1699012800000,34252.39,34848.79,34150.68,34763.71,8827.89146
1699027200000,34763.71,34822.15,34323.37,34530.71,6448.30059
1699041600000,34530.71,34740.0,34485.65,34716.78,3290.71189
1699056000000,34716.78,34786.68,34632.47,34708.9,2289.85455
1699070400000,34708.91,35000.0,34585.18,34767.99,4121.79956
1699084800000,34767.99,34884.93,34680.13,34712.37,2852.30152
1699099200000,34712.37,34803.97,34644.0,34709.91,2652.63136
1699113600000,34709.91,34795.46,34692.52,34730.73,1532.96881
1699128000000,34730.74,35255.0,34708.54,35062.07,4927.99965
1699142400000,35062.06,35300.0,34935.0,35277.01,3702.56606
1699156800000,35277.02,35305.75,35043.92,35162.46,3529.75253
1699171200000,35162.46,35188.68,35000.2,35085.98,3592.01797
1699185600000,35085.97,35172.2,34757.47,34882.92,4242.30621
1699200000000,34882.92,35278.54,34867.14,34988.21,3621.09621
1699214400000,34988.2,35380.0,34448.0,35011.88,5840.99478
1699228800000,35011.89,35118.71,34830.0,34978.38,3649.8404
1699243200000,34978.38,35024.99,34725.9,34904.72,3041.02859
1699257600000,34904.72,35276.33,34827.01,35232.45,4297.55628
1699272000000,35232.45,35250.0,34902.06,35080.95,5415.59252
1699286400000,35080.95,35111.1,34810.64,35054.68,3397.16247
1699300800000,35054.67,35150.0,34892.03,35046.09,2545.2906
1699315200000,35046.09,35053.41,34790.64,34919.01,3383.15291
1699329600000,34919.01,34971.77,34822.36,34937.71,2463.23402
1699344000000,34937.71,34975.9,34551.0,34627.83,5977.50833
1699358400000,34627.83,34840.88,34523.06,34721.23,5012.74142
1699372800000,34721.23,35579.7,34560.0,35453.98,12011.04393
1699387200000,35453.98,35888.0,35200.18,35399.12,9841.05631
1699401600000,35399.13,35419.29,35231.08,35269.68,2888.44478
1699416000000,35269.69,35361.7,35167.78,35226.4,2664.83548
1699430400000,35226.39,35437.09,35185.95,35330.79,4576.58915
1699444800000,35330.8,35469.29,35100.0,35225.68,4799.53965
1699459200000,35225.67,35768.84,35185.0,35621.99,6363.85633
1699473600000,35622.0,36106.0,35390.0,35624.72,12108.07598
1699488000000,35624.72,36550.0,35534.05,36438.37,11800.31687
1699502400000,36438.38,36863.91,36415.01,36533.04,9881.69266
1699516800000,36533.05,36990.0,36530.0,36805.71,7641.34765
1699531200000,36805.71,37972.24,36759.0,37084.02,25282.63532
1699545600000,37084.03,37211.1,35600.0,36382.2,20436.92683
1699560000000,36382.21,36784.57,36139.57,36701.09,7494.96952
1699574400000,36701.1,36919.06,36446.2,36733.27,5576.15963
1699588800000,36733.27,36807.69,36427.61,36439.98,6598.97934
1699603200000,36439.98,37147.2,36324.71,37071.09,7391.3202
1699617600000,37071.1,37260.19,36822.0,37082.14,9124.64217
1699632000000,37082.13,37455.0,37080.0,37225.96,9459.37419
1699646400000,37225.96,37526.0,37070.19,37301.63,5263.57345
1699660800000,37301.63,37408.26,36900.1,37039.97,5167.05914
1699675200000,37039.97,37134.85,36920.73,37006.4,3675.17773
1699689600000,37006.4,37056.25,36910.0,36988.52,2618.7763
1699704000000,36988.51,37274.3,36951.1,37050.77,4126.50062
1699718400000,37050.78,37175.0,37030.2,37148.79,3185.90598
1699732800000,37148.79,37155.0,36666.93,37130.0,4211.55258
1699747200000,37129.99,37180.0,36731.1,36988.77,3440.45414
1699761600000,36988.76,37171.1,36913.28,37127.95,2922.37844
1699776000000,37127.95,37132.36,37026.69,37055.5,2825.04469
1699790400000,37055.49,37222.22,36931.1,37152.11,3875.65107
1699804800000,37152.1,37200.0,37051.95,37105.01,2221.61782
1699819200000,37105.0,37202.09,36938.23,37064.13,2402.04258
1699833600000,37064.13,37417.99,36852.11,36914.01,5822.70718
1699848000000,36914.01,37044.88,36755.0,36960.29,3900.97629
1699862400000,36960.28,37050.0,36692.58,36810.02,4369.7462
1699876800000,36810.02,36945.89,36534.04,36841.91,7276.03185
1699891200000,36841.9,37031.45,36601.0,36844.98,4846.32949
1699905600000,36844.98,36875.0,36333.0,36462.93,6582.39151
1699920000000,36462.93,36490.22,36190.17,36448.07,4651.02522
1699934400000,36448.08,36714.11,36381.1,36683.86,2922.79831
1699948800000,36683.86,36744.0,36236.36,36259.18,5833.01448
1699963200000,36259.17,36693.01,35889.0,36147.09,10629.71435
1699977600000,36147.09,36417.23,34800.0,35293.99,15656.19522
1699992000000,35294.0,35673.14,35214.39,35551.19,5810.93658
1700006400000,35551.2,35665.45,35360.0,35381.99,5203.09563
1700020800000,35382.0,35661.04,35375.38,35576.88,3200.65003
1700035200000,35576.88,36278.62,35576.88,36240.94,7279.36097
1700049600000,36240.95,36416.51,36002.35,36402.42,7663.06886
1700064000000,36402.43,37774.14,36254.0,37499.99,19742.8556
1700078400000,37499.99,37980.0,37306.49,37858.2,10480.10276
1700092800000,37858.2,37929.54,37337.57,37454.98,5899.68672
1700107200000,37454.99,37621.1,37307.55,37437.25,3745.59295
1700121600000,37437.25,37544.0,37121.09,37247.48,5941.88084
1700136000000,37247.49,37319.99,36256.15,36406.0,12973.96687
1700150400000,36406.0,36642.31,35500.0,35921.01,11093.12179
1700164800000,35921.01,36273.32,35666.0,36163.51,7836.14649
1700179200000,36163.51,36673.69,36101.44,36483.99,5583.82188
1700193600000,36484.0,36521.44,36145.55,36239.76,5666.70131
1700208000000,36239.76,36464.0,36121.0,36372.83,4890.8811
1700222400000,36372.82,36620.0,35861.1,36044.8,8673.98523
1700236800000,36044.79,36800.0,35909.17,36322.4,9576.6353
1700251200000,36322.4,36723.59,36308.0,36613.92,3891.5863
1700265600000,36613.91,36613.92,36360.22,36371.81,2299.53542
1700280000000,36371.8,36428.0,36178.58,36417.16,2814.36769
1700294400000,36417.15,36538.61,36375.28,36402.8,2149.96659
1700308800000,36402.79,36682.2,36347.69,36664.16,3645.00442
1700323200000,36664.17,36845.49,36600.1,36679.1,3784.84081
1700337600000,36679.09,36707.16,36443.1,36568.1,2408.52693
1700352000000,36568.11,36573.44,36388.27,36521.11,2116.93728
1700366400000,36521.11,36669.0,36489.02,36611.5,2050.36405
1700380800000,36611.49,36716.0,36384.02,36453.62,2580.92549
1700395200000,36453.63,36570.0,36385.7,36568.27,2681.83136
1700409600000,36568.27,36986.44,36511.11,36948.97,4671.72416
1700424000000,36948.97,37500.0,36800.0,37359.86,7144.56414
1700438400000,37359.85,37382.68,37038.3,37114.34,4380.59501
1700452800000,37114.34,37257.08,37040.17,37244.47,2513.17118
1700467200000,37244.47,37420.0,37061.1,37147.5,5201.70628
1700481600000,37147.51,37493.2,36677.0,37461.61,8457.57894
1700496000000,37461.62,37750.0,36812.13,37569.23,11506.10421
1700510400000,37569.23,37605.76,37271.1,37448.78,3963.54729
1700524800000,37448.79,37649.44,37304.72,37464.86,3770.22936
1700539200000,37464.86,37480.17,37241.25,37279.91,2518.10147
1700553600000,37279.91,37418.0,37150.0,37174.97,2879.73137
1700568000000,37174.97,37229.97,36250.0,36975.04,15562.92218
1700582400000,36975.03,37500.0,36580.0,36980.0,11546.8478
1700596800000,36979.99,37170.0,35735.0,35741.65,11368.71586
1700611200000,35741.65,36380.0,35632.01,36380.0,8021.60838
1700625600000,36379.99,36558.87,36325.44,36439.81,4670.23906
1700640000000,36439.8,36773.53,36391.03,36463.93,4677.7764
1700654400000,36463.94,36650.0,36239.2,36481.14,6621.28988
1700668800000,36481.15,37431.21,36372.58,37289.98,10097.37881
1700683200000,37289.98,37861.1,37214.81,37408.34,10963.01444
1700697600000,37408.35,37535.1,37240.0,37299.69,4156.03807
1700712000000,37299.7,37411.59,37267.07,37369.21,2658.47303
1700726400000,37369.22,37653.44,37159.95,37370.0,5573.62407
1700740800000,37370.0,37530.0,36870.0,36951.34,5765.71549
1700755200000,36951.34,37350.0,36917.0,37281.42,3452.87271
1700769600000,37281.42,37385.0,37203.65,37294.28,2221.20545
1700784000000,37294.27,37494.57,37251.51,37315.65,2460.68333
1700798400000,37315.64,37567.99,37300.39,37522.99,2717.47733
1700812800000,37522.99,38035.46,37423.9,37741.99,11102.76664
1700827200000,37741.99,38414.0,37600.0,38221.11,13063.06947
1700841600000,38221.1,38349.0,37550.32,37766.11,11475.45047
1700856000000,37766.11,37943.6,37580.0,37713.57,3861.35922
1700870400000,37713.57,37839.44,37676.03,37798.0,2373.98986
1700884800000,37797.99,37826.99,37720.0,37802.4,1474.49322
1700899200000,37802.4,37828.93,37591.1,37652.51,2311.89117
1700913600000,37652.51,37734.99,37620.0,37704.38,1782.5378
1700928000000,37704.38,37835.39,37699.99,37819.43,1622.06417
1700942400000,37819.43,37888.0,37711.76,37780.67,1831.16842
1700956800000,37780.67,37784.63,37662.18,37730.38,1377.5552
1700971200000,37730.39,37793.67,37694.48,37789.78,1297.87233
1700985600000,37789.77,37814.63,37666.8,37679.31,1757.13236
1701000000000,37679.3,37679.31,37287.0,37437.11,7053.17203
1701014400000,37437.11,37500.2,37150.0,37380.07,5225.6127
1701028800000,37380.07,37748.0,37320.3,37447.43,4553.19261
1701043200000,37447.42,37569.23,37200.0,37309.25,3126.25061
1701057600000,37309.26,37419.56,37051.0,37283.19,3100.46613
1701072000000,37283.2,37466.0,36900.0,37035.95,6528.86513
1701086400000,37035.95,37100.0,36715.0,36751.02,8123.63363
1701100800000,36751.01,37143.43,36707.0,36877.0,5701.39398
1701115200000,36877.0,37284.0,36792.51,37242.7,3420.46428
1701129600000,37242.7,37343.57,37102.47,37129.56,2560.73388
1701144000000,37129.55,37152.31,36868.41,37105.11,3974.8824
1701158400000,37105.11,37262.02,36931.1,37251.42,3375.56303
1701172800000,37251.43,37568.28,37142.81,37513.19,5331.32867
1701187200000,37513.2,38377.0,37513.19,38114.26,15744.36369
1701201600000,38114.26,38284.66,37670.97,37818.87,6557.595
1701216000000,37818.88,38093.72,37677.96,37940.49,4909.94962
1701230400000,37940.49,38235.36,37871.1,38096.69,3802.01892
1701244800000,38096.7,38450.0,37878.17,38104.65,8172.68572
1701259200000,38104.65,38280.0,37570.0,37830.75,8504.6664
1701273600000,37830.74,37932.77,37650.0,37874.2,4122.44625
1701288000000,37874.19,37884.72,37580.85,37854.64,3482.42416
1701302400000,37854.65,38051.84,37686.84,38051.84,3089.37694
1701316800000,38051.84,38145.85,37767.11,37792.98,4973.86237
1701331200000,37792.98,37905.26,37553.6,37885.15,4251.2581
1701345600000,37885.15,37966.94,37500.0,37619.84,7175.66836
1701360000000,37619.85,37807.37,37535.0,37749.34,3031.87293
1701374400000,37749.34,37809.99,37604.0,37723.96,2218.25277
1701388800000,37723.97,38082.42,37615.86,38043.05,4933.88554
1701403200000,38043.04,38348.0,38022.67,38244.08,7011.86412
1701417600000,38244.08,38833.0,38215.0,38580.17,11354.6813
1701432000000,38580.17,38629.65,38219.0,38413.5,6597.90033
1701446400000,38413.51,38999.0,38395.0,38762.4,9900.23568
1701460800000,38762.4,38900.0,38645.0,38682.52,3617.09627
1701475200000,38682.51,38795.05,38641.61,38782.27,2236.42755
1701489600000,38782.27,38826.94,38702.47,38702.48,2038.73396
1701504000000,38702.48,38789.52,38651.1,38740.16,2142.02023
1701518400000,38740.17,38869.36,38708.64,38811.75,3232.54427
1701532800000,38811.76,39705.0,38703.44,39420.0,10333.55099
1701547200000,39419.99,39717.14,39286.54,39450.35,6713.64461
1701561600000,39450.35,39555.53,39274.86,39381.11,3283.21647
1701576000000,39381.12,39490.0,39315.39,39478.72,2130.05497
1701590400000,39478.71,39544.0,39400.0,39479.7,2096.23661
1701604800000,39479.69,39805.93,39381.34,39760.42,5648.4296
1701619200000,39760.42,39841.1,39430.01,39565.99,4098.19535
1701633600000,39565.99,40250.0,39552.98,39972.26,9454.52035
1701648000000,39972.26,40884.98,39972.26,40709.77,11807.31888
1701662400000,40709.77,41750.0,40700.0,41441.1,14673.24426
1701676800000,41441.1,42154.83,41349.43,41596.01,19218.60165
1701691200000,41596.01,41914.16,41144.87,41270.33,14452.61587
1701705600000,41270.32,42049.97,41179.55,41987.28,8928.03794
1701720000000,41987.29,42420.0,41717.64,41991.1,10192.51199
1701734400000,41991.1,41991.1,41622.21,41829.99,5569.22291
1701748800000,41829.98,41919.08,41414.0,41528.0,6502.11306
1701763200000,41528.0,41758.77,41420.0,41726.09,5282.22923
1701777600000,41726.09,42497.0,41694.0,42268.29,11103.57913
1701792000000,42268.28,44100.0,42133.66,43814.36,25610.5034
1701806400000,43814.37,44488.0,43395.99,44073.32,13423.09871
1701820800000,44073.82,44146.08,43565.62,43736.06,8344.08213
1701835200000,43736.06,43857.13,43444.0,43688.87,6907.08616
1701849600000,43688.87,44297.21,43335.28,43839.21,12015.24809
1701864000000,43839.22,44279.98,43721.73,43785.2,11241.1126
1701878400000,43785.2,44146.71,43730.47,43984.71,7167.73459
1701892800000,43984.71,44071.0,43600.78,43762.69,5755.84135
1701907200000,43762.69,43999.84,43710.0,43926.84,2845.29665
1701921600000,43926.85,44047.33,43838.19,43884.01,4086.82628
1701936000000,43884.01,43896.48,42821.1,43188.03,14235.78276
1701950400000,43188.03,43925.0,42955.0,43659.99,9633.99747
1701964800000,43659.99,43755.26,43058.42,43203.58,10159.41241
1701979200000,43203.57,43456.06,43079.98,43273.14,6141.95288
1701993600000,43273.15,43524.99,43261.1,43366.01,4504.95753
1702008000000,43366.0,43550.0,43117.38,43166.01,6833.16986
1702022400000,43166.01,43729.73,43081.1,43653.82,6857.83835
1702036800000,43653.82,44030.16,43453.02,43760.94,9677.14869
1702051200000,43760.94,43970.0,43638.68,43945.11,5870.37306
1702065600000,43945.12,44700.0,43945.11,44170.99,9156.88807
1702080000000,44171.0,44281.23,44043.61,44139.38,3650.70918
1702094400000,44139.38,44358.02,44093.82,44180.22,3600.84041
1702108800000,44180.21,44191.58,43720.0,43817.35,5794.84719
1702123200000,43817.35,44136.52,43741.52,44045.1,5032.72519
1702137600000,44045.09,44082.19,43877.34,43924.39,2936.10136
1702152000000,43924.4,44084.55,43584.51,43713.6,3910.74675
1702166400000,43713.59,43864.04,43672.0,43845.32,2450.32524
1702180800000,43845.32,44016.0,43824.31,43966.44,2178.97643
1702195200000,43966.44,44049.0,43603.88,43738.02,3795.09728
1702209600000,43738.03,43973.76,43731.84,43903.73,3286.21496
1702224000000,43903.74,43931.13,43750.0,43797.1,2572.46554
1702238400000,43797.1,44046.0,43563.0,43789.51,4673.53813
1702252800000,43789.5,43804.5,40400.0,42309.58,18908.6688
1702267200000,42309.57,42321.03,41620.0,42132.51,12083.46157
1702281600000,42132.52,42481.1,41975.44,42344.01,7859.82672
1702296000000,42344.01,42390.32,41655.18,41803.44,9756.07667
1702310400000,41803.43,41857.08,40222.0,40779.99,20686.60455
1702324800000,40779.99,41349.97,40554.0,41253.4,7369.25973
1702339200000,41253.41,41938.8,41178.28,41735.29,6744.62632
1702353600000,41735.29,42068.91,41376.19,41916.27,6751.42919
1702368000000,41916.26,42104.12,41545.54,41584.57,5780.94254
1702382400000,41584.58,42070.23,41161.1,41348.0,9008.4306
1702396800000,41347.99,41457.35,40680.0,41137.99,9334.53079
1702411200000,41137.99,41555.0,41042.08,41492.39,5102.73829
1702425600000,41492.38,41506.0,40555.0,40829.36,7310.16225
1702440000000,40829.35,41242.0,40628.64,41115.27,4861.68197
1702454400000,41115.28,41280.0,40953.17,41004.69,4029.02932
1702468800000,41004.69,41955.22,40984.0,41939.18,8389.8547
1702483200000,41939.17,42886.0,41715.7,42734.01,10933.26953
1702497600000,42734.01,43475.2,42571.57,42869.03,10341.99996
1702512000000,42869.03,42948.55,42648.95,42713.86,5203.10028
1702526400000,42713.86,43110.0,42682.78,42898.98,4264.22686
1702540800000,42898.98,43311.1,42685.2,43267.06,5533.8289
1702555200000,43267.07,43367.83,41400.0,42448.28,13819.31926
1702569600000,42448.28,43420.0,42448.28,43094.13,8986.88383
1702584000000,43094.13,43179.7,42851.48,43022.26,4239.69796
1702598400000,43022.26,43080.81,42479.14,42795.94,4425.94195
1702612800000,42795.94,42868.59,42515.94,42699.99,4209.02021
1702627200000,42699.99,43026.33,42630.43,42776.03,4825.88804
1702641600000,42776.04,42787.24,41666.0,41909.56,10127.5738
1702656000000,41909.56,42192.48,41696.09,42096.08,5828.02612
1702670400000,42096.08,42264.03,41896.92,41940.3,4005.34308
1702684800000,41940.29,42410.99,41605.0,42333.79,4472.49888
1702699200000,42333.79,42357.24,42141.82,42222.67,2598.70745
1702713600000,42222.67,42339.55,42097.18,42331.99,3132.85327
1702728000000,42332.0,42611.08,42243.0,42604.0,4555.98897
1702742400000,42603.99,42724.43,42331.1,42351.73,6242.54279
1702756800000,42351.74,42412.37,42118.45,42278.03,3116.26611
1702771200000,42278.02,42298.82,41860.21,41925.55,3253.92773
1702785600000,41925.55,42061.1,41771.62,41886.75,3545.91185
1702800000000,41886.75,42016.83,41661.36,41960.07,3895.17552
1702814400000,41960.07,42020.17,41510.0,41811.37,4860.00923
1702828800000,41811.37,42424.07,41683.99,42105.91,7138.15215
1702843200000,42105.91,42190.87,41252.0,41374.65,5028.93804
1702857600000,41374.64,41470.1,40801.0,41090.92,8056.5341
1702872000000,41090.92,41312.39,40999.0,41126.02,5008.69759
1702886400000,41126.01,41270.27,40542.93,41105.12,10032.74176
1702900800000,41105.12,41750.0,40888.0,41265.96,9380.24237
1702915200000,41265.95,41735.5,41146.83,41701.1,4760.51462
1702929600000,41701.11,42757.81,41576.52,42657.8,9495.36206
1702944000000,42657.8,43497.0,42567.69,43082.2,9415.10546
1702958400000,43082.21,43131.2,42815.27,43036.16,4686.08353
1702972800000,43036.17,43268.74,42942.0,42976.11,6507.20412
1702987200000,42976.1,43041.1,42232.0,42486.86,8326.36673
1703001600000,42486.85,42646.66,41811.1,42341.96,8193.50655
1703016000000,42341.96,42528.67,42121.12,42275.99,3799.59805
1703030400000,42275.99,42493.2,42206.0,42419.75,3428.07755
1703044800000,42419.75,43041.0,42376.15,42924.23,6003.2756
1703059200000,42924.23,42998.08,42675.0,42864.44,4763.28129
1703073600000,42864.43,44283.0,42757.32,44027.2,17908.79006
1703088000000,44027.2,44250.0,43486.0,43738.01,9819.94341
1703102400000,43738.01,43812.23,43230.17,43668.93,6786.92679
1703116800000,43668.92,43731.08,43286.72,43649.37,4790.55223
1703131200000,43649.36,43877.75,43451.44,43764.5,3938.84606
1703145600000,43764.49,44100.0,43579.22,43931.6,6686.08927
1703160000000,43931.6,44242.35,43380.0,43823.99,8691.42689
1703174400000,43824.0,43927.7,43370.4,43588.8,6170.9554
1703188800000,43588.79,44119.2,43554.01,43861.8,4346.42399
1703203200000,43861.79,44251.0,43722.46,44008.0,5039.97364
1703217600000,44008.0,44398.26,43534.47,43584.37,7209.42647
1703232000000,43584.37,43839.22,43463.0,43753.94,5847.93033
1703246400000,43753.95,43809.4,43412.54,43671.1,5724.75521
1703260800000,43671.1,43992.0,43481.14,43640.79,5097.02561
1703275200000,43640.79,44048.16,43617.44,43969.04,3864.08512
1703289600000,43969.04,43988.68,43456.0,43526.43,4037.34134
1703304000000,43526.43,43650.1,43291.1,43562.32,2798.28564
1703318400000,43562.31,43669.88,43490.01,43547.78,2368.14341
1703332800000,43547.78,43856.0,43547.77,43756.24,2820.01582
1703347200000,43756.24,43850.0,43695.03,43703.81,2133.70247
1703361600000,43703.82,43835.94,43632.77,43702.16,2399.64062
1703376000000,43702.15,43907.57,43606.18,43834.48,2902.02733
1703390400000,43834.48,43946.0,43401.0,43651.17,4698.01101
1703404800000,43651.17,43694.72,43405.0,43634.2,3167.95205
1703419200000,43634.19,43864.08,43560.74,43680.23,3405.69652
1703433600000,43680.23,43713.86,43550.0,43618.07,2583.11278
1703448000000,43618.08,43618.08,42500.0,42991.5,8387.53527
1703462400000,42991.5,43158.59,42720.43,43152.78,3868.54726
1703476800000,43152.78,43335.13,43101.53,43208.15,2830.7695
1703491200000,43208.15,43291.05,43045.43,43171.11,3716.03265
1703505600000,43171.11,43802.32,43080.01,43618.0,7057.73658
1703520000000,43618.01,43710.01,43343.83,43474.25,5196.06699
1703534400000,43474.25,43720.96,43328.14,43576.13,4352.08694
1703548800000,43576.12,43592.68,43362.23,43451.46,3221.59168
1703563200000,43451.45,43474.26,42545.0,42774.12,9020.48128
1703577600000,42774.12,42798.0,42150.0,42685.55,8870.72819
1703592000000,42685.56,42827.68,42250.0,42391.5,5600.42168
1703606400000,42391.51,42434.2,41637.6,42109.11,10403.73943
1703620800000,42109.11,42591.89,42055.0,42508.93,3893.08056
1703635200000,42508.93,42541.1,42098.69,42234.66,3610.05423
1703649600000,42234.65,42542.0,42200.0,42455.83,3330.54138
1703664000000,42455.82,43220.0,42399.72,43019.11,7678.46442
1703678400000,43019.11,43150.0,42706.0,42980.65,8156.72899
1703692800000,42980.64,43215.0,42862.56,43154.34,5972.52558
1703707200000,43154.34,43677.0,43121.45,43428.85,7442.89676
1703721600000,43428.86,43787.57,43304.27,43408.41,6082.45863
1703736000000,43408.4,43624.74,42794.11,43049.17,6215.79694
1703750400000,43049.17,43192.17,42868.36,43059.98,4444.14335
1703764800000,43059.98,43125.03,42401.01,42445.99,8560.56823
1703779200000,42445.99,42725.3,42241.79,42610.64,5662.59381
1703793600000,42610.64,42745.97,42334.99,42563.76,4184.96389
1703808000000,42563.76,42800.0,42088.92,42697.42,7125.40815
1703822400000,42697.42,42766.68,42222.0,42273.34,5131.05672
1703836800000,42273.35,42934.0,42268.26,42862.01,5291.84387
1703851200000,42862.0,43111.0,42106.64,42271.09,7861.37483
1703865600000,42271.09,42351.1,41650.0,42116.51,10317.88826
1703880000000,42116.51,42240.0,41300.0,42066.95,6869.61729
1703894400000,42066.94,42209.22,41820.0,41972.81,3202.20282
1703908800000,41972.81,42160.0,41930.43,41947.16,2351.82225
1703923200000,41947.16,41988.62,41520.3,41893.96,4706.52607
1703937600000,41893.96,42430.0,41882.71,42374.96,4551.60091
1703952000000,42374.97,42612.32,42247.44,42361.13,5264.43841
1703966400000,42361.13,42399.25,42079.97,42140.28,2829.98772
1703980800000,42140.29,42433.49,41965.84,42176.0,3144.53455
1703995200000,42175.99,42693.0,42156.09,42537.1,3915.10728
1704009600000,42537.1,42899.0,42369.15,42518.36,4626.12098
1704024000000,42518.36,42646.27,42352.76,42457.17,3403.65176
1704038400000,42457.17,42719.8,42436.47,42619.04,3036.19166
1704052800000,42619.04,42680.36,42056.0,42283.58,5460.3098
1704067200000,42283.58,42775.0,42230.08,42330.49,3948.08335
1704081600000,42330.5,42500.0,42180.77,42492.46,2706.9988
1704096000000,42492.46,42762.39,42452.58,42690.2,2948.80274
1704110400000,42690.21,42847.07,42580.0,42783.05,2936.44406
1704124800000,42783.05,43550.0,42664.42,43517.99,5686.97164
1704139200000,43517.98,44184.1,43361.6,44179.55,8946.99844
1704153600000,44179.55,45500.0,44148.34,45402.38,17093.28659
1704168000000,45402.38,45643.75,45121.96,45455.53,8388.42302
1704182400000,45455.52,45879.63,45200.0,45433.99,10027.39458
1704196800000,45433.99,45800.0,44833.33,45184.82,13236.12915
1704211200000,45184.83,45399.84,44790.96,45039.49,9745.60445
1704225600000,45039.49,45297.26,44600.0,44946.91,6655.56882
1704240000000,44946.91,45410.91,44862.11,45262.69,4750.68596
1704254400000,45262.7,45384.84,44940.93,45011.77,4691.11517
1704268800000,45011.77,45500.0,43500.0,43702.88,13237.52778
1704283200000,43702.89,43716.0,40750.0,43000.01,35484.1521
1704297600000,43000.01,43567.92,42000.0,42596.67,16895.34192
1704312000000,42596.66,42966.27,42518.7,42845.23,6135.7288
1704326400000,42845.23,43220.56,42613.77,43102.8,5488.13855
1704340800000,43102.79,43273.08,42756.97,42763.08,5443.39629
1704355200000,42763.08,43233.81,42616.28,43176.32,6746.40949
1704369600000,43176.33,44329.99,43097.06,44051.1,11599.01023
1704384000000,44051.1,44437.5,43777.86,43956.48,9399.52176
1704398400000,43956.48,44729.58,43890.9,44151.1,9361.58702
1704412800000,44151.1,44284.0,42450.0,43465.21,11721.50264
1704427200000,43465.21,43926.0,43187.89,43777.47,4949.61031
1704441600000,43777.48,44324.8,43433.0,43771.34,7055.63723
1704456000000,43771.34,44110.07,43100.0,43500.01,10044.2804
1704470400000,43500.01,43808.07,43100.46,43600.0,7460.07613
1704484800000,43600.0,44357.46,43580.51,44145.11,6844.14656
1704499200000,44145.12,44214.42,43812.5,43931.1,3123.46193
1704513600000,43931.1,43971.1,43397.05,43653.2,4242.79756
1704528000000,43653.2,43771.1,43551.28,43671.96,2449.54997
1704542400000,43671.97,43920.08,43527.27,43867.17,2610.13838
1704556800000,43867.17,44148.58,43828.5,43906.36,2971.24432
1704571200000,43906.35,43980.0,43611.19,43968.32,2437.86928
1704585600000,43968.32,44259.29,43833.4,43940.41,3397.43777
1704600000000,43940.41,44100.0,43843.52,44080.0,2347.11787
1704614400000,44080.0,44167.81,43880.65,44061.1,3023.73501
1704628800000,44061.1,44480.59,43945.15,44047.57,5972.98911
1704643200000,44047.57,44262.53,43700.0,44244.77,3590.89146
1704657600000,44244.77,44269.92,43572.09,43929.02,4691.67958
1704672000000,43929.01,43986.0,43175.0,43518.2,7371.99098
1704686400000,43518.2,44341.8,43430.79,43974.55,7157.43221
1704700800000,43974.55,44688.0,43641.73,44635.99,6636.26767
1704715200000,44636.0,45333.0,44350.0,44963.04,17212.53878
1704729600000,44963.04,47248.99,44793.97,46979.35,24462.97732
1704744000000,46979.36,47207.16,46653.84,46951.04,9973.36893
1704758400000,46951.04,47150.0,46230.0,46926.96,10102.12931
1704772800000,46926.96,46940.0,46599.43,46825.51,4707.40981
1704787200000,46825.52,46874.94,46381.1,46615.99,6018.83491
1704801600000,46616.0,47051.21,45450.0,46868.09,15811.82358
1704816000000,46868.08,46975.0,46500.0,46876.01,7310.48299
1704830400000,46876.0,47972.0,44748.67,46110.0,25976.98557
1704844800000,46110.0,46249.14,45622.0,46117.1,6964.52629
1704859200000,46117.1,46186.0,45734.56,45757.98,4441.30134
1704873600000,45757.98,45861.1,45000.0,45515.89,8371.11286
1704888000000,45515.88,45662.01,44300.36,45546.4,17519.34998
1704902400000,45546.39,46666.0,45173.97,46489.18,17808.51212
1704916800000,46489.19,47695.93,44800.0,46653.99,34806.60944
1704931200000,46654.0,46750.0,46200.0,46502.16,7964.915
1704945600000,46502.17,46507.08,45618.1,46101.4,7551.87335
1704960000000,46101.4,47150.0,46052.0,47060.0,8538.48554
1704974400000,47059.99,48969.48,46463.19,46783.78,36318.80534
1704988800000,46783.77,47022.07,45606.06,46692.3,19172.2659
1705003200000,46692.29,46975.0,46084.69,46339.16,7923.98447
1705017600000,46339.16,46515.53,45898.0,45994.0,5377.44001
1705032000000,45994.01,46366.0,45742.49,46008.19,5766.26871
1705046400000,46008.19,46267.0,45537.37,45954.35,7038.70566
1705060800000,45954.35,46109.0,44333.44,44462.01,19196.21655
1705075200000,44462.0,44675.88,43212.0,43472.55,26388.04032
1705089600000,43472.56,43981.1,41500.0,42782.73,22561.26582
1705104000000,42782.74,42997.29,42436.12,42609.94,9945.53429
1705118400000,42609.94,43254.03,42555.84,43102.97,6237.82222
1705132800000,43102.97,43254.96,42509.11,42624.0,6962.30044
1705147200000,42624.01,43257.0,42505.0,43154.48,6063.35625
1705161600000,43154.48,43185.0,42724.39,42786.25,4181.84325
1705176000000,42786.25,43040.01,42699.52,42847.99,2727.61819
1705190400000,42847.99,42890.23,42643.98,42681.82,2769.17313
1705204800000,42681.82,43060.0,42562.56,43011.44,3036.75324
1705219200000,43011.44,43079.0,42759.34,42829.99,2885.27669
1705233600000,42829.99,43005.25,42710.0,42904.38,3635.86614
1705248000000,42904.39,43010.84,42632.59,42660.0,4024.3682
1705262400000,42660.0,42745.98,41720.0,41732.35,11876.97154
1705276800000,41732.35,42640.0,41718.05,42565.99,5828.29771
1705291200000,42565.99,42824.68,42499.01,42714.78,4383.51739
1705305600000,42714.78,42775.0,42540.0,42697.99,3812.52325
1705320000000,42698.0,42958.03,42163.32,42278.99,8595.73488
1705334400000,42278.99,43400.43,42249.0,42992.67,12331.30651
1705348800000,42992.67,43114.45,42342.18,42511.1,5318.51329
1705363200000,42511.1,42939.5,42466.88,42924.56,4025.27939
1705377600000,42924.57,42946.05,42606.92,42791.13,3648.24949
1705392000000,42791.14,43153.66,42720.06,42900.54,4849.24572
1705406400000,42900.55,43314.73,42050.0,43252.67,17967.98589
1705420800000,43252.45,43434.0,42834.29,43166.11,7723.95687
1705435200000,43166.1,43578.01,43060.69,43137.95,6831.02853
1705449600000,43137.94,43198.0,42844.98,42849.0,3711.95254
1705464000000,42849.0,42925.49,42619.6,42655.94,3612.2361
1705478400000,42655.95,42850.55,42564.0,42680.16,4412.74724
1705492800000,42680.16,42926.02,42365.58,42482.79,9542.90182
1705507200000,42482.8,42745.99,42200.69,42611.11,6233.49263
1705521600000,42611.1,42876.48,42450.0,42776.1,5752.88355
1705536000000,42776.09,42784.4,42502.19,42592.05,2777.25237
1705550400000,42592.04,42922.0,42589.0,42915.33,3393.11338
1705564800000,42915.32,42930.0,42387.68,42544.59,4867.13625
1705579200000,42544.6,42810.0,42353.8,42619.32,5286.53164
1705593600000,42619.31,42619.32,40831.99,41022.32,17408.6553
1705608000000,41022.33,41366.99,40683.28,41327.5,10174.82747
1705622400000,41327.51,41370.99,40752.26,41055.87,5747.52107
1705636800000,41055.88,41576.0,41038.81,41284.25,5252.30425
1705651200000,41284.26,41509.69,41143.33,41475.37,4432.7711
1705665600000,41475.37,41488.2,40718.0,40894.71,9260.88788
1705680000000,40894.71,41979.0,40280.0,41814.27,16100.60089
1705694400000,41814.27,42196.86,41517.6,41659.03,7548.6604
1705708800000,41659.03,41700.0,41456.3,41634.65,2986.2123
1705723200000,41634.64,41774.0,41564.81,41650.95,2111.60902
1705737600000,41650.95,41668.66,41459.02,41580.83,3106.35262
1705752000000,41580.82,41700.0,41478.0,41570.11,2908.6422
1705766400000,41570.1,41684.94,41526.36,41632.96,2143.21383
1705780800000,41632.97,41872.56,41610.54,41696.04,2667.96496
1705795200000,41696.05,41730.0,41629.87,41680.82,1600.89363
1705809600000,41680.83,41691.11,41564.29,41648.51,1198.63686
1705824000000,41648.5,41826.97,41648.5,41719.89,1972.92769
1705838400000,41719.9,41881.39,41605.0,41656.28,2810.15162
1705852800000,41656.27,41729.77,41525.0,41719.4,2101.04396
1705867200000,41719.39,41811.1,41500.98,41580.33,2046.50925
1705881600000,41580.32,41689.65,41058.22,41197.04,5194.67726
1705896000000,41197.04,41321.17,40684.0,41043.7,6720.50069
1705910400000,41043.7,41047.51,40364.63,40815.99,8780.2842
1705924800000,40815.92,41244.06,40350.0,40771.99,9333.27767
1705939200000,40772.0,40874.99,39431.58,39820.31,15416.76046
1705953600000,39820.31,40343.18,39480.0,39568.02,9980.69883
1705968000000,39568.02,40118.87,39511.1,40000.44,4446.81496
1705982400000,40000.43,40176.74,39665.02,39780.0,3852.36638
1705996800000,39780.01,39860.0,38657.0,38845.56,16327.77748
1706011200000,38845.56,39460.0,38555.0,39204.0,14222.94133
1706025600000,39204.0,39654.34,38925.2,39148.07,11699.79651
1706040000000,39148.07,39907.23,39032.02,39897.6,7406.93685
1706054400000,39897.59,40250.0,39570.43,39614.0,7508.24416
1706068800000,39614.0,40191.97,39557.01,39981.09,6508.9298
1706083200000,39981.09,40555.0,39859.51,40209.34,6433.12337
1706097600000,40209.34,40298.86,39766.0,40050.71,8120.72045
1706112000000,40050.72,40207.0,39615.76,39803.05,5715.16915
1706126400000,39803.04,40175.11,39484.19,40084.88,5007.64168
1706140800000,40084.89,40178.84,39914.0,40012.01,3484.6591
1706155200000,40012.01,40135.37,39792.01,40130.0,3648.17041
1706169600000,40130.0,40300.24,39957.44,40178.07,4623.83661
1706184000000,40178.07,40283.82,39623.4,39804.24,8152.9813
1706198400000,39804.23,40044.91,39550.0,39989.25,7402.16761
1706212800000,39989.25,39995.99,39637.99,39961.09,3710.3035
1706227200000,39961.09,40245.0,39822.52,40067.52,3180.57719
1706241600000,40067.52,40220.0,39896.84,39969.99,3394.99518
1706256000000,39970.0,41348.13,39962.14,41289.52,11523.32786
1706270400000,41289.52,41588.0,40914.5,41422.99,12152.14087
1706284800000,41422.98,42193.8,41405.31,42064.49,11360.11294
1706299200000,42064.48,42246.82,41800.02,41823.51,5773.81322
1706313600000,41823.51,41933.17,41708.0,41815.01,2776.36693
1706328000000,41815.01,41890.0,41602.01,41710.14,2385.06661
1706342400000,41710.15,41800.0,41394.34,41761.23,3747.33899
1706356800000,41761.22,41894.87,41714.0,41814.0,2106.62255
1706371200000,41813.99,41986.06,41745.26,41910.47,2256.20513
1706385600000,41910.48,42200.0,41910.47,42120.63,2952.81646
1706400000000,42120.63,42244.0,41925.0,42231.83,3931.90769
1706414400000,42231.84,42842.68,42228.64,42388.82,7853.89698
1706428800000,42388.82,42698.0,42323.14,42471.98,4448.08445
1706443200000,42471.98,42544.0,42155.55,42258.01,3978.57176
1706457600000,42258.0,42354.7,41721.08,41785.92,3819.55464
1706472000000,41785.91,42073.81,41620.81,42031.06,3262.98286
1706486400000,42031.05,42504.0,41874.94,42331.2,3437.68599
1706500800000,42331.19,42345.36,41988.88,42053.46,2735.85224
1706515200000,42053.45,42381.1,41961.1,42246.95,3204.92588
1706529600000,42246.95,42647.27,41804.88,42641.75,6763.08424
1706544000000,42641.75,43313.8,42518.0,42995.99,11314.8288
1706558400000,42995.99,43333.0,42982.66,43302.7,4086.36492
1706572800000,43302.71,43787.35,43133.9,43519.71,6762.21682
1706587200000,43519.71,43570.09,43259.26,43358.25,3352.66111
1706601600000,43358.24,43564.85,43215.76,43537.74,4124.1533
1706616000000,43537.75,43882.36,43114.13,43375.5,9820.25546
1706630400000,43375.5,43599.0,43224.0,43547.98,5834.15697
1706644800000,43547.99,43760.0,42683.99,42941.1,7725.8018
1706659200000,42941.1,43107.77,42655.07,42930.07,4913.47979
1706673600000,42930.06,43087.93,42871.1,43050.01,2839.50568
1706688000000,43050.01,43091.1,42355.0,42647.98,6116.23013
1706702400000,42647.98,43465.02,42521.31,43361.1,8138.75525
1706716800000,43361.11,43745.11,43041.1,43334.64,8260.76136
1706731200000,43334.63,43361.1,42276.84,42580.0,9602.40467
1706745600000,42580.0,42687.63,41884.28,42015.65,6159.26638
1706760000000,42015.65,42300.0,41889.95,42190.16,4812.74817
1706774400000,42190.15,42331.1,42026.52,42087.52,4002.75251
1706788800000,42087.52,42946.6,41944.89,42516.12,7858.34198
1706803200000,42516.12,43285.13,42364.0,43218.94,8083.56904
1706817600000,43218.94,43279.91,42872.91,43082.94,4314.36856
1706832000000,43082.95,43432.63,43026.15,43037.25,4246.33741
1706846400000,43037.25,43271.1,42943.71,43086.89,4064.36047
1706860800000,43086.9,43199.0,42941.1,43148.41,4094.76501
1706875200000,43148.42,43250.0,42546.79,43242.09,8493.53585
1706889600000,43242.1,43488.0,42783.09,43061.97,6362.66369
1706904000000,43061.98,43238.01,42900.48,43200.0,2410.48175
1706918400000,43199.99,43380.01,43142.0,43173.94,2223.22292
1706932800000,43173.95,43222.75,43040.0,43053.05,1346.11611
1706947200000,43053.05,43125.28,42973.66,42995.04,1810.42438
1706961600000,42995.04,43190.0,42880.0,43119.06,2505.96267
1706976000000,43119.06,43270.0,43016.28,43061.09,2671.62087
1706990400000,43061.09,43104.68,42953.33,43011.09,1476.06303
1707004800000,43011.1,43068.79,42880.01,43027.16,1456.91888
1707019200000,43027.16,43029.17,42720.07,42845.03,2208.36902
1707033600000,42845.03,43119.04,42741.6,43060.1,2577.95374
1707048000000,43060.09,43115.76,42845.51,42943.21,2544.71311
1707062400000,42943.2,42969.79,42573.17,42636.44,3608.11375
1707076800000,42636.43,42985.73,42222.0,42582.88,4670.82554
1707091200000,42582.88,42729.02,42258.1,42718.31,3709.0102
1707105600000,42718.31,43176.39,42642.0,43071.88,4182.30255
1707120000000,43071.87,43268.98,42954.54,43194.08,4074.55774
1707134400000,43194.08,43569.76,42600.11,42644.03,8010.04502
1707148800000,42644.04,42869.66,42501.0,42765.36,5069.38976
1707163200000,42765.35,42798.37,42330.52,42708.7,4422.45378
1707177600000,42708.7,42960.01,42574.0,42851.11,2897.16519
1707192000000,42851.1,42926.73,42667.0,42890.0,2201.29331
1707206400000,42889.99,43119.9,42670.61,42826.96,5579.6774
1707220800000,42826.96,43270.89,42658.0,43244.89,5949.73363
1707235200000,43244.89,43399.98,43000.0,43278.78,5091.59374
1707249600000,43278.79,43322.0,43032.71,43098.95,2956.39106
1707264000000,43098.96,43192.0,42788.0,42800.0,2968.09769
1707278400000,42799.99,43051.1,42794.67,42918.03,2473.25345
1707292800000,42918.02,43200.0,42838.01,42928.29,3301.4154
1707307200000,42928.28,43325.03,42890.51,43071.08,5174.63854
1707321600000,43071.08,43710.0,43013.75,43615.47,9646.8143
1707336000000,43615.47,44396.5,43615.47,44349.6,10828.37977
1707350400000,44349.6,44780.0,44331.1,44540.99,8836.19603
1707364800000,44540.98,44633.78,44427.01,44513.24,3474.51592
1707379200000,44513.25,44885.0,44513.24,44698.97,5858.27712
1707393600000,44698.97,45467.14,44606.0,45432.3,11913.40369
1707408000000,45432.3,45498.0,44890.0,45284.14,8933.58857
1707422400000,45284.13,45614.3,45227.0,45288.65,6423.64098
1707436800000,45288.66,46384.27,45242.12,46060.74,9482.53987
1707451200000,46060.74,46425.03,45855.0,46202.0,6811.23297
1707465600000,46202.01,47299.88,46201.53,47180.02,11572.91301
1707480000000,47180.01,47719.44,46652.0,47159.99,21197.65997
1707494400000,47159.99,48200.0,47134.0,47509.48,16961.19039
1707508800000,47509.48,47693.28,47035.92,47132.77,7477.94479
1707523200000,47132.78,47504.0,47044.88,47376.62,3901.03702
1707537600000,47376.62,47430.03,47145.4,47151.72,2155.29282
1707552000000,47151.72,47274.0,46800.0,47182.0,4546.93534
1707566400000,47182.01,47378.41,47105.44,47353.48,3624.87877
1707580800000,47353.48,47660.0,47154.52,47531.09,3381.00187
1707595200000,47531.09,48170.0,47454.37,47751.09,7193.21354
1707609600000,47751.08,48557.0,47557.16,48519.61,6452.94117
1707624000000,48519.6,48592.66,48061.1,48179.52,4752.43271
1707638400000,48179.51,48438.81,47922.33,48411.71,3906.99024
1707652800000,48411.71,48469.07,47931.82,48150.43,5466.21997
1707667200000,48150.43,48394.29,47948.38,48284.0,4641.41321
1707681600000,48283.99,48375.0,47971.18,48299.99,4738.81107
1707696000000,48300.0,48826.81,48009.52,48145.0,7723.68614
1707710400000,48145.0,48382.27,47755.81,48203.98,4444.91925
1707724800000,48203.98,48311.15,47710.01,47903.03,5444.77082
1707739200000,47903.04,49950.0,47841.0,49917.8,16721.55061
1707753600000,49917.8,50334.82,49372.22,49532.03,17277.9458
1707768000000,49532.02,50271.02,49532.02,49917.27,7397.09443
1707782400000,49917.28,50368.61,49724.33,49789.99,6175.21021
1707796800000,49790.0,50117.84,49789.99,49983.09,4055.06807
1707811200000,49983.09,50247.0,49650.0,49988.12,8824.89385
1707825600000,49988.12,49996.0,48400.0,48727.47,19358.47315
1707840000000,48727.47,49268.21,48300.95,49036.73,10392.26078
1707854400000,49036.74,49775.0,49011.1,49699.59,6745.661
1707868800000,49699.6,49712.94,49333.0,49518.61,3206.45301
1707883200000,49518.61,49877.22,49225.01,49838.93,3998.92481
1707897600000,49838.93,51723.08,49741.19,51555.12,19901.12485
1707912000000,51555.12,52043.71,51276.24,51590.0,15434.55068
1707926400000,51590.0,51750.0,51200.24,51678.0,8869.42094
1707940800000,51677.99,51888.0,51464.0,51795.17,5635.89972
1707955200000,51795.17,52500.0,51717.58,52343.32,9485.19698
1707969600000,52343.32,52364.55,51634.01,51776.61,6158.65559
1707984000000,51776.6,52498.12,51650.0,52330.0,6781.21145
1707998400000,52330.0,52816.62,51721.31,51948.23,13915.59154
1708012800000,51948.24,52380.0,51725.0,52002.01,9258.37794
1708027200000,52002.01,52011.1,51314.0,51880.0,8216.99705
1708041600000,51880.01,52328.0,51803.6,52280.25,4925.24862
1708056000000,52280.25,52343.28,51700.0,51731.99,5910.92632
1708070400000,51732.0,52435.86,51566.0,52213.86,8723.49444
1708084800000,52213.87,52572.08,51592.88,51888.01,10491.97637
1708099200000,51888.01,52245.0,51655.0,51756.29,4781.76179
1708113600000,51756.29,52208.43,51681.1,52124.11,2938.84564
1708128000000,52124.1,52162.82,51846.84,51968.75,1748.64047
1708142400000,51968.75,52057.54,51792.0,51911.33,1813.90033
1708156800000,51911.34,51911.34,51500.0,51690.48,3811.13615
1708171200000,51690.47,51735.68,50625.0,50984.56,9664.71243
1708185600000,50984.56,51444.0,50741.1,51394.43,4387.33024
1708200000000,51394.44,52030.18,51303.0,51642.64,4248.2866
1708214400000,51642.64,51798.99,51163.28,51479.99,3342.20712
1708228800000,51479.99,51750.6,51405.52,51671.1,2668.90841
1708243200000,51671.1,52069.0,51644.0,51832.01,3445.09907
1708257600000,51832.01,51948.57,51535.01,51773.99,3523.91039
1708272000000,51774.0,51980.73,51647.25,51758.12,3340.56645
1708286400000,51758.13,52377.0,51587.4,52137.67,5671.41219
1708300800000,52137.68,52428.78,51904.83,52063.81,4612.31179
1708315200000,52063.8,52488.77,51989.21,52394.04,4434.73522
1708329600000,52394.04,52450.0,52063.52,52336.22,4670.2242
1708344000000,52336.22,52454.11,52027.0,52127.99,5672.19056
1708358400000,52127.99,52230.0,51677.0,51820.61,6367.05864
1708372800000,51820.61,52110.0,51705.11,51774.73,3778.47391
1708387200000,51774.74,51832.01,51311.0,51580.23,5264.00845
1708401600000,51580.23,52039.91,51510.0,51839.28,3718.97659
1708416000000,51839.28,52380.0,51560.0,52286.8,7446.13718
1708430400000,52286.8,52985.0,51340.0,51680.0,17302.62916
1708444800000,51679.99,52138.31,50760.37,52101.11,10418.63903
1708459200000,52101.1,52517.3,51901.1,52258.82,5464.08277
1708473600000,52258.82,52366.8,51988.91,52001.99,3369.43954
1708488000000,52002.0,52113.39,51452.45,51568.64,4064.1614
1708502400000,51568.64,51787.04,50813.0,50965.53,9380.34826
1708516800000,50965.53,51442.26,50625.0,51156.0,11653.57718
1708531200000,51156.0,51427.43,50649.28,51058.0,7754.08258
1708545600000,51057.99,51950.01,50862.5,51849.39,6857.79153
1708560000000,51849.38,51878.18,51153.69,51586.1,4685.41723
1708574400000,51586.1,51910.32,51352.0,51827.63,4426.10745
1708588800000,51827.63,52034.12,51517.63,51622.04,5505.24135
1708603200000,51622.05,51733.05,50940.78,51602.4,8605.10808
1708617600000,51602.41,51750.01,51400.0,51509.99,5304.8486
1708632000000,51509.99,52065.78,51184.04,51288.42,6782.72303
1708646400000,51288.42,51548.54,50971.11,51100.0,4695.56436
1708660800000,51100.0,51321.92,50889.0,50915.96,3958.88987
1708675200000,50915.95,51263.22,50830.0,51218.95,4762.093
1708689600000,51218.94,51333.47,50800.32,50911.11,8302.82835
1708704000000,50911.1,51195.18,50629.33,51099.09,5650.6788
1708718400000,51099.09,51162.04,50521.0,50744.15,3175.74106
1708732800000,50744.15,50907.14,50585.0,50849.97,2775.43339
1708747200000,50849.96,51103.87,50826.47,51068.7,2424.36167
1708761600000,51068.7,51172.06,50953.0,51119.79,2450.32792
1708776000000,51119.79,51180.41,51032.34,51099.34,1990.4479
1708790400000,51099.35,51698.0,51094.99,51557.07,4634.38652
1708804800000,51557.08,51666.0,51437.84,51568.22,2285.4637
1708819200000,51568.21,51898.72,51438.88,51624.99,3601.71905
1708833600000,51625.0,51800.03,51509.0,51719.28,2307.35285
1708848000000,51719.28,51777.64,51531.73,51645.0,1998.19169
1708862400000,51645.0,51780.0,51436.67,51524.02,3015.0669
1708876800000,51524.02,51738.85,51279.8,51672.96,3855.78862
1708891200000,51672.97,51958.55,51640.88,51728.85,3943.51248
1708905600000,51728.85,51796.5,51400.0,51555.59,2849.5668
1708920000000,51555.6,51598.06,51288.18,51293.26,2965.61094
1708934400000,51293.26,51374.66,50901.44,51090.01,5428.89999
1708948800000,51090.01,52847.84,50957.0,52842.32,11761.1694
1708963200000,52842.33,54512.02,52753.28,54487.11,19931.38279
1708977600000,54487.1,54910.0,54258.2,54476.47,8320.09207
1708992000000,54476.48,57073.84,54450.13,55667.6,17222.6943
1709006400000,55667.6,56448.0,55576.12,56059.08,8813.40604
1709020800000,56059.09,56818.02,56023.8,56527.79,8262.13357
1709035200000,56527.8,57416.93,56457.26,56745.66,15703.7215
1709049600000,56745.66,57588.15,56209.0,57339.68,10002.01696
1709064000000,57339.69,57359.0,56579.84,57037.34,7191.01325
1709078400000,57037.35,57101.1,56691.85,56916.4,3603.53596
1709092800000,56916.39,58379.57,56894.16,58241.1,7636.88153
1709107200000,58241.09,59494.06,58171.11,58941.11,19224.20294
1709121600000,58941.11,61360.0,58891.1,60966.22,26368.9182
1709136000000,60966.22,64000.0,58700.0,60951.11,45415.5681
1709150400000,60951.1,62647.04,59797.57,62432.1,16514.36311
1709164800000,62432.11,62438.22,61021.1,61561.33,10084.02851
1709179200000,61561.34,63676.35,61334.59,62707.17,14931.15457
1709193600000,62707.17,63340.95,62111.1,62936.02,11918.80476
1709208000000,62936.02,63531.88,62051.11,62768.02,12976.74161
1709222400000,62768.01,62879.3,60364.7,61600.0,17118.2411
1709236800000,61599.99,62285.47,60584.07,61130.98,11396.10548
1709251200000,61130.99,61749.0,60777.0,61105.91,6345.57641
1709265600000,61105.92,61772.82,61061.11,61434.0,5719.40504
1709280000000,61434.0,62243.53,61316.67,61863.72,8452.27991
1709294400000,61863.71,62677.06,61131.01,61263.99,9971.27905
1709308800000,61263.98,62494.31,61234.0,62215.5,7886.35574
1709323200000,62215.51,63114.23,62215.5,62387.9,9363.03858
1709337600000,62387.9,62433.19,61949.03,62307.45,5441.91324
1709352000000,62307.45,62307.45,61752.3,62011.85,4846.35512
1709366400000,62011.85,62123.0,61641.1,61826.32,4411.57189
1709380800000,61826.32,62167.79,61561.12,61771.2,4301.35084
1709395200000,61771.21,62114.77,61625.0,62114.77,3418.28795
1709409600000,62114.76,62200.0,61685.01,61987.28,3115.25755
1709424000000,61987.28,62000.0,61642.39,61931.09,3127.09906
1709438400000,61931.09,62100.0,61320.0,61598.0,4831.45761
1709452800000,61598.01,61890.96,61393.83,61831.1,3942.85361
1709467200000,61831.1,62640.18,61821.09,62164.63,6685.90515
1709481600000,62164.63,62989.0,62088.0,62730.0,5623.12318
1709496000000,62730.0,63231.88,62580.0,63113.97,4784.47042
1709510400000,63113.97,64268.24,62300.0,63458.72,12563.71291
1709524800000,63458.71,64300.0,63210.0,64066.62,6654.96237
1709539200000,64066.62,65555.0,64000.11,65230.0,16002.48076
1709553600000,65229.99,66580.29,64533.67,66451.65,16689.8023
1709568000000,66451.65,67524.99,66039.31,67405.26,17313.10625
1709582400000,67405.25,68499.0,66755.79,68245.71,15611.09546
1709596800000,68245.71,68686.8,67535.31,68113.94,11448.26318
1709611200000,68113.95,68384.54,65089.0,66129.64,17780.29058
1709625600000,66129.64,67150.0,65515.15,66656.31,11938.90863
1709640000000,66656.32,69000.0,66370.0,66773.05,22508.23086
1709654400000,66773.05,66996.36,59005.0,61410.98,42797.37895
1709668800000,61410.98,64367.27,61167.91,63724.01,26223.7091
1709683200000,63724.01,64146.45,62779.14,63263.21,9495.88692
1709697600000,63263.22,66761.1,63263.21,66676.46,15208.16062
1709712000000,66676.46,67641.1,66041.63,67301.31,14316.87745
1709726400000,67301.31,67592.31,64664.92,66481.12,21399.96424
1709740800000,66481.12,67465.0,66221.1,66739.48,10674.76219
1709755200000,66739.49,67363.58,65714.17,66074.04,7643.20349
1709769600000,66074.04,66467.88,65551.0,65847.29,7749.00312
1709784000000,65847.3,66469.05,65657.59,66387.78,6679.10619
1709798400000,66387.77,67275.2,66341.11,66905.34,8562.6623
1709812800000,66905.34,67899.0,66541.1,67260.01,13605.46645
1709827200000,67260.01,67980.0,67012.0,67498.02,9547.44499
1709841600000,67498.03,67914.74,66810.32,66823.17,6916.20385
1709856000000,66823.18,67256.18,66757.0,67156.09,5636.13131
1709870400000,67156.09,67640.45,66782.22,67223.02,5528.83778
1709884800000,67223.02,67753.4,67038.71,67741.21,6407.54695
1709899200000,67741.22,69990.0,67150.0,67617.6,22754.678982
1709913600000,67617.6,68864.0,66082.66,68863.99,22384.90145
1709928000000,68864.0,69379.0,67807.58,68124.19,11549.83637
1709942400000,68124.2,68279.0,67861.1,68247.34,3976.42864
1709956800000,68247.34,68541.1,68133.27,68288.64,3391.79959
1709971200000,68288.64,68453.12,67933.93,68299.99,4166.2641
1709985600000,68300.0,68521.1,68100.01,68288.2,3154.11941
1710000000000,68288.19,68325.0,68000.0,68193.51,3079.82488
1710014400000,68193.51,68433.17,68193.51,68313.27,2104.46081
1710028800000,68313.28,69216.0,68200.0,69136.79,7144.0803
1710043200000,69136.78,69659.47,69024.62,69347.16,5397.01526
1710057600000,69347.16,69887.61,69162.0,69568.46,7712.18719
1710072000000,69568.45,69833.33,68641.1,69194.83,8240.59115
1710086400000,69194.83,69768.58,69111.89,69400.19,4006.35572
1710100800000,69400.19,69470.01,68094.75,68955.88,5904.43873
1710115200000,68955.88,68955.9,67024.96,68604.42,9122.59767
1710129600000,68604.41,71298.0,68445.91,71019.99,17348.195928
1710144000000,71019.99,72226.3,71019.99,71487.2,16023.350068
1710158400000,71487.21,72661.1,71304.2,72010.0,15581.872268
1710172800000,72010.01,72800.0,71760.0,71970.0,11603.115722
1710187200000,71970.0,72750.0,71836.36,72078.1,5613.69407
1710201600000,72078.1,72470.41,71400.0,71619.0,6941.41973
1710216000000,71619.0,72355.15,71301.0,72121.1,6922.6066
1710230400000,72121.1,72376.0,71388.0,72023.82,7323.42979
1710244800000,72023.82,73000.0,70800.0,71703.41,17116.478251
1710259200000,71703.41,71829.11,68620.82,71349.99,24015.90765
1710273600000,71349.99,71550.05,70607.86,71452.01,6463.70467
1710288000000,71452.0,72217.79,71333.31,72057.43,6367.1435
1710302400000,72057.43,73182.22,71920.0,72855.16,8445.987492
1710316800000,72855.15,73650.25,72820.0,73065.41,9588.448875
1710331200000,73065.4,73180.0,71634.52,72634.95,14039.65954
1710345600000,72634.95,73394.19,72350.0,73349.24,8727.85823
1710360000000,73349.24,73410.22,72788.15,73072.41,5490.61401
1710374400000,73072.4,73288.3,72500.0,73267.08,5469.57319
1710388800000,73267.08,73777.0,72680.0,73224.0,7734.903346
1710403200000,73224.0,73528.11,72627.0,72884.0,6407.33652
1710417600000,72884.01,73047.16,70543.64,70844.01,18557.28967
1710432000000,70844.0,71458.0,68555.0,69415.09,22921.42581
1710446400000,69415.09,71709.9,69303.75,71388.94,10667.10021
1710460800000,71388.94,72419.71,66699.0,68224.01,22422.85781
1710475200000,68224.01,68861.1,66904.98,68448.29,17229.30114
1710489600000,68448.28,68600.0,65600.0,67757.76,22721.61196
1710504000000,67757.75,68746.69,67424.79,68157.07,12481.72359
1710518400000,68157.07,70650.0,67520.01,68964.0,17320.34953
1710532800000,68964.0,69750.0,67413.8,69499.85,11158.19143
1710547200000,69499.84,70043.0,68932.01,69200.08,7063.23297
1710561600000,69200.07,69460.91,68600.0,69432.45,5195.14968
1710576000000,69432.45,69436.24,67725.53,68256.01,7874.19098
1710590400000,68256.0,68499.1,67524.0,68385.58,8590.50806
1710604800000,68385.58,68407.94,66670.0,66911.52,11754.26553
1710619200000,66911.51,67538.49,64780.0,65300.63,15449.60614
1710633600000,65300.64,66576.39,65122.23,66538.99,10190.42681
1710648000000,66538.99,66560.0,64533.0,65636.67,9585.06163
1710662400000,65636.68,67515.0,65290.0,66955.49,9037.77471
1710676800000,66955.49,68111.45,66436.92,67965.5,8266.27135
1710691200000,67965.51,68693.75,67769.86,68536.73,6689.53988
1710705600000,68536.72,68904.4,67953.35,68393.48,5973.14151
1710720000000,68393.47,68425.97,66800.0,67972.01,9044.36516
1710734400000,67972.01,68956.0,67704.01,68218.38,6783.817
1710748800000,68218.38,68483.96,67300.0,68253.4,8039.1486
1710763200000,68253.39,68627.81,66628.68,67467.19,13191.14257
1710777600000,67467.19,68079.52,66565.2,66936.0,12161.56392
1710792000000,66936.0,67999.0,66935.99,67609.99,6471.04363
1710806400000,67610.0,68124.11,64860.0,65876.01,16347.35381
1710820800000,65876.01,65976.1,63577.0,64704.22,16011.77985
1710835200000,64704.23,64710.69,62505.0,63081.34,21759.46345
1710849600000,63081.34,64150.0,62410.78,64051.85,19821.88333
1710864000000,64051.85,65756.0,63969.58,64391.99,14712.724
1710878400000,64392.0,64500.12,61555.0,61937.4,12352.12043
1710892800000,61937.41,63466.21,61666.0,61860.81,14260.123
1710907200000,61860.82,63198.83,60775.0,62957.85,16405.1055
1710921600000,62957.85,63957.74,62640.0,63392.94,11101.8558
1710936000000,63392.95,64395.0,63066.6,63600.37,14577.40042
1710950400000,63600.37,66000.0,62022.0,65784.46,19560.39962
1710964800000,65784.47,68100.0,65656.41,67840.51,14515.70158
1710979200000,67840.51,68240.47,66340.0,66654.45,9548.03051
1710993600000,66654.46,67330.0,66072.2,66985.19,7775.81555
1711008000000,66985.19,67659.53,66650.0,67044.0,6826.1452
1711022400000,67044.01,67693.6,65885.96,66557.77,10244.26221
1711036800000,66557.77,67000.0,64871.01,65223.74,11883.44847
1711051200000,65223.73,65946.66,64529.01,65501.27,7079.77808
1711065600000,65501.28,66160.0,65120.01,65981.99,6860.14662
1711080000000,65981.99,66649.62,65756.64,66178.01,5005.64413
1711094400000,66178.01,66363.1,64065.72,64233.9,8364.76408
1711108800000,64233.9,64674.06,62601.11,63877.04,15779.03684
1711123200000,63877.04,64126.09,62766.63,63866.93,8473.14688
1711137600000,63866.94,63978.86,62260.0,63796.64,6999.63966
1711152000000,63796.64,64374.91,63000.0,63556.0,5352.28065
1711166400000,63556.0,64856.01,63506.5,64575.41,3673.223
1711180800000,64575.41,64857.14,64186.21,64629.62,3461.5518
1711195200000,64629.61,65414.69,64278.15,65104.05,5604.02124
1711209600000,65104.06,65999.0,64786.25,64872.9,5268.49718
1711224000000,64872.9,65199.97,63861.66,63990.01,3050.54022
1711238400000,63990.02,64723.16,63922.85,63962.98,2935.71455
1711252800000,63962.98,64583.44,63772.29,64583.43,2684.12371
1711267200000,64583.44,65368.66,64476.0,65334.01,4489.73276
1711281600000,65334.0,65925.19,65177.28,65673.36,5348.55639
1711296000000,65673.36,66045.99,64600.01,65843.02,6877.2094
1711310400000,65843.02,67628.69,65730.6,67209.99,9060.44334
1711324800000,67210.0,67350.0,66385.06,67350.0,5111.47135
1711339200000,67350.0,67740.0,66710.0,66821.19,5187.21371
1711353600000,66821.19,67344.23,66747.65,66810.15,4533.27519
1711368000000,66810.15,70000.0,66780.0,69792.05,18421.73075
1711382400000,69792.06,71000.0,69440.18,70960.89,12949.80008
1711396800000,70960.89,71150.0,69562.09,69880.01,7227.65378
1711411200000,69880.0,70606.0,69732.8,70423.11,4442.88157
1711425600000,70423.11,71561.1,70260.3,70486.38,6445.21132
1711440000000,70486.38,71280.0,70268.66,70693.16,6034.6806
1711454400000,70693.17,71136.63,69280.0,70250.0,11063.14222
1711468800000,70250.01,70499.0,69412.0,69477.67,7627.77768
1711483200000,69477.66,70305.33,69401.72,69988.0,3320.69078
1711497600000,69987.99,70739.65,69840.0,70387.99,4372.6997
1711512000000,70388.0,70598.0,69640.0,69725.99,4193.40578
1711526400000,69726.0,70359.97,69407.0,70220.73,5171.78507
1711540800000,70220.73,71769.54,68534.01,68874.0,22329.46086
1711555200000,68873.99,69406.0,68359.18,68652.0,8096.55097
1711569600000,68652.01,69637.66,68630.0,69469.99,4955.45447
1711584000000,69469.99,69980.0,68903.62,69290.0,4222.74545
1711598400000,69290.0,70469.82,69280.0,70399.03,4925.19222
1711612800000,70399.04,70962.63,70292.44,70647.18,6772.71614
1711627200000,70647.18,71552.06,70348.75,71290.39,11335.7439
1711641600000,71290.38,71320.0,70404.0,70798.26,5199.87249
1711656000000,70798.26,71074.03,70541.9,70780.6,2982.76219
1711670400000,70780.6,70916.16,70274.07,70442.22,3035.25826
1711684800000,70442.23,70538.78,69746.33,69794.0,4015.74929
1711699200000,69794.01,70318.0,69566.0,70142.78,4708.66434
1711713600000,70142.78,70636.04,69009.0,69180.0,7043.97127
1711728000000,69179.99,69666.0,69078.62,69665.99,4246.066
1711742400000,69665.99,69916.5,69290.0,69850.54,2395.37437
1711756800000,69850.53,70177.87,69710.0,69773.99,2533.94601
1711771200000,69774.0,70321.1,69755.98,69852.18,2669.0432
1711785600000,69852.18,70183.67,69811.37,70183.55,2073.90457
1711800000000,70183.54,70269.15,69925.87,69999.99,1960.15928
1711814400000,69999.99,70280.06,69670.0,69896.34,2564.18678
1711828800000,69896.34,69896.35,69540.0,69582.18,1843.37158
1711843200000,69582.17,70165.86,69562.99,69916.61,2971.88718
1711857600000,69916.6,70460.0,69874.54,70301.73,3491.10805
1711872000000,70301.72,70470.0,70147.77,70369.99,1973.67988
1711886400000,70369.99,70759.1,70289.72,70381.13,3579.74008
1711900800000,70381.13,71227.22,70321.86,71023.5,3712.47384
1711915200000,71023.51,71366.0,70639.93,71280.01,3667.4553
1711929600000,71280.0,71288.23,70520.51,70588.01,3360.81417
1711944000000,70588.01,70648.83,68888.0,69594.94,9756.49862
1711958400000,69594.94,69799.98,69165.35,69460.01,4785.74482
1711972800000,69460.0,70080.0,68161.48,68237.15,11010.9048
1711987200000,68237.15,69816.24,68062.86,69648.01,8342.53739
1712001600000,69648.01,69900.0,69327.66,69649.8,4188.82059
1712016000000,69649.81,69674.23,66000.0,66703.97,14727.55061
1712030400000,66703.97,67120.0,66120.75,66455.5,8828.4082
1712044800000,66455.5,66705.08,65075.0,65622.69,13036.59722
1712059200000,65622.69,66249.83,64588.58,64890.0,17665.0445
1712073600000,64889.99,66200.0,64550.0,65914.9,11481.41905
1712088000000,65914.91,66120.0,65200.0,65463.99,6060.80835
1712102400000,65463.99,66288.88,64493.07,66225.79,9351.12963
1712116800000,66225.79,66483.87,65920.0,66135.99,4521.80948
1712131200000,66135.98,66642.36,65538.06,66059.76,6489.92426
1712145600000,66059.75,66903.63,65635.01,65836.01,7323.44464
1712160000000,65836.02,66550.0,65451.62,65784.0,6431.99952
1712174400000,65784.01,66297.4,65476.63,65963.28,5768.91025
1712188800000,65963.27,66354.83,65454.55,65620.01,3770.13451
1712203200000,65620.0,66290.32,65064.52,66091.6,4739.31707
1712217600000,66091.59,66468.99,66028.0,66353.67,3428.64196
1712232000000,66353.68,67927.69,66330.56,67647.99,10795.2997
1712246400000,67648.0,69309.91,67526.5,68500.0,11282.70659
1712260800000,68500.0,68565.54,67320.0,68487.79,7494.3847
1712275200000,68487.8,68756.67,67435.67,67863.99,5774.35522
1712289600000,67864.0,68028.0,66380.0,66930.74,5658.20928
1712304000000,66930.75,67684.26,66383.01,66478.0,5920.7343
1712318400000,66478.0,68566.66,65952.56,68190.62,11781.15101
1712332800000,68190.62,68380.0,67316.0,67412.4,6064.18449
1712347200000,67412.41,67966.67,67342.0,67820.62,2716.59643
1712361600000,67820.63,68065.2,67447.83,67788.01,3176.77641
1712376000000,67788.0,68232.14,67602.0,67992.02,3070.43208
1712390400000,67992.02,68120.0,67615.22,67668.16,2642.86157
1712404800000,67668.16,68299.0,67527.78,68104.0,3568.26804
1712419200000,68104.01,68484.09,67948.83,68259.98,2363.11858
1712433600000,68259.99,69692.0,68166.66,68896.0,5312.83251
1712448000000,68896.0,69777.0,68824.0,69408.05,4070.3115
1712462400000,69408.04,69493.98,69053.97,69364.01,2506.83696
1712476800000,69364.0,69555.0,69199.01,69357.0,2408.97704
1712491200000,69357.0,69886.03,69210.0,69543.74,3508.85654
1712505600000,69543.73,70326.29,68849.77,69068.01,6365.63132
1712520000000,69068.01,69477.18,68901.0,69360.39,2674.13097
1712534400000,69360.38,69841.03,69043.24,69458.95,2783.56347
1712548800000,69458.95,70850.0,69280.0,70698.63,5743.89017
1712563200000,70698.64,72650.0,70642.0,72404.0,17583.55254
1712577600000,72404.0,72797.99,71245.17,71773.98,11394.24682
1712592000000,71773.98,72104.05,71300.0,71766.0,5209.50842
1712606400000,71766.0,72000.0,71500.37,71620.0,3009.11482
1712620800000,71620.0,71758.19,70833.33,71285.0,4291.79016
1712635200000,71285.0,71339.79,70110.0,70383.99,6190.35905
1712649600000,70383.98,70905.26,69576.61,70794.85,6972.66696
1712664000000,70794.84,70977.0,68535.03,69264.0,12156.24815
1712678400000,69264.0,69320.0,68210.0,69000.77,6642.90689
1712692800000,69000.78,69439.6,68888.47,69146.0,3039.93121
1712707200000,69146.0,69594.15,68466.63,69150.18,4540.58603
1712721600000,69150.18,69515.0,69005.55,69336.28,2643.50253
1712736000000,69336.27,69336.28,68629.99,69043.0,4809.39998
1712750400000,69043.0,69204.28,67518.0,68657.32,13749.00779
1712764800000,68657.31,70098.89,68556.0,70083.99,9298.63372
1712779200000,70084.0,71172.08,69581.03,70631.08,6964.89372
1712793600000,70631.08,71062.0,70285.13,70851.67,4013.72496
1712808000000,70851.66,71305.89,70378.11,70735.99,3777.07402
1712822400000,70736.0,71256.27,69881.31,69983.16,5151.60119
1712836800000,69983.16,71100.0,69567.21,70000.0,11347.13026
1712851200000,70000.0,70529.73,69574.88,70459.67,4574.37082
1712865600000,70459.67,70746.09,69804.87,70006.23,3053.3547
1712880000000,70006.22,70996.91,70002.22,70977.27,4545.17393
1712894400000,70977.27,71227.46,70566.02,70764.01,3687.50378
1712908800000,70764.0,70972.0,70509.58,70904.01,3928.05462
1712923200000,70904.0,70975.54,69236.95,69347.3,10668.68172
1712937600000,69347.3,69580.0,65086.86,66843.98,26206.56931
1712952000000,66843.98,67440.0,66680.84,67116.52,7036.87893
1712966400000,67116.52,67168.0,65731.27,67160.55,7747.05556
1712980800000,67160.55,67929.0,67012.67,67446.52,5876.343
1712995200000,67446.53,67825.91,67090.83,67360.0,3376.15097
1713009600000,67360.01,67926.0,67169.97,67676.0,3454.16666
1713024000000,67675.99,67752.85,63750.01,64788.01,12176.97124
1713038400000,64788.01,65608.09,60660.57,63924.51,38764.53276
1713052800000,63924.52,64303.87,62134.0,63437.55,14435.88247
1713067200000,63437.55,64872.96,63394.0,64464.3,9667.37241
1713081600000,64464.3,64887.99,63855.45,64166.05,7342.92314
1713096000000,64166.05,64848.49,63437.55,64180.97,10578.65201
1713110400000,64180.98,64747.25,62573.66,64168.62,10439.26301
1713124800000,64168.62,65840.0,63326.42,65661.84,9135.08514
1713139200000,65661.85,65867.45,64937.01,65138.19,6221.13657
1713153600000,65138.2,66582.84,64683.01,66263.84,8889.70626
1713168000000,66263.84,66867.07,65807.25,65860.12,6595.64794
1713182400000,65860.12,66399.0,63810.0,64568.81,11897.77903
1713196800000,64568.8,64868.28,62274.4,63301.11,13199.26326
1713211200000,63301.11,63633.02,62632.0,63419.99,5585.99763
1713225600000,63419.99,63899.69,62750.0,62956.0,6780.05828
1713240000000,62956.0,63800.0,61680.0,63516.19,10893.71179
1713254400000,63516.18,63660.0,61600.0,63094.77,9560.71907
1713268800000,63094.76,63422.97,61735.42,61762.2,11375.72504
1713283200000,61762.19,63280.75,61694.02,62721.43,9939.37779
1713297600000,62721.43,64365.0,62555.0,63793.39,4885.70134
1713312000000,63793.4,64295.0,63581.16,63842.02,4408.10123
1713326400000,63842.03,64499.0,63181.81,63297.84,4770.84819
1713340800000,63297.85,63587.88,62541.13,62595.04,4528.8573
1713355200000,62595.04,62974.88,59888.0,60304.95,19701.56268
1713369600000,60304.95,61956.42,59678.16,61022.35,13090.32351
1713384000000,61022.36,61763.07,60777.0,61277.37,4110.85218
1713398400000,61277.38,62229.9,60939.92,61988.0,5112.05762
1713412800000,61987.99,62075.46,60803.35,61178.08,5389.61634
1713427200000,61178.08,63072.27,60864.0,62597.92,8854.03421
1713441600000,62597.92,64117.09,61580.71,63498.7,13179.24657
1713456000000,63498.69,63866.19,62310.03,63477.04,7383.52292
1713470400000,63477.04,63825.74,63162.77,63470.08,3683.13152
1713484800000,63470.09,63470.09,59600.01,61785.14,18924.46633
1713499200000,61785.14,65179.0,61739.68,64547.18,16300.5042
1713513600000,64547.18,65450.0,64098.13,64870.74,10760.55037
1713528000000,64870.73,65440.57,63820.57,64437.17,10695.68779
1713542400000,64437.18,64808.54,63506.57,64325.25,7338.37595
1713556800000,64325.26,64494.03,62953.9,63818.01,5754.71807
1713571200000,63818.01,64263.41,63090.07,63956.0,4907.95296
1713585600000,63956.01,64268.58,63815.53,63961.22,2687.98622
1713600000000,63961.22,63988.0,63277.0,63707.17,3210.87149
1713614400000,63707.18,64960.37,63575.83,64808.35,3733.80603
1713628800000,64808.35,65419.0,64456.54,64866.44,6438.0366
1713643200000,64866.45,65031.25,64555.0,64940.59,2158.77645
1713657600000,64940.58,65695.56,64608.0,65170.0,3453.01051
1713672000000,65170.01,65244.65,64843.98,65150.66,2641.24775
1713686400000,65150.67,65440.95,64763.15,65234.01,3450.14128
1713700800000,65234.02,65375.41,64778.69,65043.69,2695.60703
1713715200000,65043.7,65087.92,64237.5,64538.0,4176.1013
1713729600000,64538.0,65167.19,64362.5,64941.15,2900.31365
1713744000000,64941.15,66090.69,64500.0,65703.5,7919.96299
1713758400000,65703.49,66479.8,65509.24,65980.0,6098.37541
1713772800000,65980.01,66204.44,65702.0,65877.47,3405.5687
1713787200000,65877.47,66477.53,65626.87,65994.38,5461.41672
1713801600000,65994.39,66824.28,65913.52,66524.77,4574.61291
1713816000000,66524.77,67232.35,66342.1,66819.32,3938.05698
1713830400000,66819.32,67183.01,66419.55,66435.01,3243.03761
1713844800000,66435.01,66646.0,66020.0,66099.79,3505.2568
1713859200000,66099.79,66310.44,65852.35,66043.99,3664.65129
1713873600000,66043.99,67130.0,65765.81,66419.56,7336.45218
1713888000000,66419.56,66905.99,66350.91,66484.43,2615.80021
1713902400000,66484.43,66484.96,65980.0,66414.0,2234.70195
1713916800000,66414.0,66900.0,66390.0,66608.14,3046.35629
1713931200000,66608.14,67070.43,66552.37,66630.9,3233.87893
1713945600000,66630.89,66743.01,66203.05,66571.52,3109.38742
1713960000000,66571.52,66737.0,64519.03,64610.11,11318.18882
1713974400000,64610.1,65156.95,63736.7,63976.06,7661.7157
1713988800000,63976.05,64447.91,63606.06,64289.59,5226.16921
1714003200000,64289.58,64741.47,63860.0,64282.01,3701.42089
1714017600000,64282.02,64397.78,63824.07,64017.99,2632.77055
1714032000000,64017.99,64192.0,63337.25,63861.23,5784.37183
1714046400000,63861.24,64302.99,62794.0,64135.94,9541.23587
1714060800000,64135.93,64975.0,63971.48,64747.11,5893.40227
1714075200000,64747.12,65297.94,64447.75,64498.34,3788.26197
1714089600000,64498.33,64662.53,63890.82,64381.24,4501.10389
1714104000000,64381.25,64610.82,64000.02,64276.95,3820.59365
1714118400000,64276.94,64581.52,64059.8,64244.02,3562.57552
1714132800000,64244.03,64820.01,63297.48,63503.22,9690.76928
1714147200000,63503.22,64162.5,63318.75,63742.05,3712.95105
1714161600000,63742.07,64107.32,63689.22,63770.01,1797.20007
1714176000000,63770.0,63923.41,62391.24,63082.01,6657.76903
1714190400000,63082.0,63175.0,62808.0,62966.83,2242.40457
1714204800000,62966.84,63060.0,62673.37,62862.14,2079.69094
1714219200000,62862.13,63408.53,62810.29,62951.75,3503.85622
1714233600000,62951.75,63650.0,62750.0,63352.11,4913.85251
1714248000000,63352.11,63555.56,63157.98,63461.98,1535.48725
1714262400000,63461.98,64370.0,63456.86,64021.62,3385.63662
1714276800000,64021.62,64060.0,63800.0,63915.5,2305.67426
1714291200000,63915.5,63979.27,63345.55,63484.01,2754.13016
1714305600000,63484.0,63869.09,63415.6,63540.0,2421.65968
1714320000000,63540.0,63976.0,63483.18,63730.49,1787.98929
1714334400000,63730.49,63745.91,62781.0,63118.62,4294.11004
1714348800000,63118.62,63367.05,62150.52,62279.67,4182.37182
1714363200000,62279.68,62639.4,61923.13,62399.98,4977.90568
1714377600000,62399.98,62673.18,62179.99,62256.0,3033.90933
1714392000000,62256.0,63112.29,61765.53,63039.07,8212.51545
1714406400000,63039.07,63221.74,62546.37,62987.37,3504.07719
1714420800000,62987.37,64228.35,62820.0,63866.0,4239.45
1714435200000,63866.0,64734.0,62995.7,63647.99,6641.99134
1714449600000,63647.99,63708.7,63069.68,63148.74,3035.08013
1714464000000,63148.74,63244.0,61000.0,61204.42,14068.13369
1714478400000,61204.41,61559.36,60546.22,60796.85,10504.86521
1714492800000,60796.86,60947.55,59191.6,59292.95,13263.13146
1714507200000,59292.95,61070.71,59274.75,60672.0,7434.45352
1714521600000,60672.01,60841.63,59590.0,60246.03,6530.47723
1714536000000,60246.02,60361.09,57100.0,57499.99,15737.62045
1714550400000,57500.0,57909.0,56552.82,57898.47,18606.5614
1714564800000,57898.46,58275.87,56674.51,56886.0,11686.74779
1714579200000,56886.0,59468.0,56625.09,56954.47,20507.82488
1714593600000,56954.46,58575.32,56760.02,58364.97,8097.23648
1714608000000,58364.97,58610.55,56911.84,57442.88,11212.01702
1714622400000,57442.88,57945.19,57202.49,57681.08,4030.5593
1714636800000,57681.08,58689.55,57561.14,58559.66,7270.28163
1714651200000,58559.66,59455.0,58222.0,59264.15,15027.94977
1714665600000,59264.16,59575.29,58943.38,59351.11,5176.24271
1714680000000,59351.1,59625.0,58637.62,59060.61,4866.76918
1714694400000,59060.6,59999.0,58811.32,59720.3,5109.40917
1714708800000,59720.3,59844.94,59061.63,59190.74,3909.0336
1714723200000,59190.74,59575.48,58849.94,59291.09,3640.85276
1714737600000,59291.1,62115.64,58991.99,61690.74,19191.72512
1714752000000,61690.74,62179.99,61533.2,62067.32,4594.31487
1714766400000,62067.32,63333.0,61974.0,62882.01,7183.06591
1714780800000,62882.01,63595.14,62541.03,62724.0,4743.46495
1714795200000,62724.0,63450.0,62686.0,62959.03,3268.58824
1714809600000,62959.03,64540.0,62924.37,63873.31,6546.74516
1714824000000,63873.3,64158.19,63434.53,63609.17,3811.93368
1714838400000,63609.17,64019.83,63300.58,63921.18,3617.97274
1714852800000,63921.17,64240.76,63550.0,63892.04,2379.98805
1714867200000,63892.03,64188.0,62822.17,63235.93,4023.81118
1714881600000,63235.93,63959.0,63119.32,63736.87,1984.95667
1714896000000,63736.86,63937.17,63539.53,63859.63,2431.33573
1714910400000,63859.63,64646.0,63618.91,64428.65,5405.83792
1714924800000,64428.64,64554.68,63811.01,63879.94,2871.91182
1714939200000,63879.94,64227.51,63582.08,64012.0,1808.89697
1714953600000,64012.0,64465.0,63708.58,63866.59,3162.30361
1714968000000,63866.59,64588.0,63768.72,64540.75,4129.26675
1714982400000,64540.75,65500.0,63815.38,64203.56,9354.00852
1714996800000,64203.55,64319.86,62909.61,63632.01,10782.37421
1715011200000,63632.01,63747.59,62700.0,63220.0,5039.95966
1715025600000,63220.0,63611.85,63051.94,63165.19,2207.00674
1715040000000,63165.18,63967.19,62832.6,63239.49,4005.85545
1715054400000,63239.5,63853.12,63092.76,63669.69,2871.47278
1715068800000,63669.69,64422.41,63358.0,63490.43,5001.25779
1715083200000,63490.43,64320.0,63050.77,63740.48,5420.86559
1715097600000,63740.48,63895.46,62789.89,63060.01,3582.30191
1715112000000,63060.0,63197.58,62261.0,62312.08,4717.0412
1715126400000,62312.07,62973.18,62111.0,62893.99,3337.82292
1715140800000,62894.0,63020.22,62020.09,62208.0,3859.89848
1715155200000,62208.0,62519.7,62042.0,62243.4,3513.4572
1715169600000,62243.4,62828.0,61761.0,62273.08,6158.24711
1715184000000,62273.07,62760.0,61949.42,62179.45,3301.14049
1715198400000,62179.45,62248.84,60888.0,61193.03,5950.62384
1715212800000,61193.03,61806.98,61144.33,61680.4,2721.61729
1715227200000,61680.4,61780.6,61129.0,61253.16,2905.35223
1715241600000,61253.16,61447.06,60630.0,61053.99,5362.37094
1715256000000,61053.99,62285.0,60882.19,62159.06,8288.33478
1715270400000,62159.06,62668.67,61750.0,62454.92,6281.25123
1715284800000,62454.92,63429.03,62346.36,63074.01,5101.87963
1715299200000,63074.0,63094.01,62662.07,62916.16,2735.78507
1715313600000,62916.16,63380.0,62660.42,63078.02,4829.47839
1715328000000,63078.01,63320.0,62800.0,63299.63,3172.4998
1715342400000,63299.63,63469.13,60690.0,60928.02,13444.88923
1715356800000,60928.02,61294.82,60187.12,60716.97,9448.65481
1715371200000,60716.96,61003.0,60456.91,60799.99,2898.03295
1715385600000,60799.99,61096.27,60650.0,60731.9,2363.19506
1715400000000,60731.89,61080.0,60712.0,61018.52,1958.49596
1715414400000,61018.53,61058.75,60487.09,60684.01,2622.23696
1715428800000,60684.0,61515.0,60643.94,61174.18,2983.17984
1715443200000,61174.18,61410.09,61016.0,61144.0,1958.45382
1715457600000,61144.01,61154.21,60743.51,60825.99,1489.00772
1715472000000,60825.99,61104.05,60804.0,60930.0,1266.79428
1715486400000,60930.01,61120.0,60610.0,60820.0,1414.28916
1715500800000,60819.99,61366.59,60790.94,61146.0,2340.63752
1715515200000,61145.99,61587.12,61090.0,61419.0,2048.43475
1715529600000,61419.01,61888.0,61109.67,61406.1,3820.38147
1715544000000,61406.11,61551.43,60910.58,61483.99,1862.59518
1715558400000,61484.0,61812.0,60749.21,61170.0,5351.68295
1715572800000,61170.0,62450.0,60797.79,62334.37,4765.16809
1715587200000,62334.36,63295.48,62334.36,62738.0,9213.32472
1715601600000,62737.99,63200.0,62399.35,63002.0,5842.90422
1715616000000,63002.0,63450.0,62566.36,63172.69,5512.43015
1715630400000,63172.7,63193.59,62715.57,62940.08,2047.90826
1715644800000,62940.09,63118.36,62403.22,62488.46,4185.92634
1715659200000,62488.46,62780.73,61404.34,62035.39,6129.65977
1715673600000,62035.39,62045.8,61520.89,61798.57,2978.35656
1715688000000,61798.57,62300.0,61142.77,61787.61,9371.49007
1715702400000,61787.6,61816.34,61159.34,61596.52,4672.60874
1715716800000,61596.51,61789.99,61472.41,61577.49,1750.67893
1715731200000,61577.49,62033.48,61319.47,61949.99,2150.95758
1715745600000,61949.99,62280.01,61818.18,62195.04,2500.5292
1715760000000,62195.04,62999.44,61923.2,62467.18,5841.97337
1715774400000,62467.18,65057.26,62402.03,64725.11,18482.64633
1715788800000,64725.12,66419.15,64720.0,66006.23,9790.73766
1715803200000,66006.23,66444.16,65738.0,66206.5,4792.90305
1715817600000,66206.51,66666.0,65746.42,65975.39,4545.03782
1715832000000,65975.39,66278.04,65652.92,66142.62,3539.9064
1715846400000,66142.62,66585.7,66000.0,66503.8,3707.82709
1715860800000,66503.81,66752.01,65361.51,65818.88,8417.05624
1715875200000,65818.89,65827.47,64602.77,65186.85,8466.84763
1715889600000,65186.84,65500.0,65050.0,65235.21,2429.69192
1715904000000,65235.21,65901.46,65106.38,65584.53,3015.02361
1715918400000,65584.53,66500.0,65367.51,66386.94,4966.49056
1715932800000,66386.93,66564.23,66068.79,66218.0,3554.56752
1715947200000,66217.99,67451.2,65828.03,67195.1,7892.28774
1715961600000,67195.09,67300.0,66214.67,67047.99,5023.34456
1715976000000,67047.99,67089.72,66669.72,67024.0,1840.5201
1715990400000,67024.0,67095.88,66725.53,66945.05,2481.3965
1716004800000,66945.06,67240.69,66730.0,66887.0,2081.50495
1716019200000,66887.01,67400.01,66840.0,67190.82,3570.27427
1716033600000,67190.81,67227.97,66600.0,66823.63,3512.39354
1716048000000,66823.63,66992.53,66722.0,66912.62,1415.23897
1716062400000,66912.62,67039.92,66810.0,66915.2,1380.44951
1716076800000,66915.2,67294.35,66837.39,67170.21,1968.76906
1716091200000,67170.2,67329.45,66930.4,67324.44,1770.85016
1716105600000,67324.44,67700.0,66950.0,67330.0,4156.529
1716120000000,67330.01,67330.01,66677.0,66889.88,3575.96349
1716134400000,66889.88,66990.0,65857.25,66034.01,4551.01267
1716148800000,66034.01,66463.0,66000.0,66274.01,2002.17971
1716163200000,66274.0,66768.87,66060.31,66675.22,2810.74639
1716177600000,66675.21,67295.99,66279.64,66825.14,4518.75286
1716192000000,66825.15,67349.0,66750.0,66994.2,3926.45606
1716206400000,66994.2,67487.0,66753.42,67419.99,5810.8034
1716220800000,67420.0,70000.0,67374.42,69999.99,16377.91082
1716235200000,70000.0,71515.56,68905.67,71446.62,17372.03157
1716249600000,71446.62,71979.0,70706.0,71284.0,13088.39015
1716264000000,71283.99,71394.2,70826.92,70878.29,6601.84071
1716278400000,70878.3,71474.92,70839.63,71130.0,7293.08407
1716292800000,71130.0,71455.09,69685.01,69826.99,11191.26336
1716307200000,69827.0,70263.03,69162.94,69285.99,7682.81292
1716321600000,69285.99,70377.77,69240.57,70148.34,3750.04239
1716336000000,70148.34,70368.6,69822.76,69955.72,3712.34798
1716350400000,69955.72,70059.89,69165.0,69715.0,3561.58064
1716364800000,69715.0,70275.14,69636.01,69736.13,3338.95553
1716379200000,69736.14,70591.0,69435.3,70455.9,6115.43217
1716393600000,70455.89,70666.0,69228.64,69637.47,6273.89945
1716408000000,69637.48,69976.0,68842.19,69166.62,4670.96449
1716422400000,69166.62,69626.87,69166.61,69446.14,2519.07727
1716436800000,69446.14,69862.44,69347.17,69734.04,2641.29925
1716451200000,69734.05,70061.0,69520.02,69982.72,3721.08269
1716465600000,69982.72,70096.12,67610.95,68076.0,12779.86105
1716480000000,68075.99,68167.97,66764.7,67199.98,6871.2151
1716494400000,67199.98,68365.81,66312.16,67969.65,11980.63838
1716508800000,67969.66,68017.56,67628.01,67891.83,3527.41135
1716523200000,67891.83,67922.79,66816.21,67155.93,5910.48089
1716537600000,67155.93,67523.78,66600.12,67349.99,3483.32864
1716552000000,67350.0,68420.0,66921.97,68326.46,7204.20269
1716566400000,68326.46,69250.0,67924.39,69115.98,6124.27945
1716580800000,69115.98,69214.0,68524.94,68549.99,1846.13362
1716595200000,68549.99,68910.0,68500.0,68757.85,1641.62583
1716609600000,68757.84,68831.88,68615.56,68753.92,1418.86107
1716624000000,68753.93,69610.0,68749.2,69104.67,3074.05389
1716638400000,69104.68,69299.99,68847.65,68930.4,3361.6813
1716652800000,68930.39,69266.66,68849.5,69155.32,1460.29445
1716667200000,69155.32,69356.6,69050.01,69290.57,1173.87764
1716681600000,69290.56,69319.31,68808.37,69073.62,1604.1616
1716696000000,69073.62,69435.36,68928.22,69340.15,1384.96206
1716710400000,69340.16,69562.23,68974.55,69134.91,2431.33857
1716724800000,69134.91,69399.0,68668.6,68847.99,2691.07965
1716739200000,68847.98,68973.15,68692.11,68903.54,1856.42507
1716753600000,68903.53,68911.56,68128.01,68507.67,1904.15102
1716768000000,68507.67,69298.0,68481.31,68873.43,3075.08732
1716782400000,68873.43,68901.74,68321.95,68643.36,2593.08429
1716796800000,68643.36,68944.2,68250.0,68434.26,2936.86739
1716811200000,68434.26,70520.3,68384.0,70373.85,7055.83517
1716825600000,70373.86,70687.56,69069.0,69260.01,5008.7635
1716840000000,69260.02,69887.9,69177.01,69436.43,2467.2897
1716854400000,69436.43,69591.81,67753.0,68050.3,6835.12436
1716868800000,68050.3,68134.0,67486.65,67694.0,4924.25467
1716883200000,67694.01,68902.71,67582.13,68389.87,5753.28941
1716897600000,68389.87,68559.99,67529.62,68374.08,7315.8352
1716912000000,68374.08,68598.33,67277.91,68424.29,5785.87242
1716926400000,68424.28,68661.28,68124.04,68398.39,2008.59436
1716940800000,68398.4,68923.0,68266.04,68829.42,2939.72633
1716955200000,68829.41,68935.68,67936.35,67946.9,3436.4985
1716969600000,67946.89,68033.33,67602.34,67763.59,3936.67261
1716984000000,67763.59,68280.0,67262.34,67379.13,7094.29394
1716998400000,67379.13,67742.0,67124.65,67266.78,3771.18556
1717012800000,67266.78,67826.09,67151.35,67652.42,1981.45455
1717027200000,67652.41,68199.97,67471.67,68118.2,2683.70027
1717041600000,68118.2,68422.89,67508.42,67584.56,4433.93438
1717056000000,67584.57,68100.0,67128.0,67817.01,4585.8536
1717070400000,67817.01,68826.31,67755.0,68530.76,7062.79888
1717084800000,68530.77,69500.0,68384.0,68653.02,7037.66907
1717099200000,68653.02,68657.41,68050.01,68352.17,2674.2622
1717113600000,68352.17,68729.73,68274.0,68535.81,2131.97288
1717128000000,68535.81,68654.33,68075.99,68174.99,2754.48155
1717142400000,68175.0,68461.0,67876.0,68349.73,3296.46239
1717156800000,68349.73,69044.1,67200.0,67215.58,9839.14106
1717171200000,67215.58,67999.0,66670.0,67681.0,6363.51811
1717185600000,67681.0,67798.0,67239.19,67540.01,2304.74585
1717200000000,67540.01,67757.14,67428.44,67715.31,1777.35139
1717214400000,67715.31,67810.0,67575.23,67632.08,1250.73388
1717228800000,67632.07,67760.0,67611.61,67660.57,1293.15334
1717243200000,67660.57,67872.5,67640.0,67691.28,1527.99394
1717257600000,67691.28,67900.0,67556.72,67753.76,1933.67458
1717272000000,67753.76,67885.0,67700.0,67766.85,1054.7542
1717286400000,67766.84,67910.55,67643.33,67789.47,1287.2317
1717300800000,67789.48,67867.6,67720.41,67721.0,1056.53192
1717315200000,67721.01,68320.08,67367.2,68251.52,2959.02252
1717329600000,68251.53,68460.0,67800.0,68142.17,4215.16637
1717344000000,68142.18,68200.0,67257.47,67736.95,4668.17947
1717358400000,67736.95,67984.01,67577.65,67765.63,1240.19331
1717372800000,67765.62,68793.97,67612.48,68382.81,3808.91033
1717387200000,68382.8,69221.0,68285.29,68906.7,5525.34568
1717401600000,68906.7,69333.0,68824.0,69080.0,3826.91777
1717416000000,69080.0,70288.0,68500.0,69615.28,10231.02887
1717430400000,69615.27,69715.61,68800.0,69204.0,3716.39069
1717444800000,69204.0,69509.38,68730.51,68809.9,2524.78066
1717459200000,68809.89,69370.01,68629.9,69170.22,2195.99092
1717473600000,69170.22,69268.27,68745.68,69013.63,2550.75405
1717488000000,69013.62,69191.99,68567.32,68955.85,3143.28299
1717502400000,68955.84,70480.0,68843.73,70445.0,10001.68378
1717516800000,70445.0,71063.45,70092.5,70423.6,9252.35453
1717531200000,70423.61,70736.0,70168.67,70537.84,2475.71862
1717545600000,70537.83,71275.0,70423.51,70947.58,4747.42504
1717560000000,70947.58,71379.21,70826.15,71200.0,4692.49958
1717574400000,71199.99,71243.6,70694.61,70971.71,3455.32686
1717588800000,70971.7,71731.35,70383.66,71580.0,7724.60004
1717603200000,71580.01,71758.0,70871.2,71279.95,5604.75987
1717617600000,71279.95,71357.68,70700.0,71108.0,2478.56943
1717632000000,71108.0,71237.02,70900.0,71050.0,1838.31631
1717646400000,71050.0,71106.46,70800.0,71021.47,2441.77446
1717660800000,71021.46,71204.59,70862.5,71170.01,2311.02713
1717675200000,71170.01,71700.0,71000.0,71300.0,6417.45132
1717689600000,71300.0,71379.93,70450.0,70479.49,5514.55376
1717704000000,70479.49,70958.89,70117.64,70799.06,3318.88151
1717718400000,70799.06,71015.2,70663.59,70989.68,1822.51982
1717732800000,70989.69,71449.98,70989.68,71110.0,4173.52745
1717747200000,71110.01,71700.0,71048.12,71699.99,3176.10664
1717761600000,71700.0,71997.02,70633.21,71111.54,9856.47926
1717776000000,71111.55,71208.89,68420.0,69255.0,13917.20632
1717790400000,69255.01,69585.96,68978.52,69355.6,2652.61096
1717804800000,69355.6,69525.0,69287.28,69432.0,1791.64307
1717819200000,69432.0,69582.2,69232.15,69582.2,1721.33097
1717833600000,69582.2,69582.2,69318.19,69365.93,1625.99373
1717848000000,69365.94,69491.36,69168.02,69430.01,2118.57239
1717862400000,69430.01,69490.0,69292.22,69460.01,1578.06404
1717876800000,69460.0,69475.18,69290.28,69310.46,938.22547
1717891200000,69310.46,69346.9,69130.24,69259.38,1184.61971
1717905600000,69259.38,69425.7,69234.73,69295.64,1031.53735
1717920000000,69295.64,69397.19,69283.45,69367.69,869.09305
1717934400000,69367.68,69777.0,69250.01,69508.64,3778.30362
1717948800000,69508.64,69857.14,69500.0,69710.26,1982.06406
1717963200000,69710.26,69821.53,69590.33,69648.14,1044.9493
1717977600000,69648.15,69801.34,69426.0,69613.2,1986.09511
1717992000000,69613.2,69677.5,69249.99,69303.99,2111.8604
1718006400000,69304.0,69550.0,69172.29,69473.89,2217.29737
1718020800000,69473.89,70195.94,69201.59,70066.12,4204.58568
1718035200000,70066.12,70141.1,69386.81,69490.8,4296.16146
1718049600000,69490.81,69700.51,69334.46,69540.0,2306.66939
1718064000000,69540.0,69590.01,67900.0,68464.0,8068.669
1718078400000,68464.0,68464.0,67325.0,67570.18,7797.79833
1718092800000,67570.18,67662.49,66732.0,66890.01,7282.49886
1718107200000,66890.0,67278.88,66051.0,66244.48,9349.62363
1718121600000,66244.48,67586.64,66161.26,67407.01,6551.1506
1718136000000,67407.02,67588.22,67173.92,67314.24,2386.27546
1718150400000,67314.23,67596.15,66905.0,67407.0,2922.2534
1718164800000,67407.01,67624.89,67195.97,67453.63,2712.51803
1718179200000,67453.64,68059.01,67353.02,67778.43,3358.7204
1718193600000,67778.43,69999.0,67736.0,69734.0,12403.63584
1718208000000,69734.0,69862.4,67250.0,67532.92,11888.022
1718222400000,67532.92,68667.44,67413.51,68263.99,3890.17389
1718236800000,68263.98,68393.63,66969.98,67474.94,5168.64979
1718251200000,67474.95,67729.41,67300.3,67724.81,2963.75859
1718265600000,67724.8,67971.2,67168.0,67739.99,3762.21969
1718280000000,67740.0,68449.3,66368.76,66470.01,10171.91317
1718294400000,66470.01,67080.13,66251.78,66604.01,5091.83328
1718308800000,66604.01,66980.0,66530.84,66773.01,1921.18119
1718323200000,66773.01,67027.32,66480.0,66744.0,2704.93799
1718337600000,66744.0,67221.32,66707.76,66904.98,2943.04425
1718352000000,66904.98,67256.32,66746.4,67036.0,3383.9336
1718366400000,67035.99,67370.24,66344.67,66392.0,5730.45832
1718380800000,66392.0,66520.0,65078.0,65520.02,9683.77753
1718395200000,65520.02,66627.52,65480.0,66043.99,3962.03628
1718409600000,66043.99,66290.0,65967.5,66267.87,2008.24903
1718424000000,66267.87,66416.66,66065.8,66076.99,2891.47187
1718438400000,66076.99,66348.0,66076.98,66319.95,1493.77779
1718452800000,66319.94,66478.48,66153.84,66316.02,2100.54737
1718467200000,66316.02,66360.0,66071.47,66154.7,1431.64709
1718481600000,66154.7,66287.76,65857.1,66228.25,1526.10927
1718496000000,66228.25,66269.74,66076.55,66146.0,790.58916
1718510400000,66145.99,66360.18,66034.5,66266.3,1179.96721
1718524800000,66266.3,66770.0,66172.5,66492.83,2395.77885
1718539200000,66492.83,66793.72,66480.0,66712.8,1854.32659
1718553600000,66712.8,66744.71,66522.0,66562.52,1140.46531
1718568000000,66562.52,66998.7,66460.0,66676.87,2031.39511
1718582400000,66676.86,66913.69,66155.0,66222.0,3307.38167
1718596800000,66222.0,66567.68,65939.67,66172.0,2843.05342
1718611200000,66172.0,66317.64,65556.0,65817.2,4095.43003
1718625600000,65817.2,65827.9,65130.0,65368.0,5353.73577
1718640000000,65368.0,67298.81,65138.0,66691.99,8280.08295
1718654400000,66691.99,66764.7,66164.01,66504.33,3506.48467
1718668800000,66504.33,66588.23,64569.0,65500.0,11041.36558
1718683200000,65500.0,65845.47,65344.24,65672.51,4340.32865
1718697600000,65672.51,65750.01,65100.0,65366.0,3732.15562
1718712000000,65366.0,65433.97,64261.12,64706.0,11395.51177
1718726400000,64705.99,64904.91,64060.0,64412.19,6974.9316
1718740800000,64412.18,65305.0,64178.1,65175.32,4865.80922
1718755200000,65175.32,65603.91,64810.62,65404.0,5262.16662
1718769600000,65404.0,65727.54,65158.05,65326.89,3599.20908
1718784000000,65326.89,65544.0,65000.0,65210.0,3851.72512
1718798400000,65210.0,65310.02,64756.28,64922.0,3230.69752
1718812800000,64921.99,65284.37,64791.76,64882.01,2587.30051
1718827200000,64882.02,65087.76,64666.0,64974.37,1529.69691
1718841600000,64974.37,65407.4,64818.72,65189.99,2764.12678
1718856000000,65190.0,65967.39,65070.91,65858.84,3218.48909
1718870400000,65858.84,66482.94,65559.45,66169.85,3716.69714
1718884800000,66169.86,66300.5,64658.06,64831.23,7331.76705
1718899200000,64831.24,65217.21,64559.15,65050.0,5208.45123
1718913600000,65049.99,65200.11,64848.7,64869.99,2025.75902
1718928000000,64869.99,65066.66,64345.0,64506.14,3151.09938
1718942400000,64506.15,64739.09,64190.76,64201.63,3017.09525
1718956800000,64201.63,64372.15,63522.75,63770.0,6116.25686
1718971200000,63770.01,64360.0,63379.35,63732.02,7918.52722
1718985600000,63732.02,64264.95,63465.17,64232.01,4035.76865
1719000000000,64232.01,64460.14,63828.09,64143.56,1754.81706
1719014400000,64143.56,64342.54,63943.82,64327.45,1615.03389
1719028800000,64327.46,64540.26,64253.07,64520.0,2121.70614
1719043200000,64519.99,64546.81,64214.43,64265.26,1376.34835
1719057600000,64265.27,64397.82,64246.52,64307.08,930.39133
1719072000000,64307.09,64362.0,64218.5,64295.01,729.0975
1719086400000,64295.01,64330.0,64246.01,64262.01,536.37821
1719100800000,64262.01,64521.0,64262.0,64416.14,1222.9115
1719115200000,64416.14,64433.03,64349.49,64415.27,526.41413
1719129600000,64415.27,64437.28,64252.85,64341.45,945.7319
1719144000000,64341.46,64429.1,64049.41,64094.0,1383.12991
1719158400000,64094.01,64187.62,63918.58,64149.78,1430.37834
1719172800000,64149.78,64159.0,63178.32,63210.01,2715.88869
1719187200000,63210.01,63369.8,62695.02,62862.0,4626.61921
1719201600000,62862.0,62952.0,62160.72,62456.0,5068.08372
1719216000000,62456.0,62975.6,60567.01,61291.95,12136.79401
1719230400000,61291.95,61700.0,60670.36,60843.99,5796.95477
1719244800000,60843.99,61044.44,59058.0,59306.72,16409.89475
1719259200000,59306.72,60442.71,58402.0,60293.3,8123.00768
1719273600000,60293.3,61598.87,60257.06,61302.59,4817.65654
1719288000000,61302.59,61420.0,60624.63,60685.16,4078.38689
1719302400000,60685.16,61583.18,60668.01,61187.64,4679.07209
1719316800000,61187.64,62134.0,60953.23,61810.0,8735.80046
1719331200000,61810.0,62420.0,61135.37,61975.46,6527.99194
1719345600000,61975.46,62162.49,61664.0,61806.01,2350.33569
1719360000000,61806.01,62487.81,61643.48,61936.07,3538.82122
1719374400000,61936.07,61990.0,61520.0,61720.02,3492.11682
1719388800000,61720.02,61754.6,61149.64,61445.26,3493.404
1719403200000,61445.26,61980.0,61182.8,61467.86,4713.90642
1719417600000,61467.85,61547.02,60715.3,61000.01,5015.68985
1719432000000,61000.01,61155.66,60712.0,60864.99,2231.72632
1719446400000,60864.98,61300.0,60764.73,61037.31,2391.00432
1719460800000,61037.31,61192.0,60606.63,60794.01,2714.73648
1719475200000,60794.01,61455.15,60736.62,61196.02,2628.05752
1719489600000,61196.01,62389.22,61154.6,61576.0,6247.05892
1719504000000,61576.0,62015.52,61411.7,61450.0,2557.37367
1719518400000,61450.0,61719.92,61338.56,61706.47,1806.0554
1719532800000,61706.46,62225.31,61472.37,61828.17,3950.34413
1719547200000,61828.17,61834.41,61236.0,61350.01,2679.62058
1719561600000,61350.01,61792.34,61212.11,61690.0,3397.52649
1719576000000,61690.0,61875.0,60751.0,61062.01,7645.83227
1719590400000,61062.0,61119.58,60079.41,60123.73,5131.47495
1719604800000,60123.73,60450.0,60063.0,60427.84,2016.39413
1719619200000,60427.84,61009.29,60383.77,60762.0,3105.17344
1719633600000,60762.0,61146.64,60704.46,61052.3,1662.89798
1719648000000,61052.3,61224.0,60890.03,61102.33,2290.41854
1719662400000,61102.33,61182.7,60949.67,61106.0,1996.83297
1719676800000,61106.0,61124.0,60915.12,61057.39,1250.42383
1719691200000,61057.38,61090.0,60839.51,60986.68,1203.81228
1719705600000,60986.68,61078.01,60740.94,60898.32,1806.11748
1719720000000,60898.32,61782.0,60712.21,61528.01,3143.78973
1719734400000,61528.01,61713.65,61393.07,61560.0,2353.60654
1719748800000,61560.0,61860.0,61346.0,61717.9,2664.88075
1719763200000,61717.9,62109.81,61590.01,62026.83,2493.15916
1719777600000,62026.83,63058.76,61835.2,62772.01,4864.7477
1719792000000,62772.01,63818.33,62573.32,63437.69,6859.32328
1719806400000,63437.69,63466.92,63223.2,63277.84,1948.86897
1719820800000,63277.84,63314.99,62593.07,62662.09,3745.11478
1719835200000,62662.09,63166.11,62497.2,63132.9,4514.7061
1719849600000,63132.9,63861.76,62966.77,63226.78,5479.95754
1719864000000,63226.78,63423.48,62804.6,62899.99,1999.13471
1719878400000,62900.0,63288.83,62787.42,63138.67,1678.91798
1719892800000,63138.68,63245.8,62580.0,62629.99,2518.53154
1719907200000,62630.0,62866.2,62401.23,62832.01,4139.03014
1719921600000,62832.01,63152.0,61823.74,61948.08,5966.58949
1719936000000,61948.08,62368.81,61806.28,61939.1,2841.63377
1719950400000,61939.1,62181.24,61875.55,62135.47,1428.41583
1719964800000,62135.46,62285.94,60600.0,60987.99,5145.57685
1719979200000,60988.0,61181.84,60816.0,60870.01,2356.603
1719993600000,60870.01,60978.19,59600.0,60386.01,8846.07874
1720008000000,60386.01,60740.2,59752.29,60186.25,7199.97498
1720022400000,60186.25,60655.56,59666.0,59671.1,4933.93774
1720036800000,59671.11,60374.82,59400.0,60208.58,3677.93996
1720051200000,60208.57,60498.19,57800.01,59102.0,13491.78125
1720065600000,59102.0,59150.0,58104.0,58219.99,4995.15301
1720080000000,58219.99,58506.18,56952.0,57761.94,13240.07067
1720094400000,57761.95,58350.19,56771.0,58140.0,12117.63525
1720108800000,58140.0,58676.24,57752.27,58283.62,5009.28193
1720123200000,58283.62,58813.13,56866.0,57050.01,5714.85065
1720137600000,57050.02,57546.0,55000.0,55227.99,18842.91117
1720152000000,55228.0,55356.42,53485.93,54415.05,18348.50944
1720166400000,54415.04,55650.0,53900.0,55486.5,14058.05864
1720180800000,55486.51,56678.19,54828.52,56662.0,16600.37842
1720195200000,56662.99,57040.02,55779.33,56465.42,10590.10229
1720209600000,56465.41,56866.0,56315.0,56628.79,2908.2876
1720224000000,56628.79,56998.0,56170.5,56410.0,4430.41318
1720238400000,56409.99,56683.9,56018.0,56606.0,3090.15552
1720252800000,56606.0,56876.33,56436.78,56731.42,2361.38025
1720267200000,56731.42,57441.1,56500.0,57317.98,4879.13871
1720281600000,57317.99,58113.0,57185.76,57857.99,4272.51181
1720296000000,57857.99,58475.0,57806.92,58230.13,2617.71611
1720310400000,58230.13,58449.46,57838.0,57963.45,3130.97845
1720324800000,57963.46,58007.87,57073.36,57369.99,3555.09321
1720339200000,57369.99,57911.71,57350.94,57460.0,2240.99923
1720353600000,57460.0,57631.02,56563.46,56825.42,4001.28632
1720368000000,56825.42,57392.0,56755.55,57151.1,1983.16539
1720382400000,57151.1,57319.1,55724.37,55857.81,4207.41658
1720396800000,55857.81,56023.07,54260.16,55160.01,11551.58728
1720411200000,55160.0,55900.0,54963.62,55852.01,4404.65688
1720425600000,55852.0,58236.73,55741.11,57154.01,11849.7342
1720440000000,57154.01,57621.1,54800.0,55761.52,12916.02666
1720454400000,55761.52,56574.99,55425.74,56477.31,4703.86519
1720468800000,56477.3,56971.94,56200.0,56714.62,2664.33469
1720483200000,56714.61,57362.66,56289.45,57168.36,4128.26169
1720497600000,57168.36,57754.0,57011.5,57116.84,4342.95753
1720512000000,57116.84,57900.0,57024.01,57428.01,3810.42794
1720526400000,57428.01,58131.09,56903.0,57477.01,8788.77381
1720540800000,57477.0,58296.0,57362.08,57862.01,4164.8292
1720555200000,57862.01,58260.0,57704.3,58050.0,2496.95771
1720569600000,58050.0,58208.0,57309.09,58180.01,2762.2326
1720584000000,58180.0,59470.0,58180.0,58977.99,6066.4939
1720598400000,58977.99,59032.82,58311.66,58492.0,4042.42633
1720612800000,58492.0,58550.0,57471.12,57699.69,6905.27165
1720627200000,57699.69,58019.89,57353.84,57392.03,3000.7172
1720641600000,57392.03,57879.58,57157.79,57725.85,2174.59631
1720656000000,57725.85,58407.05,57050.0,57568.0,4166.29718
1720670400000,57568.0,58300.0,57488.28,58191.5,3450.47132
1720684800000,58191.5,58936.52,58052.0,58777.99,4104.41357
1720699200000,58777.99,59650.0,57266.58,57402.01,12045.90104
1720713600000,57402.01,58000.61,57178.0,57378.01,3674.1921
1720728000000,57378.0,57636.0,57150.0,57339.89,2319.78214
1720742400000,57339.89,57571.86,56542.47,56914.01,3755.44316
1720756800000,56914.01,57416.13,56716.68,57106.94,2909.38206
1720771200000,57106.95,57334.32,56767.05,57203.54,3142.52354
1720785600000,57203.54,58278.0,57000.0,58214.0,6704.3943
1720800000000,58213.99,58526.68,57500.0,57576.01,4912.50519
1720814400000,57576.01,57906.1,57150.06,57889.1,2228.20865
1720828800000,57889.09,57991.5,57762.39,57814.0,1446.83324
1720843200000,57814.0,58216.08,57756.63,58170.32,1632.17504
1720857600000,58170.33,58854.98,57900.57,58534.0,3065.17976
1720872000000,58534.0,58899.46,58434.38,58830.63,2936.67433
1720886400000,58830.62,58964.89,58572.98,58624.38,1692.04143
1720900800000,58624.38,59850.0,58288.19,59204.02,4584.84139
1720915200000,59204.01,59838.0,59194.01,59466.15,3229.454
1720929600000,59466.16,60324.61,59418.68,60062.01,4786.53502
1720944000000,60062.01,60400.0,59904.0,60099.1,2939.8847
1720958400000,60099.1,60236.13,59466.67,60084.0,3186.29928
1720972800000,60084.0,60184.99,59894.16,59915.99,1320.94796
1720987200000,59916.0,61420.69,59880.0,60797.91,5715.21811
1721001600000,60797.91,62796.01,60632.3,62647.87,8302.39428
1721016000000,62647.87,63084.0,62433.01,62840.12,4843.17921
1721030400000,62840.12,63243.71,62290.0,62454.0,4225.17162
1721044800000,62454.0,63328.0,62444.67,63026.0,6566.03185
1721059200000,63026.01,63820.15,62852.0,63342.0,8649.43196
1721073600000,63342.0,64900.0,63251.65,64724.14,6104.76928
1721088000000,64724.06,64955.49,64436.2,64752.14,4459.14074
1721102400000,64752.14,64993.95,62721.79,62895.01,9913.30874
1721116800000,62895.01,63872.2,62373.24,63746.11,6280.01898
1721131200000,63746.11,64960.86,63063.83,64878.24,8930.8138
1721145600000,64878.24,65200.0,64111.56,65165.43,7931.24617
1721160000000,65165.42,65388.97,64115.0,65043.99,5016.00072
1721174400000,65044.0,66128.63,64932.31,65701.66,5877.77737
1721188800000,65701.66,65993.14,65198.62,65258.0,4387.02514
1721203200000,65258.01,65500.0,64560.0,64723.73,4608.68913
1721217600000,64723.73,65400.0,64537.41,64724.01,6216.23738
1721232000000,64724.01,64766.99,63854.0,64585.78,5893.07209
1721246400000,64585.78,64672.89,64058.0,64087.99,2584.72843
1721260800000,64087.99,65133.3,63910.0,64865.08,4071.27925
1721275200000,64865.09,65061.5,64402.35,64668.0,2950.56928
1721289600000,64668.0,64950.0,64441.94,64758.0,2394.45662
1721304000000,64758.0,65111.29,63400.0,63538.12,6967.85898
1721318400000,63538.12,63958.51,63238.48,63555.0,4155.67605
1721332800000,63555.0,64122.43,63438.21,63987.92,2028.88232
1721347200000,63987.92,64368.62,63300.67,64325.0,3161.96417
1721361600000,64324.99,64486.0,63600.0,63694.01,4022.16332
1721376000000,63694.01,64182.77,63409.01,64116.0,3490.01318
1721390400000,64115.99,65888.0,64005.57,65836.77,10348.62908
1721404800000,65836.76,67386.0,65827.62,67157.26,11099.18996
1721419200000,67157.25,67352.44,66616.19,66660.0,3512.76768
1721433600000,66660.01,66822.22,66222.46,66602.01,2794.0079
1721448000000,66602.0,66775.11,66436.0,66562.28,1871.55513
1721462400000,66562.27,66733.09,66458.83,66483.69,1353.5524
1721476800000,66483.69,66832.0,66273.62,66825.0,1565.74689
1721491200000,66824.99,67598.0,66679.01,67224.0,4139.41482
1721505600000,67224.0,67430.01,66790.9,67139.96,2662.6472
1721520000000,67139.97,67436.22,66962.0,67171.33,1473.02827
1721534400000,67171.33,67220.52,66592.1,66701.99,1958.03031
1721548800000,66702.0,67062.77,66680.0,66879.99,1335.82107
1721563200000,66879.99,67499.99,66616.0,67164.0,2766.07202
1721577600000,67164.0,67713.0,65777.0,67422.02,9311.54907
1721592000000,67422.03,68366.66,67274.69,68165.34,4974.61117
1721606400000,68165.35,68474.55,67753.72,67880.01,2930.46409
1721620800000,67880.01,67996.01,67122.22,67236.0,2950.64733
1721635200000,67236.01,67599.0,66944.1,67516.01,2471.17079
1721649600000,67516.01,67952.39,66559.97,67063.87,5487.87343
1721664000000,67063.87,68250.0,66798.36,68232.07,3909.8301
1721678400000,68232.08,68256.0,67224.11,67532.01,3701.05729
1721692800000,67532.0,67750.98,67183.98,67473.99,2359.78706
1721707200000,67473.98,67526.01,66256.39,66576.0,5421.15607
1721721600000,66576.0,67166.01,66454.0,66676.01,4791.70581
1721736000000,66676.0,67349.03,65962.0,66584.01,8657.6177
1721750400000,66584.01,66780.01,65441.08,65536.01,6601.90145
1721764800000,65536.0,66054.0,65472.54,65936.01,3573.98507
1721779200000,65936.0,66146.01,65476.84,66052.71,2432.59154
1721793600000,66052.71,66080.01,65610.0,66078.0,2427.93275
1721808000000,66078.0,66600.0,66008.0,66367.99,3288.02602
1721822400000,66368.0,67102.01,66093.99,66176.0,5901.95291
1721836800000,66176.0,66709.55,65558.89,65652.0,5503.70728
1721851200000,65652.01,66066.66,65111.0,65376.0,3528.35227
1721865600000,65376.01,65620.0,63861.0,64093.59,9391.42907
1721880000000,64093.58,64390.0,63800.0,64134.0,3961.34648
1721894400000,64134.0,64480.0,63878.0,64096.0,4126.90854
1721908800000,64096.01,65005.0,63456.7,64790.88,7825.83383
1721923200000,64790.89,65187.82,64388.46,64692.01,5638.02977
1721937600000,64692.01,66175.49,64425.0,65799.95,4182.88165
1721952000000,65799.95,67480.0,65722.63,67042.01,5791.72468
1721966400000,67042.0,67190.0,66870.82,66890.56,3400.66108
1721980800000,66890.56,67498.0,66890.56,67322.0,3011.50616
1721995200000,67321.99,68000.0,66892.0,67560.01,6230.76783
1722009600000,67560.0,68144.01,67303.07,67990.0,3294.11637
1722024000000,67990.0,68200.0,67413.5,67907.99,2515.58411
1722038400000,67908.0,68081.57,67630.0,67798.0,1546.232
1722052800000,67797.99,68295.39,67782.73,68036.68,1915.58616
1722067200000,68036.68,68275.64,67892.24,68209.88,1834.00547
1722081600000,68209.88,69399.99,68195.43,68844.0,6195.41252
1722096000000,68844.0,68990.03,67658.68,68246.0,5271.56991
1722110400000,68246.0,69182.94,66650.0,67896.5,14947.41315
1722124800000,67896.49,68285.43,67260.54,67940.95,2215.70821
1722139200000,67940.94,68024.18,67066.66,67560.86,2398.3193
1722153600000,67560.86,68000.0,67220.0,67836.0,1770.93628
1722168000000,67836.01,68123.32,67577.63,67645.0,1768.83501
1722182400000,67645.0,68318.43,67624.0,68112.0,1510.5162
1722196800000,68112.0,68277.83,67801.62,68249.88,1204.37894
1722211200000,68249.88,69800.0,68168.0,69347.67,5973.42365
1722225600000,69347.66,69888.0,69263.07,69528.01,4146.35577
1722240000000,69528.01,69838.62,69375.0,69580.01,3013.88754
1722254400000,69580.01,70079.99,67668.34,68104.0,11386.58792
1722268800000,68103.99,68118.0,66428.0,67303.05,9083.51955
1722283200000,67303.05,67553.66,66600.0,66784.69,2863.5219
1722297600000,66784.68,66886.0,65862.0,66610.0,5989.73926
1722312000000,66610.0,67000.0,66322.49,66952.0,2496.27288
1722326400000,66952.0,66999.92,66404.53,66574.01,2327.27576
1722340800000,66574.0,66948.0,65555.0,66216.01,6086.17893
1722355200000,66216.01,66550.01,65556.56,65931.02,3450.64877
1722369600000,65931.03,66356.89,65302.67,66188.0,2782.13881
1722384000000,66188.0,66413.28,65881.96,66058.0,1725.24015
1722398400000,66058.0,66554.4,65496.0,66224.0,3376.79106
1722412800000,66224.0,66374.01,65954.54,66094.01,1829.74564
1722427200000,66094.01,66849.24,65963.25,66379.99,4367.38069
1722441600000,66379.99,66836.3,64957.14,65256.83,6409.37317
1722456000000,65256.83,65422.0,64530.0,64628.0,4916.90834
1722470400000,64628.01,64841.29,63750.0,63936.01,5768.43332
1722484800000,63936.01,64488.0,63584.0,64328.59,4107.52186
1722499200000,64328.6,64701.41,64299.87,64674.25,2655.04695
1722513600000,64674.26,64949.58,62666.07,62906.6,8006.54547
1722528000000,62907.44,63509.83,62302.0,63422.01,8541.89631
1722542400000,63422.01,65659.78,63336.61,65354.02,6462.82463
1722556800000,65354.02,65596.14,63668.0,64609.18,4163.15932
1722571200000,64609.17,64655.17,63807.29,64164.07,3823.07721
1722585600000,64164.07,64974.0,64044.0,64660.01,3302.57023
1722600000000,64660.01,65524.01,62432.9,63416.01,14382.81934
1722614400000,63416.0,63611.24,62515.0,62633.57,5054.98681
1722628800000,62633.58,63187.26,61230.01,61498.33,8093.81646
1722643200000,61498.34,61975.0,60505.0,61895.99,7057.47647
1722657600000,61895.99,61981.43,61398.01,61662.01,2027.63322
1722672000000,61662.02,62002.39,61457.89,61919.38,1996.26325
1722686400000,61919.38,62198.22,60833.33,60879.0,3681.34999
1722700800000,60879.01,61288.0,59920.0,60246.0,9231.05335
1722715200000,60246.01,60849.93,59850.0,60697.99,4040.93939
1722729600000,60697.99,61117.63,60320.0,60735.0,2502.72642
1722744000000,60735.0,60938.54,60260.0,60373.99,1972.26761
1722758400000,60374.0,61000.0,60081.57,60896.0,2180.15909
1722772800000,60896.0,61097.55,58960.0,59086.01,7395.68169
1722787200000,59086.01,59497.21,57122.77,59257.66,12940.59003
1722801600000,59257.67,59583.0,58001.81,58161.0,4625.09519
1722816000000,58161.0,58305.59,52300.17,53890.87,36136.4623
1722830400000,53890.87,54576.71,49000.0,52674.19,43384.9307
1722844800000,52674.2,53218.37,50633.47,51340.0,19223.46997
1722859200000,51340.0,54980.0,49542.83,54321.09,39760.49257
1722873600000,54321.08,55600.0,52555.0,53470.09,16277.76056
1722888000000,53470.08,55200.0,53462.0,54018.81,7282.47576
1722902400000,54018.82,56276.0,53950.0,55665.73,10506.64519
1722916800000,55665.73,56169.48,55255.0,55999.99,7730.59021
1722931200000,55998.02,56122.0,54600.01,55210.01,9386.98945
1722945600000,55210.0,56605.55,54371.94,56405.99,13732.96595
1722960000000,56405.99,57040.99,56234.8,56765.48,8827.28343
1722974400000,56769.98,56935.56,55800.0,56022.01,5700.30253
1722988800000,56022.0,57287.99,55557.88,56862.0,6756.5481
1723003200000,56862.01,57250.0,56544.7,56920.91,5447.23988
1723017600000,56920.91,57736.05,56870.39,56963.38,6601.32871
1723032000000,56963.39,57479.6,55650.0,56094.5,10005.68143
1723046400000,56094.51,56300.0,54676.35,54759.22,9406.48722
1723060800000,54760.97,55566.24,54558.62,55134.16,6052.0915
1723075200000,55133.76,57636.36,54730.0,57049.74,8647.80188
1723089600000,57049.74,57434.35,56670.47,57193.49,3670.90212
1723104000000,57193.48,57670.04,56978.52,57320.51,3688.92815
1723118400000,57320.51,59505.0,56700.0,59428.03,14315.42395
1723132800000,59428.03,59863.0,59237.59,59414.51,6749.57668
1723147200000,59414.52,62745.14,59297.34,61685.99,11276.89671
1723161600000,61686.0,61744.37,60720.0,61358.39,5373.57013
1723176000000,61358.39,61390.7,60588.63,60863.57,4475.52913
1723190400000,60863.58,61210.31,60170.16,60655.24,4238.45087
1723204800000,60655.25,61115.11,59535.0,59810.23,8756.37366
1723219200000,59810.24,60750.0,59700.0,60681.42,3794.60746
1723233600000,60681.79,60986.03,59909.16,60837.99,4333.94892
1723248000000,60837.99,61470.58,60266.03,60437.84,2866.07526
1723262400000,60437.85,60851.91,60242.0,60842.0,1152.48879
1723276800000,60842.01,61116.65,60601.96,60920.88,1618.24524
1723291200000,60920.88,60949.99,60400.0,60515.89,1529.47703
1723305600000,60515.9,61196.63,60400.0,61016.45,1789.44845
1723320000000,61016.44,61160.0,60757.39,60923.51,1039.47144
1723334400000,60923.51,61382.73,60892.0,61085.01,1397.39336
1723348800000,61085.01,61271.43,60881.36,61257.0,1213.74092
1723363200000,61257.0,61858.0,60425.0,60669.15,3535.80151
1723377600000,60669.14,60761.09,59941.0,60127.29,4006.7116
1723392000000,60127.29,60350.0,59542.57,59621.11,2598.58022
1723406400000,59621.11,59674.38,58286.73,58712.59,6437.61751
1723420800000,58712.59,59088.33,58100.06,58509.5,4095.99147
1723435200000,58509.5,58984.85,57642.21,58674.61,4501.23624
1723449600000,58674.62,59990.0,58125.75,59851.7,6603.96568
1723464000000,59851.71,60711.09,57800.0,60207.37,12079.0591
1723478400000,60207.38,60420.34,58440.54,59043.98,5640.99625
1723492800000,59043.99,59745.99,58555.26,59346.64,4088.66869
1723507200000,59346.64,59923.28,58846.95,59040.0,4305.36618
1723521600000,59040.0,59476.0,58830.23,59238.05,2580.7308
1723536000000,59238.05,59331.99,58392.88,58830.0,3375.9081
1723550400000,58830.01,59776.7,58709.57,59472.26,5686.11926
1723564800000,59472.25,61578.1,59446.22,60820.15,9342.46623
1723579200000,60820.16,61138.87,60389.75,60587.15,2568.36794
1723593600000,60587.16,61302.88,60425.01,60952.83,2371.7811
1723608000000,60952.83,61162.2,60637.3,60914.02,1820.0908
1723622400000,60914.02,61453.0,60640.4,61296.87,3475.66893
1723636800000,61296.88,61800.0,58823.52,59435.69,13499.00032
1723651200000,59435.69,59462.61,58615.06,58891.13,4924.68347
1723665600000,58891.13,59183.99,58433.18,58683.39,2331.53864
1723680000000,58683.39,59044.44,58010.0,58442.98,5000.29248
1723694400000,58442.99,58639.0,57713.88,58060.37,4142.71713
1723708800000,58060.36,58872.85,57964.85,58745.36,3345.64247
1723723200000,58745.36,59787.37,58532.42,59682.84,7723.07742
1723737600000,59682.85,59849.38,56680.0,57047.46,10434.70512
1723752000000,57046.34,57885.0,56078.54,57541.06,7039.7416
1723766400000,57541.05,58517.47,57098.62,57890.0,4146.62428
1723780800000,57890.0,58666.77,57800.47,58456.99,3244.35689
1723795200000,58456.99,58683.47,58218.71,58400.0,2450.75569
1723809600000,58400.0,58915.18,57526.31,58071.06,8248.43744
1723824000000,58071.07,59817.76,58000.0,59683.39,6963.94372
1723838400000,59683.39,59715.69,58703.99,58874.6,2556.72542
1723852800000,58874.59,59389.18,58785.05,59158.37,1769.95814
1723867200000,59158.36,59263.47,59051.98,59248.0,1106.84453
1723881600000,59248.0,59477.16,59060.0,59137.12,1327.01136
1723896000000,59137.12,59654.9,59100.28,59388.11,1490.86412
1723910400000,59388.11,59700.0,59294.31,59473.19,1157.01055
1723924800000,59473.19,59500.0,59113.68,59491.99,870.04061
1723939200000,59491.99,60259.01,59300.0,59337.42,2850.6571
1723953600000,59337.41,59698.0,59256.56,59573.39,1521.38536
1723968000000,59573.39,60200.0,59436.0,60024.01,2556.86768
1723982400000,60024.0,60284.99,59669.85,59863.99,2229.08779
1723996800000,59863.99,59945.83,59377.14,59708.38,1411.05054
1724011200000,59708.38,59869.77,58408.92,58427.35,3065.8087
1724025600000,58427.35,58763.83,58210.03,58736.85,4986.95947
1724040000000,58736.85,58746.0,58359.5,58502.19,2077.63203
1724054400000,58502.19,58671.38,57787.3,58396.95,4744.05742
1724068800000,58396.94,58970.0,58029.77,58539.24,4628.31977
1724083200000,58539.25,59290.0,58380.0,58967.53,3169.47813
1724097600000,58967.54,59617.63,58914.0,59438.5,3202.86569
1724112000000,59438.5,60910.55,59363.31,60619.18,6392.34637
1724126400000,60619.19,61400.0,60576.06,60924.33,5275.93633
1724140800000,60924.33,60975.0,60401.9,60518.82,3208.7774
1724155200000,60518.83,60955.99,58680.01,58825.53,10444.8448
1724169600000,58825.53,59597.28,58548.23,59511.99,3678.04238
1724184000000,59512.0,59722.72,58802.35,59013.8,2477.4982
1724198400000,59013.8,59519.99,58783.47,59320.0,2364.50372
1724212800000,59320.0,59739.52,59183.13,59712.0,2017.26415
1724227200000,59711.99,59924.13,59085.88,59361.14,2931.20089
1724241600000,59361.14,60201.98,58850.0,59511.8,8008.24548
1724256000000,59511.79,61625.2,59375.0,61570.0,7137.29601
1724270400000,61570.0,61820.93,60902.13,61156.03,5525.13195
1724284800000,61156.03,61229.0,59724.87,60548.9,4109.54112
1724299200000,60548.9,61114.23,60459.98,60984.31,2676.87579
1724313600000,60984.31,61400.0,60802.38,61336.09,3099.60131
1724328000000,61336.09,61398.18,60100.0,60407.4,6849.31563
1724342400000,60407.39,60600.2,60131.0,60308.0,2663.66757
1724356800000,60307.99,60707.88,60288.0,60375.84,1842.20446
1724371200000,60375.83,60968.24,60342.14,60593.31,2184.3747
1724385600000,60593.31,61367.74,60582.68,61069.27,2937.25078
1724400000000,61069.26,61337.57,60691.11,60741.68,2313.52775
1724414400000,60741.68,62320.36,60741.68,61533.05,11626.90263
1724428800000,61533.04,63819.16,61349.99,63628.84,11503.37
1724443200000,63628.84,64955.0,63484.18,64037.24,7552.64503
1724457600000,64037.24,64206.7,63626.58,63832.01,3091.41323
1724472000000,63832.0,64332.0,63822.0,64315.0,2843.18939
1724486400000,64315.0,64494.5,63868.0,63905.01,2357.89821
1724500800000,63905.0,64244.0,63872.0,63976.0,2293.96419
1724515200000,63976.0,64444.0,63903.58,64210.6,2874.78934
1724529600000,64210.6,64328.0,63531.0,64157.01,2395.9018
1724544000000,64157.02,64507.04,64000.0,64101.01,2623.24737
1724558400000,64101.01,64196.0,63785.76,63868.26,1645.44133
1724572800000,63868.27,64010.0,63773.27,63873.91,1728.68012
1724587200000,63873.92,64288.0,63805.0,64132.16,1834.2167
1724601600000,64132.17,64248.66,64000.0,64187.41,1118.62168
1724616000000,64187.42,65000.0,64122.49,64220.0,3355.27257
1724630400000,64219.99,64481.0,63790.0,64114.99,2477.44562
1724644800000,64115.0,64205.31,63420.0,63627.01,2772.63585
1724659200000,63627.01,64039.2,63220.95,63859.0,2882.34645
1724673600000,63859.0,63958.95,63061.0,63532.53,4958.27097
1724688000000,63532.54,63878.78,63192.04,63342.99,3487.08919
1724702400000,63342.99,63557.58,62800.0,62834.0,2892.26468
1724716800000,62834.0,63212.0,62657.0,62970.0,3568.52133
1724731200000,62970.0,63200.0,62701.06,62902.31,3113.00318
1724745600000,62902.32,63000.0,62230.0,62417.0,4189.56881
1724760000000,62416.99,62495.0,61473.03,61709.13,8258.16317
1724774400000,61709.13,62196.75,61518.74,62102.01,3043.78733
1724788800000,62102.0,62102.01,58034.01,59415.0,12962.89796
1724803200000,59415.0,59650.0,58917.12,59629.01,5551.9553
1724817600000,59629.01,59661.0,58516.0,58600.98,4614.54952
1724832000000,58600.98,60234.98,58534.35,59935.0,6405.76959
1724846400000,59934.99,60160.0,58443.07,59000.0,8281.56232
1724860800000,59000.0,59849.99,57860.0,58898.85,8303.26552
1724875200000,58898.85,59602.0,58623.01,59034.9,3711.4405
1724889600000,59034.9,59320.0,58878.46,59141.1,2188.72128
1724904000000,59141.11,59764.0,59049.79,59583.88,2877.04011
1724918400000,59583.88,60477.0,59374.0,60067.06,4113.75713
1724932800000,60067.06,61166.99,59990.0,60779.99,7624.50121
1724947200000,60779.99,60960.0,58915.01,59258.0,7172.50668
1724961600000,59257.99,59638.37,58713.09,59359.01,3044.38102
1724976000000,59359.0,59487.64,58899.7,59032.01,2743.70295
1724990400000,59032.0,59582.86,58685.0,59271.1,4144.3024
1725004800000,59271.11,59674.42,59271.0,59396.0,3176.58551
1725019200000,59396.0,59944.07,57946.01,58094.99,10365.98684
1725033600000,58095.0,59371.0,57701.1,58700.02,6417.58601
1725048000000,58700.02,59298.89,58700.0,59123.99,1671.15824
1725062400000,59123.99,59462.38,59070.4,59232.01,1647.80492
1725076800000,59232.01,59350.0,59043.12,59095.0,1230.67061
1725091200000,59095.01,59188.9,58831.88,59120.99,1404.08788
1725105600000,59120.99,59244.04,58892.15,59006.54,1774.98601
1725120000000,59006.54,59140.01,58744.0,58856.0,1637.2679
1725134400000,58856.0,59141.72,58763.29,58973.99,1103.59168
1725148800000,58974.0,59076.59,58276.01,58524.21,2314.00203
1725163200000,58524.21,58599.98,57777.0,58478.64,3366.16193
1725177600000,58478.64,58504.81,57840.0,58240.52,2520.59733
1725192000000,58240.51,58360.38,57201.0,58217.0,5911.39633
1725206400000,58217.0,58788.93,57864.3,58514.0,2668.74429
1725220800000,58514.01,58656.77,57205.0,57301.86,3924.2555
1725235200000,57301.77,57767.14,57128.0,57742.01,4604.88008
1725249600000,57742.0,57987.99,57362.06,57547.99,2616.60584
1725264000000,57548.0,58680.76,57520.12,58422.01,5072.33101
1725278400000,58422.01,58808.0,58104.0,58537.99,4023.88935
1725292800000,58537.99,58666.64,58293.12,58439.99,2856.4724
1725307200000,58440.03,59425.69,58384.61,59132.13,3720.83593
1725321600000,59132.12,59809.65,59021.62,59110.99,3188.73817
1725336000000,59111.0,59259.0,58872.0,59112.0,2786.55038
1725350400000,59112.01,59195.63,58717.0,59072.0,2434.05695
1725364800000,59072.01,59350.0,57568.0,57725.0,8190.06416
1725379200000,57725.01,58251.09,57589.01,58046.0,3746.4115
1725393600000,58045.99,58247.0,57415.0,57487.73,2482.36331
1725408000000,57487.74,57943.53,55606.0,56653.98,10008.5459
1725422400000,56653.99,56881.0,56201.0,56746.0,5570.10401
1725436800000,56746.0,56909.94,56453.0,56573.0,3012.85274
1725451200000,56573.0,58181.43,56187.61,58134.0,9903.94203
1725465600000,58134.0,58519.0,57646.0,58058.01,5284.73247
1725480000000,58058.0,58390.0,57792.46,57970.9,1780.64431
1725494400000,57970.9,58327.07,56891.07,57135.42,4718.02876
1725508800000,57135.42,57291.1,56541.68,57155.1,3337.56535
1725523200000,57155.1,57232.0,56623.0,56698.01,2824.97809
1725537600000,56698.01,57350.0,55817.51,55976.01,10200.08948
1725552000000,55976.01,56710.0,55800.0,56060.01,4306.58366
1725566400000,56060.0,56259.97,55643.65,56180.0,2419.66879
1725580800000,56180.0,56858.88,55989.0,56588.0,3089.15324
1725595200000,56588.01,56747.91,55280.0,55804.29,5943.85272
1725609600000,55804.28,56262.11,55639.0,55999.09,4116.26102
1725624000000,55999.09,57008.0,53808.0,54045.01,21136.96377
1725638400000,54045.0,54435.0,53267.54,53534.28,11314.50356
1725652800000,53534.27,53969.99,52550.0,53962.97,8847.03395
1725667200000,53962.97,54095.65,53745.54,53818.91,2283.19066
1725681600000,53818.92,54405.37,53814.0,54286.0,4210.82665
1725696000000,54286.0,54492.98,54168.23,54326.0,2289.86562
1725710400000,54326.01,54829.0,54326.0,54780.0,2510.87487
1725724800000,54780.0,54850.0,54000.0,54404.01,3137.77696
1725739200000,54404.01,54437.97,53814.01,54160.86,2261.51298
1725753600000,54160.86,54509.0,53964.0,54402.99,1979.50014
1725768000000,54402.98,54575.0,54261.1,54436.25,1722.23364
1725782400000,54436.25,54722.85,54356.0,54556.08,1765.73164
1725796800000,54556.08,54567.0,53640.0,53687.0,3500.41607
1725811200000,53686.99,54531.1,53629.01,54337.01,2289.20807
1725825600000,54337.02,55318.0,54184.0,54869.95,5017.05823
1725840000000,54869.95,55370.23,54688.69,55115.0,4899.59127
1725854400000,55115.0,55150.0,54591.96,54974.01,3091.16196
1725868800000,54974.01,55555.0,54960.0,55264.87,3429.17626
1725883200000,55264.87,55799.0,54804.0,55386.0,6542.48233
1725897600000,55385.99,57177.0,55348.54,57089.54,9053.91852
1725912000000,57089.53,58088.0,56810.0,57042.0,5368.18703
1725926400000,57042.01,57065.34,56522.86,56524.74,3589.26607
1725940800000,56524.74,57290.0,56386.4,57218.57,2969.98514
1725955200000,57218.56,57378.0,56878.65,57228.0,3523.74246
1725969600000,57228.01,57468.98,56502.31,56596.0,6137.02725
1725984000000,56596.01,58044.36,56566.0,57952.01,5036.50689
1725998400000,57952.01,57975.99,57453.0,57635.99,2370.25345
1726012800000,57635.99,57750.0,56681.32,56819.55,4635.08566
1726027200000,56819.56,56819.56,56100.0,56712.0,4361.14028
1726041600000,56712.01,56895.82,56325.7,56797.99,4294.63231
1726056000000,56798.0,57166.66,55545.19,56701.23,10825.4419
1726070400000,56701.22,57981.71,56646.0,57585.5,7312.7816
1726084800000,57585.5,57676.83,57211.1,57338.0,1597.48582
1726099200000,57338.0,58470.01,57324.0,58232.72,4925.10026
1726113600000,58232.73,58430.56,57836.28,58138.16,3805.17892
1726128000000,58138.15,58350.0,57894.0,58057.99,3403.41297
1726142400000,58058.0,58588.0,57345.23,57512.03,9147.61704
1726156800000,57512.03,58450.99,57494.01,58388.0,5931.38887
1726171200000,58388.0,58388.0,57781.1,58132.32,3861.70825
1726185600000,58132.31,58290.4,57798.49,57845.97,2349.18013
1726200000000,57845.97,58137.68,57742.0,58109.31,2043.6269
1726214400000,58109.31,58350.0,57815.0,57871.1,2642.80891
1726228800000,57871.1,59723.97,57632.62,59667.38,10230.19313
1726243200000,59666.01,59999.0,59312.01,59743.99,6438.89464
1726257600000,59743.99,60625.0,59633.4,60498.0,6120.52962
1726272000000,60497.99,60610.45,60285.55,60329.37,2276.07277
1726286400000,60329.38,60348.24,59900.0,60138.14,2520.20691
1726300800000,60138.14,60156.0,59605.98,59706.39,2203.8962
1726315200000,59706.4,60010.0,59626.01,59876.0,1704.29511
1726329600000,59875.99,59983.39,59400.0,59810.0,2133.99814
1726344000000,59810.01,60134.13,59774.0,59993.03,1299.43988
1726358400000,59993.02,60280.06,59986.01,60155.93,1236.11942
1726372800000,60155.93,60216.0,60032.9,60196.0,1021.60267
1726387200000,60195.99,60204.0,59880.0,60000.51,1163.54597
1726401600000,60000.51,60395.8,59871.0,60335.41,2112.8118
1726416000000,60335.41,60352.65,59707.08,59878.22,3245.74935
1726430400000,59878.23,59939.1,58691.05,59132.0,4978.0944
1726444800000,59132.0,59210.7,58112.0,58575.09,5370.8386
1726459200000,58575.09,58970.0,58312.54,58911.1,3433.45011
1726473600000,58911.1,59179.35,58506.0,58663.99,3270.35511
1726488000000,58664.0,58789.93,57553.38,57881.69,6950.28148
1726502400000,57881.7,58263.84,57493.3,57943.99,4927.89314
1726516800000,57943.99,58410.0,57608.0,58213.99,2524.74576
1726531200000,58213.99,58343.99,57610.01,58060.0,2399.69133
1726545600000,58060.0,58779.08,58028.0,58695.39,2401.70353
1726560000000,58695.39,59300.0,58636.36,59080.99,3403.05073
1726574400000,59080.99,61320.0,58872.02,61135.5,14518.51056
1726588800000,61135.49,61261.0,59618.26,59967.99,7151.64931
1726603200000,59967.98,60424.25,59715.42,60313.99,3241.65332
1726617600000,60313.99,60769.0,59854.6,60509.99,3991.84107
1726632000000,60510.0,60689.62,60199.68,60428.01,1833.32107
1726646400000,60428.01,60428.01,59348.88,59846.0,4528.13103
1726660800000,59846.0,60160.0,59308.61,59429.18,5117.9094
1726675200000,59429.19,61318.6,59174.8,60057.99,14645.02961
1726689600000,60057.99,61786.24,59473.68,61759.99,5970.79251
1726704000000,61759.98,62589.52,61555.0,62117.99,8344.2925
1726718400000,62117.98,62179.99,61814.0,62093.99,3360.24822
1726732800000,62094.0,62727.52,61888.18,62645.44,3685.66229
1726747200000,62645.44,63500.84,62582.14,63154.04,10166.54165
1726761600000,63154.03,63850.0,62940.0,63251.99,6054.8445
1726776000000,63251.99,63254.14,62650.0,62947.99,2720.93692
1726790400000,62948.0,63750.0,62606.0,63742.16,3621.8169
1726804800000,63742.15,64133.32,63390.32,63524.8,6638.35306
1726819200000,63524.81,63700.0,63090.43,63440.0,3743.75146
1726833600000,63440.01,63544.37,62553.9,63153.99,6589.92794
1726848000000,63153.99,63282.0,62350.0,62809.13,3393.59501
1726862400000,62809.13,63300.0,62709.3,63201.05,1478.93357
1726876800000,63201.05,63310.37,62816.47,62889.57,1640.98964
1726891200000,62889.58,63134.0,62758.0,63091.02,1209.98344
1726905600000,63091.02,63136.0,62966.01,63089.77,1035.11805
1726920000000,63089.76,63306.0,63036.92,63167.98,1603.27919
1726934400000,63167.98,63400.0,63086.0,63203.59,1787.68953
1726948800000,63203.59,63559.9,63058.0,63348.96,1098.28623
1726963200000,63348.97,63450.0,62830.01,63106.0,1863.74001
1726977600000,63106.0,63200.0,62838.0,62936.0,967.92007
1726992000000,62936.0,63034.99,62544.94,62784.0,1840.93484
1727006400000,62784.0,62930.0,62429.16,62652.12,2271.34613
1727020800000,62652.12,63229.5,62468.01,63160.0,2262.34879
1727035200000,63160.0,64000.0,62357.93,63578.76,5035.90908
1727049600000,63578.76,64745.88,62538.75,64354.0,7140.31946
1727064000000,64354.0,64455.13,63400.0,63548.82,3443.68917
1727078400000,63548.83,63710.0,63300.0,63435.04,2927.2427
1727092800000,63435.03,63806.0,63059.93,63618.0,5683.13836
1727107200000,63617.99,63825.96,63098.97,63298.56,3051.89312
1727121600000,63300.01,63489.0,63088.69,63339.99,1831.77006
1727136000000,63339.99,63401.21,62700.0,63124.0,4362.37127
1727150400000,63124.01,63569.99,62900.0,63559.92,2295.13582
1727164800000,63559.93,63948.0,63380.0,63478.34,2935.03801
1727179200000,63478.35,63768.0,62731.1,63159.99,5750.10021
1727193600000,63159.99,64375.0,63088.02,64292.34,4151.18148
1727208000000,64292.35,64688.0,63966.66,64262.7,3691.2208
1727222400000,64262.7,64817.99,63990.41,64460.0,3313.63849
1727236800000,64460.01,64460.23,63645.49,63843.33,2493.73409
1727251200000,63843.34,63915.07,63407.7,63838.01,2671.75745
1727265600000,63838.01,63999.0,63283.37,63495.66,3683.29568
1727280000000,63495.66,63670.0,63000.0,63181.5,3421.13755
1727294400000,63181.51,63551.81,62947.08,63152.01,2229.54842
1727308800000,63152.01,63544.0,62670.0,63514.34,3182.8406
1727323200000,63514.35,63874.41,63340.0,63852.07,1978.65426
1727337600000,63852.07,64500.0,63595.67,64393.99,4265.52614
1727352000000,64393.98,65550.0,64150.0,65229.03,10972.58828
1727366400000,65229.03,65839.0,64693.26,64711.06,5421.22806
1727380800000,64711.07,65244.0,64633.52,65173.99,2552.46859
1727395200000,65173.99,65425.0,64819.9,65366.01,2512.15165
1727409600000,65366.01,65550.0,65099.99,65460.02,3455.03541
1727424000000,65460.02,65986.0,65342.78,65437.35,3894.1937
1727438400000,65437.36,66498.0,65314.31,66006.01,7244.94249
1727452800000,66006.01,66360.0,65524.0,65657.99,3581.38796
1727467200000,65657.99,65962.0,65625.0,65769.95,1361.09366
1727481600000,65769.95,66260.0,65720.0,66063.76,1667.03312
1727496000000,66063.76,66087.0,65738.0,65824.01,1261.99889
1727510400000,65824.01,65824.01,65453.0,65798.01,1658.51739
1727524800000,65798.01,65816.0,65422.23,65619.13,1613.79987
1727539200000,65619.14,65823.08,65492.59,65724.0,1744.50199
1727553600000,65724.0,65982.16,65432.0,65858.0,1181.3819
1727568000000,65858.0,65984.0,65647.28,65815.92,1175.81973
1727582400000,65815.93,65815.93,65432.0,65477.01,1284.12437
1727596800000,65477.01,65720.0,65433.0,65691.92,1041.46532
1727611200000,65691.92,65850.0,65576.21,65751.34,1924.67822
1727625600000,65751.34,65972.17,65654.01,65958.82,1134.64262
1727640000000,65958.81,66076.12,65528.0,65602.01,1777.01085
1727654400000,65602.01,65618.8,64190.0,64553.68,6048.78935
1727668800000,64553.68,64750.01,64310.0,64562.01,3209.21927
1727683200000,64562.01,64576.01,63249.68,63819.44,7287.18568
1727697600000,63819.45,64161.08,63508.0,63561.41,4845.53912
1727712000000,63561.42,63738.25,63056.0,63488.0,5487.90402
1727726400000,63488.0,63860.0,62856.3,63327.59,3132.45008
1727740800000,63327.6,63744.0,63006.7,63723.48,3879.35185
1727755200000,63723.47,64130.63,63652.06,64045.92,3515.39368
1727769600000,64045.92,64118.0,63707.89,63734.0,3230.34622
1727784000000,63734.01,63809.97,61814.01,62628.85,12629.85952
1727798400000,62628.85,62778.73,61092.0,61755.99,12278.90165
1727812800000,61755.99,61760.74,60164.0,60805.78,8137.62816
1727827200000,60804.92,61883.0,60733.81,61750.47,4288.88242
1727841600000,61750.46,61940.0,61350.0,61727.4,2824.36251
1727856000000,61727.39,61914.34,60888.88,61164.01,3827.59582
1727870400000,61164.01,61926.9,60524.21,61874.01,7565.27679
1727884800000,61874.01,62390.31,60000.0,60190.01,7929.51771
1727899200000,60190.01,60999.24,60128.0,60649.28,5099.06593
1727913600000,60649.27,61464.0,60536.0,61463.99,3657.31206
1727928000000,61464.0,61477.19,60814.12,60926.0,3351.19716
1727942400000,60926.0,61070.47,60126.56,60764.74,4407.11899
1727956800000,60764.73,60900.0,59828.11,60641.5,8572.02693
1727971200000,60641.5,61058.0,59917.02,61036.0,4408.85414
1727985600000,61036.0,61100.0,60596.4,60752.71,1824.92544
1728000000000,60752.72,61272.73,60459.9,60951.99,2373.59688
1728014400000,60951.99,61544.98,60936.66,61443.64,2454.00481
1728028800000,61443.64,61646.27,61266.42,61449.84,2343.66551
1728043200000,61449.84,62004.48,60753.97,61873.04,8500.985
1728057600000,61873.05,62468.0,61644.01,62368.0,4031.14494
1728072000000,62368.0,62484.85,61965.14,62086.0,1591.2628
1728086400000,62086.0,62214.0,61689.26,61861.99,1490.81546
1728100800000,61861.99,62268.28,61824.01,62076.19,1052.59709
1728115200000,62076.2,62326.48,62076.19,62180.0,1522.84096
1728129600000,62179.99,62370.56,62100.0,62167.66,1317.65584
1728144000000,62167.65,62180.0,61790.0,61848.48,1408.81584
1728158400000,61848.48,62100.0,61700.0,62058.0,1014.73622
1728172800000,62058.01,62150.0,61876.0,61878.66,882.65112
1728187200000,61878.66,62010.0,61798.97,61949.01,907.06061
1728201600000,61949.01,62176.75,61922.0,62101.92,936.78235
1728216000000,62101.92,62777.0,62065.31,62720.01,3063.00545
1728230400000,62720.01,62975.0,62550.0,62631.38,1681.72471
1728244800000,62631.38,62912.33,62302.0,62819.91,1435.63753
1728259200000,62819.91,63970.19,62657.44,63530.51,4456.00399
1728273600000,63530.51,63753.91,63300.48,63531.99,2115.0378
1728288000000,63532.0,63706.0,62649.95,63135.44,4457.19558
1728302400000,63135.45,64478.19,62825.37,63651.6,7602.50861
1728316800000,63651.59,63906.57,62735.9,63382.0,4094.49583
1728331200000,63381.99,63410.0,62128.0,62224.0,3240.94339
1728345600000,62224.01,62820.0,62156.02,62629.8,2759.18935
1728360000000,62629.8,62778.04,62005.0,62319.99,2588.87096
1728374400000,62319.99,62670.16,62193.63,62624.01,2240.95507
1728388800000,62624.02,63200.0,61864.89,62288.01,6977.22252
1728403200000,62288.01,62598.0,61860.31,62245.53,3585.78327
1728417600000,62245.99,62565.95,62026.13,62160.49,1550.20254
1728432000000,62160.5,62494.0,62002.5,62394.07,2218.57179
1728446400000,62394.07,62543.75,62200.0,62276.78,2041.93089
1728460800000,62276.79,62287.07,62046.69,62200.0,1718.42818
1728475200000,62199.99,62412.09,61634.61,62316.0,5229.60107
1728489600000,62316.0,62350.0,60835.0,61031.98,5071.40002
1728504000000,61031.99,61122.53,60301.0,60636.02,3731.22489
1728518400000,60636.01,60956.0,60355.0,60865.29,2727.57646
1728532800000,60865.29,61149.58,60814.9,60900.0,1627.37524
1728547200000,60900.01,61321.68,60630.71,61262.0,2559.67177
1728561600000,61262.01,61320.0,60444.99,60789.36,5227.91174
1728576000000,60789.36,61030.31,58946.0,59727.28,8517.95777
1728590400000,59727.27,60329.27,59586.29,60326.39,3307.43183
1728604800000,60326.4,60768.64,60087.64,60614.0,2415.18063
1728619200000,60614.01,60925.16,60578.0,60674.69,2034.06082
1728633600000,60674.68,61263.4,60650.44,61174.87,2754.98816
1728648000000,61174.88,62450.0,61129.72,62259.05,6907.87356
1728662400000,62259.04,63417.56,62123.0,63086.01,6450.8743
1728676800000,63086.0,63160.0,62357.7,62540.0,3078.37462
1728691200000,62539.99,63073.78,62487.23,62568.0,2510.94662
1728705600000,62568.0,62800.0,62565.51,62767.57,1198.66803
1728720000000,62767.57,63260.53,62672.34,62936.91,1999.15341
1728734400000,62936.91,63480.0,62824.03,63157.49,2690.48359
1728748800000,63157.5,63400.0,62911.0,63000.01,1537.73891
1728763200000,63000.01,63388.0,63000.0,63206.22,974.3106
1728777600000,63206.23,63285.72,62654.91,62712.31,1978.86462
1728792000000,62712.31,62990.0,62707.21,62843.48,976.93771
1728806400000,62843.48,62962.0,62520.18,62561.33,2072.26507
1728820800000,62561.34,62818.0,62050.0,62229.31,2882.28535
1728835200000,62229.32,62887.78,62177.67,62734.32,2186.22682
1728849600000,62734.31,63125.0,62610.67,62870.02,1812.64038
1728864000000,62870.02,64392.49,62457.81,64299.99,5202.69582
1728878400000,64300.0,64686.0,63778.62,64620.87,6540.2077
1728892800000,64620.87,65188.57,64340.98,64920.06,5338.83523
1728907200000,64920.05,66299.93,64660.56,65870.0,11165.96157
1728921600000,65870.0,66072.3,65459.0,65939.4,5541.11281
1728936000000,65939.41,66500.0,65730.0,66083.99,3881.13909
1728950400000,66084.0,66330.0,65324.4,65400.0,3574.82599
1728964800000,65399.99,65846.0,65201.0,65638.74,3319.36953
1728979200000,65638.74,65850.0,65280.0,65399.69,3798.65244
1728993600000,65399.68,67950.0,64800.01,66022.0,20567.31949
1729008000000,66022.01,67390.89,65982.55,66970.18,8440.07018
1729022400000,66970.18,67156.47,66130.64,67074.14,3983.7166
1729036800000,67074.14,67561.04,66750.49,67095.98,3508.4024
1729051200000,67095.99,67361.41,66775.67,66972.53,3070.41603
1729065600000,66972.53,68424.0,66917.52,67894.72,8671.10496
1729080000000,67894.73,68308.91,67117.18,67749.99,9342.2106
1729094400000,67750.0,68100.0,67482.0,67728.0,3575.32974
1729108800000,67728.01,67954.03,67500.0,67620.01,1770.79171
1729123200000,67620.0,67939.4,67406.99,67601.4,2503.78211
1729137600000,67601.4,67601.4,67087.35,67303.18,3552.90409
1729152000000,67303.18,67530.01,66741.09,66872.43,4840.70419
1729166400000,66872.44,67680.0,66666.0,67590.66,6644.01683
1729180800000,67590.67,67590.67,66720.0,66840.0,5364.13174
1729195200000,66840.0,67480.0,66827.68,67421.78,2422.68965
1729209600000,67421.78,68260.92,67192.36,67555.4,4815.67963
1729224000000,67555.41,68378.95,67544.0,67969.7,4436.03787
1729238400000,67969.69,68050.0,67674.98,67702.0,3604.45968
1729252800000,67702.0,68870.68,67642.71,68735.35,8981.93414
1729267200000,68735.34,69000.0,68360.0,68608.01,5094.2734
1729281600000,68608.01,68690.0,68204.1,68428.0,1793.25028
1729296000000,68427.99,68693.26,68303.03,68450.01,1376.73627
1729310400000,68450.0,68560.0,68302.31,68346.54,1113.67315
1729324800000,68346.54,68475.7,68090.3,68090.3,1655.36285
1729339200000,68090.3,68350.0,68088.0,68226.93,1346.90882
1729353600000,68226.94,68242.43,68010.0,68181.98,1019.59496
1729368000000,68181.98,68413.96,68168.45,68378.0,1681.39132
1729382400000,68377.99,68446.0,68100.0,68188.0,1054.72024
1729396800000,68188.01,68433.5,68176.26,68378.0,1441.04305
1729411200000,68378.01,68500.0,68355.0,68420.01,1130.42068
1729425600000,68420.01,68772.7,68198.22,68625.99,3025.00337
1729440000000,68625.99,68660.0,68422.0,68508.29,1137.38491
1729454400000,68508.3,69400.0,68461.93,69031.99,4653.90153
1729468800000,69032.0,69519.52,68588.51,68939.99,4025.34961
1729483200000,68940.0,69185.18,68488.33,68514.0,2657.04256
1729497600000,68513.99,68661.0,68119.01,68238.01,4244.21652
1729512000000,68238.0,68328.68,66840.67,67341.02,12814.65836
1729526400000,67341.02,67941.17,66894.0,67763.0,5541.16575
1729540800000,67763.99,67933.79,67366.66,67377.5,2091.98904
1729555200000,67377.5,67694.92,66571.42,67390.02,4530.23136
1729569600000,67390.01,67800.0,67278.02,67402.0,2582.69229
1729584000000,67402.0,67526.67,66740.0,67299.15,5952.92995
1729598400000,67299.15,67693.34,66644.18,67282.27,6233.58519
1729612800000,67282.27,67635.72,66920.0,67482.98,3629.34667
1729627200000,67482.99,67836.01,67292.0,67426.0,1670.17722
1729641600000,67426.01,67472.83,66890.0,67082.1,2192.04981
1729656000000,67082.1,67302.83,66800.0,66852.34,2205.04466
1729670400000,66852.33,67048.0,66200.0,66414.0,4678.16343
1729684800000,66414.0,66910.15,65923.01,66223.44,6555.45611
1729699200000,66223.45,66573.58,65260.0,66472.0,7747.67519
1729713600000,66472.0,66807.37,66338.99,66668.65,2151.8515
1729728000000,66668.65,67612.12,66510.0,67213.16,4069.13262
1729742400000,67213.16,67479.55,67068.75,67123.08,2168.24652
1729756800000,67123.09,67322.26,66700.0,67285.99,3627.57529
1729771200000,67286.0,67998.0,67262.0,67701.22,5556.69154
1729785600000,67701.21,68323.0,67350.01,68309.79,4018.19794
1729800000000,68309.79,68850.0,67978.04,68198.28,3149.99486
1729814400000,68198.27,68286.56,67836.0,68008.0,2103.46788
1729828800000,68007.99,68045.36,67250.0,67531.97,3239.24812
1729843200000,67531.96,68183.78,67286.28,68105.79,3432.59534
1729857600000,68105.79,68771.49,67429.87,67690.01,6063.80083
1729872000000,67690.01,67890.52,66006.6,66850.0,12819.56162
1729886400000,66849.99,67392.52,65596.29,66698.33,6821.03746
1729900800000,66698.32,67050.2,66439.9,66914.0,3685.00548
1729915200000,66914.0,67240.02,66784.26,67007.99,1628.86516
1729929600000,67007.99,67264.34,66953.02,67138.0,1491.87488
1729944000000,67138.0,67180.0,66744.0,66886.49,2610.78256
1729958400000,66886.49,67181.82,66788.0,67177.99,1318.30448
1729972800000,67178.0,67454.55,67084.0,67092.76,1108.07514
1729987200000,67092.76,67325.46,66913.73,67289.57,986.04169
1730001600000,67289.57,67317.78,67120.0,67204.01,668.95382
1730016000000,67204.0,67266.49,67036.85,67128.04,1089.42823
1730030400000,67128.03,67858.0,67121.45,67791.99,2061.49126
1730044800000,67792.0,68000.0,67540.88,67850.0,1636.67932
1730059200000,67850.0,68332.05,67688.09,68021.7,2210.6016
1730073600000,68021.69,68116.78,67677.77,67727.59,1748.50819
1730088000000,67727.59,68680.0,67618.0,68415.52,3228.44557
1730102400000,68415.52,68833.57,68238.81,68753.78,2668.85534
1730116800000,68753.78,69280.0,68426.67,68494.2,7619.52629
1730131200000,68494.2,69900.0,68452.54,69629.98,7959.90622
1730145600000,69629.99,70270.0,69427.79,69962.21,5821.51298
1730160000000,69962.21,71587.88,69760.0,70938.14,9260.69533
1730174400000,70938.15,71370.0,70837.83,71017.97,5390.71759
1730188800000,71017.96,71578.95,70974.0,71452.01,4333.82377
1730203200000,71452.02,72429.99,70929.0,72402.01,11510.0098
1730217600000,72402.0,73620.12,72350.7,72536.16,14375.99601
1730232000000,72536.38,72978.9,71864.65,72736.42,5257.36344
1730246400000,72736.41,72785.72,72000.01,72234.0,3553.7595
1730260800000,72234.0,72610.0,72100.0,72227.99,3065.87039
1730275200000,72227.99,72604.97,71926.82,71983.99,3249.22754
1730289600000,71984.0,72470.0,71436.0,72061.34,7786.81964
1730304000000,72061.34,72197.5,71641.77,71822.01,3301.81939
1730318400000,71822.01,72961.0,71644.19,72344.74,5928.4941
1730332800000,72344.75,72599.99,72030.08,72353.74,2955.82677
1730347200000,72353.75,72478.0,72150.0,72417.19,2300.55532
1730361600000,72417.19,72700.0,72149.79,72226.0,3129.22143
1730376000000,72226.0,72276.0,70431.77,70620.0,10391.35314
1730390400000,70620.01,70949.51,70036.0,70092.07,5987.52232
1730404800000,70092.07,70654.76,69685.76,70292.01,4587.62399
1730419200000,70292.01,70470.0,68830.0,69369.99,6736.08255
1730433600000,69369.99,69699.14,69080.0,69273.7,3840.13342
1730448000000,69273.7,70228.0,69237.26,70002.01,4258.62726
1730462400000,70002.01,71632.95,69044.0,69387.77,12583.25292
1730476800000,69387.78,70515.16,68820.14,69268.0,8722.26319
1730491200000,69268.0,69627.0,68854.5,69496.01,2161.50821
1730505600000,69496.0,69914.37,69479.91,69599.99,1888.97948
1730520000000,69599.99,69823.94,69446.0,69813.91,1298.14761
1730534400000,69813.91,69838.62,69417.88,69608.0,1279.6003
1730548800000,69608.0,69711.59,69000.14,69393.17,3365.13104
1730563200000,69393.18,69616.0,69215.0,69510.0,1553.51785
1730577600000,69510.0,69571.99,69149.0,69374.74,1136.29615
1730592000000,69374.74,69391.0,67864.16,68379.89,5846.4092
1730606400000,68379.9,68771.58,68303.99,68397.42,1961.6419
1730620800000,68397.42,68603.58,68200.01,68358.86,2460.80349
1730635200000,68358.86,68560.0,67478.73,68090.9,6042.77974
1730649600000,68090.91,68693.81,67667.21,68679.0,4811.23179
1730664000000,68679.0,69358.0,68492.82,68775.99,3872.83631
1730678400000,68775.99,69500.0,68240.61,69047.86,3531.81884
1730692800000,69047.86,69401.55,68618.0,68618.0,2753.25815
1730707200000,68618.0,69036.0,68470.0,68792.71,3061.68173
1730721600000,68792.72,69264.52,68202.99,68646.01,6502.898
1730736000000,68646.01,68814.32,67251.5,67856.0,7022.60435
1730750400000,67856.01,68106.07,66835.0,67850.01,6928.1308
1730764800000,67850.01,68255.0,67476.63,68243.0,3631.30352
1730779200000,68243.01,68976.0,68218.51,68893.99,3527.68448
1730793600000,68894.0,69100.0,68615.11,68810.03,3105.13722
1730808000000,68810.03,70325.06,68666.0,69639.99,9273.82987
1730822400000,69640.0,70577.91,68732.77,68995.99,8251.89006
1730836800000,68995.99,69898.02,68786.91,69372.01,5565.22373
1730851200000,69372.01,75000.0,69298.0,74348.53,29431.196937
1730865600000,74348.53,75407.1,72727.0,73370.89,26064.898021
1730880000000,73370.89,74475.47,72656.31,74272.01,13990.39249
1730894400000,74272.0,74757.58,73488.0,74298.0,13980.04537
1730908800000,74297.99,75850.0,74150.0,75823.55,11500.391072
1730923200000,75823.55,76400.0,75507.1,75571.99,9160.070897
1730937600000,75571.99,76022.79,75003.83,75048.01,7170.25219
1730952000000,75048.01,75048.01,74416.0,74757.58,5435.11503
1730966400000,74757.58,75150.11,74649.54,74746.0,3766.42463
1730980800000,74745.99,76059.69,74512.19,76059.69,7599.95
1730995200000,76059.68,76718.99,75555.17,76530.39,13850.283425
1731009600000,76530.4,76849.99,75494.0,75857.89,7047.39707
1731024000000,75857.89,76358.0,75555.0,75890.79,4416.57747
1731038400000,75890.79,76220.0,75686.0,76148.49,5001.36124
1731052800000,76148.49,76320.0,75760.0,75934.46,3321.2486
1731067200000,75934.47,76584.6,75630.76,76427.72,9261.36209
1731081600000,76427.72,77199.99,75822.07,76912.58,9446.863703
1731096000000,76912.58,77097.0,76300.23,76509.78,5073.68648
1731110400000,76509.78,76639.84,76136.0,76341.47,2498.29713
1731124800000,76341.47,76795.69,76294.0,76529.08,2824.88315
1731139200000,76529.07,76735.59,76358.91,76487.11,1956.64753
1731153600000,76487.11,76541.53,76272.72,76319.9,2576.33768
1731168000000,76319.91,76700.0,75714.66,76204.92,3958.68374
1731182400000,76204.91,76900.0,76179.0,76677.46,3127.22992
1731196800000,76677.46,77498.0,76492.0,77205.96,6237.464965
1731211200000,77205.97,79788.96,77138.0,78832.37,15561.725502
1731225600000,78832.36,80040.0,78832.36,79844.01,7359.556072
1731240000000,79844.0,80080.0,79200.0,79694.03,9016.63483
1731254400000,79694.03,81069.99,79324.59,79748.99,11314.767361
1731268800000,79748.99,81500.0,78473.13,80370.01,12339.951705
1731283200000,80370.01,81846.71,80216.01,81612.23,7866.798202
1731297600000,81612.23,81727.47,80432.0,81109.1,6018.85178
1731312000000,81109.11,82380.94,81023.29,82134.0,8046.625461
1731326400000,82133.99,84263.51,81460.19,84059.54,17558.062176
1731340800000,84059.53,86650.0,83831.84,86102.21,19271.655334
1731355200000,86102.21,89530.54,86052.0,88647.99,23561.672823
1731369600000,88648.0,89470.0,86561.35,88047.46,19452.23586
1731384000000,88047.45,89940.0,87700.0,88983.35,13408.122211
1731398400000,88983.35,89372.0,85229.0,87155.55,21526.29235
1731412800000,87155.55,87860.0,85072.0,86632.0,19109.59223
1731427200000,86632.0,89764.38,85730.35,88704.28,14486.43433
1731441600000,88704.28,89876.94,87379.59,87952.01,9317.21093
1731456000000,87952.0,88562.94,87004.0,87136.0,10008.6189
1731470400000,87136.0,87692.69,86127.99,87356.0,9544.53162
1731484800000,87356.01,88083.0,87082.42,87669.39,6000.39557
1731499200000,87669.4,92690.0,87502.49,92540.01,25126.849483
1731513600000,92540.0,93265.64,89969.87,90193.51,22766.283954
1731528000000,90193.5,91184.02,87970.98,90375.2,13317.1746
1731542400000,90375.21,90566.0,89458.13,89937.02,7354.10555
1731556800000,89937.03,90850.0,89104.54,90769.42,6197.35157
1731571200000,90769.42,91657.77,90329.8,91491.86,8132.00542
1731585600000,91491.85,91790.0,87829.57,87947.99,15118.0437
1731600000000,87947.99,89775.24,87526.74,89463.99,8531.95926
1731614400000,89463.99,89464.0,86668.21,87325.59,11396.04536
1731628800000,87325.59,88473.7,87252.0,88218.21,6032.5219
1731643200000,88218.22,88391.99,87073.38,87612.0,6883.97605
1731657600000,87612.01,89771.99,87368.0,89741.25,6640.4585
1731672000000,89741.24,90709.74,87754.45,88445.41,11903.82559
1731686400000,88445.4,90844.9,88386.99,90377.89,8672.84127
1731700800000,90377.89,91850.0,90324.85,91032.07,7794.32737
1731715200000,91032.08,91709.06,90850.0,91252.03,4249.95392
1731729600000,91252.04,91779.66,91064.24,91117.53,3028.27512
1731744000000,91117.52,91598.13,90993.15,91169.69,3972.70297
1731758400000,91169.69,91320.0,90056.17,90521.2,5422.19653
1731772800000,90521.2,91396.03,90186.64,91100.24,3466.38119
1731787200000,91100.23,91181.82,90300.0,90586.92,2578.36716
1731801600000,90587.98,90888.0,89364.0,90247.86,4950.72397
1731816000000,90247.86,90888.0,90158.56,90550.8,2974.11564
1731830400000,90550.8,91449.99,90478.99,90684.19,3929.09518
1731844800000,90684.19,91189.88,89925.91,90260.01,4166.81415
1731859200000,90260.01,90640.18,89664.34,90044.0,3112.39163
1731873600000,90044.0,90212.13,88722.0,89855.99,4734.41552
1731888000000,89855.98,90935.44,89617.96,90668.58,3252.23252
1731902400000,90668.58,92300.0,90438.85,91719.9,6378.66485
1731916800000,91719.9,92211.99,90051.1,90275.13,6488.59666
1731931200000,90275.13,92594.0,89376.9,92309.51,12873.97296
1731945600000,92309.51,92584.95,89667.66,90608.26,9954.79626
1731960000000,90608.26,91980.0,90224.02,90464.08,7596.77123
1731974400000,90464.07,91529.0,90357.0,91428.0,3575.26612
1731988800000,91428.0,92000.0,91238.09,91620.01,3893.80469
1732003200000,91620.0,91950.0,91200.0,91652.02,3730.94665
1732017600000,91652.01,92788.0,90975.8,92391.99,13823.62822
1732032000000,92391.99,93905.51,92147.12,93227.87,11450.7773
1732046400000,93227.87,93571.08,91320.0,92310.79,7185.62384
1732060800000,92310.8,92418.68,91500.0,92039.99,4096.22399
1732075200000,92039.99,92851.09,91850.0,92850.38,3477.17855
1732089600000,92850.38,93669.98,92720.0,93454.65,6216.74888
1732104000000,93454.65,94807.62,93314.49,94739.97,12702.544432
1732118400000,94739.98,94831.97,93138.0,94000.0,10761.1069
1732132800000,94000.0,94599.98,93770.07,94286.56,4949.39596
1732147200000,94286.56,95904.0,94040.0,95798.12,9339.057505
1732161600000,95798.12,97852.0,95798.11,96912.01,13220.183819
1732176000000,96912.01,98384.86,96723.96,97974.99,10048.90103
1732190400000,97975.0,98250.0,95600.0,96672.0,16850.11898
1732204800000,96672.0,98988.0,96276.69,97829.83,13009.781133
1732219200000,97829.84,98723.65,97533.18,98317.12,6760.31801
1732233600000,98317.12,99299.99,97840.0,98836.5,7532.474903
1732248000000,98836.49,99419.99,98517.21,99173.7,6632.8656
1732262400000,99173.7,99267.19,98219.84,98870.38,6290.74803
1732276800000,98870.39,98949.0,97122.11,98664.0,11263.93551
1732291200000,98663.99,99588.01,98220.0,99079.74,9541.05621
1732305600000,99079.74,99449.0,98535.0,98892.0,4928.22899
1732320000000,98892.0,98908.85,98300.0,98666.67,3918.314
1732334400000,98666.66,98800.0,98284.61,98560.85,3360.38068
1732348800000,98560.84,98623.76,98300.0,98429.99,3176.75105
1732363200000,98430.0,98847.68,98400.0,98400.0,4138.68982
1732377600000,98400.01,98459.56,97336.06,97504.0,7486.78427
1732392000000,97504.0,98015.82,97136.0,97672.4,2676.92385
1732406400000,97672.4,98564.0,97620.74,98200.1,3989.58138
1732420800000,98200.1,98431.06,97872.2,98431.05,3583.35015
1732435200000,98431.05,98472.98,97239.29,97280.03,3606.92172
1732449600000,97280.04,97606.52,95900.01,95901.51,9382.31921
1732464000000,95901.52,96747.98,95734.77,96320.02,5662.8696
1732478400000,96320.01,98369.46,96195.47,97900.04,4975.93632
1732492800000,97900.05,98050.0,96888.0,97898.8,3838.26336
1732507200000,97898.81,98376.99,97491.66,98047.34,5230.71565
1732521600000,98047.34,98871.8,97850.0,98188.09,5195.73129
1732536000000,98188.09,98313.08,94525.0,96000.56,14345.48831
1732550400000,96000.57,96500.0,94400.0,94669.48,10283.14008
1732564800000,94669.49,95300.0,92600.19,93010.01,11954.11227
1732579200000,93010.01,94923.69,92727.9,94464.0,6245.66011
1732593600000,94464.0,94973.37,93500.08,93785.71,4722.02616
1732608000000,93785.72,93785.72,91466.52,92356.85,13592.93588
1732622400000,92356.84,93559.0,91739.7,92813.0,13179.13015
1732636800000,92812.99,94685.6,91554.11,91683.89,10628.56926
1732651200000,91683.9,92364.0,90791.1,91965.16,9490.40982
1732665600000,91965.16,93037.38,91792.14,92588.0,5555.58018
1732680000000,92588.0,93648.0,92361.66,93597.16,4840.27212
1732694400000,93597.16,93885.6,93109.12,93367.99,3994.01189
1732708800000,93367.99,95850.0,92847.84,95556.01,9868.59893
1732723200000,95556.0,96631.68,95184.79,96627.99,9525.88556
1732737600000,96627.99,97208.21,95731.72,95863.11,7369.07866
1732752000000,95863.11,96564.0,94822.54,95471.43,6275.70277
1732766400000,95471.44,95922.39,95063.15,95299.66,5014.99892
1732780800000,95299.66,95780.0,94640.0,95452.01,4752.0259
1732795200000,95452.0,96221.8,94900.0,95007.14,5548.28802
1732809600000,95007.15,95435.68,94817.0,95119.48,3678.82621
1732824000000,95119.48,96023.48,94698.0,95643.98,3544.70175
1732838400000,95643.99,96859.0,95364.99,96590.36,3208.77651
1732852800000,96590.35,96630.09,95600.03,95625.05,2916.98299
1732867200000,95625.05,97358.21,95616.0,97237.91,4164.43477
1732881600000,97237.91,98619.99,96768.0,98019.47,8857.57633
1732896000000,98019.46,98440.0,96853.82,97329.73,5993.35722
1732910400000,97329.73,97624.62,96981.01,97460.0,2560.65449
1732924800000,97460.0,97463.95,96309.85,96640.02,3052.5744
1732939200000,96640.02,97234.02,96532.7,96783.38,3397.39114
1732953600000,96783.38,96968.78,96092.01,96267.99,2445.61538
1732968000000,96267.99,96732.15,96242.14,96645.41,2060.42388
1732982400000,96645.42,97062.5,96531.35,97019.68,1822.59102
1732996800000,97019.69,97040.0,96320.99,96407.99,1725.23724
1733011200000,96407.99,96672.49,95693.88,96336.75,3622.03491
1733025600000,96336.76,96515.52,96195.99,96472.97,1284.90142
1733040000000,96472.97,97179.04,96424.99,97108.89,2803.36709
1733054400000,97108.89,97388.78,96660.88,97028.02,3260.08114
1733068800000,97028.02,97523.41,96958.48,97178.73,2968.12339
1733083200000,97178.73,97836.0,96800.01,97185.18,3000.09657
1733097600000,97185.17,98130.0,96350.0,96483.75,5392.949
1733112000000,96483.75,96924.0,95749.97,95999.99,5378.4519
1733126400000,95999.99,96112.0,94820.41,95128.68,6299.85507
1733140800000,95128.67,97214.77,94766.0,97048.0,8297.68046
1733155200000,97048.01,97356.69,94395.0,95816.0,8796.99302
1733169600000,95816.01,96327.87,95112.01,95840.62,3792.74036
1733184000000,95840.61,96305.52,95400.0,96079.36,3671.38924
1733198400000,96079.36,96238.1,95277.35,95550.0,3510.45774
1733212800000,95550.0,95662.94,94595.38,94988.01,4056.48891
1733227200000,94988.0,96250.0,93578.17,95682.54,13543.07849
1733241600000,95682.54,96169.99,94860.0,95428.6,5936.97324
1733256000000,95428.61,96140.01,95272.5,95849.69,5108.93521
1733270400000,95849.69,96614.16,95224.17,95770.32,4788.30848
1733284800000,95770.32,96714.41,95717.54,96588.81,3607.43743
1733299200000,96588.81,96950.0,96172.0,96190.41,3780.1103
1733313600000,96190.41,96560.0,95352.41,95742.81,7959.19099
1733328000000,95742.8,97232.01,94587.83,97209.64,9467.01122
1733342400000,97209.64,99000.0,97128.52,98587.32,14248.47886
1733356800000,98587.32,104088.0,97888.89,102964.0,29911.489432
1733371200000,102964.0,103544.71,101324.16,102236.1,14930.57327
1733385600000,102236.1,103159.76,102236.1,102566.91,9004.86605
1733400000000,102566.91,103550.0,100925.97,101292.01,15250.81785
1733414400000,101292.0,101999.0,98599.36,99028.0,14788.63995
1733428800000,99028.01,99479.72,90500.0,96945.63,26035.34311
1733443200000,96945.63,98828.7,95981.72,97735.29,10502.77687
1733457600000,97735.29,98288.0,97370.19,98138.54,4600.17485
1733472000000,98138.53,98705.23,97622.86,98069.62,5508.51297
1733486400000,98069.61,99483.81,97512.26,99309.99,9368.1804
1733500800000,99310.0,101799.0,98762.6,101439.99,9652.35617
1733515200000,101439.99,101898.99,99053.03,99740.84,5417.53184
1733529600000,99740.84,100428.0,99285.71,99299.63,2803.39835
1733544000000,99299.64,99666.31,98844.0,99405.2,3254.00298
1733558400000,99405.2,99821.83,99260.0,99620.0,2290.29479
1733572800000,99620.0,99800.0,99036.01,99756.01,2409.08289
1733587200000,99756.0,100263.64,99460.37,100077.45,2257.58478
1733601600000,100077.45,100439.18,99595.11,99831.99,1917.58211
1733616000000,99831.99,100328.88,99632.28,99934.82,1688.21452
1733630400000,99934.83,100030.0,99336.0,99675.11,1590.3559
1733644800000,99675.11,99844.28,98657.7,99701.16,2557.39593
1733659200000,99701.17,100500.0,99357.16,99912.01,3388.44325
1733673600000,99912.01,100198.0,99480.0,100100.98,2219.63339
1733688000000,100100.99,101351.0,99736.06,101109.59,3168.95389
1733702400000,101109.6,101215.93,98432.18,99090.84,6131.57247
1733716800000,99090.84,99729.88,98328.0,99576.51,4641.05371
1733731200000,99576.51,99679.71,98035.57,98088.47,5754.936
1733745600000,98088.47,100421.8,97508.58,97812.0,10565.60263
1733760000000,97812.0,98398.0,97000.0,97070.32,7646.39206
1733774400000,97070.33,97572.52,94150.05,97276.47,19209.55908
1733788800000,97276.48,98138.0,95565.41,96931.99,7967.90111
1733803200000,96931.99,97519.2,95900.0,97196.44,4851.30267
1733817600000,97196.44,97937.5,96938.19,97722.52,3732.90811
1733832000000,97722.53,98270.0,95555.0,95658.79,11589.32855
1733846400000,95658.79,96500.0,94256.54,95856.5,17282.11364
1733860800000,95856.5,97200.7,95616.0,96593.0,6285.13525
1733875200000,96593.0,97625.76,95658.24,97398.43,6101.81371
1733889600000,97398.42,97790.36,97181.7,97334.6,2882.63101
1733904000000,97334.59,98472.57,97316.78,98292.61,3915.0582
1733918400000,98292.61,100800.0,98072.33,100361.64,10646.28169
1733932800000,100361.64,101141.01,99608.23,101122.71,9214.79257
1733947200000,101122.71,101888.0,100866.42,101125.0,4993.20573
1733961600000,101125.0,101829.0,100331.61,101025.87,4584.27765
1733976000000,101025.88,101191.85,100402.82,100499.99,3018.02596
1733990400000,100499.99,101126.54,100178.32,100358.42,2593.08394
1734004800000,100358.42,101861.6,100348.35,101797.14,7527.72986
1734019200000,101797.14,102540.0,99311.64,99481.32,7934.57131
1734033600000,99481.33,100476.19,99465.33,100004.29,3574.39873
1734048000000,100004.29,100356.85,99205.0,99729.09,3169.68724
1734062400000,99729.09,100225.52,99500.0,100130.0,2722.44317
1734076800000,100130.01,100789.0,99896.0,100353.37,2260.04806
1734091200000,100353.37,101375.26,99700.0,99873.16,4395.11384
1734105600000,99873.16,101895.26,99800.0,101462.34,6176.84479
1734120000000,101462.34,101879.98,101090.9,101424.25,3179.90213
1734134400000,101424.24,102650.0,101148.35,102088.0,4102.31163
1734148800000,102088.0,102138.0,101590.9,101824.0,2355.50886
1734163200000,101824.0,101863.64,101321.0,101583.99,1246.03828
1734177600000,101584.0,101742.43,100826.38,101625.12,2737.98405
1734192000000,101625.12,101737.7,100831.63,101313.54,2313.84837
1734206400000,101313.54,101499.08,100609.41,101420.0,1436.01207
1734220800000,101420.0,102196.97,101237.14,101733.82,2717.2499
1734235200000,101733.83,102850.0,101534.01,101732.09,3091.00658
1734249600000,101732.09,102691.01,101581.07,102671.44,1800.59415
1734264000000,102671.44,103359.97,102473.01,102704.01,4918.19696
1734278400000,102704.0,103490.0,102583.65,103252.95,2441.92022
1734292800000,103252.96,105250.0,102621.5,104463.99,7259.953965
1734307200000,104463.99,106648.0,104259.48,104582.28,8803.848246
1734321600000,104582.28,105420.76,104469.89,104992.79,3083.27266
1734336000000,104992.79,105016.85,103625.78,103757.99,3972.26006
1734350400000,103758.0,106499.99,103333.0,106332.01,9289.30941
1734364800000,106332.0,107793.07,105797.41,106583.12,11995.104264
1734379200000,106583.13,106648.48,105480.02,106058.66,4158.6081
1734393600000,106058.65,107000.0,105657.34,106866.49,3882.88127
1734408000000,106866.5,107143.29,106368.45,106805.75,2937.82223
1734422400000,106805.75,107550.02,106708.86,106808.31,3622.94784
1734436800000,106808.31,108353.0,105725.99,106478.47,8939.180456
1734451200000,106478.48,107633.0,106148.0,106475.89,5875.35581
1734465600000,106475.89,106903.99,105321.49,106133.74,3806.74886
1734480000000,106133.74,106524.98,104581.58,104763.98,5784.93924
1734494400000,104763.99,104763.99,103137.82,104250.75,7256.63713
1734508800000,104250.75,105033.33,103729.18,105028.33,2927.64166
1734523200000,105028.33,105350.0,103650.0,104428.54,7242.86665
1734537600000,104428.54,104999.98,102817.82,102817.82,9166.33778
1734552000000,102817.82,102997.77,100000.0,100204.01,17929.57509
1734566400000,100204.01,101310.25,98802.0,101193.15,11011.14924
1734580800000,101193.15,101727.28,100629.99,101656.57,3199.07619
1734595200000,101656.57,102609.72,101380.1,102449.99,4074.86626
1734609600000,102450.0,102800.11,99500.0,100679.86,10496.80787
1734624000000,100679.86,101200.0,96251.32,97199.72,15856.49892
1734638400000,97199.72,98500.0,95700.0,97461.86,10508.99952
1734652800000,97461.86,97814.09,96000.0,97106.02,8712.02871
1734667200000,97106.02,98233.0,96374.03,97832.53,6871.39877
1734681600000,97832.52,97864.91,92612.1,92723.98,19009.19125
1734696000000,92723.99,97572.0,92232.54,96991.62,16343.30766
1734710400000,96991.63,97748.0,96300.0,97116.0,7186.02296
1734724800000,97116.0,97816.44,95393.84,97805.44,4762.18635
1734739200000,97805.44,97813.59,97188.09,97487.46,2878.66863
1734753600000,97487.47,99540.61,97378.5,99040.0,5467.95008
1734768000000,99040.0,99187.95,97800.0,98262.08,3434.11954
1734782400000,98262.08,98283.95,96398.39,97527.97,5930.1048
1734796800000,97527.96,97723.18,96819.36,97269.03,2933.73741
1734811200000,97269.03,98057.51,96539.91,97291.99,2838.96097
1734825600000,97292.0,97448.08,96549.37,96994.37,1848.52784
1734840000000,96994.37,97071.97,95890.28,96210.24,2981.41637
1734854400000,96210.25,97351.57,96196.85,97101.28,2184.9888
1734868800000,97101.29,97300.0,95109.13,95377.72,4444.90674
1734883200000,95377.71,96444.45,94700.0,94836.55,3910.30845
1734897600000,94836.55,95824.0,94250.35,95186.27,3983.68216
1734912000000,95186.28,96043.99,93700.42,96025.15,6028.4424
1734926400000,96025.15,96509.98,94705.07,95404.01,3919.1348
1734940800000,95404.01,96538.92,95036.77,95932.42,3020.85272
1734955200000,95932.41,96423.0,93107.52,93250.37,8316.98998
1734969600000,93250.38,94260.0,92690.0,93044.79,6236.29663
1734984000000,93044.79,95509.09,92520.0,94881.47,5289.0505
1734998400000,94881.47,94881.47,93569.02,94348.75,3135.824
1735012800000,94348.75,94653.45,93810.45,94233.19,1999.49298
1735027200000,94233.2,94635.7,93840.0,94398.6,1936.10063
1735041600000,94398.6,98300.0,94075.1,98300.0,6970.36477
1735056000000,98299.99,99487.99,97546.57,97581.09,6446.91305
1735070400000,97581.1,99068.9,97250.0,98663.58,3185.52945
1735084800000,98663.58,98878.44,97725.27,98029.48,2347.026
1735099200000,98029.49,98581.9,97844.18,98084.33,1454.63832
1735113600000,98084.33,99349.31,97773.83,97907.61,3026.36685
1735128000000,97907.61,98832.89,97632.02,98519.98,2843.35507
1735142400000,98519.99,99299.99,98134.4,99018.52,2094.84554
1735156800000,99018.52,99569.15,98384.61,99429.6,2707.93332
1735171200000,99429.61,99963.7,98468.26,98995.17,3339.03441
1735185600000,98995.18,98995.18,97711.17,97719.99,2538.93374
1735200000000,97719.99,97772.13,95199.14,95695.81,6056.25765
1735214400000,95695.81,96280.25,95234.93,96042.88,4267.56835
1735228800000,96042.89,96621.95,95444.44,96102.25,2892.18792
1735243200000,96102.24,96114.46,95302.0,95791.6,2098.3852
1735257600000,95791.6,96443.68,95401.03,96417.84,2935.2441
1735272000000,96417.84,96604.24,94646.03,95104.76,4600.52902
1735286400000,95104.76,97544.58,95104.76,96952.38,4963.50857
1735300800000,96952.38,97035.8,94011.11,94573.75,6425.73336
1735315200000,94573.75,94996.16,93500.01,94750.0,5278.97717
1735329600000,94750.11,94823.09,94100.6,94299.03,2297.27207
1735344000000,94299.03,94720.0,94135.66,94594.91,1341.52605
1735358400000,94594.91,94800.0,94307.0,94381.99,971.18403
1735372800000,94381.98,94883.0,94312.67,94754.83,1063.67759
1735387200000,94754.83,95340.36,94375.8,94447.29,2013.14298
1735401600000,94447.28,95245.24,94389.45,95027.76,1698.97945
1735416000000,95027.75,95733.99,94878.26,95300.0,1297.3828
1735430400000,95300.0,95340.0,94808.0,95172.4,1053.11164
1735444800000,95172.41,95283.99,94971.44,95272.04,875.93086
1735459200000,95272.05,95315.5,95010.0,95032.57,788.50288
1735473600000,95032.58,95231.58,94010.0,94511.12,2881.2142
1735488000000,94511.11,94578.89,93367.52,93612.89,4040.48021
1735502400000,93612.89,93949.52,93009.52,93738.2,3936.76599
1735516800000,93738.19,94274.29,93368.93,93722.71,2898.63024
1735531200000,93722.72,94060.35,93240.03,93731.65,2439.98241
1735545600000,93731.66,94068.56,93469.56,93923.14,1683.90269
1735560000000,93923.14,94277.23,91530.45,92130.21,9295.9625
1735574400000,92130.21,94684.09,91800.0,94417.04,6130.98017
1735588800000,94417.04,95024.5,91901.57,92792.05,5169.96449
1735603200000,92792.05,92907.03,92033.73,92509.59,2673.26662
1735617600000,92509.6,93040.1,92344.07,92860.75,1910.77295
1735632000000,92860.75,94741.68,92842.88,94232.68,3728.42811
1735646400000,94232.68,96250.0,94232.67,95412.0,5922.39263
1735660800000,95412.0,95590.52,93189.59,94166.88,3654.49229
1735675200000,94166.88,94222.5,93375.38,93576.0,1722.68129
1735689600000,93576.0,94509.42,93489.03,93838.04,1840.29813
1735704000000,93838.04,93937.19,93500.0,93684.1,958.86153
1735718400000,93684.11,93756.02,92888.0,93444.64,1867.48363
1735732800000,93444.65,94500.0,93407.07,94432.94,2077.71092
1735747200000,94432.94,94823.75,93760.93,94627.07,1721.05382
1735761600000,94627.08,95151.15,94542.0,94591.79,1907.9181
1735776000000,94591.78,95516.0,94392.0,95010.33,3071.06776
1735790400000,95010.34,96000.0,94984.84,95822.0,2597.83185
1735804800000,95822.01,96876.38,95640.05,96732.99,3181.19751
1735819200000,96733.0,97440.91,95924.6,96455.01,6594.73113
1735833600000,96455.01,97777.0,96040.04,97317.74,4552.1019
1735848000000,97317.74,97839.5,96666.66,96984.79,1973.55933
1735862400000,96984.79,97342.44,96650.0,97062.3,1301.75815
1735876800000,97062.3,97066.18,96280.65,96304.0,1511.25736
1735891200000,96304.0,96830.0,96100.01,96757.58,1875.17783
1735905600000,96757.57,97660.0,96472.43,97521.35,3996.57846
1735920000000,97521.36,98976.91,97406.54,98592.01,4583.69677
1735934400000,98592.02,98748.0,98067.99,98174.18,1985.36079
1735948800000,98174.17,98314.15,97800.0,98200.0,1400.83188
1735963200000,98200.01,98350.04,97862.87,98271.88,1220.86223
1735977600000,98271.87,98306.22,97532.58,97889.39,1585.26406
1735992000000,97889.4,98152.02,97514.79,97657.94,1867.22331
1736006400000,97657.95,98350.0,97549.99,98166.26,1394.26571
1736020800000,98166.26,98778.43,98143.2,98220.5,1521.60932
1736035200000,98220.51,98391.59,98050.0,98187.96,830.57053
1736049600000,98187.97,98522.76,98187.96,98268.77,719.22974
1736064000000,98268.77,98268.78,97600.0,97641.63,1371.38309
1736078400000,97641.62,98281.89,97276.79,98028.98,1867.30793
1736092800000,98028.98,98332.54,97577.46,98079.63,1421.36695
1736107200000,98079.64,98836.85,98024.0,98363.61,1885.77899
1736121600000,98363.61,99333.0,97920.0,99037.57,3197.2233
1736136000000,99037.57,99892.0,99037.57,99318.7,2944.63327
1736150400000,99318.7,99625.69,98709.28,99259.99,2315.45844
1736164800000,99259.99,102468.92,98711.94,102147.95,8408.22358
1736179200000,102147.95,102480.0,101250.0,101817.22,5128.12803
1736193600000,101817.22,102329.98,101600.05,102235.6,3269.76713
1736208000000,102235.6,102724.38,101512.91,101708.08,2357.41538
1736222400000,101708.09,102015.01,101582.79,101664.81,1492.76799
1736236800000,101664.81,101995.64,100472.45,100830.86,3234.87532
1736251200000,100830.86,100960.06,97153.5,97952.26,12652.02745
1736265600000,97952.26,98347.81,96323.67,96451.98,7820.91705
1736280000000,96451.99,97220.76,96181.81,96954.61,4501.87218
1736294400000,96954.6,97268.65,96216.83,96525.2,3503.85267
1736308800000,96525.2,96654.61,95250.76,95657.09,5008.27213
1736323200000,95657.09,96132.47,94543.86,95134.92,4080.06431
1736337600000,95134.92,96079.32,94624.43,95493.77,7524.11163
1736352000000,95493.77,95555.25,92500.9,94243.89,10263.38282
1736366400000,94243.89,95310.94,93600.0,95060.61,3324.99538
1736380800000,95060.61,95382.32,93422.89,94027.9,5419.68508
1736395200000,94027.91,94618.63,93186.38,93221.59,2824.32014
1736409600000,93221.59,93877.46,92750.0,93465.23,4574.38662
1736424000000,93465.23,94588.23,91800.0,94244.02,9108.35063
1736438400000,94244.02,94685.25,91900.01,91909.59,6624.66398
1736452800000,91909.59,92720.67,91203.67,92552.49,5993.4304
1736467200000,92552.49,93727.83,92431.73,93696.13,2928.04066
1736481600000,93696.13,95000.0,93500.0,94492.63,3602.28378
1736496000000,94492.62,95293.4,94388.5,95073.95,2846.56733
1736510400000,95073.95,95117.26,92206.02,93730.92,12008.10901
1736524800000,93730.93,95836.0,93177.4,95327.06,7960.59139
1736539200000,95327.07,95442.15,94586.02,94726.11,2137.27207
1736553600000,94726.1,94746.37,94106.49,94206.95,1275.83371
1736568000000,94206.96,94441.87,93831.73,94246.36,989.55966
1736582400000,94246.36,94791.67,94031.22,94625.65,1009.69139
1736596800000,94625.66,94655.2,94307.25,94410.26,891.77961
1736611200000,94410.26,94708.12,93984.55,94249.26,1016.34928
1736625600000,94249.27,95050.94,94200.89,94599.99,1864.69065
1736640000000,94599.99,94699.0,94296.99,94622.4,984.48539
1736654400000,94622.4,94650.0,94274.01,94323.85,555.17676
1736668800000,94323.85,94393.57,93711.19,94255.1,1542.32088
1736683200000,94255.1,95450.1,94173.48,95071.9,2128.13742
1736697600000,95071.91,95314.12,94578.54,94650.26,1321.59389
1736712000000,94650.26,94800.0,93800.0,94545.06,2075.15188
1736726400000,94545.07,95940.0,93899.99,94269.23,3486.55763
1736740800000,94269.23,94913.03,93281.0,93590.24,2651.8386
1736755200000,93590.24,93661.55,90833.12,90851.22,10070.64435
1736769600000,90851.23,93100.0,89256.69,92123.75,15768.82719
1736784000000,92123.75,92534.1,91250.0,92312.18,5597.12697
1736798400000,92312.18,94727.15,91908.2,94536.1,5044.56949
1736812800000,94536.11,95280.8,94346.22,94861.4,3303.28378
1736827200000,94861.39,95464.71,94753.42,94864.0,2358.7602
1736841600000,94863.99,97371.0,94860.11,96548.04,6495.82711
1736856000000,96548.04,97265.48,95748.93,96471.65,8394.33223
1736870400000,96471.65,97088.57,95351.76,96537.8,5134.58254
1736884800000,96537.23,96921.13,96152.31,96560.86,2159.83167
1736899200000,96560.85,97554.63,96500.0,97317.12,3289.96951
1736913600000,97317.12,97724.96,96750.0,97301.35,3059.85859
1736928000000,97301.35,97524.0,96521.0,96762.18,2662.70368
1736942400000,96762.19,99799.98,96539.77,98992.42,11578.95097
1736956800000,98992.42,99990.0,98602.05,99844.9,5037.81977
1736971200000,99844.91,100681.94,99460.8,100497.35,4880.68927
1736985600000,100497.35,100866.66,99170.0,99478.03,4764.75349
1737000000000,99478.04,99921.86,99322.19,99799.99,1971.85838
1737014400000,99800.0,99820.0,98617.55,99158.71,4224.49604
1737028800000,99158.7,99517.93,97335.13,99296.17,7952.93002
1737043200000,99296.17,100448.72,99079.05,100417.2,5345.71609
1737057600000,100417.2,100641.99,99377.0,99987.3,3573.09915
1737072000000,99987.3,102148.13,99950.77,101051.73,6891.54414
1737086400000,101051.73,101899.49,100952.1,101440.5,3198.4853
1737100800000,101440.51,102581.45,101439.77,102237.6,5380.48317
1737115200000,102237.6,104254.19,102195.9,104000.0,9298.37508
1737129600000,104000.0,105865.22,103841.18,105834.93,9336.85365
1737144000000,105834.93,105847.02,104065.25,104077.48,5066.11158
1737158400000,104077.47,104656.87,103000.25,103559.82,3518.82558
1737172800000,103559.82,103771.21,102602.48,102821.75,4937.1314
1737187200000,102821.75,103883.01,102277.55,103589.29,4114.11548
1737201600000,103589.29,104988.88,103107.65,104568.96,5002.17801
1737216000000,104568.96,104719.29,103156.02,104382.01,4197.15572
1737230400000,104382.0,104750.0,103765.44,104556.23,2538.42379
1737244800000,104556.23,105458.55,104013.51,104984.01,3271.33432
1737259200000,104984.01,105634.78,104191.19,105167.12,4785.51322
1737273600000,105167.11,105496.03,103450.69,104363.23,7895.87414
1737288000000,104363.24,105706.48,104300.75,104936.35,6026.11475
1737302400000,104936.35,106200.74,104520.01,106200.0,3579.79556
1737316800000,106200.0,106422.43,99651.6,101331.57,17838.65099
1737331200000,101331.57,102321.42,99550.0,101891.93,13939.26024
1737345600000,101891.94,109588.0,101535.28,107120.65,21204.587662
1737360000000,107120.65,109193.23,107093.33,108239.19,9010.89785
1737374400000,108239.19,108700.01,104480.0,104957.99,13711.24313
1737388800000,104957.99,107050.0,100333.0,103691.63,25962.9026
1737403200000,103691.64,104331.0,101701.01,102260.01,5700.34025
1737417600000,102260.0,103260.1,100119.04,102936.01,10133.69299
1737432000000,102936.01,102974.14,101111.68,101989.05,5400.15858
1737446400000,101989.06,103973.02,101740.82,103758.25,6235.66073
1737460800000,103758.25,105320.0,102803.43,103943.0,9899.25066
1737475200000,103942.99,107240.81,103822.02,107031.34,9757.23378
1737489600000,107031.34,107199.99,105420.0,106143.82,4515.02328
1737504000000,106143.82,106394.46,105448.99,105600.01,3019.25833
1737518400000,105600.01,105952.0,105043.88,105084.77,2894.59275
1737532800000,105084.77,105464.83,104647.75,105100.39,3008.01462
1737547200000,105100.38,105584.23,103662.58,104180.01,6007.84866
1737561600000,104180.01,104754.64,103339.12,104630.0,4362.47109
1737576000000,104630.0,104830.12,103611.66,103706.66,2956.50709
1737590400000,103706.66,103819.99,102100.0,102461.25,4960.28164
1737604800000,102461.24,102968.31,101575.5,102710.27,3922.18053
1737619200000,102710.28,102724.94,101262.28,101944.49,3213.96175
1737633600000,101944.5,106050.86,101281.62,105263.52,17241.02811
1737648000000,105263.52,106850.0,103399.98,103770.04,10175.26517
1737662400000,103770.05,106421.03,102195.7,103910.34,14440.40311
1737676800000,103910.35,104298.0,102750.0,103891.75,3785.23369
1737691200000,103891.75,105355.0,103804.77,105046.8,3142.49691
1737705600000,105046.79,105759.0,104922.41,105420.1,2980.3942
1737720000000,105420.11,106321.66,104669.17,105859.98,4922.31503
1737734400000,105859.99,107120.0,105589.0,105760.94,5483.37032
1737748800000,105760.93,105781.0,104456.89,104870.5,3295.43002
1737763200000,104870.51,105280.82,104361.89,105202.4,2029.85839
1737777600000,105202.4,105202.4,104216.81,104385.98,1407.20452
1737792000000,104385.99,104700.01,104106.09,104670.99,1254.5969
1737806400000,104670.99,105111.11,104456.0,104897.79,1464.11662
1737820800000,104897.79,105286.52,104449.75,105055.16,1831.57775
1737835200000,105055.16,105250.0,104696.0,104746.85,1080.96959
1737849600000,104746.86,105273.24,104503.7,105062.42,1315.60742
1737864000000,105062.41,105500.0,104950.0,104998.35,1228.94709
1737878400000,104998.36,105221.36,104444.01,104818.69,1340.56686
1737892800000,104818.68,105126.11,104703.58,104967.01,1136.95799
1737907200000,104967.02,105260.36,104896.0,105081.63,866.43502
1737921600000,105081.64,105200.0,102520.44,102620.0,3923.998
1737936000000,102620.01,103260.0,100720.53,101395.64,8353.88719
1737950400000,101395.64,101399.99,97777.77,99048.02,12651.63419
1737964800000,99048.01,99533.33,98263.49,98761.13,6790.38919
1737979200000,98761.12,102317.94,98714.28,101112.03,11346.0746
1737993600000,101112.03,101250.56,98864.0,99700.02,6873.59773
1738008000000,99700.01,102405.0,99606.46,102082.83,4742.5512
1738022400000,102082.83,102892.0,101334.55,102636.32,3670.23637
1738036800000,102636.32,103371.24,102527.39,102789.72,2654.45746
1738051200000,102789.72,103181.82,102393.94,102762.01,2051.60214
1738065600000,102762.02,103800.0,101815.26,102777.99,5106.451
1738080000000,102777.99,103108.0,101820.15,102424.24,4696.05403
1738094400000,102424.24,102538.0,100272.68,101335.52,3843.25665
1738108800000,101335.52,102319.69,101328.01,102038.2,1696.38336
1738123200000,102038.21,102853.53,101955.51,102755.82,1764.20643
1738137600000,102755.81,103000.0,102180.65,102646.0,2209.71378
1738152000000,102646.0,102842.04,101582.37,101980.78,4382.66276
1738166400000,101980.78,103999.0,101400.01,103583.99,7259.9178
1738180800000,103584.0,104782.68,102868.0,103733.24,5842.47389
1738195200000,103733.25,105300.0,103278.54,105196.0,3876.90317
1738209600000,105196.0,105595.81,104799.66,105132.07,2795.08494
1738224000000,105132.07,105534.0,104925.26,105300.63,1690.21583
1738238400000,105300.63,106457.44,104660.0,105564.0,5586.81148
1738252800000,105563.99,106013.01,104762.59,105711.27,3142.75313
1738267200000,105711.28,105821.62,104693.82,104722.94,2282.30617
1738281600000,104722.94,105029.72,103930.09,104344.46,2510.54787
1738296000000,104344.46,104814.46,103972.13,104188.56,1868.93867
1738310400000,104188.57,104848.65,103936.54,104736.0,1992.8102
1738324800000,104736.01,106012.0,104106.0,105464.01,4829.65222
1738339200000,105464.0,105574.4,102122.0,102312.32,6376.84832
1738353600000,102312.31,102482.94,101560.0,102429.56,4404.38465
1738368000000,102429.56,102783.71,102198.52,102249.19,1810.34285
1738382400000,102249.19,102588.57,102118.56,102166.49,1052.21801
1738396800000,102166.49,102276.99,101412.0,102028.81,2029.14504
1738411200000,102028.82,102329.01,101730.79,102073.89,1704.67519
1738425600000,102073.89,102297.99,101448.0,101669.6,1472.58058
1738440000000,101669.6,101669.6,100279.51,100635.65,4221.9958
1738454400000,100635.66,101456.6,99148.91,99206.86,4565.34638
1738468800000,99206.85,100515.99,99031.19,99643.3,3478.78338
1738483200000,99643.3,100100.0,98645.0,98864.6,4107.2233
1738497600000,98864.6,99439.05,98157.0,99346.87,5265.38592
1738512000000,99346.87,99361.97,96821.54,98273.16,9695.73736
1738526400000,98273.17,98628.74,96150.0,97700.59,7507.02305
1738540800000,97700.59,97782.79,91231.0,94038.74,29729.4911
1738555200000,94038.75,95426.63,92646.36,95333.01,7783.318
1738569600000,95333.01,95950.68,94799.29,95107.89,6292.62471
1738584000000,95107.89,99500.0,94131.14,98842.0,14148.56207
1738598400000,98842.0,101880.0,98038.58,101880.0,10494.44455
1738612800000,101879.99,102500.01,100918.0,101328.52,6716.29807
1738627200000,101328.51,101732.31,100534.03,100629.7,3827.79756
1738641600000,100629.7,100764.11,98229.82,98448.02,7495.21052
1738656000000,98448.01,99445.17,97860.0,98967.7,4539.23391
1738670400000,98967.7,100415.0,98275.98,99347.19,8422.36725
1738684800000,99347.18,100777.93,98778.58,98859.77,6617.95049
1738699200000,98859.78,99444.02,96150.0,97763.13,9365.42724
1738713600000,97763.14,98930.44,97131.43,98040.0,4039.38442
1738728000000,98040.01,98332.41,97352.77,97864.43,3233.50156
1738742400000,97864.43,98256.0,97257.05,98198.0,3128.59694
1738756800000,98198.0,99149.0,97734.69,98116.24,5192.00486
1738771200000,98116.24,98277.02,96500.0,97370.0,4822.00148
1738785600000,97370.0,97706.37,96155.0,96612.43,5817.81518
1738800000000,96612.44,97493.07,96430.78,97355.67,2552.15194
1738814400000,97355.66,98436.61,97273.71,98195.61,2075.46063
1738828800000,98195.6,99120.0,97910.01,98877.99,2729.43375
1738843200000,98877.99,99040.09,96930.17,97333.09,6201.57209
1738857600000,97333.09,97547.71,95676.64,95983.0,6034.55958
1738872000000,95982.99,97093.5,95800.0,96554.35,3922.02606
1738886400000,96554.35,97805.6,96409.65,97444.04,3156.6758
1738900800000,97444.04,97883.12,96566.0,96757.05,2473.49968
1738915200000,96757.04,97750.0,96613.24,97750.0,2223.55235
1738929600000,97749.99,100137.99,97165.51,98283.98,12394.34552
1738944000000,98283.98,98563.55,96856.78,96898.56,6759.22647
1738958400000,96898.56,96944.1,95620.34,96506.8,4786.92083
1738972800000,96506.8,96880.0,96335.42,96699.23,2006.38123
1738987200000,96699.24,96699.24,95785.09,96209.92,1789.48604
1739001600000,96209.92,96293.48,95865.71,96120.0,1164.01705
1739016000000,96120.0,96517.52,95688.0,95843.74,2499.53256
1739030400000,95843.74,96750.0,95749.88,96579.99,1536.63554
1739044800000,96579.99,96712.0,96358.5,96444.74,1151.19052
1739059200000,96444.75,97300.0,96360.14,97300.0,2064.373
1739073600000,97299.99,97323.09,96777.77,97057.83,1130.18566
1739088000000,97057.83,97294.46,96509.96,96554.01,1810.78846
1739102400000,96554.01,96703.99,95700.0,96488.15,3215.85687
1739116800000,96488.14,96567.8,95888.88,96064.74,1504.3182
1739131200000,96064.73,96760.0,94713.0,96462.75,4395.39394
1739145600000,96462.75,97131.47,95256.0,96814.98,4441.97007
1739160000000,96814.97,97640.02,96632.81,97429.83,3716.17533
1739174400000,97429.83,97954.69,97358.79,97661.16,3520.47325
1739188800000,97661.15,98345.0,96866.66,97218.69,4536.33685
1739203200000,97218.68,97643.29,96866.39,97376.0,2785.34059
1739217600000,97376.0,97490.71,97128.79,97430.82,1572.57928
1739232000000,97430.82,98149.92,97416.62,97607.3,2024.92177
1739246400000,97607.31,98478.42,97558.99,98268.97,2586.68133
1739260800000,98268.98,98330.0,97885.62,98151.52,1703.70026
1739275200000,98151.51,98158.89,96595.33,97007.53,4245.10245
1739289600000,97007.54,97045.53,94876.88,95040.82,4884.73711
1739304000000,95040.81,96512.7,94928.47,95778.2,3202.62087
1739318400000,95778.21,96263.99,95100.0,95299.27,2407.32134
1739332800000,95299.28,96188.68,95267.71,96069.58,1939.80551
1739347200000,96069.58,96469.78,95913.49,96094.65,2296.45775
1739361600000,96094.65,96631.66,94088.23,95816.18,11805.54003
1739376000000,95816.18,97700.0,95120.3,97205.06,6689.55876
1739390400000,97205.06,98119.99,96854.97,97869.99,4012.48286
1739404800000,97870.0,98083.91,97367.45,97498.42,2127.33742
1739419200000,97498.43,97564.83,95800.0,96070.23,3383.93788
1739433600000,96070.23,96336.0,95599.57,95925.11,3154.64728
1739448000000,95925.12,96480.06,95336.0,95998.0,5428.60469
1739462400000,95998.0,96361.58,95217.36,95627.76,3689.67744
1739476800000,95627.75,96774.71,95600.0,96608.14,2137.57145
1739491200000,96608.13,97190.0,96356.41,97129.98,1805.7947
1739505600000,97129.98,97248.6,96561.36,96944.09,1782.53303
1739520000000,96944.09,97196.0,96799.99,96887.56,1758.38512
1739534400000,96887.55,97568.28,96252.82,96924.39,3999.36783
1739548800000,96924.57,98826.0,96494.17,97940.45,6009.55921
1739563200000,97940.44,98264.85,96697.56,97500.48,2817.38657
1739577600000,97500.47,97972.26,97223.58,97653.19,1506.43225
1739592000000,97653.19,97780.73,97345.5,97346.26,1029.42986
1739606400000,97346.27,97731.09,97301.77,97615.59,874.17838
1739620800000,97615.59,97962.51,97426.57,97633.22,2009.35817
1739635200000,97633.21,97714.39,97304.38,97531.9,921.83788
1739649600000,97531.91,97741.35,97414.05,97569.66,1008.14029
1739664000000,97569.67,97704.47,97411.11,97547.17,935.38493
1739678400000,97547.17,97682.04,97212.0,97248.98,746.42703
1739692800000,97248.98,97388.89,97061.58,97336.0,1186.96965
1739707200000,97335.99,97336.0,96645.35,96911.01,1883.07426
1739721600000,96911.01,97169.15,96609.05,97058.47,1187.57052
1739736000000,97058.47,97282.38,96046.18,96118.12,2251.99851
1739750400000,96118.12,96638.05,96023.17,96215.33,1866.57226
1739764800000,96215.32,96463.2,95800.0,96068.22,2725.98131
1739779200000,96068.21,96395.68,95937.05,96063.18,2282.57983
1739793600000,96063.17,97046.59,95564.0,95659.46,4434.60458
1739808000000,95659.45,95945.49,95205.0,95531.36,3482.13274
1739822400000,95531.36,96413.43,95488.9,95780.0,1700.17438
1739836800000,95780.01,96322.97,95538.01,96200.0,1602.3437
1739851200000,96200.0,96300.73,95254.12,95456.93,3176.48546
1739865600000,95456.92,95872.17,95050.0,95640.34,2483.18123
1739880000000,95640.35,96753.91,95200.0,95546.48,4474.04458
1739894400000,95546.49,95633.15,93388.09,94104.14,6846.15491
1739908800000,94104.15,95685.0,93730.72,95671.74,4785.98483
1739923200000,95671.74,95961.54,95055.0,95710.26,2158.62817
1739937600000,95710.25,95846.15,95029.99,95687.71,3441.18957
1739952000000,95687.71,96468.99,95616.6,96422.6,2411.90713
1739966400000,96422.6,96700.0,95536.36,95943.74,3550.14153
1739980800000,95943.74,96480.0,95407.41,96206.54,2763.82004
1739995200000,96206.54,96899.99,96058.38,96644.37,2112.8231
1740009600000,96644.37,97362.83,96415.09,97055.25,2723.25483
1740024000000,97055.24,97339.11,96781.57,96867.92,2341.17162
1740038400000,96867.92,97384.03,96801.61,97207.92,1589.77673
1740052800000,97207.93,98062.15,96799.42,96903.77,4401.17328
1740067200000,96903.76,98518.0,96888.0,98422.8,3819.64673
1740081600000,98422.8,98711.36,98000.0,98305.0,2182.36858
1740096000000,98305.01,98505.0,98084.06,98141.99,2303.6398
1740110400000,98141.99,98610.17,98117.73,98179.76,2056.48148
1740124800000,98179.77,98896.81,98111.11,98629.3,3470.69828
1740139200000,98629.31,99475.0,97177.31,98104.04,8919.82124
1740153600000,98104.04,98757.0,95247.15,95285.11,9442.11583
1740168000000,95285.11,96202.68,94871.95,96181.98,6056.52477
1740182400000,96181.99,96455.97,95770.49,96299.07,2247.9764
1740196800000,96299.08,96578.99,96273.85,96288.09,1394.90999
1740211200000,96288.09,96611.53,96151.0,96580.0,2059.63477
1740225600000,96580.0,96980.0,96485.37,96592.0,2290.85469
1740240000000,96592.01,96823.53,96345.49,96639.99,2305.94545
1740254400000,96640.0,96700.0,96472.22,96551.01,968.85578
1740268800000,96551.01,96650.0,96355.17,96414.0,1326.63672
1740283200000,96414.0,96558.01,96143.99,96508.85,1245.52389
1740297600000,96508.85,96508.86,96083.33,96115.99,1223.25286
1740312000000,96115.99,96158.5,95414.25,95436.18,2752.94714
1740326400000,95436.19,95876.0,95227.94,95755.99,2646.03752
1740340800000,95756.0,96332.44,95522.78,96258.0,1690.451
1740355200000,96258.0,96500.0,95311.0,95433.21,2641.40258
1740369600000,95433.21,95945.0,95078.01,95872.02,3077.64753
1740384000000,95872.02,96177.18,95355.0,95821.45,3284.07984
1740398400000,95821.45,96095.32,93817.06,94323.95,7573.60951
1740412800000,94323.95,95194.59,93666.22,93943.51,5598.80012
1740427200000,93943.52,94571.43,91349.26,91552.88,9374.56341
1740441600000,91552.88,92540.69,90912.01,92153.93,8746.45217
1740456000000,92153.93,92327.88,88200.0,89320.01,14740.56517
1740470400000,89320.01,90000.0,86888.1,89239.39,17685.20523
1740484800000,89239.39,89544.4,86050.99,87231.26,18057.2139
1740499200000,87231.63,88065.45,86157.69,87947.25,10667.84575
1740513600000,87947.24,89460.17,87622.64,88680.4,8435.82889
1740528000000,88680.39,89414.15,88148.48,88900.0,3505.34849
1740542400000,88900.01,89245.29,88392.45,88720.02,3843.49941
1740556800000,88720.01,89314.45,88138.0,88616.8,4175.40587
1740571200000,88616.8,88674.0,85418.72,87567.53,13226.48272
1740585600000,87567.53,87806.62,83418.0,83856.99,17635.66389
1740600000000,83856.98,85400.0,82256.01,84250.09,14507.14371
1740614400000,84250.09,85466.55,84026.96,85226.32,6905.3983
1740628800000,85226.32,86737.0,84694.29,86272.01,5489.64417
1740643200000,86272.01,87078.46,85846.87,86698.6,4102.58827
1740657600000,86698.6,86795.9,84640.75,85500.84,12382.79075
1740672000000,85500.84,85691.51,83614.75,84113.98,6757.93459
1740686400000,84113.98,84927.84,82716.49,84708.58,6867.09831
1740700800000,84708.57,84892.85,79532.0,80452.44,24103.21319
1740715200000,80452.89,80969.69,78820.06,79204.59,17998.86851
1740729600000,79204.6,80854.46,78258.52,80513.38,11953.82317
1740744000000,80512.97,84425.89,80075.47,84005.05,15625.08311
1740758400000,84005.05,85120.0,83196.71,84449.99,9640.81267
1740772800000,84450.0,84795.03,83600.0,84349.94,4326.23904
1740787200000,84349.95,85678.11,83824.78,85330.84,5097.79792
1740801600000,85330.83,86558.0,84740.15,84740.15,7178.39161
1740816000000,84740.16,85508.79,84382.62,84632.79,4837.66151
1740830400000,84632.79,84943.08,84334.39,84800.0,3556.79693
1740844800000,84800.01,85591.84,84700.0,85485.41,2835.4461
1740859200000,85485.41,86262.74,85285.88,86064.53,2278.96057
1740873600000,86064.54,86498.0,85611.79,85873.07,2403.83782
1740888000000,85873.06,86589.97,85531.87,86232.42,2216.14356
1740902400000,86232.42,86263.23,85633.13,86105.89,2080.95926
1740916800000,86105.88,88673.09,85050.6,87427.99,9943.16012
1740931200000,87428.0,95000.0,87278.51,93522.0,30318.42056
1740945600000,93522.01,94883.51,93502.0,94270.0,7926.56913
1740960000000,94269.99,94416.46,92433.5,92709.98,6622.76466
1740974400000,92709.98,93361.46,91181.0,92363.58,5852.51871
1740988800000,92363.58,92917.99,91142.0,92739.99,6314.25279
1741003200000,92740.0,93721.37,89117.0,90035.37,14548.25192
1741017600000,90035.38,91000.0,85555.45,85606.0,16115.70068
1741032000000,85606.01,87038.46,85117.11,86220.61,9717.61342
1741046400000,86221.16,86807.98,82464.84,83983.72,13267.80873
1741060800000,83983.73,84581.6,83140.0,83186.4,4955.79624
1741075200000,83186.4,84373.84,83040.29,83937.94,4466.29804
1741089600000,83937.93,84977.65,81500.0,82985.06,14268.19869
1741104000000,82985.05,88487.91,82013.11,88206.19,12128.06081
1741118400000,88206.19,88967.52,86582.27,87281.98,6522.94455
1741132800000,87281.98,87888.88,86334.53,86843.4,4769.77721
1741147200000,86843.4,87727.27,86722.81,87619.49,3883.84662
1741161600000,87619.49,90660.0,87600.0,89814.26,6751.29829
1741176000000,89814.26,90933.82,87926.06,88344.25,12224.27232
1741190400000,88344.25,90475.3,87600.0,89750.0,7755.99208
1741204800000,89750.0,91000.0,89677.8,90606.01,2878.82511
1741219200000,90606.0,92025.0,89986.73,91605.01,5338.79627
1741233600000,91605.02,92810.64,91265.96,91346.48,4492.39994
1741248000000,91346.49,91667.5,90613.17,91350.0,3894.92912
1741262400000,91350.0,91457.03,89117.68,90820.69,8433.9883
1741276800000,90820.69,91066.44,87836.0,88526.18,7147.7059
1741291200000,88526.23,90781.2,88461.22,89931.89,5034.62949
1741305600000,89931.88,91283.02,84667.03,86991.25,18693.33541
1741320000000,86991.26,88612.96,86857.14,88365.18,3950.73454
1741334400000,88365.19,89704.0,87985.3,88966.96,3368.87599
1741348800000,88966.96,91100.0,88022.47,88457.99,12333.35824
1741363200000,88457.99,89023.41,86554.77,87820.1,11414.32329
1741377600000,87820.09,88511.0,85573.07,86801.75,8219.72966
1741392000000,86801.74,86897.25,85218.47,85919.12,3430.23845
1741406400000,85919.12,86662.0,85653.66,86197.14,1971.12967
1741420800000,86197.14,86450.01,85762.72,85955.88,1775.33163
1741435200000,85955.89,86627.51,85808.82,86400.0,2447.16492
1741449600000,86400.0,86500.0,85661.76,86233.52,2221.39349
1741464000000,86233.52,86500.0,85852.12,86222.45,1143.97238
1741478400000,86222.46,86500.0,85939.85,86115.71,1223.4792
1741492800000,86115.71,86158.83,85809.48,86004.61,1375.32537
1741507200000,86004.61,86098.0,84625.01,85024.01,2983.48178
1741521600000,85024.0,85058.34,82711.5,83080.41,6724.19753
1741536000000,83080.4,83758.22,82223.0,82640.86,6255.15784
1741550400000,82640.86,83539.66,80000.0,80734.37,7553.75173
1741564800000,80734.48,82744.0,80037.62,82047.49,6631.01803
1741579200000,82047.49,82797.95,81977.27,82318.77,2861.97669
1741593600000,82318.78,84123.46,81151.0,83582.0,6692.07202
1741608000000,83582.0,83771.94,79177.03,80043.85,12861.56913
1741622400000,80043.84,80250.0,77459.91,79060.84,13469.61921
1741636800000,79060.84,79886.03,78409.4,78595.86,5117.12897
1741651200000,78595.86,79938.27,76606.0,79522.29,11122.24369
1741665600000,79522.29,80614.89,79439.9,80424.95,4567.35903
1741680000000,80424.94,82092.34,80325.22,81720.34,5598.25972
1741694400000,81720.33,82225.21,79058.0,81232.24,16633.75229
1741708800000,81232.23,83617.4,80609.96,83104.01,8085.50399
1741723200000,83104.01,83306.87,82550.52,82932.99,2762.94981
1741737600000,82932.99,83783.26,82100.61,82127.72,4711.9387
1741752000000,82127.73,82541.47,81296.0,82447.79,4065.50034
1741766400000,82447.78,83076.79,82000.29,83004.45,4874.62168
1741780800000,83004.45,84539.85,80607.65,81738.97,11813.60583
1741795200000,81738.97,83165.46,81626.64,82915.93,4215.51153
1741809600000,82915.94,83887.26,82709.36,83680.12,2252.80792
1741824000000,83680.12,84336.33,83312.92,83577.14,3767.48722
1741838400000,83577.14,83709.03,82851.0,83151.99,3084.39535
1741852800000,83152.0,83522.61,82400.04,82975.86,3199.56767
1741867200000,82975.86,83900.0,80954.29,81044.72,7631.10248
1741881600000,81044.72,81264.73,79939.9,80211.4,7395.86973
1741896000000,80210.4,81484.23,80189.89,81115.78,2467.85167
1741910400000,81115.78,82270.51,80818.84,81888.77,2746.60637
1741924800000,81888.77,82454.5,81780.08,82170.85,2021.59745
1741939200000,82170.84,83348.46,82170.84,83253.15,3340.43802
1741953600000,83253.15,85309.71,82640.59,84724.58,11416.8729
1741968000000,84724.58,84950.0,83949.19,84554.0,4662.53549
1741982400000,84554.0,84554.01,83717.69,83983.2,2670.47732
1741996800000,83983.19,84676.28,83964.57,84491.99,1801.07938
1742011200000,84492.0,84559.0,83791.09,83827.31,1787.51614
1742025600000,83827.32,84184.58,83618.0,84103.74,2551.69547
1742040000000,84103.74,84499.74,84010.58,84346.02,2795.90086
1742054400000,84346.03,84498.72,84076.92,84299.98,1681.69068
1742068800000,84299.99,84467.7,84237.58,84338.44,706.85067
1742083200000,84338.44,84393.72,83733.86,84332.34,1213.99013
1742097600000,84332.35,84418.0,83972.57,84273.96,964.71247
1742112000000,84273.95,84335.43,82381.46,82410.02,2982.64569
1742126400000,82410.01,83508.95,82400.0,83320.83,3782.45365
1742140800000,83320.83,85117.04,82562.36,83098.47,5881.93983
1742155200000,83098.47,83453.01,81981.12,82574.53,2770.38354
1742169600000,82574.52,83725.39,82523.0,83675.65,2140.41723
1742184000000,83675.64,83869.77,82682.62,83567.87,2436.57299
1742198400000,83567.88,83783.02,83220.11,83514.73,1904.26795
1742212800000,83514.73,84000.0,82456.0,83531.06,5473.06801
1742227200000,83531.07,84756.83,83103.6,84482.55,3834.07195
1742241600000,84482.55,84506.8,83746.12,84010.03,1426.34545
1742256000000,84010.02,84021.74,82960.0,83147.6,2227.16043
1742270400000,83147.6,83280.0,82244.68,83163.81,3791.82354
1742284800000,83163.81,83452.3,82500.0,82581.1,1859.60834
1742299200000,82581.09,82821.6,81134.66,81610.21,5242.8777
1742313600000,81610.22,82476.26,81245.65,82317.21,3040.4539
1742328000000,82317.2,82810.95,81870.23,82715.03,1448.97492
1742342400000,82715.03,83280.0,82547.16,83037.17,2751.69748
1742356800000,83037.17,83364.16,82792.91,83190.0,1888.77416
1742371200000,83190.0,84119.09,83178.74,83881.4,3556.56382
1742385600000,83881.4,84888.0,83510.21,84733.05,5832.94768
1742400000000,84733.05,85950.0,83578.32,85433.38,9865.43804
1742414400000,85433.38,87000.0,85200.1,86845.94,4255.63256
1742428800000,86845.93,87453.67,85619.56,85891.02,4306.12355
1742443200000,85891.01,86013.05,85430.38,85816.39,2389.67499
1742457600000,85816.39,86300.0,84755.14,85502.17,3049.10665
1742472000000,85502.16,86532.04,84565.16,84691.76,5937.94941
1742486400000,84691.27,84908.0,83655.23,84174.79,4615.68665
1742500800000,84176.87,84609.21,83922.01,84223.39,1791.76338
1742515200000,84223.38,84850.33,84180.09,84451.96,1402.80368
1742529600000,84451.97,84798.93,83700.47,83937.98,2156.9138
1742544000000,83937.99,84337.66,83732.09,84046.52,1486.42515
1742558400000,84046.52,84358.51,83175.25,83565.48,3473.84885
1742572800000,83565.47,84435.87,83379.0,83956.36,2229.62892
1742587200000,83956.35,84584.0,83813.21,84088.79,1207.35403
1742601600000,84088.79,84338.98,83989.58,84256.74,1006.94162
1742616000000,84256.73,84429.09,84153.21,84274.72,754.99674
1742630400000,84274.71,84539.17,84109.0,84239.25,871.57177
1742644800000,84239.24,84296.39,83975.42,84109.09,1017.55631
1742659200000,84109.08,84320.0,84063.53,84171.59,818.77482
1742673600000,84171.59,84204.19,83625.1,83840.59,950.37988
1742688000000,83840.59,84277.07,83809.75,84224.39,735.1977
1742702400000,84224.39,84328.24,84070.22,84279.82,537.08204
1742716800000,84279.82,85027.32,84263.05,84679.99,1637.95361
1742731200000,84680.0,85254.17,84573.4,85189.41,1965.74104
1742745600000,85189.41,85413.05,84800.0,85011.19,1581.19041
1742760000000,85011.2,86129.64,84923.91,86082.5,2004.81333
1742774400000,86082.5,86641.13,85519.09,86532.07,3571.64325
1742788800000,86532.07,87300.0,86532.06,86874.52,4177.26747
1742803200000,86874.52,87909.99,86838.76,87689.52,3734.28314
1742817600000,87689.52,88765.43,87138.6,88350.01,8345.49659
1742832000000,88350.01,88536.0,87690.59,88222.0,5650.83508
1742846400000,88222.01,88481.14,87050.6,87498.16,4636.09558
1742860800000,87498.16,87679.25,86330.66,86520.88,2967.91856
1742875200000,86520.89,86879.77,86310.0,86436.82,2925.77929
1742889600000,86436.82,87500.0,86406.49,87370.43,2680.08356
1742904000000,87370.44,88258.8,86929.46,87774.37,5630.54013
1742918400000,87774.37,88321.27,87588.59,88116.23,3269.38058
1742932800000,88116.23,88539.63,87132.65,87392.87,5169.55036
1742947200000,87392.88,87892.14,87030.56,87153.51,2376.15356
1742961600000,87153.5,88275.0,87052.0,88140.45,2854.78166
1742976000000,88140.45,88259.81,87837.49,87954.96,2414.73419
1742990400000,87954.97,88000.0,86434.36,86752.52,5637.1011
1743004800000,86752.52,87058.4,85860.0,86567.19,3006.95989
1743019200000,86567.18,87404.34,86520.1,86909.17,2119.05445
1743033600000,86909.17,87756.39,86796.26,87670.18,1891.16422
1743048000000,87670.17,87691.34,87249.68,87399.99,1775.1179
1743062400000,87399.99,87597.6,86787.0,86943.52,2195.77495
1743076800000,86943.51,87575.0,85800.0,86974.07,7540.76727
1743091200000,86974.07,87429.21,86796.0,87060.41,2215.08868
1743105600000,87060.4,87728.27,86943.04,87232.01,1480.12595
1743120000000,87232.01,87515.67,86750.0,86787.16,1911.72045
1743134400000,86787.17,86832.64,85162.48,85212.99,5671.09628
1743148800000,85212.98,85441.25,84800.0,85255.26,4950.75977
1743163200000,85255.25,85609.74,83953.86,84051.16,8382.63832
1743177600000,84051.15,84217.61,83585.0,83790.73,3857.86312
1743192000000,83790.74,84538.69,83697.83,84424.38,2408.65375
1743206400000,84424.38,84624.73,83709.67,84166.3,1526.01379
1743220800000,84166.3,84258.45,83662.86,83731.82,1103.52164
1743235200000,83731.83,83947.42,82007.0,82293.56,3638.90117
1743249600000,82293.56,82882.01,82145.22,82414.23,1960.74799
1743264000000,82414.22,82758.41,81644.81,82758.4,2509.70729
1743278400000,82758.4,82787.29,82258.86,82648.54,957.50676
1743292800000,82648.53,83503.53,82500.0,83088.81,1605.64112
1743307200000,83088.82,83321.16,82868.96,83076.59,1238.4393
1743321600000,83076.58,83534.64,82975.36,83111.76,1206.11965
1743336000000,83111.76,83268.05,82543.83,82729.57,2154.4379
1743350400000,82729.57,82908.11,82050.4,82548.81,1581.53343
1743364800000,82548.8,82757.7,81565.0,82389.99,2078.32368
1743379200000,82390.0,82444.89,81278.52,81530.0,3137.45901
1743393600000,81530.0,82305.57,81400.0,81933.51,2427.84969
1743408000000,81933.51,82272.0,81290.88,82205.51,3422.93239
1743422400000,82205.5,83943.08,81656.0,83418.78,6957.92675
1743436800000,83418.78,83694.29,82400.0,82462.27,2934.61931
1743451200000,82462.26,82886.8,82265.1,82550.01,1688.3517
1743465600000,82550.0,83256.8,82432.74,82962.84,2015.98624
1743480000000,82962.84,83597.07,82886.87,83445.5,1822.06805
1743494400000,83445.5,84504.74,83410.0,83930.3,4005.56934
1743508800000,83930.31,85499.55,82544.0,85280.87,6895.46482
1743523200000,85280.88,85493.0,84720.0,84972.01,3624.09611
1743537600000,84972.0,85579.46,84773.58,85158.34,1827.21241
1743552000000,85158.35,85255.95,84504.21,84550.0,2397.00391
1743566400000,84550.0,84726.42,83904.72,84426.33,2284.55226
1743580800000,84426.32,85450.0,84262.73,84566.91,2502.47319
1743595200000,84566.91,87333.0,84462.69,86757.67,11182.5669
1743609600000,86757.67,87333.0,86186.19,86900.02,6072.59633
1743624000000,86900.01,88500.0,82320.0,82516.29,15492.26441
1743638400000,82516.28,83998.02,82175.98,83483.97,5644.57078
1743652800000,83483.97,83735.85,83000.0,83456.75,2431.18004
1743667200000,83456.76,83788.23,83047.0,83096.01,3208.79996
1743681600000,83096.01,83147.95,81211.24,82039.31,8823.0587
1743696000000,82039.32,82448.21,81540.0,82008.7,4137.47371
1743710400000,82009.76,83332.2,81800.0,83213.09,3092.75816
1743724800000,83213.09,83413.46,82577.63,82818.52,3041.69884
1743739200000,82818.53,84000.0,82615.36,83992.85,3091.86585
1743753600000,83992.85,84720.0,81659.0,82680.45,9682.53553
1743768000000,82680.44,83716.0,81849.05,82860.0,10092.60459
1743782400000,82860.0,84620.01,82736.0,84009.99,5374.18478
1743796800000,84010.0,84450.0,83492.95,83889.87,1632.65017
1743811200000,83889.87,84266.0,83395.46,83624.01,1705.75257
1743825600000,83624.01,83868.0,83297.66,83525.34,1280.95023
1743840000000,83525.33,83894.7,83359.64,83452.69,1233.29028
1743854400000,83452.69,83550.68,82379.95,82618.26,2576.97263
1743868800000,82618.25,83146.0,82607.05,82860.0,974.18344
1743883200000,82859.99,83688.0,82833.0,83537.99,1589.25553
1743897600000,83537.99,83817.63,83163.45,83344.14,1209.45565
1743912000000,83344.14,83533.01,83024.96,83024.96,1005.20003
1743926400000,83024.97,83172.0,82666.0,82855.99,1208.00762
1743940800000,82855.99,82981.14,82217.83,82548.36,2530.9727
1743955200000,82548.36,82554.15,78694.99,79614.35,10204.27054
1743969600000,79614.34,79890.16,77153.83,78430.0,11784.80782
1743984000000,78430.0,79347.46,77354.0,77707.77,8315.40751
1743998400000,77707.78,77984.0,74508.0,75126.01,18943.308
1744012800000,75126.01,77577.88,75085.74,76685.62,10044.53318
1744027200000,76685.62,81243.58,75789.01,78479.9,27708.97146
1744041600000,78479.91,79365.46,77313.2,78130.44,8830.92097
1744056000000,78130.43,80218.88,78102.91,79163.24,4544.38977
1744070400000,79163.24,80867.99,78772.14,79904.0,4941.96291
1744084800000,79904.0,80413.49,79219.9,79496.0,3302.12711
1744099200000,79496.01,80077.65,78819.65,79982.0,4257.73055
1744113600000,79982.0,80375.0,78175.14,78497.99,8857.72421
1744128000000,78498.0,78522.72,76334.65,76854.05,10762.74484
1744142400000,76854.05,77285.5,76239.9,76322.42,3195.03101
1744156800000,76322.42,76868.28,74620.0,75073.33,9779.68513
1744171200000,75073.34,77979.3,75000.0,77694.12,9140.27184
1744185600000,77694.12,77880.0,75756.86,76230.01,7898.75408
1744200000000,76230.01,78318.46,76010.21,77258.0,9835.2769
1744214400000,77258.01,82990.0,77136.0,82332.08,26584.65756
1744228800000,82332.08,83588.0,81987.89,82615.22,12249.64221
1744243200000,82615.22,82753.21,81472.84,81775.2,5457.92235
1744257600000,81775.2,82344.3,81292.99,81595.81,3599.59614
1744272000000,81595.81,82130.43,81349.0,81882.01,3109.18957
1744286400000,81882.0,82466.35,78606.06,78757.0,12186.07063
1744300800000,78757.24,80058.96,78464.36,79649.34,6868.94347
1744315200000,79647.37,80035.54,79377.04,79607.3,2063.08502
1744329600000,79607.3,80906.63,78969.58,80842.99,4616.06429
1744344000000,80843.0,81440.73,80512.22,81266.76,3739.3645
1744358400000,81266.76,82985.71,80782.43,82129.67,7672.7781
1744372800000,82129.67,83333.0,81341.22,82521.74,8580.71054
1744387200000,82521.74,84220.0,82015.08,83858.28,6974.07284
1744401600000,83858.28,84300.0,83162.0,83423.84,2852.4477
1744416000000,83423.83,83572.0,82792.95,82973.13,2097.25786
1744430400000,82973.14,83830.62,82856.86,83724.92,2219.56474
1744444800000,83724.92,84031.87,83305.91,83528.3,2026.01827
1744459200000,83528.3,85402.9,83474.94,85008.4,7502.18643
1744473600000,85008.4,85258.29,84421.95,84943.4,2205.95168
1744488000000,84943.39,85905.0,84877.61,85276.9,2419.76539
1744502400000,85276.91,86100.0,84724.91,85432.31,6091.99475
1744516800000,85432.31,85436.68,84399.42,84413.1,5329.09879
1744531200000,84413.1,84949.86,84216.15,84528.66,2109.38782
1744545600000,84528.66,84700.0,83480.67,83849.66,3752.76
1744560000000,83849.66,84990.22,83050.0,83981.31,4094.28687
1744574400000,83981.32,84446.31,83034.23,83760.0,3302.51358
1744588800000,83760.0,85544.3,83678.0,84566.03,9144.98601
1744603200000,84566.04,85110.0,84211.06,84580.76,3626.62247
1744617600000,84580.77,84965.34,84250.0,84927.55,2672.53505
1744632000000,84927.56,85799.99,83709.25,84101.16,6912.0794
1744646400000,84101.16,85208.1,83863.63,84923.07,4493.01122
1744660800000,84923.07,84971.7,84424.52,84591.58,1809.85933
1744675200000,84591.58,85415.1,84347.97,85379.96,2777.45814
1744689600000,85379.97,85879.1,85157.6,85716.77,3160.5593
1744704000000,85716.77,86000.0,85351.0,85589.23,3075.38498
1744718400000,85589.23,86496.42,84623.73,84918.14,6756.03523
1744732800000,84918.15,85146.55,83921.19,83998.52,2674.08979
1744747200000,83998.51,84235.85,83600.0,83643.99,2467.46784
1744761600000,83643.99,83960.0,83111.64,83695.66,2463.72865
1744776000000,83695.66,83814.0,83212.64,83363.17,3071.39491
1744790400000,83363.17,84127.05,83140.89,84048.11,2832.84259
1744804800000,84048.36,85270.27,83512.2,84846.58,4587.02932
1744819200000,84846.58,85500.0,83275.0,84334.01,6228.17039
1744833600000,84334.0,84679.53,84024.0,84030.38,1684.07933
1744848000000,84030.38,84496.0,83814.48,83994.23,1420.43568
1744862400000,83994.23,85053.38,83900.0,84669.98,2038.72764
1744876800000,84669.98,84764.44,84191.17,84562.0,1333.31709
1744891200000,84562.0,84862.93,83736.26,84531.71,3721.70869
1744905600000,84531.72,85470.01,84393.59,84849.06,4072.8227
1744920000000,84849.05,85140.0,84720.21,84947.91,1141.83592
1744934400000,84947.92,85132.08,84724.6,84828.0,1247.74402
1744948800000,84827.99,84838.52,84413.23,84654.68,1523.46331
1744963200000,84654.68,84764.0,84472.25,84669.11,1166.67376
1744977600000,84669.11,84769.95,84338.0,84374.59,1234.717
1744992000000,84374.6,84649.99,84303.96,84562.83,718.53494
1745006400000,84562.83,84684.49,84342.15,84474.69,638.83012
1745020800000,84474.7,84986.76,84364.45,84883.71,1105.44308
1745035200000,84883.72,85300.0,84883.71,85217.39,2259.71458
1745049600000,85217.38,85436.72,85115.45,85217.4,1378.37688
1745064000000,85217.4,85677.99,85070.0,85191.19,2584.44918
1745078400000,85191.18,85330.06,84694.49,85085.55,1789.11723
1745092800000,85085.56,85367.93,85015.63,85077.01,549.48058
1745107200000,85077.0,85320.76,85050.27,85168.81,882.54344
1745121600000,85168.82,85248.0,84678.18,84784.01,1167.69622
1745136000000,84784.01,84785.0,83949.52,84129.83,1885.40107
1745150400000,84129.82,84664.0,84099.3,84344.66,1721.01989
1745164800000,84344.65,84664.09,84272.74,84651.61,769.05869
1745179200000,84651.61,85298.0,84616.73,85179.24,1665.95794
1745193600000,85179.24,87640.0,85144.76,87205.56,9533.33738
1745208000000,87205.56,87738.0,87038.0,87434.78,2859.73764
1745222400000,87434.79,87795.26,86644.29,86971.92,3305.90555
1745236800000,86971.92,88465.99,86779.97,88044.8,8328.4863
1745251200000,88044.81,88270.88,86389.78,87415.1,5561.20336
1745265600000,87415.09,87625.68,86887.15,87516.23,2184.70239
1745280000000,87516.22,88877.0,87076.03,88157.55,5948.6986
1745294400000,88157.55,88486.0,87953.86,88476.83,2721.14964
1745308800000,88476.82,88701.93,88241.33,88614.1,2659.83331
1745323200000,88614.09,91439.46,88482.0,90934.61,15352.18318
1745337600000,90934.61,91695.0,90624.03,91414.79,6380.71134
1745352000000,91414.78,93888.0,91060.0,93442.99,10810.17098
1745366400000,93442.99,93909.05,92580.18,93168.91,5215.33691
1745380800000,93168.91,94264.0,93017.46,94133.82,3753.14233
1745395200000,94133.82,94521.79,93324.45,93466.01,4309.7212
1745409600000,93466.01,94696.05,91935.41,93195.28,8544.8591
1745424000000,93195.28,94219.93,92913.04,93497.88,4018.92317
1745438400000,93497.88,93917.53,93238.1,93691.08,1562.18537
1745452800000,93691.07,93787.65,92650.0,92673.95,2768.12366
1745467200000,92673.95,92903.94,92101.63,92203.55,3429.85771
1745481600000,92203.54,92657.69,91660.01,92619.94,3940.58829
1745496000000,92619.94,93450.0,92434.78,93202.51,4447.23602
1745510400000,93202.52,93649.56,92666.62,93556.12,2504.05999
1745524800000,93556.12,94005.0,93024.0,93980.47,2407.19504
1745539200000,93980.47,94444.0,92855.96,93311.83,4492.13804
1745553600000,93311.83,93860.0,93013.56,93772.26,3463.8711
1745568000000,93772.27,94660.0,93539.82,94635.67,3498.44872
1745582400000,94635.67,95758.04,93929.41,95061.22,10872.54033
1745596800000,95061.21,95554.99,94370.35,95291.0,3536.11021
1745611200000,95291.0,95345.45,94441.61,94638.68,1637.55808
1745625600000,94638.68,95199.0,94527.84,94739.99,2542.70188
1745640000000,94739.99,94830.93,94380.72,94570.31,1410.05819
1745654400000,94570.31,94733.54,93990.6,94144.06,1747.48781
1745668800000,94144.07,94394.0,93870.69,94373.24,1638.82978
1745683200000,94373.24,94378.87,94041.0,94307.5,832.25743
1745697600000,94307.51,94888.0,94087.0,94628.0,1243.73366
1745712000000,94628.0,95369.0,94041.6,94156.21,3925.87324
1745726400000,94156.22,94288.65,93655.0,94065.98,1858.72082
1745740800000,94065.99,94331.85,93883.81,93920.01,1343.02543
1745755200000,93920.0,94173.91,93602.58,93901.08,1432.64566
1745769600000,93901.09,94434.79,93727.08,94433.5,1354.62397
1745784000000,94433.49,94545.45,93641.7,93749.3,1247.95188
1745798400000,93749.29,93987.3,92800.01,93849.93,3829.2548
1745812800000,93849.93,94800.0,93849.93,94692.49,3173.45503
1745827200000,94692.49,95550.0,94339.48,95319.99,4407.81686
1745841600000,95319.99,95630.0,93583.9,93833.51,6874.85491
1745856000000,93833.5,94920.0,93444.0,94787.2,2284.50465
1745870400000,94786.73,95180.0,94305.95,95011.18,1587.64726
1745884800000,95011.18,95461.53,94443.7,94658.76,2355.42851
1745899200000,94658.75,94960.0,94200.0,94917.61,3096.90198
1745913600000,94917.61,95285.71,94743.01,95129.74,2370.90825
1745928000000,95129.74,95300.0,94531.85,94843.1,2872.24836
1745942400000,94843.1,95459.99,94658.99,95300.79,3091.57412
1745956800000,95300.79,95408.0,93742.54,94256.82,3168.27898
1745971200000,94256.82,95111.01,94136.48,95032.84,1764.9576
1745985600000,95032.84,95180.0,94500.0,94620.99,1847.65644
1746000000000,94620.99,95228.45,94527.58,95176.66,1661.24557
1746014400000,95176.66,95214.9,92910.0,94004.63,8257.162
1746028800000,94004.63,94500.0,93528.71,94152.01,2035.58804
1746043200000,94152.01,94784.1,94005.0,94172.0,2094.66545
1746057600000,94172.0,95040.3,94130.43,94782.6,2877.4378
1746072000000,94782.6,95180.0,94714.38,95025.84,1880.34885
1746086400000,95025.84,96396.31,94913.04,96180.01,4237.08588
1746100800000,96180.01,97424.02,95769.66,96854.3,7399.49215
1746115200000,96854.31,97367.26,96424.44,96523.26,3200.80242
1746129600000,96523.26,96885.77,96184.19,96489.91,1785.28633
1746144000000,96489.9,97233.1,96466.21,97102.32,2134.18118
1746158400000,97102.32,97309.78,96350.0,96350.0,2432.89056
1746172800000,96350.01,97100.0,96350.0,96928.97,1860.2708
1746187200000,96928.97,97895.68,96650.94,97330.19,5047.18173
1746201600000,97330.19,97783.02,96769.84,96924.23,2332.70775
1746216000000,96924.23,97136.0,96561.57,96887.14,1098.51609
1746230400000,96887.13,96935.67,96300.02,96337.5,2058.72462
1746244800000,96337.5,96593.0,96132.67,96322.68,1508.87428
1746259200000,96322.68,96421.91,95852.29,95942.02,2622.43769
1746273600000,95942.01,96509.44,95880.65,96418.68,1447.96366
1746288000000,96418.68,96428.33,95869.68,96354.34,899.94616
1746302400000,96354.34,96441.49,95753.01,95856.42,1185.40197
1746316800000,95856.42,96304.48,95588.0,95722.23,1523.29654
1746331200000,95722.22,96142.86,95692.7,95879.99,1780.05807
1746345600000,95879.99,95923.54,95286.78,95423.2,2146.9622
1746360000000,95423.19,95690.48,95209.07,95467.6,1981.94879
1746374400000,95467.6,95640.98,95239.33,95584.07,863.77274
1746388800000,95584.07,95758.08,94151.38,94277.62,2740.34508
1746403200000,94277.61,94808.4,93514.1,94031.47,4140.14024
1746417600000,94031.47,94825.46,94020.66,94761.91,2335.74375
1746432000000,94761.91,94798.01,93888.0,94038.18,2541.09717
1746446400000,94038.19,94531.74,93613.66,93770.31,4184.72517
1746460800000,93770.32,94900.0,93759.63,94347.17,2339.27872
1746475200000,94347.16,95199.0,93876.0,94733.68,1710.19684
1746489600000,94733.68,94926.99,94012.78,94454.01,1586.4337
1746504000000,94454.01,94638.01,94308.63,94400.99,1310.52658
1746518400000,94400.98,94400.99,93720.63,93812.54,2666.58253
1746532800000,93812.53,94733.38,93377.0,94558.95,3922.63869
1746547200000,94558.94,95157.0,94216.0,94963.5,2336.80706
1746561600000,94963.5,96920.65,94452.75,96834.02,4299.65657
1746576000000,96834.02,97732.0,96208.1,96506.9,5180.41253
1746590400000,96506.9,97013.53,96310.89,96994.82,2170.95622
1746604800000,96994.82,97111.0,96833.33,97047.43,1298.75814
1746619200000,97047.43,97478.27,96713.14,96923.91,2791.58426
1746633600000,96923.91,96961.04,95784.61,96180.01,3605.87038
1746648000000,96180.0,97390.0,96076.92,97030.5,1597.25701
1746662400000,97030.5,99222.22,96876.29,99152.79,6410.02899
1746676800000,99152.79,99419.0,98723.25,99252.34,4129.30669
1746691200000,99252.34,99888.0,99209.04,99409.14,3702.67483
1746705600000,99409.15,101525.03,99090.66,100758.08,7963.43171
1746720000000,100758.08,101707.02,100596.0,101299.99,5099.76086
1746734400000,101300.0,104145.76,101285.71,103261.6,7656.82539
1746748800000,103261.61,103268.44,102364.0,102451.04,3733.8534
1746763200000,102451.04,104361.3,102374.03,103628.77,5971.49947
1746777600000,103628.76,103930.0,102421.0,102958.31,8403.08937
1746792000000,102958.31,103793.66,102411.99,102895.99,5841.22214
1746806400000,102895.99,103370.54,102315.14,103189.17,2349.89886
1746820800000,103189.17,103408.0,102727.25,102971.99,1317.83583
1746835200000,102971.99,103265.82,102818.76,103226.24,1788.89448
1746849600000,103226.25,104100.0,103034.5,103759.71,2472.72488
1746864000000,103759.71,104079.37,103366.0,103434.94,2876.2662
1746878400000,103434.94,103825.4,103100.0,103138.77,1933.54411
1746892800000,103138.76,103619.68,103005.33,103191.35,2330.41287
1746907200000,103191.35,104984.57,103068.87,104809.53,3922.94357
1746921600000,104809.53,104972.0,103466.05,104007.03,3855.57081
1746936000000,104007.03,104400.0,103345.06,103385.47,2952.77072
1746950400000,103385.46,104777.0,103380.95,104652.01,2472.65506
1746964800000,104652.01,104888.0,103775.91,104150.0,4500.51294
1746979200000,104150.0,104832.82,103750.0,104420.0,2312.17239
1746993600000,104420.0,104578.62,103569.77,104118.0,1893.44005
1747008000000,104118.0,105086.42,103702.15,104100.13,4046.32885
1747022400000,104100.13,105819.45,103750.0,104467.99,6956.58682
1747036800000,104467.99,104736.45,103625.0,103762.9,4195.60245
1747051200000,103762.89,104629.96,102388.0,102527.26,7882.24448
1747065600000,102527.27,103088.88,100718.37,101860.0,6054.64243
1747080000000,101859.99,103127.92,101770.2,102791.32,2137.37289
1747094400000,102791.32,102791.32,101429.7,101719.4,3352.34144
1747108800000,101719.4,102943.28,101610.56,102665.5,3546.89229
1747123200000,102665.5,103822.03,102540.18,103729.2,2797.46591
1747137600000,103729.2,103966.0,102811.32,103682.55,4451.38278
1747152000000,103682.54,104976.25,103532.18,104792.22,5053.45199
1747166400000,104792.21,104928.0,103869.01,104103.72,2051.88968
1747180800000,104103.72,104115.86,103453.26,103587.44,3010.71837
1747195200000,103587.44,103971.0,103381.02,103716.55,2102.25399
1747209600000,103716.55,104145.0,102875.22,103944.93,3535.76301
1747224000000,103944.93,104356.95,102833.55,103514.24,5202.04446
1747238400000,103514.24,103720.44,102602.05,103321.72,1856.97684
1747252800000,103321.73,103667.52,103304.66,103507.82,745.15143
1747267200000,103507.83,103866.51,102720.0,102753.63,1797.79721
1747281600000,102753.62,102962.38,101724.17,101779.99,2353.66229
1747296000000,101779.99,102441.0,101500.0,102371.61,2612.10704
1747310400000,102371.62,103291.99,101383.07,103251.35,4312.54952
1747324800000,103251.36,104192.7,102552.35,103157.26,4442.22626
1747339200000,103157.26,103980.84,102708.46,103763.71,2480.64372
1747353600000,103763.71,104466.01,103467.91,104023.49,3294.14952
1747368000000,104023.49,104190.48,103694.18,103710.17,2338.96041
1747382400000,103710.17,103900.0,103100.49,103651.71,3118.57852
1747396800000,103651.72,104286.0,103343.07,104183.33,3503.77985
1747411200000,104183.32,104550.33,103587.0,104032.6,2352.84073
1747425600000,104032.6,104032.6,103397.5,103463.9,1075.57121
1747440000000,103463.9,103600.0,102612.5,103508.48,2858.83928
1747454400000,103508.48,103709.86,103285.71,103451.14,1318.92723
1747468800000,103451.13,103568.58,102753.67,102994.17,2720.30154
1747483200000,102994.18,103180.0,102640.02,102939.53,1272.66735
1747497600000,102939.52,103350.0,102761.9,103158.6,1287.9669
1747512000000,103158.6,103477.87,102900.72,103126.65,1792.19392
1747526400000,103126.65,103409.98,103105.09,103295.7,913.9652
1747540800000,103295.7,103988.0,103295.69,103919.39,1414.68073
1747555200000,103919.39,104088.2,103800.0,103800.54,1574.15623
1747569600000,103800.55,105680.0,103701.4,105518.0,4982.50382
1747584000000,105518.0,105980.0,103851.01,103883.97,5395.35549
1747598400000,103883.98,106660.0,103285.71,106454.26,7319.32579
1747612800000,106454.27,107108.62,103534.47,103605.88,5830.4141
1747627200000,103605.9,103779.99,102000.0,103226.29,7899.03768
1747641600000,103226.29,103425.53,102782.6,102963.41,2683.33916
1747656000000,102963.4,104968.75,102126.16,104786.41,6071.83103
1747670400000,104786.42,105561.76,104491.53,105517.7,4503.35567
1747684800000,105517.64,105829.99,105016.27,105573.74,3272.0576
1747699200000,105573.73,106853.27,105533.01,105761.92,5750.55327
1747713600000,105761.92,106399.0,104928.44,105021.71,3035.55334
1747728000000,105021.7,105416.66,104847.16,105203.76,2326.54242
1747742400000,105203.75,105391.27,104184.72,105333.68,3799.70194
1747756800000,105333.67,107238.37,105090.9,107026.47,5057.29953
1747771200000,107026.47,107320.0,105935.83,106849.99,3735.83225
1747785600000,106850.0,107206.94,106186.79,106843.59,2584.02606
1747800000000,106843.6,107985.05,106454.54,106527.16,5791.25242
1747814400000,106527.17,106797.98,106100.01,106546.44,2982.12972
1747828800000,106546.43,109458.0,106329.47,108973.35,11705.49449
1747843200000,108973.34,109845.0,106117.67,108603.79,14958.19983
1747857600000,108603.79,110797.38,107725.0,109643.99,7509.937825
1747872000000,109643.99,111880.0,109177.37,111780.84,9017.73168
1747886400000,111780.84,111795.04,110461.87,111045.45,7103.40338
1747900800000,111045.45,111326.2,110272.72,110981.97,4014.18788
1747915200000,110981.98,111626.43,110550.0,111290.86,6086.26018
1747929600000,111290.85,111980.0,110916.4,111188.0,3260.6327
1747944000000,111188.0,111717.34,110763.27,111696.21,2148.55731
1747958400000,111696.22,111800.0,111000.13,111100.01,2834.29482
1747972800000,111100.0,111181.82,110407.89,110715.42,3226.515
1747987200000,110715.41,111381.61,108888.0,109076.35,4204.18634
1748001600000,109076.36,109992.75,107316.0,108940.0,13163.25808
1748016000000,108940.0,109809.53,108001.0,108716.07,4951.18081
1748030400000,108714.01,108727.28,106800.0,107318.3,3358.28804
1748044800000,107318.3,108367.54,106875.41,108366.3,2321.32073
1748059200000,108366.31,108582.33,107566.37,107587.75,1982.27366
1748073600000,107587.75,109506.03,107587.74,109208.56,5417.04518
1748088000000,109208.57,109282.81,108540.0,108929.7,2666.17903
1748102400000,108929.71,109200.0,108682.36,108960.0,1015.55537
1748116800000,108960.0,109125.0,107500.0,107761.91,3380.15732
1748131200000,107761.9,108257.14,107206.0,108095.75,2495.88081
1748145600000,108095.76,108288.69,107454.54,107681.81,1293.71165
1748160000000,107681.82,107700.65,106708.98,107260.0,3399.35699
1748174400000,107259.99,107743.34,106600.64,106967.97,5093.14772
1748188800000,106967.97,107940.95,106640.52,107717.01,2103.88371
1748203200000,107717.02,109299.99,107176.0,109004.19,3324.06607
1748217600000,109004.2,109844.91,108670.58,109623.53,3090.7964
1748232000000,109623.54,110228.11,109365.29,110094.62,2472.4091
1748246400000,110094.62,110173.92,109556.69,109772.72,1654.27634
1748260800000,109772.73,110420.74,109494.74,110009.82,3113.22041
1748275200000,110009.83,110422.22,108858.28,109130.44,3037.99696
1748289600000,109130.44,109888.89,108940.0,109434.79,1280.41672
1748304000000,109434.78,109666.0,107516.57,108892.16,4704.3073
1748318400000,108892.15,109636.37,108550.0,109547.16,3340.1595
1748332800000,109540.0,109899.0,109428.98,109585.49,1886.45358
1748347200000,109585.49,110718.0,108670.29,110140.11,6777.89203
1748361600000,110140.11,110499.64,109574.46,109877.87,2624.04806
1748376000000,109877.87,109897.49,108600.0,108938.17,1943.79588
1748390400000,108938.17,109284.7,108400.0,108863.64,2003.85357
1748404800000,108863.64,109089.68,108624.43,108816.44,1391.51979
1748419200000,108816.44,109130.44,108258.01,108870.38,1891.22828
1748433600000,108870.39,109053.39,107045.45,107107.31,5751.05895
1748448000000,107107.31,107842.29,106938.24,106946.01,2757.68701
1748462400000,106946.0,108043.95,106769.43,107781.78,1838.44069
1748476800000,107781.78,108484.61,107421.12,108044.88,3012.04609
1748491200000,108044.87,108106.94,106948.01,107880.72,2287.08404
1748505600000,107880.73,108891.91,107681.81,108779.84,2525.30968
1748520000000,108779.83,108797.25,106474.0,107019.89,5170.87467
1748534400000,107019.9,107168.23,105639.3,105731.74,4682.29852
1748548800000,105731.74,106470.69,105322.86,105589.75,2157.08816
1748563200000,105589.75,106214.93,104600.5,106024.33,4390.94984
1748577600000,106024.33,106313.12,104727.72,105028.02,4187.15493
1748592000000,105028.03,105981.75,104606.01,105880.51,3463.58178
1748606400000,105880.5,106000.0,105047.61,105543.0,4176.35736
1748620800000,105543.0,105560.98,103706.71,104640.5,5203.39187
1748635200000,104640.49,104878.05,103621.0,103985.48,2285.06221
1748649600000,103985.47,104292.69,103068.55,103684.01,3246.32605
1748664000000,103684.0,103911.1,103487.99,103747.02,1424.77118
1748678400000,103747.03,103809.51,103285.71,103498.18,1462.02815
1748692800000,103498.17,104846.15,103480.11,104556.08,2862.31641
1748707200000,104556.08,104780.49,104261.39,104698.02,1237.73843
1748721600000,104698.03,104900.0,104473.2,104591.88,1056.179
1748736000000,104591.88,104647.11,103924.52,104381.03,1332.51766
1748750400000,104381.03,104729.99,104195.12,104275.95,935.26236
1748764800000,104275.95,104459.07,103752.49,104082.68,1515.57248
1748779200000,104082.67,104809.53,103783.01,104715.1,1868.98228
1748793600000,104715.1,105299.21,104319.79,105121.94,2430.98984
1748808000000,105121.95,105866.91,104893.72,105642.93,1626.37544
1748822400000,105642.93,105735.42,104571.42,104829.27,1887.57513
1748836800000,104829.27,105438.87,104610.13,105387.67,1324.62784
1748851200000,105387.67,105935.63,103941.0,104047.64,3133.90977
1748865600000,104047.63,104679.25,103659.88,104438.79,3457.5451
1748880000000,104438.79,104731.95,104030.01,104425.63,1581.04916
1748894400000,104425.64,105931.44,104425.64,105857.99,2069.28113
1748908800000,105858.0,106500.0,105340.18,105482.02,2370.68744
1748923200000,105482.03,105513.02,105116.2,105170.75,1808.4499
1748937600000,105170.76,105349.94,104872.5,105287.24,1581.41246
1748952000000,105287.24,106794.67,105031.6,106610.66,3944.17196
1748966400000,106610.66,106666.67,105592.17,106238.81,2007.43502
1748980800000,106238.81,106254.92,105266.02,105376.89,1547.36956
1748995200000,105376.9,105839.63,105132.27,105519.27,1468.56182
1749009600000,105519.26,105611.96,105250.0,105320.75,2243.32025
1749024000000,105320.75,106000.0,105080.26,105084.36,3840.76425
1749038400000,105084.36,105542.0,104179.0,105298.27,3906.47888
1749052800000,105298.26,105483.14,104865.25,104913.52,1452.09412
1749067200000,104913.52,105045.79,104407.16,104696.86,1123.6755
1749081600000,104696.86,105240.84,104651.16,105047.15,1126.54275
1749096000000,105047.15,105226.14,104380.0,104518.05,1593.6961
1749110400000,104518.05,104920.0,104424.52,104827.8,1061.75675
1749124800000,104827.79,105909.71,103900.0,104531.49,5067.78387
1749139200000,104531.5,104598.87,101596.62,101914.77,6187.5316
1749153600000,101914.76,102171.44,100372.26,101508.68,7284.19047
1749168000000,101508.69,102520.0,101095.8,102493.3,2752.42188
1749182400000,102493.3,103468.66,102387.38,103150.44,2278.64268
1749196800000,103150.44,103991.45,103150.43,103927.99,2218.22642
1749211200000,103927.99,105333.0,103513.7,105092.28,4660.37233
1749225600000,105092.28,105284.0,104013.21,104219.8,2762.90707
1749240000000,104219.8,104617.56,104167.98,104288.44,1166.50347
1749254400000,104288.43,104910.77,103871.09,104871.58,1400.16428
1749268800000,104871.59,105319.13,104643.62,104867.04,1309.06461
1749283200000,104867.03,105264.0,104689.81,105150.01,1180.35371
1749297600000,105150.01,105800.0,105150.0,105558.11,2197.72958
1749312000000,105558.11,105884.46,105279.06,105725.91,1536.04392
1749326400000,105725.91,105900.0,105534.88,105552.15,721.57596
1749340800000,105552.15,105786.33,105394.03,105471.59,1084.68276
1749355200000,105471.59,105653.13,105408.38,105426.45,623.06268
1749369600000,105426.46,105720.94,104964.14,105686.71,1672.01298
1749384000000,105686.71,106160.19,105520.25,105984.52,2200.98155
1749398400000,105984.53,106360.0,105943.91,106289.99,1099.96633
1749412800000,106289.99,106488.14,105545.71,105734.0,1367.35675
1749427200000,105734.01,105966.33,105318.37,105659.13,1795.0497
1749441600000,105659.14,105717.3,105319.0,105560.71,1470.33986
1749456000000,105560.71,107806.0,105473.57,107759.21,4424.95656
1749470400000,107759.21,108020.0,106860.0,107635.91,3544.41855
1749484800000,107635.91,108767.24,107635.91,108564.72,2689.46607
1749499200000,108565.86,110530.17,108456.08,110263.02,6051.14377
1749513600000,110263.02,110311.82,109381.24,109568.02,2356.61975
1749528000000,109568.03,109737.68,109095.67,109205.14,2317.07387
1749542400000,109205.14,109851.8,109056.9,109541.28,2344.90457
1749556800000,109541.93,109900.81,108331.03,109015.42,5247.00781
1749571200000,109015.41,110400.0,108518.86,109526.3,2639.86004
1749585600000,109526.3,110299.73,109239.68,110274.39,2166.36235
1749600000000,110274.39,110274.4,109533.97,109722.95,1393.61311
1749614400000,109722.95,109745.29,109373.67,109446.74,1000.47435
1749628800000,109446.74,109675.69,109193.89,109252.09,1633.7552
1749643200000,109252.1,110392.01,109008.82,109735.7,4399.26765
1749657600000,109735.7,109815.84,108412.01,108742.37,2837.53217
1749672000000,108742.37,109219.51,108064.0,108645.12,1851.2739
1749686400000,108645.13,108813.55,107730.0,107860.05,3756.8345
1749700800000,107860.04,107993.58,107320.0,107633.53,2337.6809
1749715200000,107633.53,107835.83,106874.47,106900.95,1866.42836
1749729600000,106900.95,107822.5,106600.0,107020.95,3201.2854
1749744000000,107020.96,108450.16,106680.0,106788.8,2559.00784
1749758400000,106789.8,106960.77,105671.72,105671.73,4057.43518
1749772800000,105671.74,105694.0,102664.31,104277.22,11535.37443
1749787200000,104277.22,104970.12,103782.75,104895.0,3355.01643
1749801600000,104895.01,105434.34,104425.79,105039.48,3146.66203
1749816000000,105039.48,105747.47,104118.0,105436.87,3901.15519
1749830400000,105436.87,105981.0,104668.73,105110.0,2950.53869
1749844800000,105110.01,106179.53,105020.87,106066.59,1292.07057
1749859200000,106066.59,106252.0,105197.96,105228.82,3017.48753
1749873600000,105228.83,105397.06,104792.98,105076.59,1002.68077
1749888000000,105076.59,105132.36,104836.06,105082.01,786.7679
1749902400000,105082.01,105131.25,104615.38,104841.3,1045.14048
1749916800000,104841.29,105045.78,104359.08,104645.67,1687.29248
1749931200000,104645.66,105480.0,104300.0,105414.64,1259.57053
1749945600000,105414.63,105680.0,105264.75,105473.55,759.41728
1749960000000,105473.54,106128.57,105200.0,105428.0,1381.52981
1749974400000,105428.0,105482.4,104867.64,104970.51,1057.15319
1749988800000,104970.51,105838.24,104955.48,105564.0,1245.40098
1750003200000,105563.99,105777.09,105082.97,105294.19,975.97763
1750017600000,105294.19,105617.82,104494.53,105594.01,1744.72158
1750032000000,105594.02,105970.59,104980.37,105921.84,1680.0381
1750046400000,105921.85,107262.31,105874.48,107061.8,2778.21159
1750060800000,107061.8,107255.01,106582.25,106883.99,2148.92551
1750075200000,106884.0,107784.26,106495.09,107424.96,2538.358
1750089600000,107424.96,108888.0,107309.15,108652.0,2748.12533
1750104000000,108652.01,108952.38,106700.0,106794.53,3029.00687
1750118400000,106794.53,107771.34,106115.35,107590.41,3025.95246
1750132800000,107590.41,107711.06,106481.6,106758.52,1696.95424
1750147200000,106758.52,106822.78,105508.23,105641.47,2408.54535
1750161600000,105641.48,105862.03,104130.95,104241.63,4308.26392
1750176000000,104241.62,105336.82,103371.02,104686.12,4719.96669
1750190400000,104686.12,104898.81,104203.85,104551.17,1706.64759
1750204800000,104551.17,105240.0,104379.52,105184.84,1346.38636
1750219200000,105184.84,105550.27,104713.24,104973.24,1758.92527
1750233600000,104973.24,105310.62,104175.87,104840.59,1900.45623
1750248000000,104840.58,105325.83,103814.04,104801.01,4024.47787
1750262400000,104801.01,104836.64,103500.0,103808.41,3290.4773
1750276800000,103808.41,105139.87,103652.0,104886.78,1647.91864
1750291200000,104886.79,105226.17,104457.12,105100.02,1479.10507
1750305600000,105100.01,105220.0,104617.69,104642.85,1132.25759
1750320000000,104642.85,105073.53,104631.26,104776.23,949.58523
1750334400000,104776.23,104917.05,104078.0,104096.93,1595.4989
1750348800000,104096.94,104814.73,103929.27,104250.44,1624.22301
1750363200000,104250.45,104898.31,104150.0,104658.59,897.93757
1750377600000,104658.59,104820.0,104391.38,104596.63,1026.45735
1750392000000,104596.64,105825.66,104238.02,105811.74,1878.07017
1750406400000,105811.74,106524.65,105757.48,105977.82,2862.78664
1750420800000,105977.82,106149.17,103888.0,104217.99,3668.86931
1750435200000,104218.0,104269.64,102345.0,103307.22,5227.49835
1750449600000,103307.21,103828.0,102963.67,103297.99,1755.38101
1750464000000,103297.98,103691.67,103127.48,103495.87,750.73411
1750478400000,103495.86,103599.04,103330.0,103458.5,686.61118
1750492800000,103458.5,103982.64,103458.49,103874.64,1188.56205
1750507200000,103874.63,103946.47,103281.82,103560.9,1449.27436
1750521600000,103560.9,103640.0,102210.43,102245.1,2365.40427
1750536000000,102245.11,102888.88,100837.9,102120.01,4713.62735
1750550400000,102120.02,103399.62,101839.96,102375.4,4339.90882
1750564800000,102375.4,102946.47,102256.01,102424.61,1481.73109
1750579200000,102424.61,102804.05,102080.0,102739.48,1801.30685
1750593600000,102739.47,102831.0,98889.35,98906.21,12422.58545
1750608000000,98906.21,100380.0,98673.66,98882.84,4419.40202
1750622400000,98882.85,101034.65,98200.0,100963.87,4281.47649
1750636800000,100963.87,101620.0,100494.25,101154.14,2930.22354
1750651200000,101154.13,102137.0,100980.0,101931.04,2509.06943
1750665600000,101931.04,102080.0,101102.76,101289.01,2527.52051
1750680000000,101289.0,102613.09,100792.16,101420.7,4451.665
1750694400000,101420.71,103300.0,99613.33,103161.29,7496.3725
1750708800000,103161.3,106074.2,102880.0,105333.93,7751.65511
1750723200000,105333.94,105500.0,104720.82,104919.6,2882.14256
1750737600000,104919.6,105811.0,104704.91,104933.74,3158.97987
1750752000000,104933.74,105571.4,104622.02,105170.0,2216.8644
1750766400000,105169.99,105731.92,104800.98,105244.73,2933.73072
1750780800000,105244.72,106290.0,105172.64,105643.19,2366.40087
1750795200000,105643.2,106119.11,105435.45,106083.0,1093.57493
1750809600000,106083.0,106791.18,105808.03,106232.01,2385.0945
1750824000000,106232.01,106702.0,106001.0,106600.01,1317.62334
1750838400000,106600.0,107237.44,106343.13,107198.02,2272.81569
1750852800000,107198.02,108135.3,106752.36,107028.0,7497.00314
1750867200000,107027.99,107905.37,106931.0,107761.68,2109.69446
1750881600000,107761.67,108000.0,107079.9,107340.58,1118.92438
1750896000000,107340.59,108272.45,107105.43,107853.79,1896.83706
1750910400000,107853.79,108085.92,107520.0,107813.99,1290.81871
1750924800000,107813.99,108174.86,107117.65,107325.41,2010.44306
1750939200000,107325.42,107765.55,106562.5,107313.6,2623.12904
1750953600000,107313.61,107669.74,107009.28,107532.98,1252.6466
1750968000000,107532.97,108000.0,106850.0,106947.06,1499.39832
1750982400000,106947.06,107515.28,106438.33,107477.76,1472.30428
1750996800000,107477.76,107735.34,106850.0,106869.71,1946.05962
1751011200000,106869.72,107159.95,106679.98,106983.6,2318.07544
1751025600000,106983.6,107407.14,106356.76,107308.25,3704.52866
1751040000000,107308.25,107709.22,106446.45,106801.02,1987.48356
1751054400000,106801.02,107277.99,106794.33,107047.59,803.98886
1751068800000,107047.58,107347.1,106811.51,107300.13,775.04704
1751083200000,107300.13,107496.12,107183.29,107485.0,497.62159
1751097600000,107485.01,107493.07,107252.6,107373.39,416.2984
1751112000000,107373.39,107577.75,107084.15,107449.28,714.87392
1751126400000,107449.28,107542.5,107225.74,107225.74,499.08961
1751140800000,107225.74,107378.37,107154.62,107296.79,379.24296
1751155200000,107296.79,107500.0,107172.52,107210.78,534.03453
1751169600000,107210.78,107402.18,107205.82,107402.18,340.57663
1751184000000,107402.17,108484.0,107402.17,108477.11,1988.92767
1751198400000,108477.12,108528.5,107650.0,107750.72,1320.45894
1751212800000,107750.72,107792.05,107316.46,107406.81,1188.5295
1751227200000,107406.8,108436.47,107250.0,108356.93,1459.20913
1751241600000,108356.93,108789.99,108255.81,108503.74,1564.16827
1751256000000,108503.74,108538.76,107481.31,107614.08,1581.27553
1751270400000,107614.07,107964.33,107400.0,107654.2,1242.20442
1751284800000,107654.21,107858.79,106733.33,107580.46,2980.03437
1751299200000,107580.47,107807.94,107116.4,107745.97,1314.82691
1751313600000,107745.97,107764.73,106900.02,107146.5,1071.61541
1751328000000,107146.51,107540.0,107026.93,107192.38,973.46
1751342400000,107192.39,107203.11,106615.97,107178.99,1267.97836
1751356800000,107178.99,107178.99,106301.86,106605.8,1434.81634
1751371200000,106605.79,107179.99,105623.39,105955.18,3974.69567
1751385600000,105955.19,106287.95,105387.68,105398.53,1690.90273
1751400000000,105398.52,106100.0,105250.85,105681.14,1163.77127
1751414400000,105681.13,106216.08,105100.19,106194.7,1453.64233
1751428800000,106194.7,107186.78,106131.55,107080.0,1903.51108
1751443200000,107080.0,107860.23,107080.0,107479.99,2147.6808
1751457600000,107479.98,108759.2,107186.1,108737.74,3227.14121
1751472000000,108737.75,109730.0,108650.97,109676.14,5656.10907
1751486400000,109676.14,109676.14,108720.0,108849.6,3303.81143
1751500800000,108849.59,109115.03,108530.4,108628.21,1439.99562
1751515200000,108628.2,109548.0,108566.14,109280.0,1560.58968
1751529600000,109279.99,110273.21,109279.99,109599.19,3249.5488
1751544000000,109599.18,110529.18,108749.99,109127.84,4201.7259
1751558400000,109127.85,109910.1,109020.8,109803.41,1688.44383
1751572800000,109803.41,110000.0,109510.0,109584.78,906.77842
1751587200000,109584.77,109767.59,109103.71,109235.57,1002.72236
1751601600000,109235.58,109329.6,108700.0,108700.0,1609.06105
1751616000000,108700.0,109111.0,108518.83,108888.0,1086.39121
1751630400000,108888.0,108978.64,107505.0,107573.29,3616.08946
1751644800000,107573.29,107922.5,107245.0,107469.23,3431.70312
1751659200000,107469.22,108279.33,107440.63,107984.24,1047.89895
1751673600000,107984.25,108259.99,107756.31,108154.72,766.63785
1751688000000,108154.72,108420.56,108000.0,108053.46,660.13042
1751702400000,108053.46,108219.19,107870.42,108112.21,675.37974
1751716800000,108112.2,108232.29,107971.0,108058.0,564.4708
1751731200000,108058.0,108167.23,107864.75,108141.78,586.1961
1751745600000,108141.78,108250.0,107993.39,108198.12,484.16079
1751760000000,108198.12,108268.35,108025.97,108050.49,397.25464
1751774400000,108050.49,108218.0,107930.45,108040.31,497.89684
1751788800000,108040.31,108111.0,107800.01,108076.01,740.99603
1751803200000,108076.0,109127.03,108045.76,108905.99,2193.35606
1751817600000,108906.0,108966.62,108266.67,108538.46,922.00834
1751832000000,108538.45,109700.0,108536.86,109203.84,1696.09509
1751846400000,109203.85,109700.0,108679.75,109389.47,1313.66179
1751860800000,109389.46,109447.54,108654.94,109061.08,1068.89272
1751875200000,109061.07,109087.86,108572.52,108642.01,1793.43934
1751889600000,108642.01,108660.0,107970.0,108292.59,2516.39623
1751904000000,108292.59,108493.56,107513.2,108056.68,1826.11433
1751918400000,108056.67,108300.0,107800.01,108262.94,886.8716
1751932800000,108262.94,108525.0,107429.57,107901.52,2011.55999
1751947200000,107901.52,108499.0,107750.0,108484.61,1010.06569
1751961600000,108484.61,109005.0,108229.15,108756.37,1314.23794
1751976000000,108756.37,109216.56,108217.07,108268.35,1848.45054
1751990400000,108268.35,109147.56,108096.55,108771.88,2426.90745
1752004800000,108771.87,108974.0,108624.0,108922.98,604.79919
1752019200000,108922.99,109136.0,108348.0,108376.41,994.80226
1752033600000,108376.41,108942.2,108324.53,108714.39,1001.59915
1752048000000,108714.39,109117.0,108553.18,109058.27,1275.99616
1752062400000,109058.27,109769.39,108503.0,109071.32,4108.39131
1752076800000,109071.32,111999.79,109047.49,111750.0,6338.57455
1752091200000,111749.99,111952.33,110559.4,111233.99,3562.92307
1752105600000,111234.0,111581.0,110880.0,111074.51,1687.73466
1752120000000,111074.52,111432.46,110898.0,111230.0,1667.11413
1752134400000,111229.99,111398.96,110870.33,111019.99,1407.79297
1752148800000,111019.99,111408.41,110500.0,111408.4,2221.21737
1752163200000,111408.4,113788.23,111322.32,113301.81,7461.037691
1752177600000,113301.8,116868.0,113270.98,116010.0,10438.553844
1752192000000,116010.01,116950.0,115222.22,116881.7,4456.671301
1752206400000,116881.69,118404.22,116500.0,117526.88,7940.173377
1752220800000,117526.88,118869.98,117526.88,117821.91,4664.06161
1752235200000,117821.91,118259.24,116724.66,116902.59,4711.37408
1752249600000,116902.58,118138.75,116604.87,118108.81,2754.72647
1752264000000,118108.81,118108.81,117146.8,117527.66,1346.51431
1752278400000,117527.66,117847.66,117141.13,117774.42,1268.81982
1752292800000,117774.42,118054.79,117506.37,117731.99,1157.69575
1752307200000,117731.99,118200.0,117625.0,117810.0,1459.36466
1752321600000,117810.0,117861.19,116900.05,117100.01,2887.39027
1752336000000,117100.0,117639.98,117045.86,117550.96,961.54328
1752350400000,117550.96,117563.75,117000.01,117420.0,711.79059
1752364800000,117420.0,117824.76,117224.79,117753.6,696.41148
1752379200000,117753.59,118054.79,117684.22,117999.0,867.97982
1752393600000,117998.99,118086.66,117689.63,118072.01,685.44893
1752408000000,118072.01,119376.0,117989.53,118672.24,3891.104317
1752422400000,118672.23,119488.0,118382.56,118961.08,1749.40157
1752436800000,118961.09,119367.37,118243.68,119086.64,1660.44683
1752451200000,119086.65,121492.48,118905.18,120750.24,5418.532886
1752465600000,120750.25,123218.0,120557.63,122736.04,6981.800221
1752480000000,122736.04,122769.19,121355.55,121467.24,3279.33527
1752494400000,121467.23,122120.0,119611.7,119878.23,6047.71252
1752508800000,119878.22,120526.03,119202.0,119939.41,4127.24496
1752523200000,119939.42,120447.0,119522.72,119841.18,1414.72302
1752537600000,119841.17,119940.83,116840.01,117148.47,6623.40172
1752552000000,117148.46,117765.4,116250.0,116779.12,5478.80575
1752566400000,116779.13,117224.08,116300.0,117113.98,3612.34292
1752580800000,117113.98,118490.71,115736.92,116391.43,8662.27705
1752595200000,116391.43,117800.6,116019.05,116416.07,5395.39361
1752609600000,116416.07,117972.86,116192.27,117758.09,2246.23978
1752624000000,117758.08,118195.0,117017.29,117482.67,2060.70862
1752638400000,117482.67,118300.0,117275.63,118189.25,1653.72862
1752652800000,118189.24,119310.75,118113.82,118769.06,2658.37376
1752667200000,118769.06,119794.8,118181.14,119095.76,4851.16642
1752681600000,119095.76,119904.13,118471.38,119230.16,2877.33424
1752696000000,119230.16,120063.84,118420.0,118630.43,2938.59685
1752710400000,118630.44,119158.28,117683.53,118128.8,2234.06203
1752724800000,118128.8,118772.0,117857.03,118311.75,2080.63383
1752739200000,118311.75,119192.0,117974.99,117995.0,2041.88316
1752753600000,117995.0,119073.46,117453.57,118881.99,3175.79483
1752768000000,118881.99,119880.13,118333.6,118959.66,2433.94045
1752782400000,118959.66,120998.71,118383.97,119177.56,3762.26221
1752796800000,119177.56,120785.49,119020.48,120223.09,2672.86935
1752811200000,120223.08,120820.71,119287.72,119339.51,3649.17934
1752825600000,119339.51,119469.21,118395.0,119171.34,3814.49483
1752840000000,119171.35,119531.48,117315.69,117860.25,5020.77844
1752854400000,117860.24,118054.92,117120.53,117374.76,2564.58563
1752868800000,117374.75,118021.62,116812.76,117924.84,2202.75507
1752883200000,117924.84,118371.42,117613.35,118322.54,1323.00452
1752897600000,118322.53,118364.0,118044.19,118163.06,828.72543
1752912000000,118163.07,118499.9,117943.25,118327.06,1123.42732
1752926400000,118327.05,118327.06,117627.71,118058.11,1656.6673
1752940800000,118058.1,118161.51,117605.26,118007.88,780.27633
1752955200000,118007.88,118141.0,117277.34,117840.0,923.70216
1752969600000,117840.01,118165.38,117650.0,117958.01,1216.03617
1752984000000,117958.0,118218.0,117760.67,118029.49,940.72723
1752998400000,118029.49,118277.17,117819.88,117878.46,1800.2823
1753012800000,117878.46,118799.8,117723.23,118671.11,3280.10469
1753027200000,118671.12,118856.8,117960.0,118155.01,2119.12806
1753041600000,118155.0,118263.0,116467.02,117265.12,3606.65044
1753056000000,117265.11,118614.7,116515.0,118404.0,2794.62163
1753070400000,118404.01,119676.73,118188.95,119362.67,2783.66639
1753084800000,119364.18,119500.0,118070.16,118070.17,2511.88984
1753099200000,118070.17,119233.71,117778.7,118313.16,3505.38294
1753113600000,118313.16,118399.1,116666.0,116767.67,3816.98929
1753128000000,116767.67,117633.66,116656.88,117380.36,1694.78119
1753142400000,117380.36,117950.0,116128.0,117210.0,3707.46413
1753156800000,117210.0,118594.55,116552.18,117983.68,4279.84175
1753171200000,117983.69,119188.3,117488.19,119154.99,3376.79135
1753185600000,119154.99,119573.53,117550.0,118912.04,4597.23931
1753200000000,118912.04,120183.96,118368.19,119282.1,3067.62854
1753214400000,119282.11,120247.8,119203.2,119954.42,1930.16465
1753228800000,119954.43,120090.0,118532.96,118614.17,2068.11927
1753243200000,118614.16,119006.05,118288.2,118350.35,1564.23355
1753257600000,118350.35,118619.79,117844.24,118538.46,1801.10341
1753272000000,118538.46,118708.24,117301.0,118567.39,4037.18842
1753286400000,118567.39,118567.39,117331.63,118393.64,2651.82367
1753300800000,118393.64,118756.0,117381.8,118755.99,2436.28251
1753315200000,118756.0,119273.36,118466.71,118488.92,1878.28334
1753329600000,118488.92,118610.25,117103.1,118416.21,3786.93245
1753344000000,118416.21,118814.47,117955.59,118600.0,2404.15809
1753358400000,118600.0,119450.0,117832.32,119092.65,4139.29216
1753372800000,119092.65,119395.81,118350.0,118943.42,2166.82662
1753387200000,118943.42,119010.64,118166.94,118340.99,1431.39777
1753401600000,118340.98,118451.57,115330.86,115419.66,11127.20493
1753416000000,115419.65,116144.63,114723.16,115320.01,8835.25163
1753430400000,115320.01,116782.13,115008.85,116543.58,7216.21136
1753444800000,116543.59,116656.99,114908.0,115727.08,6361.79335
1753459200000,115727.07,116997.21,115455.46,116688.6,3089.40882
1753473600000,116688.6,117630.0,116578.02,117614.31,1776.47864
1753488000000,117614.31,117750.0,117138.38,117489.62,1222.24277
1753502400000,117489.61,117547.92,117304.46,117304.47,1006.48005
1753516800000,117304.47,118217.45,117304.46,117776.11,1549.30958
1753531200000,117776.1,118220.0,117772.13,118130.1,1303.59734
1753545600000,118130.1,118297.35,117941.96,118232.11,1051.39337
1753560000000,118232.11,118276.66,117883.86,117919.99,858.64895
1753574400000,117919.99,118358.18,117825.5,118182.83,1007.50696
1753588800000,118182.83,118438.83,118066.74,118095.95,808.21213
1753603200000,118095.95,118292.86,117859.98,118072.71,835.9696
1753617600000,118072.71,118588.0,117890.0,118585.74,1586.05165
1753632000000,118585.75,119540.01,118585.75,118960.0,3418.37234
1753646400000,118960.01,119766.65,118713.74,119415.55,1672.19651
1753660800000,119415.56,119800.0,118960.5,119287.99,1824.53168
1753675200000,119287.99,119701.07,118774.31,118900.0,2360.0622
1753689600000,118900.01,119102.69,118475.47,118827.49,2060.1822
1753704000000,118827.49,119093.68,117895.73,118174.9,3792.61028
1753718400000,118174.89,118376.61,117427.5,118068.73,2575.55527
1753732800000,118068.73,118350.01,117500.09,118062.32,1348.80591
1753747200000,118062.32,118800.0,117450.0,118764.85,2242.87768
1753761600000,118764.85,119273.36,118416.66,118882.37,2579.99271
1753776000000,118882.37,119051.0,118160.87,118592.38,1962.95351
1753790400000,118592.38,119080.81,117272.0,117400.01,4173.95638
1753804800000,117400.02,118057.05,116950.75,117525.29,2441.06334
1753819200000,117525.28,118000.0,117094.96,117950.76,1737.09083
1753833600000,117950.75,118250.0,117412.53,118161.87,1226.38506
1753848000000,118161.86,118412.11,117667.33,118123.01,1232.08963
1753862400000,118123.0,118481.81,117358.84,117579.99,2228.01795
1753876800000,117579.99,118792.0,117358.84,118000.01,3794.91612
1753891200000,118000.01,118037.18,115796.23,116916.73,5721.15052
1753905600000,116916.73,117908.4,116880.64,117840.3,1384.17703
1753920000000,117840.29,118600.0,117781.87,118466.14,2307.57332
1753934400000,118466.15,118922.45,118287.63,118665.97,1907.96734
1753948800000,118665.98,118770.07,118278.91,118371.25,1290.20631
1753963200000,118371.25,118702.1,117807.35,118306.18,3457.28095
1753977600000,118306.18,118879.14,116763.43,116785.79,4228.22018
1753992000000,116785.78,116990.04,115500.0,115764.08,3818.7592
1754006400000,115764.07,116052.0,114313.13,115648.03,5440.32571
1754020800000,115648.03,115916.43,114633.18,115081.77,2952.50734
1754035200000,115081.76,115340.0,114116.0,115305.65,3338.52917
1754049600000,115305.64,116019.3,113988.47,115357.82,5325.96286
1754064000000,115357.82,115695.52,113221.93,113328.68,4135.47502
1754078400000,113328.67,114094.08,112722.58,113297.93,3294.30196
1754092800000,113297.92,113921.94,113198.63,113909.86,1422.97261
1754107200000,113909.87,114063.49,113469.43,113982.49,1674.39001
1754121600000,113982.49,114040.29,113425.58,113787.12,1135.36227
1754136000000,113787.11,113787.12,112802.31,112840.71,1922.72871
1754150400000,112840.7,113420.0,112003.0,112229.42,3414.70659
1754164800000,112229.42,113058.82,112069.86,112546.35,1937.17409
1754179200000,112546.35,113740.69,111920.0,113604.2,2106.5441
1754193600000,113604.2,113720.16,113341.06,113700.0,764.27697
1754208000000,113700.0,114260.31,113551.0,113862.18,1260.20877
1754222400000,113862.19,114098.45,113579.69,113959.06,1131.56686
1754236800000,113959.06,114799.97,113775.55,114313.19,1254.96509
1754251200000,114313.19,114612.24,114066.56,114208.8,880.19867
1754265600000,114208.81,115000.0,114107.6,114570.61,1525.00586
1754280000000,114570.61,114778.5,114148.58,114652.97,1221.27307
1754294400000,114652.98,114750.0,114217.97,114493.09,1188.64494
1754308800000,114493.09,115466.0,114121.0,114826.0,2885.46126
1754323200000,114826.01,115720.0,114732.65,114777.62,1843.11618
1754337600000,114777.62,115340.0,114616.33,115055.03,1004.17785
1754352000000,115055.03,115127.81,114256.85,114256.85,1398.92395
1754366400000,114256.85,114500.66,113725.72,113969.7,2125.54323
1754380800000,113969.7,115096.73,113928.87,114827.07,1593.56232
1754395200000,114827.07,114893.13,112650.0,112934.0,4590.4684
1754409600000,112934.0,113763.27,112815.68,113616.52,1434.52074
1754424000000,113616.51,114228.88,113304.0,114129.75,899.77214
1754438400000,114129.75,114139.38,113400.0,113509.97,1061.53764
1754452800000,113509.98,114417.02,113355.13,114227.91,1437.03071
1754467200000,114227.9,114404.23,113727.57,114226.69,1280.29764
1754481600000,114226.68,115515.09,113579.9,115413.87,3509.68013
1754496000000,115413.87,115716.0,114942.18,115259.99,1727.95909
1754510400000,115260.0,115260.0,114793.01,114992.27,744.64797
1754524800000,114992.27,115185.58,114404.22,114546.03,1192.91433
1754539200000,114546.03,114876.79,114259.0,114787.99,1290.96115
1754553600000,114787.99,116828.93,114787.98,116519.53,3698.10885
1754568000000,116519.54,116791.11,116035.84,116689.81,2746.73177
1754582400000,116689.8,117520.0,115632.31,117461.98,2735.62556
1754596800000,117461.99,117621.0,117012.0,117472.01,1804.22097
1754611200000,117472.02,117630.0,116694.28,116737.35,2393.91974
1754625600000,116737.34,116973.3,116401.0,116817.19,1456.27491
1754640000000,116817.2,116914.6,116317.08,116891.51,1108.98011
1754654400000,116891.51,117271.73,115878.71,116207.69,2540.81848
1754668800000,116207.7,116900.0,116006.14,116453.41,1690.79713
1754683200000,116453.41,116980.0,116319.06,116674.74,854.52241
1754697600000,116674.74,116750.0,116299.13,116384.01,971.89236
1754712000000,116384.01,116980.0,116339.45,116756.01,2021.01259
1754726400000,116756.0,117944.05,116756.0,117110.0,2353.3714
1754740800000,117110.0,117238.04,116700.01,116892.47,1382.66437
1754755200000,116892.48,116947.16,116500.0,116535.69,1202.78039
1754769600000,116535.68,117021.16,116359.89,116462.25,1582.41033
1754784000000,116462.25,118500.0,116460.63,118500.0,3892.68324
1754798400000,118500.0,118741.77,117466.34,117808.3,2444.0838
1754812800000,117808.29,118500.0,117608.01,118330.58,1506.32503
1754827200000,118330.58,119113.94,118232.0,118815.0,2809.2276
1754841600000,118815.0,118944.24,118433.8,118663.08,995.85812
1754856000000,118663.09,119311.11,118074.99,119294.01,2674.59294
1754870400000,119294.27,122164.07,118972.59,121728.99,7626.19257
1754884800000,121729.0,122335.16,121466.08,121537.15,4279.8879
1754899200000,121537.14,121823.0,120286.4,120561.54,4216.26732
1754913600000,120561.53,120667.54,119382.91,120314.4,5236.26223
1754928000000,120314.4,120794.05,118604.17,119089.3,2812.92272
1754942400000,119089.3,119172.63,118050.11,118686.0,2322.80155
1754956800000,118686.0,119275.46,118593.39,118857.7,1894.63528
1754971200000,118857.7,119158.06,118424.86,118986.72,3135.38397
1754985600000,118986.73,119058.43,118207.47,118522.22,2346.379
1755000000000,118522.22,119960.0,118285.0,119933.0,4914.05441
1755014400000,119933.0,120192.1,119172.62,119665.27,2309.07117
1755028800000,119665.27,120324.43,119485.84,120134.08,2120.5851
1755043200000,120134.09,120192.1,119094.28,119482.01,2361.00135
1755057600000,119482.01,119820.18,118920.92,119580.4,2324.10298
1755072000000,119580.4,120732.94,119446.22,120570.41,3213.18528
1755086400000,120570.41,122200.0,120106.02,120920.62,7228.67197
1755100800000,120920.61,122839.47,120920.61,122744.21,4167.90157
1755115200000,122744.22,123667.79,122298.2,123306.43,3915.20787
1755129600000,123306.44,124474.0,123250.5,123337.14,3481.676316
1755144000000,123337.14,123428.6,121313.86,121725.31,3755.65744
1755158400000,121725.31,122045.9,120694.0,120949.67,3456.28874
1755172800000,120949.66,121183.06,117632.0,118257.25,11617.06761
1755187200000,118257.26,118535.0,117180.0,117945.92,3545.40524
1755201600000,117945.92,118516.81,117302.33,118295.09,2124.85224
1755216000000,118295.09,119077.71,118032.32,118968.91,1883.55436
1755230400000,118968.91,119216.82,118629.58,118956.45,1732.90691
1755244800000,118956.45,119144.5,118600.0,119006.01,1129.82607
1755259200000,119006.01,119130.77,116827.29,117275.22,5128.8936
1755273600000,117275.23,117882.35,116803.99,116936.27,2393.46089
1755288000000,116936.28,117761.88,116862.5,117342.05,1354.69691
1755302400000,117342.04,117898.99,117231.14,117429.63,1420.5255
1755316800000,117429.63,117884.0,117278.0,117596.07,925.25596
1755331200000,117596.07,117703.92,117143.98,117378.52,1206.0413
1755345600000,117378.52,117825.0,117327.63,117676.7,1191.50027
1755360000000,117676.7,117817.65,117629.94,117672.12,817.42683
1755374400000,117672.13,117713.51,117219.34,117380.66,832.93131
1755388800000,117380.66,117771.37,117172.21,117684.95,770.53091
1755403200000,117684.96,118230.82,117684.95,118005.98,1109.68335
1755417600000,118005.98,118484.0,117922.0,118308.01,1007.67549
1755432000000,118308.0,118575.0,118059.12,118246.16,974.27271
1755446400000,118246.15,118316.01,117321.53,117570.07,1326.17558
1755460800000,117570.07,117995.37,117371.65,117405.01,710.30388
1755475200000,117405.01,117543.75,115000.0,115319.0,5801.42298
1755489600000,115319.0,115712.49,114878.71,115205.98,3433.42415
1755504000000,115205.99,115402.51,114640.14,114947.27,2793.98984
1755518400000,114947.27,116186.97,114825.0,116145.34,2772.17945
1755532800000,116145.34,116800.0,115818.86,116313.99,1731.37273
1755547200000,116314.0,116980.0,115980.32,116227.05,1213.55039
1755561600000,116227.05,116725.69,114787.23,114810.0,2390.89748
1755576000000,114810.01,115483.24,114366.0,114978.14,2499.12321
1755590400000,114978.15,115650.0,114804.0,115508.71,1471.04277
1755604800000,115508.71,115875.84,113587.68,113786.38,5294.46316
1755619200000,113786.39,113897.58,112767.06,113132.48,3784.35052
1755633600000,113132.49,113589.48,112732.58,112872.94,2625.5971
1755648000000,112872.95,113636.13,112566.01,113525.91,3116.70576
1755662400000,113525.9,113837.93,113432.0,113490.13,1367.41482
1755676800000,113490.14,114016.77,113060.08,113666.68,2352.50644
1755691200000,113666.69,114326.35,112380.0,113353.94,4605.43198
1755705600000,113353.94,114444.0,113264.01,114276.66,2624.00614
1755720000000,114276.66,114615.38,114000.0,114271.24,1570.2768
1755734400000,114271.23,114821.76,113906.01,113954.62,1626.72781
1755748800000,113954.62,114033.84,113582.43,113896.03,1612.36321
1755763200000,113896.03,113990.0,113000.0,113148.66,1509.65106
1755777600000,113148.65,113995.11,112608.64,112792.08,2521.11028
1755792000000,112792.08,112969.47,112015.67,112193.71,2468.80417
1755806400000,112193.71,112870.94,112067.46,112500.0,1101.03582
1755820800000,112500.0,113525.0,112335.6,112929.24,1610.19525
1755835200000,112929.24,113394.76,112708.81,113094.83,1656.2572
1755849600000,113094.83,113319.3,112177.27,112320.0,1932.43574
1755864000000,112320.01,117296.12,111684.79,116370.75,11505.26127
1755878400000,116370.75,117429.05,116116.0,116655.79,4307.94644
1755892800000,116655.79,117174.43,116550.96,116935.99,2115.99447
1755907200000,116936.0,117030.0,115458.2,115568.77,2647.58419
1755921600000,115568.77,116034.53,115551.2,115799.47,2258.18362
1755936000000,115799.46,115861.8,115223.43,115310.13,1313.89391
1755950400000,115310.13,115486.97,114560.0,114812.87,3027.56166
1755964800000,114812.88,115190.74,114684.11,115133.91,1105.55067
1755979200000,115133.92,115454.12,115001.88,115438.05,976.58792
1755993600000,115438.06,115666.68,114934.21,115036.0,1995.92433
1756008000000,115036.01,115283.21,114846.14,114888.19,1715.6873
1756022400000,114888.19,115060.99,114600.0,114730.22,2223.47925
1756036800000,114730.22,114869.41,114350.57,114400.0,2662.01905
1756051200000,114400.01,114917.1,110680.0,112600.0,8322.01988
1756065600000,112600.0,113692.97,111632.85,113493.59,4256.85481
1756080000000,113493.59,113667.28,112159.0,112916.84,2384.9729
1756094400000,112916.84,113059.52,111284.05,111511.55,4054.02521
1756108800000,111511.56,111850.13,110929.48,111214.97,4028.25788
1756123200000,111214.97,112580.0,110588.0,112200.64,4593.3206
1756137600000,112200.65,112937.26,110655.01,110716.13,3109.40411
1756152000000,110716.13,111092.54,109274.1,110111.98,7012.81309
1756166400000,110111.98,110111.98,108666.66,109879.56,4155.39206
1756180800000,109879.57,110547.31,109765.93,110303.2,1910.05232
1756195200000,110303.2,110455.13,109570.34,109876.52,1852.10166
1756209600000,109876.53,110818.6,109393.93,109666.33,4559.68511
1756224000000,109666.34,111162.59,109450.0,111116.03,3548.51055
1756238400000,111116.03,112371.0,110918.26,111763.22,2426.69707
1756252800000,111763.22,111825.16,110918.26,111418.15,2172.27313
1756267200000,111418.15,111737.26,110622.5,110725.18,1809.80294
1756281600000,110725.19,111374.45,110345.42,111322.07,1594.26753
1756296000000,111322.07,112625.0,111019.02,112000.0,3310.1006
1756310400000,111999.99,112600.0,111541.23,112080.69,1902.42552
1756324800000,112080.68,112452.05,110921.79,111262.01,2603.73903
1756339200000,111262.01,112042.04,110862.42,112000.01,1203.77782
1756353600000,112000.0,113360.0,111945.07,113114.11,2481.91862
1756368000000,113114.11,113351.51,112826.22,112909.18,1419.04336
1756382400000,112909.18,113485.9,112391.56,112678.53,3088.9335
1756396800000,112678.53,113186.56,111901.35,111901.36,1813.29699
1756411200000,111901.36,112575.98,111872.06,112566.9,1097.30715
1756425600000,112566.9,112638.64,111302.27,111704.23,2123.00621
1756440000000,111704.24,111850.56,109899.99,110019.38,4260.9718
1756454400000,110019.38,110270.3,109414.18,110098.81,2848.31026
1756468800000,110098.81,111517.07,108103.0,108386.23,7729.2804
1756483200000,108386.23,108832.0,107934.24,108212.01,2605.64538
1756497600000,108212.01,108549.99,107463.9,108377.4,3013.0964
1756512000000,108377.4,108436.21,107350.1,108436.2,3244.13736
1756526400000,108436.21,108697.28,108120.0,108524.26,3052.32523
1756540800000,108524.26,108777.43,108400.0,108680.01,1416.9539
1756555200000,108680.01,108926.15,108190.52,108869.98,1540.53972
1756569600000,108869.98,108900.0,108625.46,108828.33,677.58629
1756584000000,108828.32,108838.27,108468.77,108816.33,776.84909
1756598400000,108816.33,109480.02,108801.35,109223.84,1756.83146
1756612800000,109223.84,109231.41,108523.49,108708.26,1177.25929
1756627200000,108708.25,109100.0,108303.21,108389.76,1590.89462
1756641600000,108389.77,108858.43,108191.29,108818.69,2441.88905
1756656000000,108818.69,109237.51,108555.0,108930.0,1232.50315
1756670400000,108930.0,109230.0,108076.93,108246.35,1290.13839
1756684800000,108246.36,108482.98,107393.0,107660.01,3206.34097
1756699200000,107660.0,109432.99,107255.0,109432.99,2904.1728
1756713600000,109432.99,109912.4,108186.41,108782.88,3111.29125
1756728000000,108782.89,109520.0,108566.0,108784.33,2266.34513
1756742400000,108784.33,109329.65,108391.3,109217.64,1553.15049
1756756800000,109217.65,109442.95,107459.49,109237.42,3012.30155
1756771200000,109237.43,110623.97,108883.8,110322.18,3166.02008
1756785600000,110322.19,110610.5,110000.0,110233.92,1952.71608
1756800000000,110233.91,110711.1,109563.87,109733.34,2462.01591
1756814400000,109733.33,111771.52,108393.39,110829.17,6768.89317
1756828800000,110829.16,111119.58,110200.0,110806.0,2585.23037
1756843200000,110806.01,111538.17,110716.77,111240.01,1575.41195
1756857600000,111240.01,111782.21,110892.14,111054.01,2263.61693
1756872000000,111054.0,111151.99,110528.71,111099.88,1539.69973
1756886400000,111099.87,111708.0,110889.29,111437.77,1514.83708
1756900800000,111437.77,112500.0,111031.61,112222.74,3550.00487
1756915200000,112222.73,112575.27,111686.24,112193.74,1957.30873
1756929600000,112193.74,112250.0,111613.98,111705.71,948.2535
1756944000000,111705.72,112180.0,111136.0,111148.97,1484.75903
1756958400000,111148.97,111318.84,110279.68,110463.36,2293.72804
1756972800000,110463.36,111154.93,110415.72,110810.0,1251.00126
1756987200000,110810.0,111123.99,109329.12,109510.31,3057.95062
1757001600000,109510.32,110218.39,109363.26,109799.99,2124.63495
1757016000000,109800.0,111765.31,109755.59,110730.87,1991.06146
1757030400000,110730.87,111482.09,110435.75,111311.77,1665.5758
1757044800000,111311.78,112999.0,111144.51,112954.32,3481.17531
1757059200000,112954.32,112985.0,112131.02,112354.0,1956.82884
1757073600000,112354.0,113384.62,110286.91,110716.82,9805.88987
1757088000000,110716.82,111627.51,110206.96,111614.54,2167.09419
1757102400000,111614.54,111700.0,110375.6,110659.99,2510.84487
1757116800000,110660.0,111307.7,110552.56,111082.22,800.18218
1757131200000,111082.23,111082.23,110687.69,110825.6,687.98406
1757145600000,110825.59,110968.0,110675.58,110781.02,621.90211
1757160000000,110781.03,110999.83,110358.11,110384.15,886.00942
1757174400000,110384.16,110402.0,109977.0,110038.41,1391.66059
1757188800000,110038.42,110282.82,110034.44,110187.97,612.56061
1757203200000,110187.98,110733.12,110180.0,110629.15,948.63792
1757217600000,110629.15,110911.42,110463.1,110753.42,872.74711
1757232000000,110753.41,111377.19,110720.01,111292.13,1214.41306
1757246400000,111292.12,111412.0,111042.6,111329.99,837.52385
1757260800000,111329.99,111371.35,110861.2,111259.99,940.48526
1757275200000,111259.99,111600.0,111001.45,111137.34,867.49224
1757289600000,111137.35,111372.0,110621.78,111052.11,1701.47085
1757304000000,111052.11,111609.04,110899.69,111280.39,1330.12513
1757318400000,111280.4,112186.98,111252.9,112052.43,2723.68786
1757332800000,112052.43,112924.37,111877.64,112631.75,3018.22348
1757347200000,112631.74,112670.06,111978.67,112097.31,1681.81458
1757361600000,112097.31,112512.71,111896.0,112065.23,1127.08021
1757376000000,112065.23,112104.41,111111.0,111708.0,2091.77038
1757390400000,111708.01,113293.29,111624.12,112991.11,2906.5944
1757404800000,112991.11,113176.51,112403.91,112433.59,1848.92022
1757419200000,112433.59,112950.0,110766.66,110880.76,4662.13241
1757433600000,110880.76,111388.04,110788.0,111301.53,2121.49527
1757448000000,111301.53,111745.69,111090.07,111546.39,1748.3698
1757462400000,111546.38,111586.26,110917.45,111545.88,1667.04272
1757476800000,111545.88,112602.35,111372.42,112553.65,2477.2586
1757491200000,112553.65,112859.8,112097.2,112299.99,2579.59736
1757505600000,112300.0,114313.13,112299.99,113853.99,6630.72074
1757520000000,113853.99,114074.46,113155.03,113574.52,2628.46871
1757534400000,113574.53,114025.78,113528.01,113960.0,1534.3301
1757548800000,113960.0,114434.23,113669.82,114400.01,1596.62879
1757563200000,114400.01,114459.65,113957.2,114083.58,1954.14285
1757577600000,114083.58,114200.0,113776.0,113999.99,1512.60333
1757592000000,113999.99,114715.02,113430.0,114180.31,5143.69337
1757606400000,114180.32,114605.54,114102.0,114419.99,1437.71411
1757620800000,114420.0,115488.09,114246.04,115482.69,2031.94874
1757635200000,115482.69,116331.81,115045.45,115194.14,3703.00155
1757649600000,115194.14,115656.87,115086.7,115086.7,1630.41759
1757664000000,115086.7,115273.12,114888.01,114913.45,1958.78975
1757678400000,114913.45,115500.95,114740.99,115121.18,2042.13901
1757692800000,115121.18,116665.63,115030.3,116632.51,3863.84437
1757707200000,116632.51,116632.51,115752.68,116029.42,2125.91492
1757721600000,116029.41,116298.78,115576.26,115957.0,2254.31226
1757736000000,115957.0,115957.01,115657.81,115778.71,1062.2047
1757750400000,115778.72,116166.71,115767.33,115974.11,1228.90503
1757764800000,115974.11,116060.0,115603.98,115768.68,1373.33567
1757779200000,115768.68,115817.37,115127.27,115797.12,1589.96184
1757793600000,115797.12,115991.29,115797.11,115918.29,760.68444
1757808000000,115918.29,116109.0,115651.99,115679.98,879.64203
1757822400000,115679.99,115936.0,115449.59,115805.39,914.78349
1757836800000,115805.39,116165.19,115748.78,115794.91,840.40714
1757851200000,115794.92,115878.49,115141.8,115224.01,2036.51269
1757865600000,115224.01,115657.5,115193.9,115634.99,869.12927
1757880000000,115634.99,116087.35,115135.0,115268.01,1167.12735
1757894400000,115268.01,115594.9,114825.0,115445.45,1291.49944
1757908800000,115445.46,116757.99,115400.0,115806.62,2645.45158
1757923200000,115806.62,115806.62,114625.87,115070.0,3497.27876
1757937600000,115070.01,115099.0,114384.0,114842.9,2995.41636
1757952000000,114842.9,115570.0,114600.0,115307.78,1872.69025
1757966400000,115307.78,115605.07,115200.07,115349.71,910.1751
1757980800000,115349.71,115520.0,114945.01,115307.25,864.47636
1757995200000,115307.26,116009.62,114930.0,115840.0,1899.99942
1758009600000,115839.99,115981.17,115206.15,115287.83,1345.53241
1758024000000,115287.84,115905.89,114737.11,115905.88,2622.65829
1758038400000,115905.88,116870.76,115608.28,116800.12,2955.38019
1758052800000,116800.13,116964.27,116584.45,116788.96,1238.86273
1758067200000,116788.96,117077.16,116371.81,116372.04,1657.75299
1758081600000,116372.05,117286.73,116160.22,117162.48,2485.03317
1758096000000,117162.48,117189.86,116253.27,116258.13,1655.0881
1758110400000,116258.12,116516.93,115432.0,115875.32,2848.33061
1758124800000,115875.33,116333.33,114720.81,115652.02,5738.81221
1758139200000,115652.02,116990.68,115307.33,116447.59,2369.22832
1758153600000,116447.6,117896.0,116092.76,117581.66,3081.68078
1758168000000,117581.67,117750.0,116888.02,117086.01,1789.62789
1758182400000,117086.01,117413.04,117010.59,117063.4,1165.75229
1758196800000,117063.41,117843.83,116977.59,117583.56,2416.33194
1758211200000,117583.56,117900.0,117196.33,117450.21,1828.6235
1758225600000,117450.21,117657.17,116612.03,117073.53,1375.21725
1758240000000,117073.53,117459.99,116871.61,116977.58,1326.38784
1758254400000,116977.58,117100.0,116633.86,116909.97,1538.09106
1758268800000,116909.98,117090.36,116300.0,116394.72,1243.82831
1758283200000,116394.72,116529.08,115464.19,115884.03,2657.87565
1758297600000,115884.03,116136.0,115112.58,115125.12,1413.65495
1758312000000,115125.13,115657.28,115100.0,115632.38,812.25284
1758326400000,115632.39,115730.41,115408.47,115445.0,717.06298
1758340800000,115445.0,115985.2,115409.08,115968.56,759.46126
1758355200000,115968.56,115968.57,115664.11,115894.06,793.04586
1758369600000,115894.05,116121.81,115804.47,115986.69,836.91424
1758384000000,115986.7,116079.46,115698.08,115702.0,898.20806
1758398400000,115702.0,115944.7,115603.42,115685.63,670.23512
1758412800000,115685.63,115732.94,115441.83,115669.41,919.05922
1758427200000,115669.42,115815.98,115487.56,115815.97,806.9398
1758441600000,115815.98,115819.06,115329.03,115603.45,786.85295
1758456000000,115603.45,115747.23,115473.19,115531.61,671.3204
1758470400000,115531.62,115665.52,115209.02,115480.05,781.11646
1758484800000,115480.05,115545.43,115188.0,115232.29,546.23336
1758499200000,115232.29,115379.25,114150.0,114649.89,3078.59053
1758513600000,114649.89,114649.9,111800.0,112519.99,7290.80289
1758528000000,112520.0,112976.02,112173.52,112876.97,3052.23045
1758542400000,112876.97,113432.76,112380.0,112815.5,3313.50245
1758556800000,112815.5,112888.0,111936.4,112122.9,2731.51753
1758571200000,112122.9,112977.41,111975.28,112650.99,1315.06971
1758585600000,112650.99,112833.09,111478.0,112339.99,2398.09582
1758600000000,112339.99,113114.01,111876.15,113090.13,2504.81638
1758614400000,113090.13,113281.5,112683.33,112975.99,1814.57634
1758628800000,112975.99,113290.5,112496.61,112882.19,1948.83266
1758643200000,112882.2,112958.58,111540.2,111655.29,2394.18192
1758657600000,111655.29,112220.54,111458.73,111998.8,1240.81718
1758672000000,111998.8,112500.0,111683.09,111683.09,2848.03309
1758686400000,111683.1,112779.37,111042.66,112583.54,2905.68984
1758700800000,112583.54,113162.17,112405.62,113029.46,1567.72874
1758715200000,113029.45,113890.0,112808.0,113346.41,2535.05067
1758729600000,113346.4,113940.0,113163.21,113420.01,1318.69585
1758744000000,113420.0,113647.58,113204.71,113307.0,1194.06148
1758758400000,113307.01,113510.23,112214.74,112546.21,3049.61418
1758772800000,112546.22,112614.43,111450.42,111766.72,2930.2095
1758787200000,111766.73,112246.46,111283.63,111348.0,2287.76235
1758801600000,111347.99,111729.52,110629.99,111580.77,4734.75828
1758816000000,111580.77,111672.58,108631.51,109360.0,6129.42446
1758830400000,109360.0,109685.72,108765.0,108994.49,2099.3808
1758844800000,108994.49,109798.84,108809.24,109580.01,2323.19574
1758859200000,109580.0,109625.94,108913.0,109320.02,3055.89804
1758873600000,109320.02,109690.98,108620.07,109133.5,2675.46214
1758888000000,109133.5,109779.73,108764.76,109027.78,3241.9244
1758902400000,109027.79,110300.0,109027.78,109172.2,2093.42859
1758916800000,109172.21,109687.69,109087.57,109643.46,853.107
1758931200000,109643.46,109743.91,109324.42,109553.77,1041.65919
1758945600000,109553.77,109742.27,109332.02,109411.2,908.84116
1758960000000,109411.19,109477.69,109064.4,109310.21,1356.29029
1758974400000,109310.22,109477.59,109193.0,109402.24,1151.38343
1758988800000,109402.25,109440.0,109243.89,109424.2,590.81859
1759003200000,109424.21,109699.98,109362.72,109635.85,452.79377
1759017600000,109635.85,109787.75,109325.05,109436.0,822.14827
1759032000000,109436.0,109537.8,109260.0,109513.06,569.05076
1759046400000,109513.06,109585.39,109250.0,109369.02,862.93461
1759060800000,109369.02,110037.93,109189.99,110037.93,1349.20291
1759075200000,110037.92,110393.63,110008.54,110337.6,1215.77694
1759089600000,110337.61,112350.0,110294.78,112163.95,2723.21811
1759104000000,112163.96,112310.0,111588.07,111857.51,2297.47362
1759118400000,111857.51,111904.34,111560.65,111865.95,1831.36016
1759132800000,111865.96,112421.99,111865.95,112100.0,2126.24195
1759147200000,112100.0,114231.56,111901.26,113815.57,5064.79852
1759161600000,113815.57,114390.93,113449.74,114265.55,2716.40525
1759176000000,114265.56,114400.0,114020.0,114311.96,1504.84055
1759190400000,114311.97,114792.0,114040.35,114376.39,2494.38118
1759204800000,114376.39,114376.4,113585.0,113699.23,2326.82117
1759219200000,113699.24,113741.37,112656.27,113055.01,2869.29172
1759233600000,113055.0,113677.23,112866.11,113106.16,2840.28661
1759248000000,113106.15,114563.46,112800.0,114359.99,2535.88761
1759262400000,114359.99,114754.87,113765.42,114048.93,1977.48804
1759276800000,114048.94,114551.76,113966.67,114176.92,2042.57116
1759291200000,114176.93,114740.0,114151.0,114539.02,1996.43364
1759305600000,114539.02,116795.85,114484.43,116789.58,5217.93036
1759320000000,116789.57,117649.99,116363.38,117423.73,4518.346
1759334400000,117423.73,118199.0,116724.56,117439.53,3814.32316
1759348800000,117439.53,118649.1,117163.25,118594.99,2446.79084
1759363200000,118594.99,119456.92,118368.05,118733.99,4187.34775
1759377600000,118733.99,118930.29,118279.31,118489.76,1772.36438
1759392000000,118489.76,118926.49,118354.61,118765.73,1460.00845
1759406400000,118765.72,119910.79,118516.39,119910.78,5099.16626
1759420800000,119910.78,121022.07,119359.63,120836.49,4869.11141
1759435200000,120836.49,120914.0,120072.46,120529.35,2282.83678
1759449600000,120529.35,120550.9,119820.0,120225.89,2268.65523
1759464000000,120225.88,120324.53,119610.59,119640.21,2293.91523
1759478400000,119640.22,120515.89,119248.3,120334.5,3467.40526
1759492800000,120334.51,122366.0,119881.24,122258.05,4929.42106
1759507200000,122258.04,123894.99,121466.25,122660.99,9447.66952
1759521600000,122661.0,122734.92,121999.33,122232.0,1529.2617
1759536000000,122232.21,122325.6,121684.97,122243.99,1730.5772
1759550400000,122243.99,122800.0,122219.3,122324.08,1516.17531
1759564800000,122324.08,122539.83,121962.81,121973.26,1268.73633
1759579200000,121973.26,122509.52,121698.88,121791.31,1464.05666
1759593600000,121791.31,121964.95,121510.0,121959.25,1443.23464
1759608000000,121959.25,122410.0,121871.01,122391.0,785.38664
1759622400000,122390.99,124362.28,122136.0,123776.22,4212.02615
1759636800000,123776.23,125708.42,123734.0,124713.63,7342.549203
1759651200000,124713.63,124838.37,122520.24,123464.64,4455.30964
1759665600000,123464.64,123464.65,122675.0,122803.17,2233.09004
1759680000000,122803.17,123464.0,122301.63,122591.79,2386.1605
1759694400000,122591.8,123548.83,122473.62,123482.31,1413.96202
1759708800000,123482.32,124358.46,123084.0,123839.09,3025.28443
1759723200000,123839.09,124165.56,123280.49,123390.47,2210.62835
1759737600000,123390.47,124531.66,123390.46,124215.0,2768.21181
1759752000000,124215.0,125408.29,124178.0,125000.0,4567.6948
1759766400000,125000.0,126199.63,124800.0,125410.81,4722.172353
1759780800000,125410.8,125534.0,124511.15,124658.54,2200.63705
1759795200000,124658.54,125082.27,124101.26,124329.74,1773.60979
1759809600000,124329.74,124654.47,123567.6,123667.99,2455.2259
1759824000000,123668.0,124509.6,123322.9,124453.38,2444.73415
1759838400000,124453.37,125126.0,121172.89,121846.01,7360.01455
1759852800000,121846.01,122084.14,120574.94,121637.17,5726.896
1759867200000,121637.18,122292.62,121258.08,121332.95,1873.51346
1759881600000,121332.96,122229.66,121200.0,121374.75,2406.76826
1759896000000,121374.76,121910.24,121066.14,121597.06,2670.85944
1759910400000,121597.05,123200.0,121524.01,122884.14,3408.74044
1759924800000,122884.14,123350.0,121649.68,122189.72,3373.3683
1759939200000,122189.72,124197.25,122110.08,123450.0,3795.53021
1759953600000,123450.01,123737.0,122794.4,123306.0,1357.35135
1759968000000,123306.01,123348.32,121475.98,122038.01,2319.17839
1759982400000,122038.01,122264.0,121724.71,121906.1,1451.1479
1759996800000,121906.09,122833.02,121145.49,122737.57,2689.44106
1760011200000,122737.56,123762.94,120673.99,121147.14,6566.062
1760025600000,121147.15,121481.9,119651.47,120951.72,6174.05969
1760040000000,120951.72,121900.0,120838.0,121662.4,2359.47103
1760054400000,121662.41,121874.13,120900.0,121026.01,2094.68145
1760068800000,121026.0,121754.34,120855.41,120932.05,2566.54979
1760083200000,120932.05,121777.07,120916.44,121554.55,1553.83694
1760097600000,121554.55,122550.0,118500.0,119018.98,7767.59253
1760112000000,119018.99,119456.28,115952.47,116661.5,8454.54427
1760126400000,116661.5,117214.64,102000.0,112774.5,41734.73429
1760140800000,112774.49,113322.39,111019.43,112300.01,11533.52669
1760155200000,112300.0,112991.16,110090.29,110384.61,7142.76272
1760169600000,110384.6,112359.67,110162.23,112280.0,5929.13992
1760184000000,112280.01,112500.0,111793.2,111793.2,3681.24351
1760198400000,111793.21,112185.53,110865.82,111178.31,3138.91159
1760212800000,111178.3,111368.29,109561.59,110644.4,4022.93209
1760227200000,110644.4,111368.14,109565.06,110676.0,4785.58424
1760241600000,110676.0,112125.51,110617.1,111525.2,2731.29761
1760256000000,111525.19,112133.33,111139.87,111848.36,2810.82095
1760270400000,111848.35,113745.84,111177.75,113198.2,9020.41664
1760284800000,113198.2,114700.0,113198.2,114342.28,6635.34892
1760299200000,114342.28,115770.0,114217.75,114958.8,6271.83436
1760313600000,114958.81,115963.81,114619.45,114821.12,4123.60858
1760328000000,114821.13,115554.83,114398.24,115399.67,3437.01313
1760342400000,115399.66,115438.17,113616.5,114180.0,4560.86246
1760356800000,114180.0,115530.0,113800.01,114312.1,5538.12887
1760371200000,114312.09,115891.3,114215.79,115792.84,3368.92301
1760385600000,115792.84,115868.0,115005.44,115166.0,1528.70428
1760400000000,115166.0,115409.96,113279.76,113500.0,3456.84461
1760414400000,113500.0,113691.0,111355.01,111724.41,6286.29915
1760428800000,111724.41,112140.0,110012.24,111313.98,5281.83478
1760443200000,111313.98,112943.82,109866.0,112900.43,7186.98731
1760457600000,112900.44,113544.53,111692.31,112613.7,7436.01163
1760472000000,112613.69,113577.0,112230.46,113028.14,2222.35226
1760486400000,113028.13,113612.35,111825.93,112024.29,3526.54912
1760500800000,112024.3,112680.0,111746.76,112584.5,3442.20374
1760515200000,112584.49,113520.88,111693.26,111905.73,3699.08334
1760529600000,111905.72,112238.41,110400.0,110798.01,6590.50038
1760544000000,110798.01,111557.7,110164.0,111271.73,3317.74779
1760558400000,111271.73,111556.27,110500.0,110763.28,2410.40374
1760572800000,110763.28,111867.17,110361.0,111329.48,2715.42468
1760587200000,111329.48,111773.7,110553.19,110584.2,3097.1426
1760601600000,110584.21,111728.7,109635.15,111404.72,5282.11808
1760616000000,111404.73,111982.45,108361.69,108549.21,8252.81169
1760630400000,108549.21,109254.0,107577.57,108197.66,8255.26892
1760644800000,108197.67,108500.0,107427.0,108194.28,2254.40655
1760659200000,108194.27,109240.0,107934.4,109176.74,2417.89309
1760673600000,109176.74,109236.01,105542.09,105633.75,8020.07533
1760688000000,105633.75,106651.22,103528.23,105683.72,13908.33322
1760702400000,105683.71,106852.14,104533.21,106803.53,7847.34313
1760716800000,106803.52,107575.6,106071.42,106454.72,3916.46744
1760731200000,106457.24,107440.02,106342.47,106431.68,1810.55617
1760745600000,106431.68,107306.06,106322.2,107070.4,2668.3034
1760760000000,107070.41,107499.0,106439.38,106665.0,2976.33507
1760774400000,106665.01,107222.0,106605.93,107208.6,2336.72819
1760788800000,107208.61,107300.0,106739.33,106948.75,1425.61863
1760803200000,106948.75,107091.87,106484.0,107080.14,911.25891
1760817600000,107080.14,107339.03,106851.84,107185.01,804.94346
1760832000000,107185.0,107367.16,106734.17,107275.78,1058.1121
1760846400000,107275.79,107290.0,106558.61,106786.0,1247.19589
1760860800000,106786.0,108260.5,106103.36,107783.47,5059.55867
1760875200000,107783.47,108621.68,107355.02,108486.7,3636.47308
1760889600000,108486.71,109450.07,108240.0,108908.43,2430.56297
1760904000000,108908.43,109370.99,108471.1,108642.78,2048.76152
1760918400000,108642.77,110427.86,107402.52,110145.44,3683.55508
1760932800000,110145.45,111445.67,109951.96,111169.92,3967.97672
1760947200000,111169.91,111679.25,110608.27,111016.75,3452.86704
1760961600000,111016.75,111705.56,110588.23,111144.55,3006.20504
1760976000000,111144.55,111303.05,109855.83,110803.22,3716.65669
1760990400000,110803.22,111272.0,110418.25,110532.09,1366.18103
1761004800000,110532.09,110532.09,109052.09,109059.22,2405.81342
1761019200000,109059.23,109059.23,107473.72,108086.37,4930.3268
1761033600000,108086.38,108811.47,107484.22,108580.01,2989.72657
1761048000000,108580.0,113557.62,107922.06,113422.61,10002.10737
1761062400000,113422.6,114000.0,111324.29,111780.39,10731.47816
1761076800000,111780.4,111801.41,108045.81,108297.67,6168.56427
1761091200000,108297.66,108678.21,107841.2,108216.02,4851.56459
1761105600000,108216.03,108638.99,107610.0,108321.63,3883.15964
1761120000000,108321.64,108358.76,106708.18,107555.05,4012.65986
1761134400000,107555.04,109163.88,107443.01,108416.5,7925.67327
1761148800000,108416.5,108796.42,107463.29,107870.35,4008.05438
1761163200000,107870.35,108069.93,106666.69,107567.44,3929.67277
1761177600000,107567.45,108720.39,107500.0,108377.96,2373.50317
1761192000000,108377.96,110298.29,108350.36,109269.9,3314.78585
1761206400000,109269.9,109903.83,109100.4,109253.89,2204.01103
1761220800000,109253.88,110109.99,108685.72,109908.28,4284.59025
1761235200000,109908.29,111293.61,109647.34,110200.0,3640.32069
1761249600000,110200.01,110200.01,109341.28,110078.18,1755.88195
1761264000000,110078.19,110829.67,109983.93,110441.46,1538.88446
1761278400000,110441.46,111522.3,110332.0,111054.61,2705.19443
1761292800000,111054.61,111482.99,110600.0,111066.29,1981.64658
1761307200000,111066.29,112104.98,109700.01,110046.91,5533.12257
1761321600000,110046.92,110945.39,109797.13,110615.07,1470.06782
1761336000000,110615.07,111138.62,110478.0,111004.89,1776.25327
1761350400000,111004.9,111226.67,110672.86,111029.99,829.34913
1761364800000,111029.99,111820.87,111029.99,111489.6,1417.09029
1761379200000,111489.59,111850.13,111375.81,111563.81,1378.18654
1761393600000,111563.81,111943.19,111311.19,111385.18,1254.08497
1761408000000,111385.18,111731.78,111164.39,111623.45,963.51944
1761422400000,111623.46,111683.64,111342.25,111646.27,565.73827
1761436800000,111646.27,111899.56,111260.45,111260.46,1026.78183
1761451200000,111260.46,111724.96,111260.46,111723.98,665.50994
1761465600000,111723.98,113466.23,111708.63,113286.09,2987.57218
1761480000000,113286.09,114000.0,113279.85,113694.97,3506.31151
1761494400000,113694.97,113793.93,113290.62,113585.99,1360.11589
1761508800000,113585.98,115466.8,112901.0,114559.4,3908.18602
1761523200000,114559.41,115445.39,114362.26,114958.51,3281.65267
1761537600000,114958.52,116400.0,114938.01,115554.6,5478.9455
1761552000000,115554.59,115607.48,114814.69,115362.02,3701.92326
1761566400000,115362.02,115437.48,114503.99,114969.68,4493.43933
1761580800000,114969.68,115790.0,114790.81,114942.64,2258.20754
1761595200000,114942.64,114942.64,113830.01,114107.65,2236.06411
1761609600000,114107.65,114547.2,113569.91,113908.24,2184.14279
1761624000000,113908.25,114364.99,113483.3,114188.37,2190.6787
1761638400000,114188.38,114673.68,114113.3,114357.73,1236.93368
1761652800000,114357.72,116086.0,114138.06,114641.38,4008.51256
1761667200000,114641.38,115591.41,113566.44,113689.99,2719.79536
1761681600000,113689.0,113703.32,112211.0,112898.45,3183.35948
1761696000000,112898.44,112975.75,112100.0,112523.49,2076.22141
1761710400000,112523.49,113577.9,112505.58,113577.9,2036.63326
1761724800000,113577.9,113624.12,112732.91,113132.36,1970.99326
1761739200000,113132.35,113643.73,111401.5,111509.74,4606.39611
1761753600000,111509.74,112030.23,109200.0,110640.0,7741.83881
1761768000000,110640.0,111800.0,109733.22,110021.29,2647.63091
1761782400000,110021.3,111011.99,109703.43,110751.47,2342.18582
1761796800000,110751.48,111592.0,107925.06,111366.72,6581.76635
1761811200000,111366.72,111467.01,109692.3,109717.29,2970.54213
1761825600000,109717.19,109777.93,107328.0,107711.56,6544.11088
1761840000000,107711.56,108214.85,106304.34,106536.39,4367.26208
1761854400000,106536.39,108334.53,106316.17,108322.88,3182.96112
1761868800000,108322.87,110042.16,108275.28,109227.86,4174.2813
1761883200000,109227.87,110215.0,109114.88,109449.31,3598.46922
1761897600000,109449.32,110550.0,109214.13,110415.61,2439.82294
1761912000000,110415.62,111190.0,109366.91,110202.9,6113.3169
1761926400000,110202.9,110300.0,108635.0,109828.78,3864.41061
1761940800000,109828.78,109828.79,109329.15,109608.01,1327.90342
1761955200000,109608.01,110315.54,109394.81,110226.37,1329.53082
1761969600000,110226.38,110564.49,109933.86,110071.4,1273.91172
1761984000000,110071.4,110270.9,109854.72,110137.59,1127.98746
1761998400000,110137.59,110348.0,109702.66,110310.65,1527.00509
1762012800000,110310.65,110529.99,110192.0,110299.99,1247.33562
1762027200000,110300.0,110516.17,109858.44,110098.1,872.7336
1762041600000,110098.1,110263.91,109879.39,110053.23,856.27323
1762056000000,110053.22,111045.09,110030.06,110895.53,4429.20302
1762070400000,110895.53,111229.78,110346.15,111196.99,2428.29839
1762084800000,111196.99,111250.01,110096.32,110117.48,1689.37947
1762099200000,110117.49,110331.0,109735.59,110180.84,1185.47603
1762113600000,110180.85,110742.26,109471.34,110540.68,1518.37073
1762128000000,110540.69,110750.0,107907.44,107937.45,3966.5295
1762142400000,107937.45,108075.0,107006.05,107468.23,3863.52296
1762156800000,107468.23,107920.92,106726.63,107787.42,3470.56341
1762171200000,107787.42,108333.0,105511.0,105745.71,6164.15776
1762185600000,105745.71,107783.2,105306.56,107090.0,7788.41484
1762200000000,107090.0,107169.68,105755.59,106583.04,3427.99932
1762214400000,106583.05,107298.74,105852.37,107158.79,4088.97853
1762228800000,107158.79,107299.0,104200.0,104490.72,8029.86674
1762243200000,104490.73,104699.07,103605.0,104584.76,5321.10046
1762257600000,104584.75,104842.63,102915.05,103197.01,7422.89891
1762272000000,103197.02,103500.05,100010.73,100542.64,13452.93585
1762286400000,100542.64,101893.09,98944.36,101497.22,12219.09327
1762300800000,101497.23,102272.23,98966.8,102130.0,11012.84461
1762315200000,102130.0,102370.0,101500.0,101993.02,4661.84078
1762329600000,101993.03,102203.48,101176.47,102070.61,3577.50149
1762344000000,102070.62,103798.37,101916.77,103728.3,6345.91865
1762358400000,103728.3,104529.41,103057.56,104008.09,5492.77185
1762372800000,104008.09,104534.74,103305.05,103885.16,2687.89833
1762387200000,103885.16,103933.33,102716.26,103636.03,3781.79437
1762401600000,103636.92,104200.0,102910.66,103185.48,2970.86552
1762416000000,103184.75,103440.0,102651.63,103227.58,2657.25315
1762430400000,103227.59,103626.46,101630.0,102014.48,6680.54627
1762444800000,102014.49,102393.51,100300.95,101388.81,6059.2639
1762459200000,101388.82,101643.28,100541.17,101346.04,3664.89818
1762473600000,101346.04,102500.0,100749.94,101916.29,3965.61372
1762488000000,101916.3,102527.0,101582.92,102010.0,3062.61099
1762502400000,102009.99,102050.0,99803.58,100411.89,6600.41114
1762516800000,100411.89,101253.99,99260.86,100797.95,8633.01674
1762531200000,100797.95,103395.25,100517.06,103395.25,6836.56812
1762545600000,103395.92,104096.36,102958.0,103339.08,2961.28871
1762560000000,103339.09,103406.22,102539.49,102592.76,2401.80651
1762574400000,102592.76,102836.0,101902.64,102352.96,2041.96251
1762588800000,102352.96,102687.72,101715.76,101857.1,1838.21057
1762603200000,101857.1,102186.99,101454.0,101711.45,3063.13156
1762617600000,101711.46,102219.39,101522.08,101989.65,2120.40711
1762632000000,101989.65,102482.2,101957.94,102312.94,925.26159
1762646400000,102312.95,102337.89,101400.0,101662.05,2156.33613
1762660800000,101662.05,102130.61,101635.96,101944.59,1101.66332
1762675200000,101944.6,102307.68,101500.0,102239.41,1825.56978
1762689600000,102239.41,104168.0,102050.64,103762.17,4687.64884
1762704000000,103762.18,104805.57,103316.23,104805.57,2824.51417
1762718400000,104805.57,105495.62,104058.59,104722.96,3743.23872
1762732800000,104722.95,106670.11,104265.02,106027.97,6501.34292
1762747200000,106027.97,106539.4,105846.26,106461.45,2684.13909
1762761600000,106461.46,106599.47,105836.0,106176.5,2356.44228
1762776000000,106176.5,106589.89,104667.0,105079.99,5720.78074
1762790400000,105079.99,106094.31,104784.36,105817.99,2756.40939
1762804800000,105818.0,106299.22,105280.0,106011.13,2663.14231
1762819200000,106011.13,107500.0,105500.0,106456.0,4935.02762
1762833600000,106456.0,106546.0,104741.2,104783.98,3316.23424
1762848000000,104783.99,105497.99,104762.23,105311.9,1804.62899
1762862400000,105311.9,105500.0,103170.33,103455.99,8851.069
1762876800000,103455.99,103730.0,102840.22,103126.39,2547.95909
1762891200000,103126.39,103224.29,102476.09,103058.99,2741.58824
1762905600000,103059.0,103440.96,102687.72,103310.0,2672.05561
1762920000000,103310.0,103654.38,103011.0,103112.66,2165.62446
1762934400000,103112.65,105200.0,103112.24,105020.83,3543.70691
1762948800000,105020.82,105333.33,101961.97,102173.51,5192.00313
1762963200000,102173.51,102285.18,100813.59,101297.31,4869.26591
1762977600000,101297.31,101999.35,101141.03,101654.37,2014.98304
1762992000000,101654.37,102604.0,100922.55,102130.21,3586.47221
1763006400000,102130.21,104085.01,101665.59,103475.66,4325.82278
1763020800000,103475.66,103811.49,102553.63,102936.5,3138.63943
1763035200000,102936.49,103483.83,101184.14,101382.64,6264.43277
1763049600000,101382.63,101540.93,98147.4,98682.14,12921.08077
1763064000000,98682.13,100501.31,98000.4,99692.02,5962.05975
1763078400000,99692.03,99866.02,98700.0,99139.38,5839.81569
1763092800000,99139.38,99178.58,95933.75,97151.98,11116.73192
1763107200000,97151.97,97553.7,95711.0,96167.44,5255.60132
1763121600000,96167.45,97322.35,94560.48,96796.14,14312.72078
1763136000000,96796.14,97411.11,94800.55,95778.29,5605.64502
1763150400000,95778.3,95940.0,94012.45,94594.0,5157.63008
1763164800000,94594.0,96846.68,94558.49,96417.12,4376.79077
1763179200000,96417.12,96570.65,95921.21,96333.86,2543.94362
1763193600000,96333.87,96350.52,95630.0,95696.87,2336.22638
1763208000000,95696.86,96471.22,95565.17,96260.0,1987.28578
1763222400000,96259.99,96419.65,95731.32,96012.01,1880.65231
1763236800000,96012.01,96012.01,95119.94,95596.24,1985.99505
1763251200000,95596.23,95979.79,94841.62,95825.02,1896.67006
1763265600000,95825.02,96192.0,95650.72,96099.99,1279.33932
1763280000000,96099.98,96635.11,95500.0,95627.13,2585.38054
1763294400000,95627.13,95900.0,94368.24,94573.46,2546.31874
1763308800000,94573.46,95567.79,93770.48,94020.0,9045.25375
1763323200000,94020.49,94739.74,93005.55,94261.44,6536.44269
1763337600000,94261.45,95559.99,93767.27,95496.77,4124.53725
1763352000000,95496.77,95880.0,94849.37,95653.77,3839.84656
1763366400000,95653.78,96026.71,95309.68,95565.38,3415.65942
1763380800000,95565.38,96043.0,93571.3,93959.67,8085.63652
1763395200000,93959.68,94419.88,91588.0,91678.93,11700.57582
1763409600000,91678.93,92399.48,91220.0,92215.14,8052.34249
1763424000000,92215.14,92357.51,89700.0,90842.72,10647.23561
1763438400000,90842.72,90851.66,89253.78,90512.1,9028.06735
1763452800000,90512.1,91617.17,90509.79,91517.82,5777.46408
1763467200000,91517.83,93049.91,90905.7,92910.1,7097.51563
1763481600000,92910.1,93836.01,92579.23,93195.61,4917.36921
1763496000000,93195.61,93423.74,92462.72,92960.83,2367.49581
1763510400000,92960.83,92980.22,91660.49,91874.52,3065.15376
1763524800000,91874.51,92028.92,90025.06,91863.64,5635.23952
1763539200000,91863.64,91950.0,91072.41,91410.22,2540.86239
1763553600000,91410.23,92384.61,89880.0,89951.7,6014.09197
1763568000000,89951.7,90232.56,88630.71,88884.56,8787.19485
1763582400000,88884.56,91594.0,88608.0,91554.96,6244.09511
1763596800000,91554.96,92798.14,91185.26,92440.32,3929.05974
1763611200000,92440.33,93160.0,91687.07,92320.18,3791.89
1763625600000,92320.18,92400.94,91440.55,91934.0,3200.83736
1763640000000,91934.01,92541.92,89835.34,89869.88,6162.85424
1763654400000,89869.88,89911.73,86100.0,86921.28,17595.68288
1763668800000,86921.27,88250.0,86325.23,86637.23,5052.86651
1763683200000,86637.22,87498.94,85360.0,85821.34,6428.51913
1763697600000,85821.35,86459.53,82000.0,84049.39,14205.49105
1763712000000,84049.38,84709.89,81648.0,82309.66,16184.92659
1763726400000,82309.67,85496.0,80600.0,82932.47,23041.35364
1763740800000,82932.46,85572.82,82333.0,84209.3,8107.54282
1763755200000,84209.3,85416.66,83464.96,85129.43,4288.29356
1763769600000,85129.42,85620.0,84212.39,84440.47,2923.21557
1763784000000,84440.48,84799.54,83832.91,84580.06,2218.31844
1763798400000,84580.06,84586.62,83500.0,84098.94,3342.45829
1763812800000,84098.94,84755.83,83620.16,84284.01,2668.44444
1763827200000,84284.01,84899.0,84219.62,84609.76,1351.08151
1763841600000,84609.77,85260.0,84237.7,84739.74,1690.41438
1763856000000,84739.75,86349.84,84667.57,86308.54,4004.15131
1763870400000,86308.54,86860.0,85420.0,85782.19,2913.01357
1763884800000,85782.18,86465.24,85768.22,86331.28,2087.40357
1763899200000,86331.28,87244.51,86271.1,87087.44,3471.36676
1763913600000,87087.44,87689.47,86502.47,87325.01,3711.9574
1763928000000,87325.01,88127.64,86701.54,86830.0,3546.57157
1763942400000,86830.0,88059.44,85946.65,87460.02,4318.16094
1763956800000,87460.03,87837.57,86450.0,87050.39,3276.3396
1763971200000,87050.39,87050.39,85696.56,86264.72,3484.50939
1763985600000,86264.71,86741.5,85272.0,86616.44,4635.50962
1764000000000,86616.44,88834.62,86616.43,88327.29,6003.91247
1764014400000,88327.29,89228.0,88252.5,88300.01,2944.69593
1764028800000,88300.01,88300.01,87457.53,87822.12,2506.39849
1764043200000,87822.12,88519.99,87300.0,87384.81,3032.60485
1764057600000,87384.81,87606.57,86666.0,87361.71,3402.11161
1764072000000,87361.71,87792.2,86116.0,86988.94,4897.6285
1764086400000,86988.93,88155.65,86182.49,86882.85,3228.35208
1764100800000,86882.84,87889.38,86565.48,87369.96,2499.94557
1764115200000,87369.97,88224.0,87069.97,87119.92,2235.2732
1764129600000,87119.93,87970.0,86909.99,87935.05,1828.65169
1764144000000,87935.05,87941.58,86670.36,87095.79,2199.53135
1764158400000,87095.78,87693.21,86306.77,86978.0,4198.26229
1764172800000,86977.99,90418.39,86956.61,89957.36,7510.43418
1764187200000,89957.37,90656.08,89508.85,90484.02,3703.66968
1764201600000,90484.01,91950.0,90089.91,91091.68,5743.81731
1764216000000,91091.68,91554.49,90889.11,91408.34,2443.78349
1764230400000,91408.34,91940.18,91221.17,91371.88,2353.99141
1764244800000,91371.87,91457.36,90438.43,90958.3,2921.51001
1764259200000,90958.29,91843.59,90850.77,91528.21,2279.61546
1764273600000,91528.22,91600.0,91114.52,91333.95,1090.79164
1764288000000,91333.94,91417.99,90652.55,91208.85,1930.05393
1764302400000,91208.85,91707.79,90867.43,90910.87,1873.92377
1764316800000,90910.87,92030.0,90907.98,91437.64,3175.31997
1764331200000,91437.64,93092.0,91380.94,92362.49,5046.613
1764345600000,92362.5,92376.0,90180.63,91157.44,5779.19663
1764360000000,91157.44,91247.16,90705.57,90890.7,1025.75282
1764374400000,90890.71,91119.99,90546.36,90680.26,940.81817
1764388800000,90680.26,90931.56,90311.92,90567.67,1229.54953
1764403200000,90567.66,90738.17,90376.37,90673.19,957.44805
1764417600000,90673.2,91110.36,90530.93,91063.5,1148.02698
1764432000000,91063.5,91165.65,90155.47,90640.78,2192.51887
1764446400000,90640.77,91051.87,90400.21,90802.44,961.52131
1764460800000,90802.44,91055.5,90471.0,90909.35,1115.17062
1764475200000,90909.35,91037.72,90670.4,90968.16,549.91781
1764489600000,90968.16,91632.0,90927.16,91048.78,2515.69204
1764504000000,91048.79,92000.01,91009.0,91435.31,2629.14986
1764518400000,91435.31,91850.0,91159.42,91460.79,1049.01646
1764532800000,91460.79,91626.75,90336.9,90360.0,1828.79496
1764547200000,90360.01,90417.0,86161.61,86346.13,10249.65966
1764561600000,86346.13,86578.06,85604.0,86550.3,4937.16707
1764576000000,86550.3,86938.01,86131.01,86149.15,3005.76787
1764590400000,86146.59,86674.0,83822.76,84677.87,8124.37241
1764604800000,84677.87,85555.0,84030.95,85024.5,4598.10295
1764619200000,85024.5,86860.0,85007.69,86286.01,3593.94231
1764633600000,86286.01,87350.0,86184.39,86976.99,3245.81604
1764648000000,86977.0,87288.48,86818.14,87012.65,1733.23534
1764662400000,87012.64,87628.78,86296.21,87368.92,3361.03567
1764676800000,87368.92,91200.0,87032.75,90850.01,9300.50019
1764691200000,90850.01,92307.65,90201.0,91903.39,6152.68006
1764705600000,91903.38,92000.0,90720.87,91277.88,4416.96002
1764720000000,91277.88,93087.09,90990.23,92628.91,4425.07634
1764734400000,92628.91,93958.58,92625.0,92999.99,4546.45939
1764748800000,93000.0,93389.62,92666.0,93005.68,2770.10259
1764763200000,93005.68,93700.0,91697.0,92373.3,6523.23972
1764777600000,92373.3,93500.0,91786.99,93024.99,3624.68485
1764792000000,93025.0,94150.0,92825.56,93429.95,3822.96296
1764806400000,93429.95,94080.0,92669.82,93543.04,3844.7002
1764820800000,93543.03,93588.48,92775.0,93397.67,3070.50786
1764835200000,93397.67,93621.31,92736.9,92948.31,1917.02375
1764849600000,92948.32,93257.0,91801.0,92971.49,4296.15789
1764864000000,92971.49,93174.55,90889.0,91975.44,4860.7112
1764878400000,91975.43,92718.53,91688.92,92078.06,1814.83969
1764892800000,92078.06,92692.36,91959.92,92142.75,1751.29187
1764907200000,92142.75,92497.51,91813.37,92258.65,1387.19156
1764921600000,92258.64,92258.65,90956.25,91351.43,2431.69816
1764936000000,91351.44,91478.67,89874.7,90459.35,5344.16253
1764950400000,90459.34,90498.59,88056.0,89629.26,6507.53794
1764964800000,89629.27,89745.37,88901.6,89330.04,2371.09012
1764979200000,89330.04,89806.43,89030.67,89688.35,1531.03301
1764993600000,89688.35,89764.19,89459.19,89597.13,769.5235
1765008000000,89597.14,89750.01,89217.59,89631.28,1504.70502
1765022400000,89631.29,90289.97,89490.98,89758.77,2052.08066
1765036800000,89758.77,89981.2,89077.6,89405.64,1483.59614
1765051200000,89405.65,89615.34,88908.01,89236.79,1068.56183
1765065600000,89236.8,89749.59,89176.52,89722.37,712.48717
1765080000000,89722.37,89799.96,89200.0,89379.72,739.06202
1765094400000,89379.73,89538.7,89050.01,89149.18,786.60016
1765108800000,89149.18,89707.54,87719.28,89554.52,3916.92116
1765123200000,89554.52,91760.0,89115.85,91425.52,3838.31073
1765137600000,91425.51,91510.4,88995.33,90395.31,3027.73061
1765152000000,90395.32,91700.0,89860.0,91068.29,2453.60415
1765166400000,91068.3,91868.76,91023.06,91565.46,1592.48822
1765180800000,91565.46,92287.15,91486.46,91968.29,1953.05465
1765195200000,91968.29,92122.08,89612.0,89961.37,5223.15445
1765209600000,89961.36,90527.3,89679.79,90124.48,2589.84253
1765224000000,90124.49,91374.0,90124.49,90634.34,1981.49487
1765238400000,90634.35,90846.26,89795.84,90405.01,2355.41188
1765252800000,90405.02,90528.67,89500.0,90496.8,1867.61874
1765267200000,90496.8,90600.0,89912.48,90384.55,1562.48442
1765281600000,90384.54,92876.92,90004.73,92707.51,4917.67396
1765296000000,92707.5,94588.99,92693.5,93800.83,7304.45224
1765310400000,93800.83,93857.47,92254.92,92678.8,3232.7889
1765324800000,92678.81,92786.35,91976.0,92410.62,1996.9993
1765339200000,92410.62,92782.92,92386.83,92782.91,1363.84988
1765353600000,92782.91,93291.5,91763.69,92120.45,2623.05995
1765368000000,92120.45,92226.0,91563.15,92063.69,2523.14963
1765382400000,92063.69,93243.59,91684.39,92957.67,5420.4848
1765396800000,92957.67,94476.0,91878.0,92015.37,5071.13727
1765411200000,92015.38,92080.32,89389.63,89880.01,4081.1469
1765425600000,89880.0,90480.14,89694.81,90272.75,2245.33099
1765440000000,90272.76,90504.19,89971.11,90242.35,1503.95888
1765454400000,90242.36,90653.33,89260.63,89872.51,3541.05902
1765468800000,89872.51,91538.26,89333.0,90839.81,3643.99089
1765483200000,90839.81,93555.0,90797.76,92513.38,4957.1009
1765497600000,92513.38,92754.0,91448.31,92283.4,2164.71329
1765512000000,92283.4,92720.0,92078.91,92425.34,1494.20203
1765526400000,92425.33,92650.01,92044.8,92418.19,1624.00539
1765540800000,92418.19,92660.74,89780.0,89935.14,5560.13281
1765555200000,89935.13,90666.0,89480.0,90198.22,4659.32825
1765569600000,90198.23,90404.13,89898.61,90268.42,1176.80992
1765584000000,90268.43,90469.71,90120.0,90345.54,648.76329
1765598400000,90345.55,90410.5,90268.91,90329.97,451.53525
1765612800000,90329.98,90634.55,90290.0,90330.36,1525.87319
1765627200000,90330.36,90470.3,89932.99,90092.16,1906.98893
1765641600000,90092.17,90268.13,89981.0,90178.16,675.23738
1765656000000,90178.17,90280.76,89766.39,90240.01,687.30984
1765670400000,90240.0,90472.4,90117.05,90258.98,710.94131
1765684800000,90258.99,90329.24,90050.74,90245.6,689.83584
1765699200000,90245.6,90280.01,88687.27,89360.0,2036.12797
1765713600000,89360.01,89666.0,88882.66,89022.91,1729.70637
1765728000000,89022.92,89398.71,88497.02,88644.88,1685.20822
1765742400000,88644.88,88827.71,87577.36,88172.17,2565.12033
1765756800000,88172.16,90052.64,88074.37,89282.6,2699.66065
1765771200000,89282.6,89918.48,89272.88,89753.42,1316.93789
1765785600000,89753.43,89986.68,89572.05,89641.28,1524.38986
1765800000000,89641.28,89876.42,86621.91,87033.22,5888.02922
1765814400000,87033.21,87220.0,85146.64,86149.96,5789.22914
1765828800000,86149.96,86472.7,85530.01,86432.08,2560.44514
1765843200000,86432.08,86535.22,85386.0,85875.92,2272.8575
1765857600000,85875.91,86615.38,85266.0,86021.51,2433.06768
1765872000000,86021.51,87330.0,85930.97,87261.45,2417.24589
1765886400000,87261.46,88175.98,86107.43,87977.43,6730.13202
1765900800000,87977.44,88050.17,87061.23,87585.77,3497.7582
1765915200000,87585.76,87931.48,87343.75,87863.42,1104.98888
1765929600000,87863.43,87950.0,87150.01,87213.59,1179.65134
1765944000000,87213.6,87398.54,86209.11,87045.59,2094.81095
1765958400000,87045.59,87137.42,86238.91,86983.26,1681.2327
1765972800000,86983.26,90365.85,86817.27,87233.44,8132.27731
1765987200000,87233.44,87769.23,85314.0,86018.53,5045.61646
1766001600000,86018.53,86431.14,85644.09,86243.22,1700.52853
1766016000000,86243.23,86863.75,85863.93,86618.34,1716.00096
1766030400000,86618.35,86901.4,86384.61,86833.84,1551.20199
1766044800000,86833.83,87453.63,86685.14,87300.74,1894.81711
1766059200000,87300.5,89477.61,87109.76,88513.44,7315.08784
1766073600000,88513.43,88533.61,84481.31,84483.79,9332.10895
1766088000000,84483.8,85835.9,84450.01,85516.41,3596.20078
1766102400000,85516.41,87568.99,85110.24,86891.39,3311.66901
1766116800000,86891.39,88449.06,86647.51,87953.4,3713.59538
1766131200000,87953.39,88385.06,87742.6,88198.7,1797.82182
1766145600000,88198.7,89399.97,87514.59,87951.87,5988.71834
1766160000000,87951.86,88882.55,86846.16,87845.92,4584.61046
1766174400000,87845.92,88426.85,87614.79,88136.94,1860.23503
1766188800000,88136.95,88339.27,87961.6,88214.98,984.44715
1766203200000,88214.98,88573.07,88123.07,88275.41,797.87192
1766217600000,88275.41,88428.0,88107.35,88277.66,821.72303
1766232000000,88277.66,88343.73,87795.76,88178.71,1315.67537
1766246400000,88178.72,88418.73,88103.54,88232.92,574.10491
1766260800000,88232.92,88443.44,88154.06,88360.9,629.30956
1766275200000,88360.91,88433.64,87869.35,88070.64,991.41687
1766289600000,88070.64,88201.59,88050.0,88174.79,455.57319
1766304000000,88174.79,89081.77,88141.87,88601.57,1439.81605
1766318400000,88601.57,88920.01,87600.04,88067.95,2206.50881
1766332800000,88067.96,88600.0,87950.0,88484.01,1240.46771
1766347200000,88484.01,88823.52,88091.96,88658.86,799.08995
1766361600000,88658.87,89627.24,87900.0,88774.12,2619.97992
1766376000000,88774.13,89200.0,88712.11,89170.1,1290.70342
1766390400000,89170.1,90118.0,89093.44,89945.43,2622.90199
1766404800000,89945.43,90588.23,89196.42,89726.92,3942.72215
1766419200000,89726.93,90127.0,87965.76,88052.43,2609.5493
1766433600000,88052.42,88833.33,87911.79,88620.79,1587.36292
1766448000000,88620.79,88940.0,87800.0,88170.0,1505.70483
1766462400000,88170.0,88368.1,87051.52,87574.79,1996.43062
1766476800000,87574.78,87890.0,87297.69,87856.65,1432.37853
1766491200000,87856.66,87963.03,86601.9,87443.45,3407.99312
1766505600000,87443.45,88275.4,87162.39,87752.87,3220.82979
1766520000000,87752.88,88372.35,87180.0,87486.0,2346.99215
1766534400000,87486.0,87839.66,86863.88,87336.23,1598.88886
1766548800000,87336.23,87458.54,86796.65,86911.53,1349.63742
1766563200000,86911.53,87359.59,86724.05,87203.94,1188.37005
1766577600000,87203.94,87478.59,86420.0,87049.99,2300.52897
1766592000000,87050.0,87670.0,86917.25,87566.06,1746.44928
1766606400000,87566.07,88049.89,87516.77,87669.45,956.96862
1766620800000,87669.44,87967.5,87508.52,87840.42,652.86225
1766635200000,87840.42,87862.2,87661.17,87837.59,568.68423
1766649600000,87837.59,87888.0,87251.6,87519.44,1203.75216
1766664000000,87519.45,88592.74,87398.78,88371.27,1933.47252
1766678400000,88371.27,88478.0,87993.21,88151.18,1039.54656
1766692800000,88151.19,88167.65,86934.72,87225.27,1698.26463
1766707200000,87225.27,89440.0,86891.7,88844.87,4964.62578
1766721600000,88844.88,89567.75,88347.45,88470.75,3154.47608
1766736000000,88470.75,88918.59,88414.81,88533.42,1250.32549
1766750400000,88533.43,89050.0,86655.08,87137.81,5932.37434
1766764800000,87137.81,87580.29,86818.18,87501.83,1940.76351
1766779200000,87501.83,87792.7,87321.4,87369.56,1102.04985
1766793600000,87369.56,87532.0,87253.05,87514.22,675.35016
1766808000000,87514.23,87702.0,87417.93,87539.26,515.35353
1766822400000,87539.26,87677.0,87370.73,87475.98,1077.75463
1766836800000,87475.99,87589.99,87308.05,87551.25,749.39054
1766851200000,87551.26,87591.0,87442.08,87569.39,566.59122
1766865600000,87569.39,87984.0,87499.99,87877.01,885.11148
1766880000000,87877.0,87961.37,87705.97,87740.01,672.08653
1766894400000,87740.0,87837.99,87614.79,87730.85,442.23022
1766908800000,87730.86,88010.0,87720.0,87883.25,760.04376
1766923200000,87883.25,88088.75,87794.86,87836.27,821.25662
1766937600000,87836.27,87931.59,87500.26,87520.75,881.83702
1766952000000,87520.75,88049.53,87435.0,87952.71,868.8387
1766966400000,87952.71,90169.06,87813.17,90123.55,4759.05691
1766980800000,90123.55,90406.08,89507.03,89617.71,3502.98691
1766995200000,89617.71,89825.01,87567.65,87567.66,4608.77018
1767009600000,87567.65,88190.71,86806.5,87691.62,4178.35066
1767024000000,87691.62,87996.22,87312.34,87366.23,1457.68333
1767038400000,87366.23,87597.59,87071.49,87237.13,1388.13776
1767052800000,87237.13,87423.65,86845.66,87379.0,1520.57005
1767067200000,87378.99,87600.0,87157.07,87502.85,1077.59137
1767081600000,87502.85,88224.76,87502.84,87903.89,2468.25039
1767096000000,87903.89,89159.52,87834.01,89016.35,3882.44573
1767110400000,89016.36,89400.0,87960.2,88226.16,2912.38545
1767124800000,88226.15,88573.65,87886.46,88485.49,1244.66702
1767139200000,88485.5,88819.8,88172.15,88453.04,1131.98072
1767153600000,88453.04,88638.76,88325.06,88613.12,972.41187
1767168000000,88613.11,89046.6,88393.52,89011.52,1674.66744
1767182400000,89011.51,89200.0,87766.59,87953.97,3261.85615
1767196800000,87953.97,88053.49,87400.41,87541.85,2936.14316
1767211200000,87541.85,87879.04,87250.0,87648.22,1581.56113
1767225600000,87648.21,88088.1,87632.74,87846.02,833.74412
1767240000000,87846.01,87854.81,87550.43,87631.88,1108.52485
1767254400000,87631.88,88024.64,87631.87,88024.64,819.82493
1767268800000,88024.64,88113.45,87810.66,88032.18,1005.89204
1767283200000,88032.17,88500.0,87879.03,88391.15,1140.33499
1767297600000,88391.16,88919.45,88240.0,88839.04,1371.2504
1767312000000,88839.05,89120.01,88379.88,88950.65,1615.06136
1767326400000,88950.64,89079.44,88576.56,88857.61,1190.3172
1767340800000,88857.6,89942.44,88758.94,89502.95,3334.56621
1767355200000,89502.94,90135.0,88459.96,89418.11,4573.8437
1767369600000,89418.1,90961.81,89205.92,89897.23,5155.47201
1767384000000,89897.23,90400.0,89636.77,89995.13,1527.71253
1767398400000,89995.14,90418.32,89966.48,90321.22,1026.19409
1767412800000,90321.23,90480.62,89314.01,89577.13,1777.4168
1767427200000,89577.13,89982.11,89420.75,89752.74,1301.1092
1767441600000,89752.75,90249.99,89664.93,89969.31,1115.15116
1767456000000,89969.31,90219.67,89918.59,90123.77,516.07827
1767470400000,90123.76,90741.16,90017.23,90628.01,1321.51764
1767484800000,90628.01,91610.17,90628.0,91236.78,2719.43418
1767499200000,91236.78,91810.0,91183.15,91532.0,1833.66412
1767513600000,91532.0,91620.5,91174.46,91300.0,2596.25909
1767528000000,91300.01,91419.22,91014.1,91334.94,1316.31831
1767542400000,91334.94,91455.9,90863.47,91138.07,1140.52954
1767556800000,91138.06,91590.0,91132.0,91529.73,820.32446
1767571200000,91529.74,93388.0,91514.81,92878.22,5548.56251
1767585600000,92878.22,92947.87,92155.0,92520.63,1838.8669
1767600000000,92520.63,93151.0,92320.17,93134.26,2498.18846
1767614400000,93134.25,94000.0,92407.13,93957.73,4224.09624
1767628800000,93957.74,94500.0,93250.0,94303.4,4190.38211
1767643200000,94303.4,94789.08,93800.0,93859.71,2373.49962
1767657600000,93859.71,94161.86,93529.18,93769.24,1527.94713
1767672000000,93769.25,94000.0,93137.98,93255.08,2037.39443
1767686400000,93255.08,93895.0,93167.29,93840.0,1360.24604
1767700800000,93839.99,94444.44,93352.01,93648.99,3747.64759
1767715200000,93649.0,93775.6,91262.94,92104.5,6154.50415
1767729600000,92104.49,93845.03,92098.29,93747.97,3718.67895
1767744000000,93747.97,93747.97,92236.07,92815.83,2673.21579
1767758400000,92815.83,92930.35,92500.0,92879.13,1043.57297
1767772800000,92879.14,92961.53,91600.0,92087.21,2601.79745
1767787200000,92087.21,92299.4,91024.0,91349.96,3623.32777
1767801600000,91349.95,91790.0,90675.52,91186.07,2653.80915
1767816000000,91186.07,91489.6,90778.32,91364.16,1680.76712
1767830400000,91364.16,91687.99,90616.36,90813.4,1794.84191
1767844800000,90813.4,91188.0,89641.84,90548.02,3107.77644
1767859200000,90548.02,90917.22,89777.25,90226.77,2431.28077
1767873600000,90226.77,90847.52,89311.0,90781.57,4384.25882
1767888000000,90781.57,91469.0,90312.89,90937.41,2656.5893
1767902400000,90937.42,91493.0,90568.11,91099.99,1758.04393
1767916800000,91100.0,91632.1,90850.0,91220.23,1573.86844
1767931200000,91220.24,91236.72,90738.34,90741.84,1493.55612
1767945600000,90741.85,90843.77,89694.66,90463.11,2586.72373
1767960000000,90463.12,92082.55,89850.0,91176.47,5694.3606
1767974400000,91176.48,91783.32,90190.0,90332.15,2962.09045
1767988800000,90332.14,90732.01,90113.87,90641.28,1279.68005
1768003200000,90641.27,90782.23,90527.99,90626.14,528.98968
1768017600000,90626.15,90682.7,90408.23,90678.5,491.62648
1768032000000,90678.5,90832.0,90618.28,90723.86,647.39632
1768046400000,90723.87,90788.78,90538.46,90665.75,414.48163
1768060800000,90665.76,90746.0,90504.55,90626.54,530.14761
1768075200000,90626.54,90659.03,90404.0,90504.7,491.4755
1768089600000,90504.7,90737.95,90451.1,90733.5,463.88039
1768104000000,90733.49,90850.0,90585.34,90710.79,546.84342
1768118400000,90710.8,90816.0,90610.27,90754.99,694.37617
1768132800000,90754.99,91191.5,90708.25,90875.79,1144.02813
1768147200000,90875.79,91283.89,90673.3,90690.8,961.40735
1768161600000,90690.81,91041.79,90236.0,91013.65,1666.60048
1768176000000,91013.66,92519.95,90700.29,91808.12,3786.46912
1768190400000,91808.12,92290.81,91381.36,91408.09,1706.23351
1768204800000,91408.09,91630.13,90370.0,90620.96,2761.14204
1768219200000,90620.95,91665.0,90128.44,91665.0,2904.06995
1768233600000,91664.99,92332.0,91000.53,91861.27,3629.97324
1768248000000,91861.27,92046.23,90938.2,91296.2,1400.19482
1768262400000,91296.2,91546.08,91042.66,91408.91,1312.52459
1768276800000,91408.9,92275.38,91350.71,91942.0,2568.59009
1768291200000,91941.99,92672.11,91924.27,92000.74,2545.21662
1768305600000,92000.73,93450.0,91787.61,93449.99,4336.89557
1768320000000,93449.99,94231.82,93078.31,94226.84,4752.59807
1768334400000,94226.85,96495.0,94062.0,95414.0,7505.68988
1768348800000,95413.99,95722.01,95116.03,95720.99,2381.89992
1768363200000,95720.99,95799.22,94559.28,95205.1,2873.6342
1768377600000,95205.11,95315.15,94737.95,94792.99,1756.03488
1768392000000,94793.0,97084.68,94680.67,96764.57,6031.62524
1768406400000,96764.57,97777.0,96246.56,97267.42,6680.63165
1768420800000,97267.42,97924.49,96772.02,96951.78,3128.06839
1768435200000,96951.78,97000.0,95777.0,95985.1,2821.68199
1768449600000,95985.11,96760.15,95952.89,96630.48,2056.29256
1768464000000,96630.47,97193.34,96289.98,96581.08,2793.34386
1768478400000,96581.07,97165.03,95435.91,96737.04,4818.18164
1768492800000,96737.04,97163.0,95183.13,95516.01,7868.89039
1768507200000,95516.01,95871.0,95134.48,95604.8,1367.42325
1768521600000,95604.81,95855.12,95321.58,95354.69,1207.1411
1768536000000,95354.69,95816.83,95133.03,95653.16,2294.926
1768550400000,95653.16,95871.47,95261.43,95429.09,1614.38797
1768564800000,95429.09,95809.08,94293.46,94585.98,3014.1328
1768579200000,94585.99,95215.74,94508.0,95002.09,1854.59442
1768593600000,95002.09,95600.0,94682.0,95550.94,1182.53231
1768608000000,95550.94,95578.2,95200.0,95372.95,520.98136
1768622400000,95372.94,95373.64,95041.7,95101.67,558.53587
1768636800000,95101.67,95323.86,95021.67,95323.86,614.83515
1768651200000,95323.85,95639.45,95198.81,95573.64,1450.99515
1768665600000,95573.65,95576.14,95212.25,95291.38,636.49063
1768680000000,95291.37,95412.86,95050.0,95147.77,498.96321
1768694400000,95147.77,95250.0,94876.33,95200.29,721.03445
1768708800000,95200.29,95260.0,95028.27,95028.27,705.29271
1768723200000,95028.27,95295.39,95021.44,95168.06,960.00602
1768737600000,95168.06,95376.24,94910.0,95119.28,1177.17902
1768752000000,95119.27,95521.71,95073.02,95380.99,921.46243
1768766400000,95380.99,95531.12,93615.4,93673.14,2410.20356
1768780800000,93673.14,93673.14,91910.2,92690.09,6141.54249
1768795200000,92690.08,92861.41,92385.07,92841.62,1712.23708
1768809600000,92841.62,93368.44,92702.56,93191.96,1908.98628
1768824000000,93191.96,93226.44,92700.0,93068.62,1798.82427
1768838400000,93068.62,93420.0,92930.0,93105.85,1153.18382
1768852800000,93105.85,93342.36,92158.48,92631.0,1580.75353
1768867200000,92630.99,92870.0,92264.7,92434.92,1260.14088
1768881600000,92434.93,92470.37,90771.78,91177.98,4648.13308
1768896000000,91177.99,91442.88,90693.0,91218.99,2254.1302
1768910400000,91218.99,91371.11,89859.06,90684.95,5038.30665
1768924800000,90684.95,90974.49,89292.48,89725.76,4114.75823
1768939200000,89725.77,89854.2,87895.98,88427.66,4691.85706
1768953600000,88427.66,89598.8,88250.0,89432.33,2980.55061
1768968000000,89432.33,90120.44,89093.28,89213.95,2049.62852
1768982400000,89213.96,89493.46,88700.0,88789.99,2010.929
1768996800000,88789.99,90574.0,88196.72,90288.04,4684.20136
1769011200000,90288.04,90450.0,87263.53,90355.56,6425.20187
1769025600000,90355.56,90377.0,89344.98,89454.73,2466.99236
1769040000000,89454.73,90359.99,89454.72,89899.51,1561.80923
1769054400000,89899.51,90215.79,89802.0,89818.79,1213.67268
1769068800000,89818.79,90150.0,89760.0,89941.26,1125.90639
1769083200000,89941.26,90340.0,88515.37,89000.01,3512.25665
1769097600000,89000.0,89924.46,88676.95,89777.9,2304.40726
1769112000000,89777.89,89946.13,89140.13,89559.67,1107.45271
1769126400000,89559.68,89979.97,89450.48,89924.78,1144.14106
1769140800000,89924.78,90088.94,89400.0,89549.45,1729.71757
1769155200000,89549.45,89632.18,88860.44,89202.48,1992.68771
1769169600000,89202.47,89865.53,88578.36,89761.61,2836.93325
1769184000000,89761.61,91224.99,89489.0,89982.79,4430.77605
1769198400000,89982.79,90156.06,89200.68,89600.26,1784.23355
1769212800000,89600.26,89957.39,89424.39,89770.02,760.9766
1769227200000,89770.03,89853.38,89572.81,89620.1,954.94709
1769241600000,89620.11,89686.43,89577.97,89595.4,513.59579
1769256000000,89595.41,89595.41,89171.75,89275.77,1016.91516
1769270400000,89275.77,89461.4,89162.08,89331.36,560.08706
1769284800000,89331.36,89489.84,89215.59,89225.34,420.04567
1769299200000,89225.34,89319.13,88838.72,88960.35,949.82753
1769313600000,88960.36,89090.13,88635.84,88659.99,1365.03813
1769328000000,88659.99,88760.0,88136.0,88570.17,1276.76207
1769342400000,88570.17,88971.89,88340.75,88446.5,1271.25718
1769356800000,88446.51,88448.85,86194.85,86495.16,6164.82689
1769371200000,86495.17,87013.79,86074.72,86670.36,3398.50839
1769385600000,86670.36,87973.11,86509.63,87282.05,4005.56746
1769400000000,87282.04,88074.48,87244.27,88000.64,3558.66159
1769414400000,88000.64,88424.45,87600.69,87855.0,1820.3712
1769428800000,87855.01,88860.0,87325.03,87641.41,4437.30175
1769443200000,87641.41,88537.95,87035.51,88013.19,2334.22752
1769457600000,88013.19,88659.09,87542.05,88347.08,1610.38501
1769472000000,88347.08,88898.0,88194.82,88788.0,1649.23753
1769486400000,88787.99,89010.0,88278.03,88320.41,1448.31937
1769500800000,88320.41,88397.85,87743.52,87992.74,1462.63908
1769515200000,87992.74,88474.23,87578.67,88047.46,2499.9435
1769529600000,88047.46,88819.89,87304.33,88408.77,3647.91175
1769544000000,88408.78,89523.16,88373.49,89250.0,2417.35302
1769558400000,89249.99,89497.96,88985.0,89126.67,1094.38637
1769572800000,89126.68,89400.0,88840.0,89134.35,1349.92307
1769587200000,89134.35,90156.72,88833.65,90080.0,2787.07391
1769601600000,90079.99,90488.0,88904.61,89479.66,4428.88675
1769616000000,89479.66,90600.0,89006.36,89402.58,3310.08413
1769630400000,89402.57,89896.0,88878.01,89299.99,1361.83079
1769644800000,89300.0,89348.0,87704.0,88053.71,2923.10988
1769659200000,88053.71,88430.05,87901.23,88352.97,1476.91111
1769673600000,88352.96,88500.0,87750.01,87846.5,2299.04104
1769688000000,87846.5,88182.29,84366.56,84934.02,10107.55386
1769702400000,84934.02,85638.3,83383.33,84012.11,10787.89043
1769716800000,84012.11,84737.69,83824.9,84650.16,2836.87569
1769731200000,84650.16,84735.75,81118.0,82676.43,12245.12313
1769745600000,82676.42,83332.2,82056.08,82816.98,4789.41822
1769760000000,82816.98,83314.85,82160.0,83151.36,3255.07609
1769774400000,83151.36,83797.99,82382.01,82883.94,4751.88055
1769788800000,82882.84,84621.16,81871.37,84242.99,6116.25601
1769803200000,84243.0,84523.11,83539.2,84260.49,4038.09393
1769817600000,84260.5,84270.02,83815.02,84022.69,1727.33956
1769832000000,84022.7,84146.22,83404.67,83546.81,1349.94572
1769846400000,83546.82,83629.08,82560.75,83020.0,2408.78889
1769860800000,83020.0,83140.0,80825.76,81302.15,6811.82932
1769875200000,81302.16,82200.0,75719.9,77750.01,22029.61555
1769889600000,77750.01,79240.0,77092.34,78741.09,5164.37229
1769904000000,78741.1,79424.0,78284.0,78868.28,4258.38184
1769918400000,78868.29,79119.3,77967.69,78343.0,2563.1542
1769932800000,78343.0,79220.72,78148.1,78743.56,2450.30839
1769947200000,78743.57,78768.68,76761.98,77593.4,4807.63006
1769961600000,77593.4,78443.1,77000.01,77174.78,2883.53084
1769976000000,77174.77,77779.63,75700.0,76968.21,8432.47635
1769990400000,76968.22,78231.26,74604.0,76292.98,11449.76567
1770004800000,76292.98,76958.0,74911.14,76660.79,9568.39849
1770019200000,76660.78,77970.62,76628.28,77759.99,5651.50758
1770033600000,77760.0,79360.0,77564.62,78850.06,7522.81805
1770048000000,78850.06,79288.28,78283.27,78341.5,5462.07718
1770062400000,78341.5,78962.78,77888.0,78738.61,2619.02319
1770076800000,78738.6,79186.81,77644.09,78753.32,4012.52848
1770091200000,78753.32,78999.99,77950.0,78794.67,2886.84787
1770105600000,78794.67,79084.29,77950.0,78079.5,2794.97467
1770120000000,78079.5,78458.89,77055.54,78132.33,5543.61818
1770134400000,78132.34,78134.53,72945.5,74935.0,18839.6377
1770148800000,74935.0,76960.0,74586.54,75770.21,5042.50199
1770163200000,75770.21,76971.52,75467.22,76698.17,3573.68321
1770177600000,76698.17,76830.69,76105.3,76514.3,2837.0505
1770192000000,76514.3,76607.69,75666.0,76017.25,2912.66082
1770206400000,76017.25,76260.85,73794.11,74136.36,8952.94529
1770220800000,74136.48,74249.83,72169.0,73923.29,13944.22381
1770235200000,73923.3,74144.0,71888.0,73165.83,6154.79637
1770249600000,73165.84,73341.18,71152.78,71223.25,8356.43633
1770264000000,71223.25,71622.82,70140.0,70756.85,13229.00492
1770278400000,70756.86,71978.58,69922.0,70318.35,9382.74194
1770292800000,70318.35,70872.04,66720.15,67489.07,25214.85527
1770307200000,67489.08,68681.81,65200.0,65265.65,21297.2321
1770321600000,65265.66,65700.0,62345.0,62909.86,28818.55843
1770336000000,62909.87,66010.0,60000.0,64168.33,28980.40325
1770350400000,64168.33,66826.5,63914.62,64856.0,13204.36329
1770364800000,64856.0,66755.13,64500.0,66631.32,9652.84585
1770379200000,66631.32,69192.0,66114.49,68626.0,17606.82465
1770393600000,68625.99,71500.0,68428.19,70731.46,17283.69927
1770408000000,70731.45,71751.33,69837.35,70580.26,5811.079
1770422400000,70580.26,70928.75,69718.0,70918.99,4687.77364
1770436800000,70918.99,71690.07,67300.0,68087.14,13271.32166
1770451200000,68087.13,68790.0,67582.48,67972.65,8689.01558
1770465600000,67972.65,69999.99,67901.89,69151.5,9290.84055
1770480000000,69151.5,69898.0,68531.5,69373.61,6393.31777
1770494400000,69373.61,69728.83,68787.34,69289.38,1923.21116
1770508800000,69289.37,69696.57,68888.0,69099.99,2026.40929
1770523200000,69100.0,69719.07,68952.01,69710.69,2878.17149
1770537600000,69710.69,71220.0,69514.15,70999.98,5309.31519
1770552000000,70999.99,71554.95,70707.39,71188.99,3659.2176
1770566400000,71188.99,71538.05,70251.33,71422.97,2720.17356
1770580800000,71422.96,72271.41,70000.0,70330.38,4827.24455
1770595200000,70330.38,71453.53,70068.18,71307.56,4021.31441
1770609600000,71307.56,71359.37,70311.7,70422.59,2930.6054
1770624000000,70422.59,70608.83,68420.58,68928.72,6108.89766
1770638400000,68928.71,69884.82,68308.0,69563.37,6863.78788
1770652800000,69563.37,71075.31,69100.0,70957.01,6239.20348
1770667200000,70957.01,71126.0,69823.52,70138.0,2988.91959
1770681600000,70138.0,70527.59,69208.61,69511.83,2469.62773
1770696000000,69511.83,69906.5,68682.0,68919.66,3133.48778
1770710400000,68919.66,69417.7,68459.89,68535.01,3589.46371
1770724800000,68535.02,69591.2,67800.0,69293.37,5843.11364
1770739200000,69293.37,69993.65,68604.63,69062.01,3997.49855
1770753600000,69062.0,69136.91,68362.0,68841.29,1340.57931
1770768000000,68841.28,69292.88,68011.11,68187.99,1918.23444
1770782400000,68188.0,68325.0,66557.99,67032.72,5175.02607
1770796800000,67032.71,67134.42,66369.49,67053.03,3914.08731
1770811200000,67053.03,68834.34,65756.0,66519.73,9148.58414
1770825600000,66519.72,67860.44,65876.0,67586.67,5004.8715
1770840000000,67586.66,68369.77,66787.7,67082.52,3557.44256
1770854400000,67082.52,68047.48,67055.53,67580.99,2100.97039
1770868800000,67581.0,67682.69,66670.45,67217.72,2710.60187
1770883200000,67217.71,68299.0,66891.6,68076.01,3668.0563
1770897600000,68076.01,68410.52,67014.98,67134.74,4824.24216
1770912000000,67134.74,67232.04,65118.0,65788.36,7933.48282
1770926400000,65788.36,66488.9,65215.06,66272.17,3034.38929
1770940800000,66272.17,66814.0,65872.46,66553.08,2583.39216
1770955200000,66553.09,66671.62,66002.98,66208.96,2428.41994
1770969600000,66208.96,67226.66,66191.52,67171.42,2201.58479
1770984000000,67171.41,69309.8,66867.47,68692.12,6886.55091
1770998400000,68692.12,69482.97,68540.83,68938.91,4320.62247
1771012800000,68938.91,69079.4,68683.32,68853.96,1823.97928
1771027200000,68853.97,69137.5,68768.56,68981.99,1291.93003
1771041600000,68982.0,69343.0,68730.13,69219.26,2188.37379
1771056000000,69219.27,70560.01,69218.71,70505.74,3530.97709
1771070400000,70505.74,70533.67,69064.6,69778.28,7103.62124
1771084800000,69778.28,69930.9,69283.02,69873.99,2295.28058
1771099200000,69873.99,70250.46,69668.05,69822.95,1704.6012
1771113600000,69822.94,69990.02,69251.5,69954.5,1764.94129
1771128000000,69954.5,70926.42,69459.35,70828.42,4747.14422
1771142400000,70828.43,70983.0,70182.31,70295.22,2073.25418
1771156800000,70295.22,70418.48,68772.2,69099.99,3852.56524
1771171200000,69100.0,69100.0,68000.0,68286.63,8139.52235
1771185600000,68286.64,69078.49,68120.0,68832.58,1712.6248
1771200000000,68832.59,69065.5,68143.22,68424.82,1757.09824
1771214400000,68424.82,68900.0,68228.76,68587.9,1421.8609
1771228800000,68587.89,69060.77,68338.9,68812.83,1609.09509
1771243200000,68812.84,70126.67,67294.11,67539.52,6563.57157
1771257600000,67539.53,68245.34,67513.94,67913.43,2266.56859
1771272000000,67913.44,68978.88,67827.11,68892.43,1897.57095
1771286400000,68892.43,69241.5,68387.2,68474.9,1970.0963
1771300800000,68474.9,68707.49,67892.0,68388.12,1507.90265
1771315200000,68388.12,68479.17,67690.0,67854.6,1702.22977
1771329600000,67854.6,68360.5,66621.06,67392.05,5962.49538
1771344000000,67392.06,68235.39,66881.08,67793.32,4203.96684
1771358400000,67793.32,67928.08,67394.0,67503.52,1142.37827
1771372800000,67503.52,67705.65,66892.03,67629.11,1226.88759
1771387200000,67629.1,68219.81,67500.1,68106.44,1433.81961
1771401600000,68106.44,68476.22,67076.9,67369.75,1922.15458
1771416000000,67369.75,68347.72,66717.3,67694.01,4330.13695
1771430400000,67694.01,67706.94,65870.0,66177.14,4311.92393
1771444800000,66177.15,66550.0,66053.6,66461.0,2267.51573
1771459200000,66461.0,66997.07,66345.0,66980.91,1337.23292
1771473600000,66980.91,67320.0,66679.76,67206.45,1593.15988
1771488000000,67206.45,67206.45,66478.02,66496.02,1879.33579
1771502400000,66496.03,66755.39,65631.83,66398.0,4451.59374
1771516800000,66398.01,67198.1,65899.25,67050.0,3411.99791
1771531200000,67050.0,67168.86,66652.34,67003.73,1868.94964
1771545600000,67003.73,67488.67,66949.41,67366.25,1472.92111
1771560000000,67366.25,68006.0,67115.38,67825.91,2411.4783
1771574400000,67825.91,68318.39,67280.6,67318.41,3414.63472
1771588800000,67318.41,68083.98,66280.2,67582.95,16088.45139
1771603200000,67582.95,68000.0,66952.11,67646.03,9574.1468
1771617600000,67646.03,68233.99,67520.3,68020.01,2390.23859
1771632000000,68020.0,68099.54,67534.69,67667.77,1582.09541
1771646400000,67667.77,67924.39,67593.99,67856.01,716.23217
1771660800000,67856.01,68314.54,67807.3,68092.45,1384.49772
1771675200000,68092.45,68698.7,67915.0,68615.0,1818.30536
1771689600000,68615.01,68658.5,68101.78,68543.51,1410.16439
1771704000000,68543.51,68605.63,67900.0,67975.93,1121.54626
1771718400000,67975.93,68222.16,67809.78,68041.43,1114.48202
1771732800000,68041.42,68178.79,67881.81,68005.3,923.792
1771747200000,68005.3,68245.0,67912.02,68219.97,733.14137
1771761600000,68219.97,68232.4,67303.5,67684.14,2531.23331
1771776000000,67684.15,67718.13,67190.0,67428.32,1575.66204
1771790400000,67428.32,67751.44,67350.0,67643.4,1296.8241
1771804800000,67643.39,67684.86,64290.71,64934.17,11022.665
1771819200000,64934.18,66015.22,64685.64,65958.94,4119.82727
1771833600000,65958.94,66600.0,65565.78,66207.23,3194.00092
1771848000000,66207.23,66511.51,65529.73,65660.1,3796.34009
1771862400000,65660.1,65724.28,64048.71,64295.1,7179.94577
1771876800000,64295.11,65035.98,63888.79,64656.02,3763.13018
1771891200000,64656.01,65026.75,63342.9,63595.51,4752.76382
1771905600000,63595.51,63628.52,62700.8,63192.96,4939.8898
1771920000000,63192.79,63444.66,62908.92,63227.1,2234.59315
1771934400000,63227.11,64031.76,62510.28,63973.97,5539.65443
1771948800000,63973.98,64743.11,63689.54,64435.03,3972.72259
1771963200000,64435.03,64591.99,63820.5,64058.15,1663.21243
1771977600000,64058.15,66310.0,63913.27,65391.73,5187.17213
1771992000000,65391.74,65650.0,64755.26,65028.3,2632.47033
1772006400000,65028.3,65692.62,64955.79,65430.04,1997.89784
1772020800000,65430.04,67578.0,65324.62,67412.33,7879.83719
1772035200000,67412.32,69550.0,67404.0,69038.26,8300.46334
1772049600000,69038.26,69988.83,67600.0,67988.04,4752.15176
1772064000000,67988.04,68700.0,67727.52,68216.86,2995.4703
1772078400000,68216.87,68860.0,67817.87,67825.04,2533.15622
1772092800000,67825.05,68722.64,67792.0,68051.31,3268.6173
1772107200000,68051.3,68303.83,66761.16,67382.0,5206.19537
1772121600000,67382.0,67903.12,66500.0,67589.22,5230.45057
1772136000000,67589.21,67831.11,67150.14,67485.18,1503.88816
1772150400000,67485.19,67712.16,66885.0,67600.84,2159.8345
1772164800000,67600.84,68216.8,67459.3,67690.6,3025.27268
1772179200000,67690.6,68149.93,65960.01,66126.99,4904.69534
1772193600000,66126.99,66344.9,65649.34,66095.4,5494.9383
1772208000000,66095.4,66121.03,65113.72,65392.18,3875.92624
1772222400000,65392.18,65953.2,64914.46,65872.1,1767.91718
1772236800000,65872.09,66025.52,65721.13,65797.42,1045.74408
1772251200000,65797.42,65818.44,63030.0,63826.0,5914.91449
1772265600000,63825.99,64307.44,63372.1,63844.2,4734.32265
1772280000000,63844.2,65360.51,63827.2,64841.18,4286.48357
1772294400000,64841.17,66666.65,64681.81,66362.01,2999.13046
1772308800000,66362.01,67760.0,66190.61,66973.26,3568.12124
1772323200000,66973.26,68199.99,66042.72,67502.16,4690.36208
1772337600000,67502.16,67612.14,66749.35,67141.39,3167.39554
1772352000000,67141.4,67292.3,66215.71,66468.03,3250.92047
1772366400000,66468.04,67360.57,66132.27,66842.42,3640.03253
1772380800000,66842.42,67112.37,65699.98,65962.17,3900.17922
1772395200000,65962.16,66491.43,65056.0,65776.47,4552.96875
1772409600000,65776.48,67079.0,65761.04,66820.03,2940.58836
1772424000000,66820.03,66995.64,65542.6,66007.52,3610.46533
1772438400000,66007.8,66720.84,65654.54,66359.68,4361.76571
1772452800000,66359.67,69617.74,65259.21,69130.2,10831.61306
1772467200000,69130.2,70096.0,68576.18,68966.53,6828.10762
1772481600000,68966.52,69539.77,68584.9,68830.06,3437.84423
1772496000000,68830.06,69258.08,68210.71,68377.94,2362.09713
1772510400000,68377.94,68617.42,67800.0,68172.8,3337.11294
1772524800000,68172.79,68311.83,66340.14,67026.61,6082.75912
1772539200000,67026.6,67973.2,66158.0,67725.81,5443.2888
1772553600000,67725.82,68999.0,67473.09,68435.0,5484.70019
1772568000000,68435.0,68860.0,67832.3,68338.0,2262.28362
1772582400000,68338.01,68909.34,67400.0,67732.2,3814.8635
1772596800000,67732.19,69668.0,67467.6,69493.13,5088.84069
1772611200000,69493.14,71893.0,69098.91,71111.4,12146.09777
1772625600000,71111.4,73479.75,70588.0,73396.88,11378.24344
1772640000000,73396.87,74050.0,72541.69,73611.1,8665.00622
1772654400000,73611.67,73716.0,72313.04,72666.77,3826.02448
1772668800000,72666.77,73306.82,72336.76,72497.89,3122.96483
1772683200000,72497.89,73081.08,71759.95,72055.5,4346.02458
1772697600000,72055.5,73558.15,71757.17,72915.79,6262.38044
1772712000000,72915.8,73063.38,71168.65,71652.77,5607.55823
1772726400000,71652.77,71654.65,70645.47,70918.07,4306.65518
1772740800000,70918.08,71572.3,70777.0,70890.72,2944.92927
1772755200000,70891.02,71419.98,70344.03,71080.38,3031.93266
1772769600000,71080.37,71192.76,70143.19,71056.44,3088.31108
1772784000000,71056.44,71067.58,70184.01,70212.95,2441.15545
1772798400000,70212.94,70341.76,68176.47,68504.71,8554.35815
1772812800000,68504.71,68795.44,67744.78,68131.79,3324.41432
1772827200000,68131.79,68440.92,67777.0,68114.02,2189.71556
1772841600000,68114.02,68551.04,68060.6,68095.5,1736.7267
1772856000000,68095.5,68147.73,67446.41,67842.67,2373.66763
1772870400000,67842.67,68232.27,67720.98,68010.01,1490.07738
1772884800000,68010.0,68085.41,67609.44,67877.45,1728.39414
1772899200000,67877.45,67935.01,66915.26,67080.34,3059.42816
1772913600000,67080.33,67483.05,67068.01,67262.91,2331.24914
1772928000000,67262.91,67481.96,66833.58,67000.26,2883.43952
1772942400000,67000.26,67465.11,66547.15,67319.91,2866.09804
1772956800000,67319.9,68200.0,67156.93,67515.0,3303.40428
1772971200000,67515.0,67650.94,66761.68,67218.23,4464.48396
1772985600000,67218.23,67485.24,66745.54,67337.42,2550.26884
1773000000000,67337.41,67609.08,65618.49,65971.2,5525.94437
1773014400000,65971.2,67668.64,65821.97,67205.05,5224.01016
1773028800000,67205.06,68069.29,66853.48,67555.13,3826.34806
1773043200000,67555.13,68460.09,67344.45,67764.98,4105.57826
1773057600000,67764.99,69480.0,67759.57,68863.66,7802.97956
1773072000000,68863.67,69516.65,68179.12,68991.93,5039.37719
1773086400000,68991.93,69145.28,68384.69,68432.16,2898.42807
1773100800000,68432.16,70578.29,68391.41,69429.85,5314.5727
1773115200000,69429.85,70546.74,69429.85,70406.01,4907.28195
1773129600000,70406.01,71300.0,70369.0,70580.94,6270.5173
1773144000000,70580.95,71777.0,69266.06,71346.16,7000.10748
1773158400000,71346.17,71700.0,69739.0,70043.63,5504.97942
1773172800000,70043.63,70417.3,69452.42,69948.63,3605.11841
1773187200000,69948.64,70173.25,69488.7,69551.91,4402.46797
1773201600000,69551.91,70281.87,69420.0,69648.29,3080.54464
1773216000000,69648.28,69786.32,69150.28,69173.0,3538.73168
1773230400000,69172.99,71091.18,68977.91,70227.91,7789.43505
1773244800000,70227.92,71321.0,70161.78,70641.82,5738.49617
1773259200000,70641.81,70950.0,70125.83,70191.86,2699.59991
1773273600000,70191.86,70353.87,69226.52,69446.61,2576.17397
1773288000000,69446.61,69865.98,69205.91,69826.19,2721.97342
1773302400000,69826.19,70800.0,69580.0,70427.91,4649.38407
1773316800000,70427.9,70660.69,69355.34,70334.88,6097.47646
1773331200000,70334.89,70569.15,69770.85,70432.32,3616.058
1773345600000,70432.33,70734.25,70013.17,70541.34,2336.09458
1773360000000,70541.34,72000.0,70386.01,71405.75,5755.69452
1773374400000,71405.76,71672.76,71180.19,71612.22,4181.63698
1773388800000,71612.23,72575.98,71385.28,72228.82,5105.1507
1773403200000,72228.81,73913.74,71736.34,71831.46,12303.83944
1773417600000,71831.46,72249.99,70841.23,71189.95,5469.31306
1773432000000,71189.96,71491.03,70559.02,70930.0,3180.98208
1773446400000,70930.01,71185.23,70481.7,71081.3,3513.45361
1773460800000,71081.31,71307.92,70317.0,70596.68,2929.58232
1773475200000,70596.68,70784.38,70389.08,70751.42,2494.95824
1773489600000,70751.42,70941.17,70501.0,70580.09,2537.57782
1773504000000,70580.09,70740.34,70500.0,70700.0,686.93095
1773518400000,70699.99,71253.17,70650.09,71211.95,854.74443
1773532800000,71211.95,71634.08,70858.82,71363.14,2591.56425
1773547200000,71363.13,71800.68,71330.66,71453.59,2377.69395
1773561600000,71453.59,71940.49,71453.59,71839.42,2170.1455
1773576000000,71839.41,71839.42,71263.99,71481.24,2095.3494
1773590400000,71481.24,71989.93,71320.08,71549.94,1241.1248
1773604800000,71549.94,73199.0,71433.75,72815.24,3561.42914
1773619200000,72815.25,74330.34,72270.41,73573.32,5313.15699
1773633600000,73573.31,74451.03,73385.18,73456.68,5517.22506
1773648000000,73456.69,73838.76,72888.8,73552.77,3812.93394
1773662400000,73552.78,74509.52,72990.52,73274.76,5744.41989
1773676800000,73274.75,74418.6,73160.66,73963.0,4131.80846
1773691200000,73963.0,74909.08,73863.2,74884.67,3889.98585
1773705600000,74884.67,76000.0,74268.73,74463.98,6925.21053
1773720000000,74463.98,74712.89,73784.0,74249.32,4918.92532
1773734400000,74249.32,74452.97,73560.98,74033.11,3022.84272
1773748800000,74033.1,74893.94,73399.19,73914.39,4507.55719
1773763200000,73914.4,74800.0,73855.24,74512.17,3050.04683
1773777600000,74511.21,74799.0,73871.74,73909.36,2096.68377
1773792000000,73909.37,74672.34,73535.36,74446.14,2220.38681
1773806400000,74446.14,74486.3,73700.01,73883.8,2292.66886
1773820800000,73883.8,74281.33,72800.0,72952.85,3439.26859
1773835200000,72952.85,72981.79,70857.21,71467.82,8373.20589
1773849600000,71467.82,72000.5,70933.85,71072.38,4336.24884
1773864000000,71072.38,71451.22,70500.0,71246.54,2731.10194
1773878400000,71246.55,71613.79,70902.37,71215.39,2427.94963
1773892800000,71215.39,71215.39,69478.51,70191.17,4492.82933
1773907200000,70191.16,70560.91,69900.0,69952.75,3434.1741
1773921600000,69952.75,70179.53,68793.35,69412.51,6707.39933
1773936000000,69412.52,70596.42,69122.03,70271.99,3251.17683
1773950400000,70272.0,70695.6,69718.23,69930.0,2051.28897
1773964800000,69930.01,70809.43,69837.1,70729.92,2423.03588
1773979200000,70729.93,70969.71,70160.06,70854.66,2609.94577
1773993600000,70854.66,71367.0,70218.68,70478.71,3112.13588
1774008000000,70478.71,70685.63,69480.0,69860.09,4715.91571
1774022400000,69860.09,70190.18,69388.0,70177.86,3079.98123
1774036800000,70177.85,70923.75,69754.71,70510.73,2180.15298
1774051200000,70510.73,70826.0,70431.67,70657.35,1194.32406
1774065600000,70657.35,70879.76,70617.05,70727.33,2717.2463
1774080000000,70727.33,70753.79,70492.02,70652.72,2045.34328
1774094400000,70652.73,71100.94,70453.09,70630.02,1644.14012
1774108800000,70630.02,70652.64,70210.0,70396.0,1221.39503
1774123200000,70396.01,70516.82,68571.42,68918.12,4574.71871
1774137600000,68918.12,69588.79,68228.5,69339.99,4148.48971
1774152000000,69340.0,69526.85,68892.93,68919.38,1759.92655
1774166400000,68919.37,68990.67,68110.55,68217.95,2582.06971
1774180800000,68217.94,69005.71,68199.04,68847.96,1809.03421
1774195200000,68847.97,68885.53,68145.01,68199.93,1323.42339
1774209600000,68199.93,68498.4,67360.66,67859.0,3220.84325
1774224000000,67859.0,68585.12,67445.18,68074.6,2495.61558
1774238400000,68074.6,68915.4,67502.48,68333.16,4814.40128
1774252800000,68333.16,71499.0,67916.14,70122.15,9165.95784
1774267200000,70122.15,71817.09,69671.95,70131.48,7343.07463
1774281600000,70131.48,71246.01,70131.47,70679.05,3251.32187
1774296000000,70679.04,70998.0,70404.39,70906.45,1264.71999
1774310400000,70906.45,71099.96,70278.46,70542.9,2279.09671
1774324800000,70542.9,71400.0,70119.06,71291.7,3689.3445
1774339200000,71291.7,71368.61,70850.11,71157.77,2477.92852
1774353600000,71157.77,71177.66,69507.34,69873.04,5583.13531
1774368000000,69873.04,70001.92,68923.07,69377.33,3539.49609
1774382400000,69377.33,70832.54,69296.15,70556.74,3133.42131
1774396800000,70556.74,71100.28,70408.0,70716.7,2504.53992
1774411200000,70716.7,71345.0,70703.83,70926.88,2879.13545
1774425600000,70926.88,72026.09,70800.0,71678.97,3287.51237
1774440000000,71678.97,71963.71,70530.47,70832.99,4210.48461
1774454400000,70832.99,71752.88,70681.07,70883.31,2995.16787
1774468800000,70883.32,71594.11,70646.34,71336.53,1842.66044
1774483200000,71336.53,71436.82,70672.37,70921.47,2157.03878
1774497600000,70921.47,70921.47,69805.0,70087.44,3434.08444
1774512000000,70087.44,70144.44,69192.96,69276.01,3321.72857
1774526400000,69276.01,69877.45,68632.4,69082.64,4699.85538
1774540800000,69082.64,69162.0,68153.0,68534.36,4026.59411
1774555200000,68534.37,69478.42,68436.74,68820.31,3181.1564
1774569600000,68820.31,69179.05,68531.37,68767.51,2714.9612
1774584000000,68767.5,68955.53,68304.14,68540.48,3934.07819
1774598400000,68540.49,68635.07,66231.96,66702.78,7325.96218
1774612800000,66702.78,66773.25,65730.17,66112.82,8273.04177
1774627200000,66112.82,66290.0,65548.25,66040.66,3963.05735
1774641600000,66040.65,66420.75,65817.44,66407.28,2392.59488
1774656000000,66407.28,66520.46,65932.09,66240.0,2309.42704
1774670400000,66240.0,66573.61,66110.0,66561.48,2351.82142
1774684800000,66561.49,66570.09,66124.4,66319.47,1871.98665
1774699200000,66319.46,67288.94,66240.87,67014.91,2726.87142
1774713600000,67014.92,67096.77,66704.0,66916.52,1090.61096
1774728000000,66916.52,67010.0,66283.38,66377.03,1111.68098
1774742400000,66377.04,67130.5,66281.4,66912.0,1535.14396
1774756800000,66912.0,66936.6,66556.78,66671.0,1351.87148
1774771200000,66671.0,66988.01,66418.0,66816.28,1084.63055
1774785600000,66816.29,66875.24,66334.37,66523.0,1436.58796
1774800000000,66523.01,66665.05,66158.26,66348.62,994.8232
1774814400000,66348.61,66793.83,65000.0,66010.93,3649.79869
1774828800000,66010.93,67450.0,65800.59,67173.8,3701.61439
1774843200000,67173.8,67800.0,67167.92,67624.39,2742.98319
1774857600000,67624.39,68042.3,67360.41,67680.45,3383.09323
1774872000000,67680.44,68169.65,67088.73,67629.4,4177.92296
1774886400000,67629.4,67641.65,66233.13,66550.05,2673.9969
1774900800000,66550.06,66994.17,66419.79,66797.37,1673.77908
1774915200000,66797.38,68408.37,66544.51,67704.74,2940.06225
1774929600000,67704.74,67979.38,67103.32,67367.69,3894.57803
1774944000000,67367.7,67496.0,65998.05,66685.69,4187.99082
1774958400000,66685.69,67767.87,66427.53,66736.8,4137.18923
1774972800000,66736.79,68589.49,66729.28,67838.8,4391.49464
1774987200000,67838.79,68410.3,67831.7,68284.48,2554.09165
1775001600000,68284.49,68378.64,67578.75,68170.67,3175.60054
1775016000000,68170.67,69310.0,68005.33,68692.0,4308.24633
1775030400000,68692.0,68851.35,68389.21,68712.52,3486.85039
1775044800000,68712.52,68965.0,67918.83,68918.52,4091.84986
1775059200000,68918.52,69171.77,67939.28,68176.84,2610.209
1775073600000,68176.84,68534.0,67964.48,68113.92,1347.43378
1775088000000,68113.92,68653.38,66500.0,66576.25,4290.09553
1775102400000,66576.25,66961.26,66217.07,66930.79,2994.81146
1775116800000,66930.79,66930.79,66167.1,66220.28,2840.44212
1775131200000,66220.28,67104.86,65712.12,66852.91,4983.19383
1775145600000,66852.91,67430.99,66596.8,66975.99,3741.79932
1775160000000,66976.0,67100.0,66731.08,66901.99,1353.1369
1775174400000,66901.99,67000.0,66282.0,66579.97,2208.57089
1775188800000,66579.98,67247.38,66416.68,67042.08,2873.22499
1775203200000,67042.08,67288.0,66674.72,67017.44,1439.81595
1775217600000,67017.43,67370.42,66508.1,66827.15,2358.77199
1775232000000,66827.15,67069.0,66751.86,66885.74,1215.72021
1775246400000,66885.73,66970.18,66826.13,66964.3,1333.02728
1775260800000,66964.29,66968.28,66814.0,66832.18,803.20366
1775275200000,66832.18,67052.99,66775.91,67014.96,1728.28038
1775289600000,67014.95,67232.72,66918.0,67156.93,1347.31961
1775304000000,67156.93,67562.93,67029.07,67383.66,1507.29551
1775318400000,67383.66,67543.6,67265.0,67288.42,858.41299
1775332800000,67288.42,67504.54,67186.62,67300.42,1129.00398
1775347200000,67300.42,67307.28,66955.72,67145.98,1216.87122
1775361600000,67145.98,67188.51,66611.66,66820.64,1903.42714
1775376000000,66820.64,67150.0,66819.42,66999.0,1062.42874
1775390400000,66998.99,67856.16,66680.57,67306.64,2736.41551
1775404800000,67306.65,67560.45,67173.4,67361.01,965.55771
1775419200000,67361.01,69136.2,67332.66,69034.18,3848.7672
1775433600000,69034.18,69588.0,68776.61,69123.69,4502.91561
1775448000000,69123.69,69354.26,68806.53,69115.91,2814.82721
1775462400000,69115.91,70283.32,69081.88,69614.91,3999.04132
1775476800000,69614.91,69973.25,69163.86,69968.87,3409.36539
1775491200000,69968.87,70351.46,69282.02,69739.53,3175.25769
1775505600000,69739.52,69974.08,68300.0,68853.66,2380.20322
1775520000000,68853.66,69128.2,68273.34,68779.21,2422.31591
1775534400000,68779.2,68981.83,68443.0,68624.61,1823.63549
1775548800000,68624.6,69247.9,68071.96,68345.75,2273.58534
1775563200000,68345.75,68633.87,67732.01,68168.1,4041.29436
1775577600000,68168.11,69098.44,68085.01,69011.29,3817.42066
1775592000000,69011.29,72761.0,69011.29,71924.22,9372.24485
1775606400000,71924.22,72110.65,71240.99,71287.39,3370.06511
1775620800000,71287.39,71941.42,71287.38,71627.59,3297.9557
1775635200000,71627.59,71955.0,71407.77,71675.12,2214.64952
1775649600000,71675.12,72857.0,70707.23,71310.0,6816.03917
1775664000000,71309.99,71963.94,71019.0,71318.48,2617.29334
1775678400000,71318.47,71748.0,70901.89,71069.93,1486.68343
1775692800000,71069.93,71198.8,70466.0,70992.39,2645.29554
1775707200000,70992.37,71116.0,70689.38,70982.01,2261.38499
1775721600000,70982.01,71575.0,70865.42,71150.17,1825.96774
1775736000000,71150.17,72358.0,70522.77,72141.99,4001.11726
1775750400000,72142.0,72550.0,71729.66,72096.32,4013.80807
1775764800000,72096.33,73145.0,71585.25,71787.97,3410.84799
1775779200000,71787.98,72387.0,71573.35,71868.67,2706.87605
1775793600000,71868.67,72267.89,71428.0,71481.85,2293.26674
1775808000000,71481.85,72261.93,71426.15,72127.59,1565.72366
1775822400000,72127.59,73289.96,71899.51,72460.51,5093.36163
1775836800000,72460.52,73264.76,72387.41,73236.11,2498.15366
1775851200000,73236.11,73434.0,72700.6,72962.7,3215.25114
1775865600000,72962.71,73094.89,72670.0,72866.63,1637.40665
