date,close,adj_close,source
2009-01-02,32.869998931884766,20.34406852722168,Yahoo Finance chart API
2009-01-05,36.59000015258789,22.646467208862305,Yahoo Finance chart API
2009-01-06,36.56999969482422,22.63409996032715,Yahoo Finance chart API
2009-01-07,32.209999084472656,19.935579299926758,Yahoo Finance chart API
2009-01-08,30.15999984741211,18.666786193847656,Yahoo Finance chart API
2009-01-09,32.220001220703125,19.9417667388916,Yahoo Finance chart API
2009-01-12,34.189998626708984,21.161048889160156,Yahoo Finance chart API
2009-01-13,32.65999984741211,20.214092254638672,Yahoo Finance chart API
2009-01-14,34.77000045776367,21.520023345947266,Yahoo Finance chart API
2009-01-15,31.0,19.186677932739258,Yahoo Finance chart API
2009-01-16,30.0,18.567760467529297,Yahoo Finance chart API
2009-01-19,33.72999954223633,20.876338958740234,Yahoo Finance chart API
2009-01-20,32.84000015258789,20.325498580932617,Yahoo Finance chart API
2009-01-21,30.5,18.877214431762695,Yahoo Finance chart API
2009-02-02,33.040000915527344,20.44928741455078,Yahoo Finance chart API
2009-02-03,31.469999313354492,19.47757339477539,Yahoo Finance chart API
2009-02-04,31.690000534057617,19.613744735717773,Yahoo Finance chart API
2009-02-05,31.43000030517578,19.45281410217285,Yahoo Finance chart API
2009-02-06,32.20000076293945,19.92938995361328,Yahoo Finance chart API
2009-02-09,34.77000045776367,21.520023345947266,Yahoo Finance chart API
2009-02-10,34.97999954223633,21.650005340576172,Yahoo Finance chart API
2009-02-11,30.93000030517578,19.143356323242188,Yahoo Finance chart API
2009-02-12,34.61000061035156,21.42099952697754,Yahoo Finance chart API
2009-02-13,33.279998779296875,20.59783172607422,Yahoo Finance chart API
2009-02-16,35.529998779296875,21.99041175842285,Yahoo Finance chart API
2009-02-17,32.439998626708984,20.077930450439453,Yahoo Finance chart API
2009-02-18,30.219999313354492,18.703916549682617,Yahoo Finance chart API
2009-02-19,35.220001220703125,21.79854393005371,Yahoo Finance chart API
2009-02-20,34.34000015258789,21.253890991210938,Yahoo Finance chart API
2009-02-23,32.439998626708984,20.077930450439453,Yahoo Finance chart API
2009-02-24,34.40999984741211,21.297212600708008,Yahoo Finance chart API
2009-02-25,32.7400016784668,20.263607025146484,Yahoo Finance chart API
2009-02-26,32.79999923706055,20.30074691772461,Yahoo Finance chart API
2009-02-27,33.04999923706055,20.455472946166992,Yahoo Finance chart API
2009-03-02,31.93000030517578,19.76228141784668,Yahoo Finance chart API
2009-03-03,31.950000762939453,19.774658203125,Yahoo Finance chart API
2009-03-04,32.75,20.269794464111328,Yahoo Finance chart API
2009-03-05,33.45000076293945,20.703044891357422,Yahoo Finance chart API
2009-03-06,36.02000045776367,22.293689727783203,Yahoo Finance chart API
2009-03-09,33.31999969482422,20.622583389282227,Yahoo Finance chart API
2009-03-10,33.47999954223633,20.72161293029785,Yahoo Finance chart API
2009-03-11,34.25,21.19818687438965,Yahoo Finance chart API
2009-03-12,34.04999923706055,21.07440185546875,Yahoo Finance chart API
2009-03-13,35.0,21.662382125854492,Yahoo Finance chart API
2009-03-16,35.529998779296875,21.99041175842285,Yahoo Finance chart API
2009-03-17,36.16999816894531,22.386520385742188,Yahoo Finance chart API
2009-03-18,36.099998474121094,22.34319305419922,Yahoo Finance chart API
2009-03-19,35.900001525878906,22.219411849975586,Yahoo Finance chart API
2009-03-20,35.41999816894531,21.92232894897461,Yahoo Finance chart API
2009-03-23,36.56999969482422,22.63409996032715,Yahoo Finance chart API
2009-03-24,37.400001525878906,23.147798538208008,Yahoo Finance chart API
2009-03-25,37.81999969482422,23.407743453979492,Yahoo Finance chart API
2009-03-26,38.099998474121094,23.58104705810547,Yahoo Finance chart API
2009-03-27,37.77000045776367,23.376802444458008,Yahoo Finance chart API
2009-03-30,36.290000915527344,22.460798263549805,Yahoo Finance chart API
2009-03-31,36.63999938964844,22.677417755126953,Yahoo Finance chart API
2009-04-02,38.58000183105469,23.878129959106445,Yahoo Finance chart API
2009-04-03,38.599998474121094,23.89051055908203,Yahoo Finance chart API
2009-04-06,38.790000915527344,24.008106231689453,Yahoo Finance chart API
2009-04-07,38.79999923706055,24.01429557800293,Yahoo Finance chart API
2009-04-08,37.72999954223633,23.352048873901367,Yahoo Finance chart API
2009-04-09,39.279998779296875,24.311376571655273,Yahoo Finance chart API
2009-04-10,39.970001220703125,24.738445281982422,Yahoo Finance chart API
2009-04-13,40.18000030517578,24.868408203125,Yahoo Finance chart API
2009-04-14,40.5,25.066469192504883,Yahoo Finance chart API
2009-04-15,40.25,24.911739349365234,Yahoo Finance chart API
2009-04-16,41.20000076293945,25.499719619750977,Yahoo Finance chart API
2009-04-17,39.880001068115234,24.682735443115234,Yahoo Finance chart API
2009-04-20,40.16999816894531,24.862220764160156,Yahoo Finance chart API
2009-04-21,40.779998779296875,25.239763259887695,Yahoo Finance chart API
2009-04-22,40.650001525878906,25.1593074798584,Yahoo Finance chart API
2009-04-23,40.459999084472656,25.041709899902344,Yahoo Finance chart API
2009-04-24,40.5,25.066469192504883,Yahoo Finance chart API
2009-04-27,39.52000045776367,24.45992088317871,Yahoo Finance chart API
2009-04-28,39.04999923706055,24.16902732849121,Yahoo Finance chart API
2009-04-29,39.400001525878906,24.385656356811523,Yahoo Finance chart API
2009-04-30,42.150001525878906,26.08769416809082,Yahoo Finance chart API
2009-05-04,45.099998474121094,27.913528442382812,Yahoo Finance chart API
2009-05-05,46.29999923706055,28.656238555908203,Yahoo Finance chart API
2009-05-06,46.400001525878906,28.718128204345703,Yahoo Finance chart API
2009-05-07,46.29999923706055,28.656238555908203,Yahoo Finance chart API
2009-05-08,45.83000183105469,28.365339279174805,Yahoo Finance chart API
2009-05-11,46.20000076293945,28.594345092773438,Yahoo Finance chart API
2009-05-12,44.599998474121094,27.604066848754883,Yahoo Finance chart API
2009-05-13,44.66999816894531,27.64737892150879,Yahoo Finance chart API
2009-05-14,43.650001525878906,27.016084671020508,Yahoo Finance chart API
2009-05-15,44.79999923706055,27.727848052978516,Yahoo Finance chart API
2009-05-18,45.060001373291016,27.888763427734375,Yahoo Finance chart API
2009-05-19,46.099998474121094,28.532445907592773,Yahoo Finance chart API
2009-05-20,46.29999923706055,28.656238555908203,Yahoo Finance chart API
2009-05-21,45.95000076293945,28.439611434936523,Yahoo Finance chart API
2009-05-22,45.779998779296875,28.334388732910156,Yahoo Finance chart API
2009-05-25,45.72999954223633,28.303443908691406,Yahoo Finance chart API
2009-05-26,45.599998474121094,28.222986221313477,Yahoo Finance chart API
2009-05-27,48.0,29.708406448364258,Yahoo Finance chart API
2009-06-01,47.720001220703125,29.535110473632812,Yahoo Finance chart API
2009-06-02,47.849998474121094,29.615570068359375,Yahoo Finance chart API
2009-06-03,47.790000915527344,29.57843589782715,Yahoo Finance chart API
2009-06-04,46.70000076293945,28.903804779052734,Yahoo Finance chart API
2009-06-05,46.619998931884766,28.854291915893555,Yahoo Finance chart API
2009-06-08,45.709999084472656,28.291065216064453,Yahoo Finance chart API
2009-06-09,44.45000076293945,27.511228561401367,Yahoo Finance chart API
2009-06-10,44.849998474121094,27.7587890625,Yahoo Finance chart API
2009-06-11,45.25,28.006362915039062,Yahoo Finance chart API
2009-06-12,44.65999984741211,27.641193389892578,Yahoo Finance chart API
2009-06-15,43.040000915527344,26.63854217529297,Yahoo Finance chart API
2009-06-16,43.04999923706055,26.644725799560547,Yahoo Finance chart API
2009-06-17,42.970001220703125,26.59521484375,Yahoo Finance chart API
2009-06-18,42.75,26.45905303955078,Yahoo Finance chart API
2009-06-19,43.25,26.768518447875977,Yahoo Finance chart API
2009-06-22,43.900001525878906,27.170818328857422,Yahoo Finance chart API
2009-06-23,42.849998474121094,26.520938873291016,Yahoo Finance chart API
2009-06-24,44.08000183105469,27.28221893310547,Yahoo Finance chart API
2009-06-25,44.58000183105469,27.591678619384766,Yahoo Finance chart API
2009-06-26,44.599998474121094,27.604066848754883,Yahoo Finance chart API
2009-06-29,44.279998779296875,27.406009674072266,Yahoo Finance chart API
2009-06-30,44.459999084472656,27.517412185668945,Yahoo Finance chart API
2009-07-01,45.45000076293945,28.130149841308594,Yahoo Finance chart API
2009-07-02,45.900001525878906,28.408662796020508,Yahoo Finance chart API
2009-07-03,45.79999923706055,28.346771240234375,Yahoo Finance chart API
2009-07-06,45.689998626708984,28.278682708740234,Yahoo Finance chart API
2009-07-07,46.189998626708984,28.588150024414062,Yahoo Finance chart API
2009-07-08,45.65999984741211,28.260133743286133,Yahoo Finance chart API
2009-07-09,46.5,28.780019760131836,Yahoo Finance chart API
2009-07-10,46.779998779296875,28.953323364257812,Yahoo Finance chart API
2009-07-13,45.29999923706055,28.037307739257812,Yahoo Finance chart API
2009-07-14,46.13999938964844,28.557199478149414,Yahoo Finance chart API
2009-07-15,47.04999923706055,29.120424270629883,Yahoo Finance chart API
2009-07-16,47.45000076293945,29.367996215820312,Yahoo Finance chart API
2009-07-17,47.869998931884766,29.62794303894043,Yahoo Finance chart API
2009-07-20,48.5,30.017866134643555,Yahoo Finance chart API
2009-07-21,48.400001525878906,29.95598030090332,Yahoo Finance chart API
2009-07-22,48.47999954223633,30.0054931640625,Yahoo Finance chart API
2009-07-23,48.5099983215332,30.024059295654297,Yahoo Finance chart API
2009-07-24,48.380001068115234,29.943601608276367,Yahoo Finance chart API
2009-07-27,48.83000183105469,30.222122192382812,Yahoo Finance chart API
2009-07-28,49.70000076293945,30.760583877563477,Yahoo Finance chart API
2009-07-29,49.349998474121094,30.54395866394043,Yahoo Finance chart API
2009-07-30,48.849998474121094,30.234493255615234,Yahoo Finance chart API
2009-07-31,49.02000045776367,30.339710235595703,Yahoo Finance chart API
2009-08-03,49.189998626708984,30.444927215576172,Yahoo Finance chart API
2009-08-04,48.650001525878906,30.110715866088867,Yahoo Finance chart API
2009-08-05,48.04999923706055,29.73935317993164,Yahoo Finance chart API
2009-08-06,48.13999938964844,29.79505729675293,Yahoo Finance chart API
2009-08-07,48.13999938964844,29.79505729675293,Yahoo Finance chart API
2009-08-10,48.2599983215332,29.86933135986328,Yahoo Finance chart API
2009-08-11,48.41999816894531,29.968355178833008,Yahoo Finance chart API
2009-08-12,48.25,29.863143920898438,Yahoo Finance chart API
2009-08-13,49.36000061035156,30.550142288208008,Yahoo Finance chart API
2009-08-14,49.619998931884766,30.711074829101562,Yahoo Finance chart API
2009-08-17,48.65999984741211,30.11689567565918,Yahoo Finance chart API
2009-08-18,48.02000045776367,29.720792770385742,Yahoo Finance chart API
2009-08-19,47.86000061035156,29.621755599975586,Yahoo Finance chart API
2009-08-20,47.599998474121094,29.460840225219727,Yahoo Finance chart API
2009-08-21,47.18000030517578,29.200891494750977,Yahoo Finance chart API
2009-08-24,48.70000076293945,30.14165687561035,Yahoo Finance chart API
2009-08-25,48.33000183105469,29.912656784057617,Yahoo Finance chart API
2009-08-26,48.0,29.708406448364258,Yahoo Finance chart API
2009-08-27,47.75,29.55367660522461,Yahoo Finance chart API
2009-08-28,48.400001525878906,29.95598030090332,Yahoo Finance chart API
2009-08-31,48.45000076293945,29.986921310424805,Yahoo Finance chart API
2009-09-01,50.20000076293945,31.070039749145508,Yahoo Finance chart API
2009-09-02,50.20000076293945,31.070039749145508,Yahoo Finance chart API
2009-09-03,50.45000076293945,31.224773406982422,Yahoo Finance chart API
2009-09-04,51.04999923706055,31.596134185791016,Yahoo Finance chart API
2009-09-07,51.79999923706055,32.06032180786133,Yahoo Finance chart API
2009-09-08,52.5,32.49357223510742,Yahoo Finance chart API
2009-09-09,52.04999923706055,32.215049743652344,Yahoo Finance chart API
2009-09-10,52.849998474121094,32.7101936340332,Yahoo Finance chart API
2009-09-11,52.5,32.49357223510742,Yahoo Finance chart API
2009-09-14,51.849998474121094,32.09127426147461,Yahoo Finance chart API
2009-09-15,52.45000076293945,32.462623596191406,Yahoo Finance chart API
2009-09-16,53.20000076293945,32.92681884765625,Yahoo Finance chart API
2009-09-17,53.150001525878906,32.895870208740234,Yahoo Finance chart API
2009-09-18,53.29999923706055,32.988712310791016,Yahoo Finance chart API
2009-09-21,53.150001525878906,32.895870208740234,Yahoo Finance chart API
2009-09-22,52.95000076293945,32.77208709716797,Yahoo Finance chart API
2009-09-23,52.70000076293945,32.61735916137695,Yahoo Finance chart API
2009-09-24,52.0,32.18411636352539,Yahoo Finance chart API
2009-09-25,52.349998474121094,32.400733947753906,Yahoo Finance chart API
2009-09-28,51.79999923706055,32.06032180786133,Yahoo Finance chart API
2009-09-29,52.849998474121094,32.7101936340332,Yahoo Finance chart API
2009-09-30,53.29999923706055,32.988712310791016,Yahoo Finance chart API
2009-10-01,53.650001525878906,33.20532989501953,Yahoo Finance chart API
2009-10-02,52.70000076293945,32.61735916137695,Yahoo Finance chart API
2009-10-05,52.650001525878906,32.58641052246094,Yahoo Finance chart API
2009-10-06,53.599998474121094,33.174381256103516,Yahoo Finance chart API
2009-10-07,53.900001525878906,33.360069274902344,Yahoo Finance chart API
2009-10-08,53.04999923706055,32.833984375,Yahoo Finance chart API
2009-10-09,53.349998474121094,33.019649505615234,Yahoo Finance chart API
2009-10-12,53.599998474121094,33.174381256103516,Yahoo Finance chart API
2009-10-13,53.70000076293945,33.23628616333008,Yahoo Finance chart API
2009-10-14,54.349998474121094,33.63857650756836,Yahoo Finance chart API
2009-10-15,54.650001525878906,33.82426452636719,Yahoo Finance chart API
2009-10-16,54.650001525878906,33.82426452636719,Yahoo Finance chart API
2009-10-19,54.849998474121094,33.94805145263672,Yahoo Finance chart API
2009-10-20,54.900001525878906,33.97898864746094,Yahoo Finance chart API
2009-10-21,54.5,33.73141860961914,Yahoo Finance chart API
2009-10-22,53.70000076293945,33.23628616333008,Yahoo Finance chart API
2009-10-23,53.25,32.95777130126953,Yahoo Finance chart API
2009-10-26,53.5,33.112491607666016,Yahoo Finance chart API
2009-10-27,53.400001525878906,33.05060577392578,Yahoo Finance chart API
2009-10-28,52.54999923706055,32.52451705932617,Yahoo Finance chart API
2009-10-29,51.54999923706055,31.90558433532715,Yahoo Finance chart API
2009-10-30,51.650001525878906,31.967472076416016,Yahoo Finance chart API
2009-11-02,51.349998474121094,31.781810760498047,Yahoo Finance chart API
2009-11-03,51.0,31.565183639526367,Yahoo Finance chart API
2009-11-04,51.95000076293945,32.15316390991211,Yahoo Finance chart API
2009-11-05,51.849998474121094,32.09127426147461,Yahoo Finance chart API
2009-11-06,52.25,32.338836669921875,Yahoo Finance chart API
2009-11-09,52.75,32.6483039855957,Yahoo Finance chart API
2009-11-10,53.150001525878906,32.895870208740234,Yahoo Finance chart API
2009-11-11,53.849998474121094,33.329124450683594,Yahoo Finance chart API
2009-11-12,53.79999923706055,33.29817199707031,Yahoo Finance chart API
2009-11-13,53.650001525878906,33.20532989501953,Yahoo Finance chart API
2009-11-16,54.54999923706055,33.76237106323242,Yahoo Finance chart API
2009-11-17,54.099998474121094,33.483848571777344,Yahoo Finance chart API
2009-11-18,54.150001525878906,33.51479721069336,Yahoo Finance chart API
2009-11-19,53.95000076293945,33.391014099121094,Yahoo Finance chart API
2009-11-20,53.45000076293945,33.08155059814453,Yahoo Finance chart API
2009-11-23,53.400001525878906,33.05060577392578,Yahoo Finance chart API
2009-11-24,53.650001525878906,33.20532989501953,Yahoo Finance chart API
2009-11-25,54.0,33.421958923339844,Yahoo Finance chart API
2009-11-26,53.849998474121094,33.329124450683594,Yahoo Finance chart API
2009-11-27,52.20000076293945,32.30789566040039,Yahoo Finance chart API
2009-11-30,52.70000076293945,32.61735916137695,Yahoo Finance chart API
2009-12-01,53.25,32.95777130126953,Yahoo Finance chart API
2009-12-02,53.400001525878906,33.05060577392578,Yahoo Finance chart API
2009-12-03,53.45000076293945,33.08155059814453,Yahoo Finance chart API
2009-12-04,53.099998474121094,32.86492919921875,Yahoo Finance chart API
2009-12-07,53.95000076293945,33.391014099121094,Yahoo Finance chart API
2009-12-08,53.70000076293945,33.23628616333008,Yahoo Finance chart API
2009-12-09,53.849998474121094,33.329124450683594,Yahoo Finance chart API
2009-12-10,53.0,32.80303192138672,Yahoo Finance chart API
2009-12-11,53.849998474121094,33.329124450683594,Yahoo Finance chart API
2009-12-14,53.900001525878906,33.360069274902344,Yahoo Finance chart API
2009-12-15,53.75,33.26722717285156,Yahoo Finance chart API
2009-12-16,53.20000076293945,32.92681884765625,Yahoo Finance chart API
2009-12-17,53.400001525878906,33.05060577392578,Yahoo Finance chart API
2009-12-18,53.25,32.95777130126953,Yahoo Finance chart API
2009-12-21,53.70000076293945,33.23628616333008,Yahoo Finance chart API
2009-12-22,54.150001525878906,33.51479721069336,Yahoo Finance chart API
2009-12-23,54.54999923706055,33.76237106323242,Yahoo Finance chart API
2009-12-24,55.099998474121094,34.10277557373047,Yahoo Finance chart API
2009-12-25,55.20000076293945,34.16466522216797,Yahoo Finance chart API
2009-12-28,55.599998474121094,34.4122314453125,Yahoo Finance chart API
2009-12-29,55.5,34.35034942626953,Yahoo Finance chart API
2009-12-30,55.70000076293945,34.4741325378418,Yahoo Finance chart API
2009-12-31,56.45000076293945,34.93832778930664,Yahoo Finance chart API
2010-01-04,56.5,34.969276428222656,Yahoo Finance chart API
2010-01-05,56.5,34.969276428222656,Yahoo Finance chart API
2010-01-06,57.54999923706055,35.619140625,Yahoo Finance chart API
2010-01-07,57.400001525878906,35.52630615234375,Yahoo Finance chart API
2010-01-08,57.75,35.74292755126953,Yahoo Finance chart API
2010-01-11,57.900001525878906,35.83577346801758,Yahoo Finance chart API
2010-01-12,57.599998474121094,35.650081634521484,Yahoo Finance chart API
2010-01-13,56.75,35.12400817871094,Yahoo Finance chart API
2010-01-14,57.45000076293945,35.5572509765625,Yahoo Finance chart API
2010-01-15,57.79999923706055,35.77387619018555,Yahoo Finance chart API
2010-01-18,57.5,35.588199615478516,Yahoo Finance chart API
2010-01-19,56.75,35.12400817871094,Yahoo Finance chart API
2010-01-20,56.400001525878906,34.907379150390625,Yahoo Finance chart API
2010-01-21,55.95000076293945,34.62886428833008,Yahoo Finance chart API
2010-01-22,54.400001525878906,33.66953659057617,Yahoo Finance chart API
2010-01-25,54.20000076293945,33.545745849609375,Yahoo Finance chart API
2010-01-26,52.95000076293945,32.77208709716797,Yahoo Finance chart API
2010-01-27,52.900001525878906,32.74114227294922,Yahoo Finance chart API
2010-01-28,54.04999923706055,33.45290756225586,Yahoo Finance chart API
2010-01-29,53.0,32.80303192138672,Yahoo Finance chart API
2010-02-01,52.400001525878906,32.431678771972656,Yahoo Finance chart API
2010-02-02,51.849998474121094,32.09127426147461,Yahoo Finance chart API
2010-02-03,52.75,32.6483039855957,Yahoo Finance chart API
2010-02-04,52.54999923706055,32.52451705932617,Yahoo Finance chart API
2010-02-05,50.75,31.41045379638672,Yahoo Finance chart API
2010-02-08,50.849998474121094,31.472328186035156,Yahoo Finance chart API
2010-02-09,51.54999923706055,31.90558433532715,Yahoo Finance chart API
2010-02-10,52.099998474121094,32.24599838256836,Yahoo Finance chart API
2010-02-22,52.599998474121094,32.55546569824219,Yahoo Finance chart API
2010-02-23,52.599998474121094,32.55546569824219,Yahoo Finance chart API
2010-02-24,52.25,32.338836669921875,Yahoo Finance chart API
2010-02-25,51.650001525878906,31.967472076416016,Yahoo Finance chart API
2010-02-26,51.54999923706055,31.90558433532715,Yahoo Finance chart API
2010-03-01,52.79999923706055,32.67923355102539,Yahoo Finance chart API
2010-03-02,52.650001525878906,32.58641052246094,Yahoo Finance chart API
2010-03-03,52.650001525878906,32.58641052246094,Yahoo Finance chart API
2010-03-04,52.20000076293945,32.30789566040039,Yahoo Finance chart API
2010-03-05,52.95000076293945,32.77208709716797,Yahoo Finance chart API
2010-03-08,53.650001525878906,33.20532989501953,Yahoo Finance chart API
2010-03-09,53.79999923706055,33.29817199707031,Yahoo Finance chart API
2010-03-10,53.79999923706055,33.29817199707031,Yahoo Finance chart API
2010-03-11,53.650001525878906,33.20532989501953,Yahoo Finance chart API
2010-03-12,53.599998474121094,33.174381256103516,Yahoo Finance chart API
2010-03-15,52.849998474121094,32.7101936340332,Yahoo Finance chart API
2010-03-16,53.099998474121094,32.86492919921875,Yahoo Finance chart API
2010-03-17,54.150001525878906,33.51479721069336,Yahoo Finance chart API
2010-03-18,54.400001525878906,33.66953659057617,Yahoo Finance chart API
2010-03-19,54.25,33.576690673828125,Yahoo Finance chart API
2010-03-22,53.70000076293945,33.23628616333008,Yahoo Finance chart API
2010-03-23,53.349998474121094,33.019649505615234,Yahoo Finance chart API
2010-03-24,53.5,33.112491607666016,Yahoo Finance chart API
2010-03-25,53.5,33.112491607666016,Yahoo Finance chart API
2010-03-26,54.0,33.421958923339844,Yahoo Finance chart API
2010-03-29,54.5,33.73141860961914,Yahoo Finance chart API
2010-03-30,54.45000076293945,33.70046615600586,Yahoo Finance chart API
2010-03-31,54.25,33.576690673828125,Yahoo Finance chart API
2010-04-01,54.75,33.88615417480469,Yahoo Finance chart API
2010-04-02,54.75,33.88615417480469,Yahoo Finance chart API
2010-04-06,55.29999923706055,34.226566314697266,Yahoo Finance chart API
2010-04-07,55.400001525878906,34.288455963134766,Yahoo Finance chart API
2010-04-08,55.04999923706055,34.07182312011719,Yahoo Finance chart API
2010-04-09,55.20000076293945,34.16466522216797,Yahoo Finance chart API
2010-04-12,55.45000076293945,34.319400787353516,Yahoo Finance chart API
2010-04-13,54.79999923706055,33.91709899902344,Yahoo Finance chart API
2010-04-14,55.20000076293945,34.16466522216797,Yahoo Finance chart API
2010-04-15,55.54999923706055,34.38129425048828,Yahoo Finance chart API
2010-04-16,55.20000076293945,34.16466522216797,Yahoo Finance chart API
2010-04-19,53.650001525878906,33.20532989501953,Yahoo Finance chart API
2010-04-20,53.849998474121094,33.329124450683594,Yahoo Finance chart API
2010-04-21,54.54999923706055,33.76237106323242,Yahoo Finance chart API
2010-04-22,54.45000076293945,33.70046615600586,Yahoo Finance chart API
2010-04-23,54.75,33.88615417480469,Yahoo Finance chart API
2010-04-26,55.900001525878906,34.59791564941406,Yahoo Finance chart API
2010-04-27,55.849998474121094,34.56697082519531,Yahoo Finance chart API
2010-04-28,55.25,34.195613861083984,Yahoo Finance chart API
2010-04-29,55.0,34.04088592529297,Yahoo Finance chart API
2010-04-30,54.79999923706055,33.91709899902344,Yahoo Finance chart API
2010-05-03,54.45000076293945,33.70046615600586,Yahoo Finance chart API
2010-05-04,54.5,33.73141860961914,Yahoo Finance chart API
2010-05-05,53.0,32.80303192138672,Yahoo Finance chart API
2010-05-06,51.95000076293945,32.15316390991211,Yahoo Finance chart API
2010-05-07,51.95000076293945,32.15316390991211,Yahoo Finance chart API
2010-05-10,52.400001525878906,32.431678771972656,Yahoo Finance chart API
2010-05-11,52.20000076293945,32.30789566040039,Yahoo Finance chart API
2010-05-12,52.099998474121094,32.24599838256836,Yahoo Finance chart API
2010-05-13,53.25,32.95777130126953,Yahoo Finance chart API
2010-05-14,53.099998474121094,32.86492919921875,Yahoo Finance chart API
2010-05-17,51.900001525878906,32.122215270996094,Yahoo Finance chart API
2010-05-18,52.0,32.18411636352539,Yahoo Finance chart API
2010-05-19,51.45000076293945,31.84369468688965,Yahoo Finance chart API
2010-05-20,50.79999923706055,31.441396713256836,Yahoo Finance chart API
2010-05-21,49.75,30.791526794433594,Yahoo Finance chart API
2010-05-24,50.45000076293945,31.224773406982422,Yahoo Finance chart API
2010-05-25,49.119998931884766,30.401596069335938,Yahoo Finance chart API
2010-05-26,49.31999969482422,30.525386810302734,Yahoo Finance chart API
2010-05-27,49.65999984741211,30.735815048217773,Yahoo Finance chart API
2010-05-28,49.869998931884766,30.86579132080078,Yahoo Finance chart API
2010-05-31,50.099998474121094,31.008146286010742,Yahoo Finance chart API
2010-06-01,49.83000183105469,30.841047286987305,Yahoo Finance chart API
2010-06-02,49.04999923706055,30.3582763671875,Yahoo Finance chart API
2010-06-03,50.20000076293945,31.070039749145508,Yahoo Finance chart API
2010-06-04,50.04999923706055,30.977203369140625,Yahoo Finance chart API
2010-06-07,48.7400016784668,30.16641616821289,Yahoo Finance chart API
2010-06-08,48.560001373291016,30.055002212524414,Yahoo Finance chart API
2010-06-09,48.18000030517578,29.819814682006836,Yahoo Finance chart API
2010-06-10,48.849998474121094,30.234493255615234,Yahoo Finance chart API
2010-06-11,49.619998931884766,30.711074829101562,Yahoo Finance chart API
2010-06-14,50.349998474121094,31.162885665893555,Yahoo Finance chart API
2010-06-15,50.70000076293945,31.379505157470703,Yahoo Finance chart API
2010-06-17,51.04999923706055,31.596134185791016,Yahoo Finance chart API
2010-06-18,50.900001525878906,31.503293991088867,Yahoo Finance chart API
2010-06-21,52.0,32.18411636352539,Yahoo Finance chart API
2010-06-22,51.70000076293945,31.99842643737793,Yahoo Finance chart API
2010-06-23,51.150001525878906,31.658029556274414,Yahoo Finance chart API
2010-06-24,51.29999923706055,31.7508602142334,Yahoo Finance chart API
2010-06-25,50.599998474121094,31.31761932373047,Yahoo Finance chart API
2010-06-28,50.79999923706055,31.441396713256836,Yahoo Finance chart API
2010-06-29,50.5,31.255718231201172,Yahoo Finance chart API
2010-06-30,49.54999923706055,30.66773796081543,Yahoo Finance chart API
2010-07-01,49.36000061035156,30.550142288208008,Yahoo Finance chart API
2010-07-02,49.4900016784668,30.630613327026367,Yahoo Finance chart API
2010-07-05,50.5,31.255718231201172,Yahoo Finance chart API
2010-07-06,51.400001525878906,31.81275749206543,Yahoo Finance chart API
2010-07-07,51.29999923706055,31.7508602142334,Yahoo Finance chart API
2010-07-08,52.04999923706055,32.215049743652344,Yahoo Finance chart API
2010-07-09,52.349998474121094,32.400733947753906,Yahoo Finance chart API
2010-07-12,52.29999923706055,32.36978530883789,Yahoo Finance chart API
2010-07-13,52.150001525878906,32.276947021484375,Yahoo Finance chart API
2010-07-14,53.150001525878906,32.895870208740234,Yahoo Finance chart API
2010-07-15,53.25,32.95777130126953,Yahoo Finance chart API
2010-07-16,52.900001525878906,32.74114227294922,Yahoo Finance chart API
2010-07-19,52.75,32.6483039855957,Yahoo Finance chart API
2010-07-20,53.20000076293945,32.92681884765625,Yahoo Finance chart API
2010-07-21,52.900001525878906,32.74114227294922,Yahoo Finance chart API
2010-07-22,52.95000076293945,32.77208709716797,Yahoo Finance chart API
2010-07-23,53.70000076293945,33.23628616333008,Yahoo Finance chart API
2010-07-26,53.849998474121094,33.329124450683594,Yahoo Finance chart API
2010-07-27,53.599998474121094,33.174381256103516,Yahoo Finance chart API
2010-07-28,54.04999923706055,33.45290756225586,Yahoo Finance chart API
2010-07-29,54.099998474121094,33.483848571777344,Yahoo Finance chart API
2010-07-30,53.900001525878906,33.360069274902344,Yahoo Finance chart API
2010-08-02,54.95000076293945,34.00994873046875,Yahoo Finance chart API
2010-08-03,55.20000076293945,34.16466522216797,Yahoo Finance chart API
2010-08-04,55.099998474121094,34.10277557373047,Yahoo Finance chart API
2010-08-05,55.04999923706055,34.07182312011719,Yahoo Finance chart API
2010-08-06,55.20000076293945,34.16466522216797,Yahoo Finance chart API
2010-08-09,55.5,34.35034942626953,Yahoo Finance chart API
2010-08-10,55.400001525878906,34.288455963134766,Yahoo Finance chart API
2010-08-11,54.70000076293945,33.8552131652832,Yahoo Finance chart API
2010-08-12,54.25,33.576690673828125,Yahoo Finance chart API
2010-08-13,54.849998474121094,33.94805145263672,Yahoo Finance chart API
2010-08-16,55.0,34.04088592529297,Yahoo Finance chart API
2010-08-17,54.95000076293945,34.00994873046875,Yahoo Finance chart API
2010-08-18,54.650001525878906,33.82426452636719,Yahoo Finance chart API
2010-08-19,54.95000076293945,34.00994873046875,Yahoo Finance chart API
2010-08-20,54.95000076293945,34.00994873046875,Yahoo Finance chart API
2010-08-23,55.29999923706055,34.226566314697266,Yahoo Finance chart API
2010-08-24,54.95000076293945,34.00994873046875,Yahoo Finance chart API
2010-08-25,53.95000076293945,33.391014099121094,Yahoo Finance chart API
2010-08-26,53.599998474121094,33.174381256103516,Yahoo Finance chart API
2010-08-27,53.849998474121094,33.329124450683594,Yahoo Finance chart API
2010-08-30,54.099998474121094,33.483848571777344,Yahoo Finance chart API
2010-08-31,53.29999923706055,32.988712310791016,Yahoo Finance chart API
2010-09-01,53.70000076293945,33.23628616333008,Yahoo Finance chart API
2010-09-02,54.0,33.421958923339844,Yahoo Finance chart API
2010-09-03,54.54999923706055,33.76237106323242,Yahoo Finance chart API
2010-09-06,54.95000076293945,34.00994873046875,Yahoo Finance chart API
2010-09-07,54.849998474121094,33.94805145263672,Yahoo Finance chart API
2010-09-08,54.75,33.88615417480469,Yahoo Finance chart API
2010-09-09,54.75,33.88615417480469,Yahoo Finance chart API
2010-09-10,55.25,34.195613861083984,Yahoo Finance chart API
2010-09-13,56.79999923706055,35.15494155883789,Yahoo Finance chart API
2010-09-14,57.0,35.27873229980469,Yahoo Finance chart API
2010-09-15,57.25,35.433475494384766,Yahoo Finance chart API
2010-09-16,56.650001525878906,35.06211471557617,Yahoo Finance chart API
2010-09-17,57.29999923706055,35.46440887451172,Yahoo Finance chart API
2010-09-20,57.25,35.433475494384766,Yahoo Finance chart API
2010-09-21,57.349998474121094,35.495361328125,Yahoo Finance chart API
2010-09-23,57.349998474121094,35.495361328125,Yahoo Finance chart API
2010-09-24,57.0,35.27873229980469,Yahoo Finance chart API
2010-09-27,57.5,35.588199615478516,Yahoo Finance chart API
2010-09-28,57.400001525878906,35.52630615234375,Yahoo Finance chart API
2010-09-29,57.79999923706055,35.77387619018555,Yahoo Finance chart API
2010-09-30,57.70000076293945,35.71198272705078,Yahoo Finance chart API
2010-10-01,57.75,35.74292755126953,Yahoo Finance chart API
2010-10-04,57.75,35.74292755126953,Yahoo Finance chart API
2010-10-05,57.400001525878906,35.52630615234375,Yahoo Finance chart API
2010-10-06,57.75,35.74292755126953,Yahoo Finance chart API
2010-10-07,57.95000076293945,35.8667106628418,Yahoo Finance chart API
2010-10-08,57.599998474121094,35.650081634521484,Yahoo Finance chart API
2010-10-11,56.95000076293945,35.247779846191406,Yahoo Finance chart API
2010-10-12,56.20000076293945,34.78358840942383,Yahoo Finance chart API
2010-10-13,56.54999923706055,35.000221252441406,Yahoo Finance chart API
2010-10-14,57.45000076293945,35.5572509765625,Yahoo Finance chart API
2010-10-15,57.349998474121094,35.495361328125,Yahoo Finance chart API
2010-10-18,56.20000076293945,34.78358840942383,Yahoo Finance chart API
2010-10-19,56.04999923706055,34.690757751464844,Yahoo Finance chart API
2010-10-20,56.70000076293945,35.093055725097656,Yahoo Finance chart API
2010-10-21,56.75,35.12400817871094,Yahoo Finance chart API
2010-10-22,57.099998474121094,35.34062957763672,Yahoo Finance chart API
2010-10-25,56.099998474121094,34.721710205078125,Yahoo Finance chart API
2010-10-26,56.349998474121094,34.87643814086914,Yahoo Finance chart API
2010-10-27,56.04999923706055,34.690757751464844,Yahoo Finance chart API
2010-10-28,56.5,34.969276428222656,Yahoo Finance chart API
2010-10-29,56.0,34.65980911254883,Yahoo Finance chart API
2010-11-01,56.79999923706055,35.15494155883789,Yahoo Finance chart API
2010-11-02,56.79999923706055,35.15494155883789,Yahoo Finance chart API
2010-11-03,56.70000076293945,35.093055725097656,Yahoo Finance chart API
2010-11-04,57.04999923706055,35.30968475341797,Yahoo Finance chart API
2010-11-05,57.650001525878906,35.6810302734375,Yahoo Finance chart API
2010-11-08,57.54999923706055,35.619140625,Yahoo Finance chart API
2010-11-09,57.70000076293945,35.71198272705078,Yahoo Finance chart API
2010-11-10,57.650001525878906,35.6810302734375,Yahoo Finance chart API
2010-11-11,57.5,35.588199615478516,Yahoo Finance chart API
2010-11-12,56.349998474121094,34.87643814086914,Yahoo Finance chart API
2010-11-15,56.150001525878906,34.75263977050781,Yahoo Finance chart API
2010-11-16,56.75,35.12400817871094,Yahoo Finance chart API
2010-11-17,56.5,34.969276428222656,Yahoo Finance chart API
2010-11-18,56.599998474121094,35.03116989135742,Yahoo Finance chart API
2010-11-19,56.650001525878906,35.06211471557617,Yahoo Finance chart API
2010-11-22,57.349998474121094,35.495361328125,Yahoo Finance chart API
2010-11-23,56.900001525878906,35.21684646606445,Yahoo Finance chart API
2010-11-24,56.849998474121094,35.18588638305664,Yahoo Finance chart API
2010-11-25,57.099998474121094,35.34062957763672,Yahoo Finance chart API
2010-11-26,56.79999923706055,35.15494155883789,Yahoo Finance chart API
2010-11-29,56.900001525878906,35.21684646606445,Yahoo Finance chart API
2010-11-30,57.099998474121094,35.34062957763672,Yahoo Finance chart API
2010-12-01,58.0,35.89765548706055,Yahoo Finance chart API
2010-12-02,58.45000076293945,36.176177978515625,Yahoo Finance chart API
2010-12-03,59.0,36.51659393310547,Yahoo Finance chart API
2010-12-06,59.150001525878906,36.60942077636719,Yahoo Finance chart API
2010-12-07,59.099998474121094,36.57847595214844,Yahoo Finance chart API
2010-12-08,59.099998474121094,36.57847595214844,Yahoo Finance chart API
2010-12-09,59.70000076293945,36.94983673095703,Yahoo Finance chart API
2010-12-10,59.29999923706055,36.70225524902344,Yahoo Finance chart API
2010-12-13,59.45000076293945,36.795101165771484,Yahoo Finance chart API
2010-12-14,59.29999923706055,36.70225524902344,Yahoo Finance chart API
2010-12-15,59.599998474121094,36.887935638427734,Yahoo Finance chart API
2010-12-16,59.70000076293945,36.94983673095703,Yahoo Finance chart API
2010-12-17,60.20000076293945,37.25928497314453,Yahoo Finance chart API
2010-12-20,59.900001525878906,37.0736198425293,Yahoo Finance chart API
2010-12-21,60.04999923706055,37.16645812988281,Yahoo Finance chart API
2010-12-22,60.04999923706055,37.16645812988281,Yahoo Finance chart API
2010-12-23,60.45000076293945,37.41402053833008,Yahoo Finance chart API
2010-12-24,60.20000076293945,37.25928497314453,Yahoo Finance chart API
2010-12-27,60.45000076293945,37.41402053833008,Yahoo Finance chart API
2010-12-28,60.349998474121094,37.35213088989258,Yahoo Finance chart API
2010-12-29,60.5,37.44498062133789,Yahoo Finance chart API
2010-12-30,60.79999923706055,37.63064956665039,Yahoo Finance chart API
2010-12-31,61.400001525878906,38.00200653076172,Yahoo Finance chart API
2011-01-03,61.45000076293945,38.03294372558594,Yahoo Finance chart API
2011-01-04,61.29999923706055,37.94011306762695,Yahoo Finance chart API
2011-01-05,60.29999923706055,37.32118225097656,Yahoo Finance chart API
2011-01-06,60.20000076293945,37.25928497314453,Yahoo Finance chart API
2011-01-07,59.650001525878906,36.91888427734375,Yahoo Finance chart API
2011-01-10,59.849998474121094,37.04267883300781,Yahoo Finance chart API
2011-01-11,60.849998474121094,37.66160583496094,Yahoo Finance chart API
2011-01-12,61.099998474121094,37.81632614135742,Yahoo Finance chart API
2011-01-13,61.04999923706055,37.78537368774414,Yahoo Finance chart API
2011-01-14,61.0,37.75442886352539,Yahoo Finance chart API
2011-01-17,60.849998474121094,37.66160583496094,Yahoo Finance chart API
2011-01-18,61.349998474121094,37.9710578918457,Yahoo Finance chart API
2011-01-19,62.04999923706055,38.40430450439453,Yahoo Finance chart API
2011-01-20,61.650001525878906,38.156742095947266,Yahoo Finance chart API
2011-01-21,61.0,37.75442886352539,Yahoo Finance chart API
2011-01-24,60.95000076293945,37.723487854003906,Yahoo Finance chart API
2011-01-25,61.45000076293945,38.03294372558594,Yahoo Finance chart API
2011-01-26,62.0,38.373355865478516,Yahoo Finance chart API
2011-01-27,62.45000076293945,38.651878356933594,Yahoo Finance chart API
2011-01-28,63.0,38.99228286743164,Yahoo Finance chart API
2011-02-08,62.599998474121094,38.744720458984375,Yahoo Finance chart API
2011-02-09,62.0,38.373355865478516,Yahoo Finance chart API
2011-02-10,60.849998474121094,37.66160583496094,Yahoo Finance chart API
2011-02-11,58.900001525878906,36.45469284057617,Yahoo Finance chart API
2011-02-14,59.400001525878906,36.76415252685547,Yahoo Finance chart API
2011-02-15,59.75,36.98078536987305,Yahoo Finance chart API
2011-02-16,59.849998474121094,37.04267883300781,Yahoo Finance chart API
2011-02-17,59.650001525878906,36.91888427734375,Yahoo Finance chart API
2011-02-18,60.650001525878906,37.537811279296875,Yahoo Finance chart API
2011-02-21,60.650001525878906,37.537811279296875,Yahoo Finance chart API
2011-02-22,59.849998474121094,37.04267883300781,Yahoo Finance chart API
2011-02-23,59.0,36.51659393310547,Yahoo Finance chart API
2011-02-24,59.0,36.51659393310547,Yahoo Finance chart API
2011-02-25,59.5,36.826045989990234,Yahoo Finance chart API
2011-03-01,59.95000076293945,37.10456085205078,Yahoo Finance chart API
2011-03-02,59.45000076293945,36.795101165771484,Yahoo Finance chart API
2011-03-03,60.20000076293945,37.25928497314453,Yahoo Finance chart API
2011-03-04,60.650001525878906,37.537811279296875,Yahoo Finance chart API
2011-03-07,60.20000076293945,37.25928497314453,Yahoo Finance chart API
2011-03-08,60.25,37.29023361206055,Yahoo Finance chart API
2011-03-09,60.20000076293945,37.25928497314453,Yahoo Finance chart API
2011-03-10,59.5,36.826045989990234,Yahoo Finance chart API
2011-03-11,58.849998474121094,36.42374038696289,Yahoo Finance chart API
2011-03-14,58.79999923706055,36.39278793334961,Yahoo Finance chart API
2011-03-15,57.5,35.588199615478516,Yahoo Finance chart API
2011-03-16,57.29999923706055,35.46440887451172,Yahoo Finance chart API
2011-03-17,57.29999923706055,35.46440887451172,Yahoo Finance chart API
2011-03-18,57.75,35.74292755126953,Yahoo Finance chart API
2011-03-21,58.099998474121094,35.95954132080078,Yahoo Finance chart API
2011-03-22,58.400001525878906,36.145225524902344,Yahoo Finance chart API
2011-03-23,58.5,36.207122802734375,Yahoo Finance chart API
2011-03-24,58.75,36.361846923828125,Yahoo Finance chart API
2011-03-25,59.349998474121094,36.73321533203125,Yahoo Finance chart API
2011-03-28,59.150001525878906,36.60942077636719,Yahoo Finance chart API
2011-03-29,59.25,36.67131805419922,Yahoo Finance chart API
2011-03-30,59.599998474121094,36.887935638427734,Yahoo Finance chart API
2011-03-31,59.54999923706055,36.85698699951172,Yahoo Finance chart API
2011-04-01,59.849998474121094,37.04267883300781,Yahoo Finance chart API
2011-04-06,61.150001525878906,37.8472785949707,Yahoo Finance chart API
2011-04-07,61.29999923706055,37.94011306762695,Yahoo Finance chart API
2011-04-08,61.099998474121094,37.81632614135742,Yahoo Finance chart API
2011-04-11,61.099998474121094,37.81632614135742,Yahoo Finance chart API
2011-04-12,60.04999923706055,37.16645812988281,Yahoo Finance chart API
2011-04-13,60.400001525878906,37.383079528808594,Yahoo Finance chart API
2011-04-14,60.349998474121094,37.35213088989258,Yahoo Finance chart API
2011-04-15,59.650001525878906,36.91888427734375,Yahoo Finance chart API
2011-04-18,59.54999923706055,36.85698699951172,Yahoo Finance chart API
2011-04-19,59.20000076293945,36.640377044677734,Yahoo Finance chart API
2011-04-20,60.29999923706055,37.32118225097656,Yahoo Finance chart API
2011-04-21,61.70000076293945,38.18768310546875,Yahoo Finance chart API
2011-04-22,61.599998474121094,38.12579345703125,Yahoo Finance chart API
2011-04-25,61.45000076293945,38.03294372558594,Yahoo Finance chart API
2011-04-26,61.20000076293945,37.87822341918945,Yahoo Finance chart API
2011-04-27,62.150001525878906,38.46619415283203,Yahoo Finance chart API
2011-04-28,62.150001525878906,38.46619415283203,Yahoo Finance chart API
2011-04-29,62.0,38.373355865478516,Yahoo Finance chart API
2011-05-03,62.150001525878906,38.46619415283203,Yahoo Finance chart API
2011-05-04,61.79999923706055,38.249576568603516,Yahoo Finance chart API
2011-05-05,62.25,38.52809524536133,Yahoo Finance chart API
2011-05-06,61.95000076293945,38.3424186706543,Yahoo Finance chart API
2011-05-09,62.29999923706055,38.55904006958008,Yahoo Finance chart API
2011-05-10,62.29999923706055,38.55904006958008,Yahoo Finance chart API
2011-05-11,62.04999923706055,38.40430450439453,Yahoo Finance chart API
2011-05-12,62.25,38.52809524536133,Yahoo Finance chart API
2011-05-13,62.04999923706055,38.40430450439453,Yahoo Finance chart API
2011-05-16,61.29999923706055,37.94011306762695,Yahoo Finance chart API
2011-05-17,61.25,37.90916061401367,Yahoo Finance chart API
2011-05-18,61.599998474121094,38.12579345703125,Yahoo Finance chart API
2011-05-19,61.04999923706055,37.78537368774414,Yahoo Finance chart API
2011-05-20,61.099998474121094,37.81632614135742,Yahoo Finance chart API
2011-05-23,60.349998474121094,37.35213088989258,Yahoo Finance chart API
2011-05-24,60.45000076293945,37.41402053833008,Yahoo Finance chart API
2011-05-25,60.25,37.29023361206055,Yahoo Finance chart API
2011-05-26,60.849998474121094,37.66160583496094,Yahoo Finance chart API
2011-05-27,60.599998474121094,37.506866455078125,Yahoo Finance chart API
2011-05-30,60.5,37.44498062133789,Yahoo Finance chart API
2011-05-31,62.0,38.373355865478516,Yahoo Finance chart API
2011-06-01,62.349998474121094,38.5899772644043,Yahoo Finance chart API
2011-06-02,61.900001525878906,38.311458587646484,Yahoo Finance chart API
2011-06-03,62.20000076293945,38.49715042114258,Yahoo Finance chart API
2011-06-07,62.20000076293945,38.49715042114258,Yahoo Finance chart API
2011-06-08,62.0,38.373355865478516,Yahoo Finance chart API
2011-06-09,62.0,38.373355865478516,Yahoo Finance chart API
2011-06-10,60.54999923706055,37.47592544555664,Yahoo Finance chart API
2011-06-13,59.75,36.98078536987305,Yahoo Finance chart API
2011-06-14,60.75,37.59969711303711,Yahoo Finance chart API
2011-06-15,60.5,37.44498062133789,Yahoo Finance chart API
2011-06-16,59.400001525878906,36.76415252685547,Yahoo Finance chart API
2011-06-17,59.20000076293945,36.640377044677734,Yahoo Finance chart API
2011-06-20,58.599998474121094,36.26901626586914,Yahoo Finance chart API
2011-06-21,59.04999923706055,36.54752731323242,Yahoo Finance chart API
2011-06-22,59.20000076293945,36.640377044677734,Yahoo Finance chart API
2011-06-23,58.650001525878906,36.29996109008789,Yahoo Finance chart API
2011-06-24,58.20000076293945,36.021453857421875,Yahoo Finance chart API
2011-06-27,57.79999923706055,35.77387619018555,Yahoo Finance chart API
2011-06-28,57.650001525878906,35.6810302734375,Yahoo Finance chart API
2011-06-29,58.650001525878906,36.29996109008789,Yahoo Finance chart API
2011-06-30,58.849998474121094,36.42374038696289,Yahoo Finance chart API
2011-07-01,59.70000076293945,36.94983673095703,Yahoo Finance chart API
2011-07-04,60.04999923706055,37.16645812988281,Yahoo Finance chart API
2011-07-05,59.95000076293945,37.10456085205078,Yahoo Finance chart API
2011-07-06,60.599998474121094,37.506866455078125,Yahoo Finance chart API
2011-07-07,60.349998474121094,37.35213088989258,Yahoo Finance chart API
2011-07-08,60.04999923706055,37.16645812988281,Yahoo Finance chart API
2011-07-11,59.650001525878906,36.91888427734375,Yahoo Finance chart API
2011-07-12,58.70000076293945,36.330909729003906,Yahoo Finance chart API
2011-07-13,58.70000076293945,36.330909729003906,Yahoo Finance chart API
2011-07-14,58.900001525878906,36.45469284057617,Yahoo Finance chart API
2011-07-15,59.20000076293945,36.640377044677734,Yahoo Finance chart API
2011-07-18,59.0,36.51659393310547,Yahoo Finance chart API
2011-07-19,58.900001525878906,36.45469284057617,Yahoo Finance chart API
2011-07-20,60.45000076293945,37.41402053833008,Yahoo Finance chart API
2011-07-21,60.599998474121094,37.506866455078125,Yahoo Finance chart API
2011-07-22,61.0,37.75442886352539,Yahoo Finance chart API
2011-07-25,60.400001525878906,37.383079528808594,Yahoo Finance chart API
2011-07-26,61.20000076293945,37.87822341918945,Yahoo Finance chart API
2011-07-27,61.349998474121094,37.9710578918457,Yahoo Finance chart API
2011-07-28,60.849998474121094,37.66160583496094,Yahoo Finance chart API
2011-07-29,59.900001525878906,37.0736198425293,Yahoo Finance chart API
2011-08-01,60.349998474121094,37.35213088989258,Yahoo Finance chart API
2011-08-02,59.54999923706055,36.85698699951172,Yahoo Finance chart API
2011-08-03,58.599998474121094,36.26901626586914,Yahoo Finance chart API
2011-08-04,57.849998474121094,35.80482482910156,Yahoo Finance chart API
2011-08-05,54.45000076293945,33.70046615600586,Yahoo Finance chart API
2011-08-08,53.5,33.112491607666016,Yahoo Finance chart API
2011-08-09,53.0,32.80303192138672,Yahoo Finance chart API
2011-08-10,54.099998474121094,33.483848571777344,Yahoo Finance chart API
2011-08-11,54.099998474121094,33.483848571777344,Yahoo Finance chart API
2011-08-12,53.54999923706055,33.14344024658203,Yahoo Finance chart API
2011-08-15,54.599998474121094,33.793312072753906,Yahoo Finance chart API
2011-08-16,54.349998474121094,33.63857650756836,Yahoo Finance chart API
2011-08-17,53.95000076293945,33.391014099121094,Yahoo Finance chart API
2011-08-18,52.95000076293945,32.77208709716797,Yahoo Finance chart API
2011-08-19,51.099998474121094,31.627079010009766,Yahoo Finance chart API
2011-08-22,51.5,31.874652862548828,Yahoo Finance chart API
2011-08-23,53.29999923706055,32.988712310791016,Yahoo Finance chart API
2011-08-24,52.599998474121094,32.55546569824219,Yahoo Finance chart API
2011-08-25,52.349998474121094,32.400733947753906,Yahoo Finance chart API
2011-08-26,53.04999923706055,32.833984375,Yahoo Finance chart API
2011-08-29,53.79999923706055,33.29817199707031,Yahoo Finance chart API
2011-08-30,54.20000076293945,33.545745849609375,Yahoo Finance chart API
2011-08-31,54.54999923706055,33.76237106323242,Yahoo Finance chart API
2011-09-01,55.150001525878906,34.13371658325195,Yahoo Finance chart API
2011-09-02,55.150001525878906,34.13371658325195,Yahoo Finance chart API
2011-09-05,53.599998474121094,33.174381256103516,Yahoo Finance chart API
2011-09-06,52.54999923706055,32.52451705932617,Yahoo Finance chart API
2011-09-07,53.54999923706055,33.14344024658203,Yahoo Finance chart API
2011-09-08,53.70000076293945,33.23628616333008,Yahoo Finance chart API
2011-09-09,54.150001525878906,33.51479721069336,Yahoo Finance chart API
2011-09-13,52.650001525878906,32.58641052246094,Yahoo Finance chart API
2011-09-14,51.599998474121094,31.936538696289062,Yahoo Finance chart API
2011-09-15,52.849998474121094,32.7101936340332,Yahoo Finance chart API
2011-09-16,54.099998474121094,33.483848571777344,Yahoo Finance chart API
2011-09-19,53.20000076293945,32.92681884765625,Yahoo Finance chart API
2011-09-20,53.400001525878906,33.05060577392578,Yahoo Finance chart API
2011-09-21,53.599998474121094,33.174381256103516,Yahoo Finance chart API
2011-09-22,52.099998474121094,32.24599838256836,Yahoo Finance chart API
2011-09-23,50.349998474121094,31.162885665893555,Yahoo Finance chart API
2011-09-26,49.31999969482422,30.525386810302734,Yahoo Finance chart API
2011-09-27,51.099998474121094,31.627079010009766,Yahoo Finance chart API
2011-09-28,51.150001525878906,31.658029556274414,Yahoo Finance chart API
2011-09-29,51.599998474121094,31.936538696289062,Yahoo Finance chart API
2011-09-30,51.650001525878906,31.967472076416016,Yahoo Finance chart API
2011-10-03,50.29999923706055,31.131933212280273,Yahoo Finance chart API
2011-10-04,50.75,31.41045379638672,Yahoo Finance chart API
2011-10-05,50.25,31.100990295410156,Yahoo Finance chart API
2011-10-06,51.25,31.71992301940918,Yahoo Finance chart API
2011-10-07,51.54999923706055,31.90558433532715,Yahoo Finance chart API
2011-10-11,53.0,32.80303192138672,Yahoo Finance chart API
2011-10-12,52.849998474121094,32.7101936340332,Yahoo Finance chart API
2011-10-13,52.79999923706055,32.67923355102539,Yahoo Finance chart API
2011-10-14,52.45000076293945,32.462623596191406,Yahoo Finance chart API
2011-10-17,53.099998474121094,32.86492919921875,Yahoo Finance chart API
2011-10-18,52.54999923706055,32.52451705932617,Yahoo Finance chart API
2011-10-19,52.349998474121094,32.400733947753906,Yahoo Finance chart API
2011-10-20,51.75,32.029380798339844,Yahoo Finance chart API
2011-10-21,51.95000076293945,32.15316390991211,Yahoo Finance chart API
2011-10-24,53.599998474121094,33.174381256103516,Yahoo Finance chart API
2011-10-25,53.599998474121094,33.174381256103516,Yahoo Finance chart API
2011-10-26,52.150001525878906,32.276947021484375,Yahoo Finance chart API
2011-10-27,52.25,32.338836669921875,Yahoo Finance chart API
2011-10-28,52.400001525878906,32.431678771972656,Yahoo Finance chart API
2011-10-31,52.20000076293945,32.30789566040039,Yahoo Finance chart API
2011-11-01,52.54999923706055,32.52451705932617,Yahoo Finance chart API
2011-11-02,52.400001525878906,32.431678771972656,Yahoo Finance chart API
2011-11-03,51.45000076293945,31.84369468688965,Yahoo Finance chart API
2011-11-04,52.29999923706055,32.36978530883789,Yahoo Finance chart API
2011-11-07,52.400001525878906,32.431678771972656,Yahoo Finance chart API
2011-11-08,52.150001525878906,32.276947021484375,Yahoo Finance chart API
2011-11-09,52.20000076293945,32.30789566040039,Yahoo Finance chart API
2011-11-10,50.54999923706055,31.286666870117188,Yahoo Finance chart API
2011-11-11,50.900001525878906,31.503293991088867,Yahoo Finance chart API
2011-11-14,52.150001525878906,32.276947021484375,Yahoo Finance chart API
2011-11-15,51.849998474121094,32.09127426147461,Yahoo Finance chart API
2011-11-16,51.20000076293945,31.68896484375,Yahoo Finance chart API
2011-11-17,51.349998474121094,31.781810760498047,Yahoo Finance chart API
2011-11-18,50.29999923706055,31.131933212280273,Yahoo Finance chart API
2011-11-21,49.22999954223633,30.469680786132812,Yahoo Finance chart API
2011-11-22,49.02000045776367,30.339710235595703,Yahoo Finance chart API
2011-11-23,47.849998474121094,29.615570068359375,Yahoo Finance chart API
2011-11-24,47.86000061035156,29.621755599975586,Yahoo Finance chart API
2011-11-25,47.439998626708984,29.361806869506836,Yahoo Finance chart API
2011-11-28,48.290000915527344,29.887897491455078,Yahoo Finance chart API
2011-11-29,48.720001220703125,30.154029846191406,Yahoo Finance chart API
2011-11-30,48.08000183105469,29.7579288482666,Yahoo Finance chart API
2011-12-01,50.29999923706055,31.131933212280273,Yahoo Finance chart API
2011-12-02,49.81999969482422,30.834842681884766,Yahoo Finance chart API
2011-12-05,49.65999984741211,30.735815048217773,Yahoo Finance chart API
2011-12-06,48.689998626708984,30.135465621948242,Yahoo Finance chart API
2011-12-07,49.20000076293945,30.451120376586914,Yahoo Finance chart API
2011-12-08,48.86000061035156,30.240686416625977,Yahoo Finance chart API
2011-12-09,48.2400016784668,29.856950759887695,Yahoo Finance chart API
2011-12-12,48.79999923706055,30.20354652404785,Yahoo Finance chart API
2011-12-13,48.54999923706055,30.048810958862305,Yahoo Finance chart API
2011-12-14,48.59000015258789,30.073575973510742,Yahoo Finance chart API
2011-12-15,47.5,29.398948669433594,Yahoo Finance chart API
2011-12-16,47.70000076293945,29.522727966308594,Yahoo Finance chart API
2011-12-19,46.7400016784668,28.928564071655273,Yahoo Finance chart API
2011-12-20,47.0,29.0894832611084,Yahoo Finance chart API
2011-12-21,49.279998779296875,30.500629425048828,Yahoo Finance chart API
2011-12-22,49.15999984741211,30.426366806030273,Yahoo Finance chart API
2011-12-23,50.0,30.94626235961914,Yahoo Finance chart API
2011-12-26,49.95000076293945,30.915313720703125,Yahoo Finance chart API
2011-12-27,49.849998474121094,30.85341453552246,Yahoo Finance chart API
2011-12-28,49.56999969482422,30.680116653442383,Yahoo Finance chart API
2011-12-29,49.61000061035156,30.704877853393555,Yahoo Finance chart API
2011-12-30,49.810001373291016,30.828664779663086,Yahoo Finance chart API
2012-01-02,49.060001373291016,30.364465713500977,Yahoo Finance chart API
2012-01-03,49.70000076293945,30.760583877563477,Yahoo Finance chart API
2012-01-04,50.0,30.94626235961914,Yahoo Finance chart API
2012-01-05,50.150001525878906,31.039098739624023,Yahoo Finance chart API
2012-01-06,50.0,30.94626235961914,Yahoo Finance chart API
2012-01-09,49.810001373291016,30.828664779663086,Yahoo Finance chart API
2012-01-10,50.70000076293945,31.379505157470703,Yahoo Finance chart API
2012-01-11,50.650001525878906,31.348562240600586,Yahoo Finance chart API
2012-01-12,50.75,31.41045379638672,Yahoo Finance chart API
2012-01-13,50.849998474121094,31.472328186035156,Yahoo Finance chart API
2012-01-16,50.04999923706055,30.977203369140625,Yahoo Finance chart API
2012-01-17,50.54999923706055,31.286666870117188,Yahoo Finance chart API
2012-01-18,50.400001525878906,31.193832397460938,Yahoo Finance chart API
2012-01-30,51.79999923706055,32.06032180786133,Yahoo Finance chart API
2012-01-31,51.95000076293945,32.15316390991211,Yahoo Finance chart API
2012-02-01,52.29999923706055,32.36978530883789,Yahoo Finance chart API
2012-02-02,52.900001525878906,32.74114227294922,Yahoo Finance chart API
2012-02-03,53.04999923706055,32.833984375,Yahoo Finance chart API
2012-02-06,53.20000076293945,32.92681884765625,Yahoo Finance chart API
2012-02-07,53.29999923706055,32.988712310791016,Yahoo Finance chart API
2012-02-08,54.45000076293945,33.70046615600586,Yahoo Finance chart API
2012-02-09,54.400001525878906,33.66953659057617,Yahoo Finance chart API
2012-02-10,53.95000076293945,33.391014099121094,Yahoo Finance chart API
2012-02-13,54.20000076293945,33.545745849609375,Yahoo Finance chart API
2012-02-14,54.0,33.421958923339844,Yahoo Finance chart API
2012-02-15,54.900001525878906,33.97898864746094,Yahoo Finance chart API
2012-02-16,54.25,33.576690673828125,Yahoo Finance chart API
2012-02-17,54.75,33.88615417480469,Yahoo Finance chart API
2012-02-20,54.70000076293945,33.8552131652832,Yahoo Finance chart API
2012-02-21,54.5,33.73141860961914,Yahoo Finance chart API
2012-02-22,54.849998474121094,33.94805145263672,Yahoo Finance chart API
2012-02-23,54.599998474121094,33.793312072753906,Yahoo Finance chart API
2012-02-24,54.75,33.88615417480469,Yahoo Finance chart API
2012-02-29,56.0,34.65980911254883,Yahoo Finance chart API
2012-03-01,55.900001525878906,34.59791564941406,Yahoo Finance chart API
2012-03-02,55.599998474121094,34.4122314453125,Yahoo Finance chart API
2012-03-05,54.849998474121094,33.94805145263672,Yahoo Finance chart API
2012-03-06,54.599998474121094,33.793312072753906,Yahoo Finance chart API
2012-03-07,54.400001525878906,33.66953659057617,Yahoo Finance chart API
2012-03-08,54.70000076293945,33.8552131652832,Yahoo Finance chart API
2012-03-09,54.95000076293945,34.00994873046875,Yahoo Finance chart API
2012-03-12,54.349998474121094,33.63857650756836,Yahoo Finance chart API
2012-03-13,55.099998474121094,34.10277557373047,Yahoo Finance chart API
2012-03-14,55.900001525878906,34.59791564941406,Yahoo Finance chart API
2012-03-15,55.650001525878906,34.44318771362305,Yahoo Finance chart API
2012-03-16,55.400001525878906,34.288455963134766,Yahoo Finance chart API
2012-03-19,55.25,34.195613861083984,Yahoo Finance chart API
2012-03-20,54.849998474121094,33.94805145263672,Yahoo Finance chart API
2012-03-21,54.849998474121094,33.94805145263672,Yahoo Finance chart API
2012-03-22,55.599998474121094,34.4122314453125,Yahoo Finance chart API
2012-03-23,55.45000076293945,34.319400787353516,Yahoo Finance chart API
2012-03-26,54.54999923706055,33.76237106323242,Yahoo Finance chart API
2012-03-27,55.25,34.195613861083984,Yahoo Finance chart API
2012-03-28,55.45000076293945,34.319400787353516,Yahoo Finance chart API
2012-03-29,54.70000076293945,33.8552131652832,Yahoo Finance chart API
2012-03-30,54.900001525878906,33.97898864746094,Yahoo Finance chart API
2012-04-02,54.70000076293945,33.8552131652832,Yahoo Finance chart API
2012-04-03,54.25,33.576690673828125,Yahoo Finance chart API
2012-04-05,53.650001525878906,33.20532989501953,Yahoo Finance chart API
2012-04-06,53.75,33.26722717285156,Yahoo Finance chart API
2012-04-09,53.099998474121094,32.86492919921875,Yahoo Finance chart API
2012-04-10,53.099998474121094,32.86492919921875,Yahoo Finance chart API
2012-04-11,53.29999923706055,32.988712310791016,Yahoo Finance chart API
2012-04-12,53.349998474121094,33.019649505615234,Yahoo Finance chart API
2012-04-13,53.95000076293945,33.391014099121094,Yahoo Finance chart API
2012-04-16,53.79999923706055,33.29817199707031,Yahoo Finance chart API
2012-04-17,52.900001525878906,32.74114227294922,Yahoo Finance chart API
2012-04-18,53.0,32.80303192138672,Yahoo Finance chart API
2012-04-19,53.04999923706055,32.833984375,Yahoo Finance chart API
2012-04-20,52.349998474121094,32.400733947753906,Yahoo Finance chart API
2012-04-23,52.29999923706055,32.36978530883789,Yahoo Finance chart API
2012-04-24,52.400001525878906,32.431678771972656,Yahoo Finance chart API
2012-04-25,52.70000076293945,32.61735916137695,Yahoo Finance chart API
2012-04-26,52.29999923706055,32.36978530883789,Yahoo Finance chart API
2012-04-27,52.20000076293945,32.30789566040039,Yahoo Finance chart API
2012-04-30,52.04999923706055,32.215049743652344,Yahoo Finance chart API
2012-05-02,53.349998474121094,33.019649505615234,Yahoo Finance chart API
2012-05-03,53.099998474121094,32.86492919921875,Yahoo Finance chart API
2012-05-04,53.20000076293945,32.92681884765625,Yahoo Finance chart API
2012-05-07,52.04999923706055,32.215049743652344,Yahoo Finance chart API
2012-05-08,52.04999923706055,32.215049743652344,Yahoo Finance chart API
2012-05-09,51.70000076293945,31.99842643737793,Yahoo Finance chart API
2012-05-10,51.70000076293945,31.99842643737793,Yahoo Finance chart API
2012-05-11,51.150001525878906,31.658029556274414,Yahoo Finance chart API
2012-05-14,51.20000076293945,31.68896484375,Yahoo Finance chart API
2012-05-15,51.20000076293945,31.68896484375,Yahoo Finance chart API
2012-05-16,50.20000076293945,31.070039749145508,Yahoo Finance chart API
2012-05-17,50.79999923706055,31.441396713256836,Yahoo Finance chart API
2012-05-18,49.66999816894531,30.742015838623047,Yahoo Finance chart API
2012-05-21,49.95000076293945,30.915313720703125,Yahoo Finance chart API
2012-05-22,50.400001525878906,31.193832397460938,Yahoo Finance chart API
2012-05-23,49.4900016784668,30.630613327026367,Yahoo Finance chart API
2012-05-24,49.380001068115234,30.562519073486328,Yahoo Finance chart API
2012-05-25,49.0099983215332,30.33351707458496,Yahoo Finance chart API
2012-05-28,49.470001220703125,30.61823081970215,Yahoo Finance chart API
2012-05-29,50.70000076293945,31.379505157470703,Yahoo Finance chart API
2012-05-30,50.099998474121094,31.008146286010742,Yahoo Finance chart API
2012-05-31,50.150001525878906,31.039098739624023,Yahoo Finance chart API
2012-06-01,49.150001525878906,30.420175552368164,Yahoo Finance chart API
2012-06-04,47.68000030517578,29.51035499572754,Yahoo Finance chart API
2012-06-05,48.29999923706055,29.894081115722656,Yahoo Finance chart API
2012-06-06,48.630001068115234,30.09833335876465,Yahoo Finance chart API
2012-06-07,48.7400016784668,30.16641616821289,Yahoo Finance chart API
2012-06-08,48.0,29.708406448364258,Yahoo Finance chart API
2012-06-11,48.9900016784668,30.321149826049805,Yahoo Finance chart API
2012-06-12,48.61000061035156,30.085952758789062,Yahoo Finance chart API
2012-06-13,48.709999084472656,30.147844314575195,Yahoo Finance chart API
2012-06-14,48.779998779296875,30.19116973876953,Yahoo Finance chart API
2012-06-15,49.400001525878906,30.574899673461914,Yahoo Finance chart API
2012-06-18,50.20000076293945,31.070039749145508,Yahoo Finance chart API
2012-06-19,49.90999984741211,30.890560150146484,Yahoo Finance chart API
2012-06-20,50.45000076293945,31.224773406982422,Yahoo Finance chart API
2012-06-21,50.150001525878906,31.039098739624023,Yahoo Finance chart API
2012-06-22,49.560001373291016,30.673931121826172,Yahoo Finance chart API
2012-06-25,49.20000076293945,30.451120376586914,Yahoo Finance chart API
2012-06-26,48.9900016784668,30.321149826049805,Yahoo Finance chart API
2012-06-27,49.45000076293945,30.605850219726562,Yahoo Finance chart API
2012-06-28,49.529998779296875,30.65536880493164,Yahoo Finance chart API
2012-06-29,50.20000076293945,31.070039749145508,Yahoo Finance chart API
2012-07-02,50.599998474121094,31.31761932373047,Yahoo Finance chart API
2012-07-03,51.20000076293945,31.68896484375,Yahoo Finance chart API
2012-07-04,51.400001525878906,31.81275749206543,Yahoo Finance chart API
2012-07-05,51.29999923706055,31.7508602142334,Yahoo Finance chart API
2012-07-06,51.0,31.565183639526367,Yahoo Finance chart API
2012-07-09,50.95000076293945,31.53423309326172,Yahoo Finance chart API
2012-07-10,50.400001525878906,31.193832397460938,Yahoo Finance chart API
2012-07-11,50.54999923706055,31.286666870117188,Yahoo Finance chart API
2012-07-12,49.650001525878906,30.72964096069336,Yahoo Finance chart API
2012-07-13,49.5,30.63678741455078,Yahoo Finance chart API
2012-07-16,49.5,30.63678741455078,Yahoo Finance chart API
2012-07-17,49.849998474121094,30.85341453552246,Yahoo Finance chart API
2012-07-18,49.20000076293945,30.451120376586914,Yahoo Finance chart API
2012-07-19,50.20000076293945,31.070039749145508,Yahoo Finance chart API
2012-07-20,50.150001525878906,31.039098739624023,Yahoo Finance chart API
2012-07-23,49.25,30.482059478759766,Yahoo Finance chart API
2012-07-24,49.119998931884766,30.401596069335938,Yahoo Finance chart API
2012-07-25,48.86000061035156,30.240686416625977,Yahoo Finance chart API
2012-07-26,48.939998626708984,30.290191650390625,Yahoo Finance chart API
2012-07-27,49.91999816894531,30.896738052368164,Yahoo Finance chart API
2012-07-30,50.25,31.100990295410156,Yahoo Finance chart API
2012-07-31,51.099998474121094,31.627079010009766,Yahoo Finance chart API
2012-08-01,51.20000076293945,31.68896484375,Yahoo Finance chart API
2012-08-02,51.20000076293945,31.68896484375,Yahoo Finance chart API
2012-08-03,50.900001525878906,31.503293991088867,Yahoo Finance chart API
2012-08-06,51.54999923706055,31.90558433532715,Yahoo Finance chart API
2012-08-07,51.599998474121094,31.936538696289062,Yahoo Finance chart API
2012-08-08,51.75,32.029380798339844,Yahoo Finance chart API
2012-08-09,52.849998474121094,32.7101936340332,Yahoo Finance chart API
2012-08-10,52.79999923706055,32.67923355102539,Yahoo Finance chart API
2012-08-13,53.0,32.80303192138672,Yahoo Finance chart API
2012-08-14,53.25,32.95777130126953,Yahoo Finance chart API
2012-08-15,53.04999923706055,32.833984375,Yahoo Finance chart API
2012-08-16,53.20000076293945,32.92681884765625,Yahoo Finance chart API
2012-08-17,52.95000076293945,32.77208709716797,Yahoo Finance chart API
2012-08-20,52.79999923706055,32.67923355102539,Yahoo Finance chart API
2012-08-21,53.400001525878906,33.05060577392578,Yahoo Finance chart API
2012-08-22,53.349998474121094,33.019649505615234,Yahoo Finance chart API
2012-08-23,53.29999923706055,32.988712310791016,Yahoo Finance chart API
2012-08-24,53.099998474121094,32.86492919921875,Yahoo Finance chart API
2012-08-27,53.20000076293945,32.92681884765625,Yahoo Finance chart API
2012-08-28,52.5,32.49357223510742,Yahoo Finance chart API
2012-08-29,52.70000076293945,32.61735916137695,Yahoo Finance chart API
2012-08-30,52.54999923706055,32.52451705932617,Yahoo Finance chart API
2012-08-31,52.75,32.6483039855957,Yahoo Finance chart API
2012-09-03,53.150001525878906,32.895870208740234,Yahoo Finance chart API
2012-09-04,53.04999923706055,32.833984375,Yahoo Finance chart API
2012-09-05,52.349998474121094,32.400733947753906,Yahoo Finance chart API
2012-09-06,52.150001525878906,32.276947021484375,Yahoo Finance chart API
2012-09-07,52.95000076293945,32.77208709716797,Yahoo Finance chart API
2012-09-10,53.349998474121094,33.019649505615234,Yahoo Finance chart API
2012-09-11,53.29999923706055,32.988712310791016,Yahoo Finance chart API
2012-09-12,54.04999923706055,33.45290756225586,Yahoo Finance chart API
2012-09-13,54.150001525878906,33.51479721069336,Yahoo Finance chart API
2012-09-14,55.5,34.35034942626953,Yahoo Finance chart API
2012-09-17,55.599998474121094,34.4122314453125,Yahoo Finance chart API
2012-09-18,55.400001525878906,34.288455963134766,Yahoo Finance chart API
2012-09-19,55.650001525878906,34.44318771362305,Yahoo Finance chart API
2012-09-20,55.25,34.195613861083984,Yahoo Finance chart API
2012-09-21,55.45000076293945,34.319400787353516,Yahoo Finance chart API
2012-09-24,55.5,34.35034942626953,Yahoo Finance chart API
2012-09-25,55.29999923706055,34.226566314697266,Yahoo Finance chart API
2012-09-26,54.900001525878906,33.97898864746094,Yahoo Finance chart API
2012-09-27,55.099998474121094,34.10277557373047,Yahoo Finance chart API
2012-09-28,55.150001525878906,34.13371658325195,Yahoo Finance chart API
2012-10-01,55.0,34.04088592529297,Yahoo Finance chart API
2012-10-02,55.25,34.195613861083984,Yahoo Finance chart API
2012-10-03,55.0,34.04088592529297,Yahoo Finance chart API
2012-10-04,55.04999923706055,34.07182312011719,Yahoo Finance chart API
2012-10-05,55.099998474121094,34.10277557373047,Yahoo Finance chart API
2012-10-08,54.650001525878906,33.82426452636719,Yahoo Finance chart API
2012-10-09,54.400001525878906,33.66953659057617,Yahoo Finance chart API
2012-10-11,53.29999923706055,32.988712310791016,Yahoo Finance chart API
2012-10-12,53.150001525878906,32.895870208740234,Yahoo Finance chart API
2012-10-15,53.25,32.95777130126953,Yahoo Finance chart API
2012-10-16,53.5,33.112491607666016,Yahoo Finance chart API
2012-10-17,53.400001525878906,33.05060577392578,Yahoo Finance chart API
2012-10-18,53.650001525878906,33.20532989501953,Yahoo Finance chart API
2012-10-19,53.25,32.95777130126953,Yahoo Finance chart API
2012-10-22,52.900001525878906,32.74114227294922,Yahoo Finance chart API
2012-10-23,52.900001525878906,32.74114227294922,Yahoo Finance chart API
2012-10-24,51.0,31.565183639526367,Yahoo Finance chart API
2012-10-25,50.5,31.255718231201172,Yahoo Finance chart API
2012-10-26,49.90999984741211,30.890560150146484,Yahoo Finance chart API
2012-10-29,50.0,30.94626235961914,Yahoo Finance chart API
2012-10-30,50.45000076293945,31.224773406982422,Yahoo Finance chart API
2012-10-31,50.400001525878906,31.193832397460938,Yahoo Finance chart API
2012-11-01,50.349998474121094,31.162885665893555,Yahoo Finance chart API
2012-11-02,50.70000076293945,31.379505157470703,Yahoo Finance chart API
2012-11-05,50.5,31.255718231201172,Yahoo Finance chart API
2012-11-06,50.900001525878906,31.503293991088867,Yahoo Finance chart API
2012-11-07,51.150001525878906,31.658029556274414,Yahoo Finance chart API
2012-11-08,50.75,31.41045379638672,Yahoo Finance chart API
2012-11-09,51.099998474121094,31.627079010009766,Yahoo Finance chart API
2012-11-12,50.900001525878906,31.503293991088867,Yahoo Finance chart API
2012-11-13,50.04999923706055,30.977203369140625,Yahoo Finance chart API
2012-11-14,50.150001525878906,31.039098739624023,Yahoo Finance chart API
2012-11-15,50.0,30.94626235961914,Yahoo Finance chart API
2012-11-16,49.939998626708984,30.90912437438965,Yahoo Finance chart API
2012-11-19,50.25,31.100990295410156,Yahoo Finance chart API
2012-11-20,50.349998474121094,31.162885665893555,Yahoo Finance chart API
2012-11-21,49.970001220703125,30.927692413330078,Yahoo Finance chart API
2012-11-22,50.20000076293945,31.070039749145508,Yahoo Finance chart API
2012-11-23,51.70000076293945,31.99842643737793,Yahoo Finance chart API
2012-11-26,52.20000076293945,32.30789566040039,Yahoo Finance chart API
2012-11-27,52.400001525878906,32.431678771972656,Yahoo Finance chart API
2012-11-28,52.45000076293945,32.462623596191406,Yahoo Finance chart API
2012-11-29,53.099998474121094,32.86492919921875,Yahoo Finance chart API
2012-11-30,53.54999923706055,33.14344024658203,Yahoo Finance chart API
2012-12-03,53.5,33.112491607666016,Yahoo Finance chart API
2012-12-04,53.45000076293945,33.08155059814453,Yahoo Finance chart API
2012-12-05,53.75,33.26722717285156,Yahoo Finance chart API
2012-12-06,53.599998474121094,33.174381256103516,Yahoo Finance chart API
2012-12-07,53.900001525878906,33.360069274902344,Yahoo Finance chart API
2012-12-10,53.70000076293945,33.23628616333008,Yahoo Finance chart API
2012-12-11,53.650001525878906,33.20532989501953,Yahoo Finance chart API
2012-12-12,54.099998474121094,33.483848571777344,Yahoo Finance chart API
2012-12-13,54.70000076293945,33.8552131652832,Yahoo Finance chart API
2012-12-14,54.20000076293945,33.545745849609375,Yahoo Finance chart API
2012-12-17,53.5,33.112491607666016,Yahoo Finance chart API
2012-12-18,53.54999923706055,33.14344024658203,Yahoo Finance chart API
2012-12-19,53.70000076293945,33.23628616333008,Yahoo Finance chart API
2012-12-20,53.04999923706055,32.833984375,Yahoo Finance chart API
2012-12-21,52.79999923706055,32.67923355102539,Yahoo Finance chart API
2012-12-24,52.70000076293945,32.61735916137695,Yahoo Finance chart API
2012-12-25,53.599998474121094,33.174381256103516,Yahoo Finance chart API
2012-12-26,53.5,33.112491607666016,Yahoo Finance chart API
2012-12-27,53.45000076293945,33.08155059814453,Yahoo Finance chart API
2012-12-28,53.79999923706055,33.29817199707031,Yahoo Finance chart API
2013-01-02,54.400001525878906,33.66953659057617,Yahoo Finance chart API
2013-01-03,54.849998474121094,33.94805145263672,Yahoo Finance chart API
2013-01-04,54.5,33.73141860961914,Yahoo Finance chart API
2013-01-07,54.25,33.576690673828125,Yahoo Finance chart API
2013-01-08,53.900001525878906,33.360069274902344,Yahoo Finance chart API
2013-01-09,54.099998474121094,33.483848571777344,Yahoo Finance chart API
2013-01-10,54.5,33.73141860961914,Yahoo Finance chart API
2013-01-11,54.45000076293945,33.70046615600586,Yahoo Finance chart API
2013-01-14,54.5,33.73141860961914,Yahoo Finance chart API
2013-01-15,54.0,33.421958923339844,Yahoo Finance chart API
2013-01-16,53.70000076293945,33.23628616333008,Yahoo Finance chart API
2013-01-17,53.29999923706055,32.988712310791016,Yahoo Finance chart API
2013-01-18,53.95000076293945,33.391014099121094,Yahoo Finance chart API
2013-01-21,53.900001525878906,33.360069274902344,Yahoo Finance chart API
2013-01-22,54.04999923706055,33.45290756225586,Yahoo Finance chart API
2013-01-23,54.0,33.421958923339844,Yahoo Finance chart API
2013-01-24,53.70000076293945,33.23628616333008,Yahoo Finance chart API
2013-01-25,53.5,33.112491607666016,Yahoo Finance chart API
2013-01-28,53.75,33.26722717285156,Yahoo Finance chart API
2013-01-29,54.5,33.73141860961914,Yahoo Finance chart API
2013-01-30,54.599998474121094,33.793312072753906,Yahoo Finance chart API
2013-01-31,54.599998474121094,33.793312072753906,Yahoo Finance chart API
2013-02-01,54.79999923706055,33.91709899902344,Yahoo Finance chart API
2013-02-04,55.20000076293945,34.16466522216797,Yahoo Finance chart API
2013-02-05,55.0,34.04088592529297,Yahoo Finance chart API
2013-02-06,55.400001525878906,34.288455963134766,Yahoo Finance chart API
2013-02-18,55.599998474121094,34.4122314453125,Yahoo Finance chart API
2013-02-19,55.650001525878906,34.44318771362305,Yahoo Finance chart API
2013-02-20,56.099998474121094,34.721710205078125,Yahoo Finance chart API
2013-02-21,55.70000076293945,34.4741325378418,Yahoo Finance chart API
2013-02-22,55.5,34.35034942626953,Yahoo Finance chart API
2013-02-25,55.70000076293945,34.4741325378418,Yahoo Finance chart API
2013-02-26,55.099998474121094,34.10277557373047,Yahoo Finance chart API
2013-02-27,55.20000076293945,34.16466522216797,Yahoo Finance chart API
2013-03-01,55.400001525878906,34.288455963134766,Yahoo Finance chart API
2013-03-04,54.75,33.88615417480469,Yahoo Finance chart API
2013-03-05,55.20000076293945,34.16466522216797,Yahoo Finance chart API
2013-03-06,55.45000076293945,34.319400787353516,Yahoo Finance chart API
2013-03-07,55.400001525878906,34.288455963134766,Yahoo Finance chart API
2013-03-08,55.79999923706055,34.5360221862793,Yahoo Finance chart API
2013-03-11,55.900001525878906,34.59791564941406,Yahoo Finance chart API
2013-03-12,55.54999923706055,34.38129425048828,Yahoo Finance chart API
2013-03-13,55.650001525878906,34.44318771362305,Yahoo Finance chart API
2013-03-14,55.599998474121094,34.4122314453125,Yahoo Finance chart API
2013-03-15,55.20000076293945,34.16466522216797,Yahoo Finance chart API
2013-03-18,54.5,33.73141860961914,Yahoo Finance chart API
2013-03-19,54.599998474121094,33.793312072753906,Yahoo Finance chart API
2013-03-20,54.25,33.576690673828125,Yahoo Finance chart API
2013-03-21,54.29999923706055,33.607627868652344,Yahoo Finance chart API
2013-03-22,54.150001525878906,33.51479721069336,Yahoo Finance chart API
2013-03-25,54.54999923706055,33.76237106323242,Yahoo Finance chart API
2013-03-26,54.54999923706055,33.76237106323242,Yahoo Finance chart API
2013-03-27,54.70000076293945,33.8552131652832,Yahoo Finance chart API
2013-03-28,54.54999923706055,33.76237106323242,Yahoo Finance chart API
2013-03-29,55.099998474121094,34.10277557373047,Yahoo Finance chart API
2013-04-01,55.0,34.04088592529297,Yahoo Finance chart API
2013-04-02,54.849998474121094,33.94805145263672,Yahoo Finance chart API
2013-04-03,55.0,34.04088592529297,Yahoo Finance chart API
2013-04-08,53.849998474121094,33.329124450683594,Yahoo Finance chart API
2013-04-09,53.70000076293945,33.23628616333008,Yahoo Finance chart API
2013-04-10,53.79999923706055,33.29817199707031,Yahoo Finance chart API
2013-04-11,54.349998474121094,33.63857650756836,Yahoo Finance chart API
2013-04-12,54.349998474121094,33.63857650756836,Yahoo Finance chart API
2013-04-15,53.900001525878906,33.360069274902344,Yahoo Finance chart API
2013-04-16,54.0,33.421958923339844,Yahoo Finance chart API
2013-04-17,53.900001525878906,33.360069274902344,Yahoo Finance chart API
2013-04-18,53.849998474121094,33.329124450683594,Yahoo Finance chart API
2013-04-19,55.45000076293945,34.319400787353516,Yahoo Finance chart API
2013-04-22,55.400001525878906,34.288455963134766,Yahoo Finance chart API
2013-04-23,55.099998474121094,34.10277557373047,Yahoo Finance chart API
2013-04-24,55.54999923706055,34.38129425048828,Yahoo Finance chart API
2013-04-25,55.650001525878906,34.44318771362305,Yahoo Finance chart API
2013-04-26,55.849998474121094,34.56697082519531,Yahoo Finance chart API
2013-04-29,55.79999923706055,34.5360221862793,Yahoo Finance chart API
2013-04-30,56.400001525878906,34.907379150390625,Yahoo Finance chart API
2013-05-02,56.54999923706055,35.000221252441406,Yahoo Finance chart API
2013-05-03,56.650001525878906,35.06211471557617,Yahoo Finance chart API
2013-05-06,56.900001525878906,35.21684646606445,Yahoo Finance chart API
2013-05-07,57.099998474121094,35.34062957763672,Yahoo Finance chart API
2013-05-08,57.849998474121094,35.80482482910156,Yahoo Finance chart API
2013-05-09,58.20000076293945,36.021453857421875,Yahoo Finance chart API
2013-05-10,57.900001525878906,35.83577346801758,Yahoo Finance chart API
2013-05-13,57.75,35.74292755126953,Yahoo Finance chart API
2013-05-14,57.900001525878906,35.83577346801758,Yahoo Finance chart API
2013-05-15,57.95000076293945,35.8667106628418,Yahoo Finance chart API
2013-05-16,58.70000076293945,36.330909729003906,Yahoo Finance chart API
2013-05-17,58.400001525878906,36.145225524902344,Yahoo Finance chart API
2013-05-20,58.29999923706055,36.08333969116211,Yahoo Finance chart API
2013-05-21,58.29999923706055,36.08333969116211,Yahoo Finance chart API
2013-05-22,58.25,36.052391052246094,Yahoo Finance chart API
2013-05-23,57.0,35.27873229980469,Yahoo Finance chart API
2013-05-24,56.849998474121094,35.18588638305664,Yahoo Finance chart API
2013-05-27,57.349998474121094,35.495361328125,Yahoo Finance chart API
2013-05-28,57.150001525878906,35.371578216552734,Yahoo Finance chart API
2013-05-29,57.650001525878906,35.6810302734375,Yahoo Finance chart API
2013-05-30,56.95000076293945,35.247779846191406,Yahoo Finance chart API
2013-05-31,56.95000076293945,35.247779846191406,Yahoo Finance chart API
2013-06-03,56.70000076293945,35.093055725097656,Yahoo Finance chart API
2013-06-04,56.599998474121094,35.03116989135742,Yahoo Finance chart API
2013-06-05,56.599998474121094,35.03116989135742,Yahoo Finance chart API
2013-06-06,55.900001525878906,34.59791564941406,Yahoo Finance chart API
2013-06-07,56.04999923706055,34.690757751464844,Yahoo Finance chart API
2013-06-10,56.5,34.969276428222656,Yahoo Finance chart API
2013-06-11,56.349998474121094,34.87643814086914,Yahoo Finance chart API
2013-06-13,55.0,34.04088592529297,Yahoo Finance chart API
2013-06-14,54.79999923706055,33.91709899902344,Yahoo Finance chart API
2013-06-17,55.150001525878906,34.13371658325195,Yahoo Finance chart API
2013-06-18,55.400001525878906,34.288455963134766,Yahoo Finance chart API
2013-06-19,55.29999923706055,34.226566314697266,Yahoo Finance chart API
2013-06-20,54.25,33.576690673828125,Yahoo Finance chart API
2013-06-21,53.599998474121094,33.174381256103516,Yahoo Finance chart API
2013-06-24,53.400001525878906,33.05060577392578,Yahoo Finance chart API
2013-06-25,53.0,32.80303192138672,Yahoo Finance chart API
2013-06-26,53.70000076293945,33.23628616333008,Yahoo Finance chart API
2013-06-27,54.349998474121094,33.63857650756836,Yahoo Finance chart API
2013-06-28,55.099998474121094,34.10277557373047,Yahoo Finance chart API
2013-07-01,55.599998474121094,34.4122314453125,Yahoo Finance chart API
2013-07-02,55.5,34.35034942626953,Yahoo Finance chart API
2013-07-03,54.849998474121094,33.94805145263672,Yahoo Finance chart API
2013-07-04,54.95000076293945,34.00994873046875,Yahoo Finance chart API
2013-07-05,56.04999923706055,34.690757751464844,Yahoo Finance chart API
2013-07-08,55.0,34.04088592529297,Yahoo Finance chart API
2013-07-09,55.650001525878906,34.44318771362305,Yahoo Finance chart API
2013-07-10,55.79999923706055,34.5360221862793,Yahoo Finance chart API
2013-07-11,57.20000076293945,35.40251922607422,Yahoo Finance chart API
2013-07-12,57.349998474121094,35.495361328125,Yahoo Finance chart API
2013-07-15,57.5,35.588199615478516,Yahoo Finance chart API
2013-07-16,57.5,35.588199615478516,Yahoo Finance chart API
2013-07-17,57.599998474121094,35.650081634521484,Yahoo Finance chart API
2013-07-18,57.20000076293945,35.40251922607422,Yahoo Finance chart API
2013-07-19,55.95000076293945,34.62886428833008,Yahoo Finance chart API
2013-07-22,56.150001525878906,34.75263977050781,Yahoo Finance chart API
2013-07-23,57.04999923706055,35.30968475341797,Yahoo Finance chart API
2013-07-24,56.900001525878906,35.21684646606445,Yahoo Finance chart API
2013-07-25,57.0,35.27873229980469,Yahoo Finance chart API
2013-07-26,56.900001525878906,35.21684646606445,Yahoo Finance chart API
2013-07-29,56.5,34.969276428222656,Yahoo Finance chart API
2013-07-30,56.95000076293945,35.247779846191406,Yahoo Finance chart API
2013-07-31,56.599998474121094,35.03116989135742,Yahoo Finance chart API
2013-08-01,56.20000076293945,34.78358840942383,Yahoo Finance chart API
2013-08-02,56.54999923706055,35.000221252441406,Yahoo Finance chart API
2013-08-05,56.70000076293945,35.093055725097656,Yahoo Finance chart API
2013-08-06,55.900001525878906,34.59791564941406,Yahoo Finance chart API
2013-08-07,55.099998474121094,34.10277557373047,Yahoo Finance chart API
2013-08-08,54.900001525878906,33.97898864746094,Yahoo Finance chart API
2013-08-09,54.849998474121094,33.94805145263672,Yahoo Finance chart API
2013-08-12,55.0,34.04088592529297,Yahoo Finance chart API
2013-08-13,55.54999923706055,34.38129425048828,Yahoo Finance chart API
2013-08-14,55.400001525878906,34.288455963134766,Yahoo Finance chart API
2013-08-15,55.0,34.04088592529297,Yahoo Finance chart API
2013-08-16,55.25,34.195613861083984,Yahoo Finance chart API
2013-08-19,55.099998474121094,34.10277557373047,Yahoo Finance chart API
2013-08-20,54.599998474121094,33.793312072753906,Yahoo Finance chart API
2013-08-22,54.150001525878906,33.51479721069336,Yahoo Finance chart API
2013-08-23,54.849998474121094,33.94805145263672,Yahoo Finance chart API
2013-08-26,55.099998474121094,34.10277557373047,Yahoo Finance chart API
2013-08-27,54.599998474121094,33.793312072753906,Yahoo Finance chart API
2013-08-28,54.75,33.88615417480469,Yahoo Finance chart API
2013-08-29,55.5,34.35034942626953,Yahoo Finance chart API
2013-08-30,55.849998474121094,34.56697082519531,Yahoo Finance chart API
2013-09-02,56.29999923706055,34.84547805786133,Yahoo Finance chart API
2013-09-03,56.650001525878906,35.06211471557617,Yahoo Finance chart API
2013-09-04,56.54999923706055,35.000221252441406,Yahoo Finance chart API
2013-09-05,56.900001525878906,35.21684646606445,Yahoo Finance chart API
2013-09-06,57.0,35.27873229980469,Yahoo Finance chart API
2013-09-09,57.20000076293945,35.40251922607422,Yahoo Finance chart API
2013-09-10,57.349998474121094,35.495361328125,Yahoo Finance chart API
2013-09-11,57.5,35.588199615478516,Yahoo Finance chart API
2013-09-12,57.54999923706055,35.619140625,Yahoo Finance chart API
2013-09-13,57.099998474121094,35.34062957763672,Yahoo Finance chart API
2013-09-16,57.79999923706055,35.77387619018555,Yahoo Finance chart API
2013-09-17,57.75,35.74292755126953,Yahoo Finance chart API
2013-09-18,57.54999923706055,35.619140625,Yahoo Finance chart API
2013-09-23,58.0,35.89765548706055,Yahoo Finance chart API
2013-09-24,58.04999923706055,35.92860794067383,Yahoo Finance chart API
2013-09-25,57.79999923706055,35.77387619018555,Yahoo Finance chart API
2013-09-26,57.25,35.433475494384766,Yahoo Finance chart API
2013-09-27,57.400001525878906,35.52630615234375,Yahoo Finance chart API
2013-09-30,57.150001525878906,35.371578216552734,Yahoo Finance chart API
2013-10-01,57.150001525878906,35.371578216552734,Yahoo Finance chart API
2013-10-02,57.349998474121094,35.495361328125,Yahoo Finance chart API
2013-10-03,58.54999923706055,36.23807144165039,Yahoo Finance chart API
2013-10-04,58.45000076293945,36.176177978515625,Yahoo Finance chart API
2013-10-07,57.900001525878906,35.83577346801758,Yahoo Finance chart API
2013-10-08,58.349998474121094,36.114280700683594,Yahoo Finance chart API
2013-10-09,58.20000076293945,36.021453857421875,Yahoo Finance chart API
2013-10-11,58.45000076293945,36.176177978515625,Yahoo Finance chart API
2013-10-14,58.0,35.89765548706055,Yahoo Finance chart API
2013-10-15,58.5,36.207122802734375,Yahoo Finance chart API
2013-10-16,58.25,36.052391052246094,Yahoo Finance chart API
2013-10-17,58.54999923706055,36.23807144165039,Yahoo Finance chart API
2013-10-18,59.04999923706055,36.54752731323242,Yahoo Finance chart API
2013-10-21,59.0,36.51659393310547,Yahoo Finance chart API
2013-10-22,59.0,36.51659393310547,Yahoo Finance chart API
2013-10-23,58.70000076293945,36.330909729003906,Yahoo Finance chart API
2013-10-24,57.54999923706055,36.457603454589844,Yahoo Finance chart API
2013-10-25,57.099998474121094,36.17253494262695,Yahoo Finance chart API
2013-10-28,57.5,36.42593765258789,Yahoo Finance chart API
2013-10-29,57.75,36.58430862426758,Yahoo Finance chart API
2013-10-30,57.900001525878906,36.67932891845703,Yahoo Finance chart API
2013-10-31,57.900001525878906,36.67932891845703,Yahoo Finance chart API
2013-11-01,57.599998474121094,36.48927688598633,Yahoo Finance chart API
2013-11-04,57.349998474121094,36.33090591430664,Yahoo Finance chart API
2013-11-05,56.79999923706055,35.98249053955078,Yahoo Finance chart API
2013-11-06,56.79999923706055,35.98249053955078,Yahoo Finance chart API
2013-11-07,56.650001525878906,35.88746643066406,Yahoo Finance chart API
2013-11-08,56.45000076293945,35.76076889038086,Yahoo Finance chart API
2013-11-11,56.29999923706055,35.665733337402344,Yahoo Finance chart API
2013-11-12,56.5,35.79243087768555,Yahoo Finance chart API
2013-11-13,55.75,35.31731033325195,Yahoo Finance chart API
2013-11-14,55.900001525878906,35.41233825683594,Yahoo Finance chart API
2013-11-15,56.150001525878906,35.570709228515625,Yahoo Finance chart API
2013-11-18,56.45000076293945,35.76076889038086,Yahoo Finance chart API
2013-11-19,56.79999923706055,35.98249053955078,Yahoo Finance chart API
2013-11-20,56.45000076293945,35.76076889038086,Yahoo Finance chart API
2013-11-21,55.45000076293945,35.12726593017578,Yahoo Finance chart API
2013-11-22,55.5,35.158935546875,Yahoo Finance chart API
2013-11-25,56.25,35.634063720703125,Yahoo Finance chart API
2013-11-26,56.70000076293945,35.91913604736328,Yahoo Finance chart API
2013-11-27,57.0,36.10919189453125,Yahoo Finance chart API
2013-11-28,57.349998474121094,36.33090591430664,Yahoo Finance chart API
2013-11-29,57.54999923706055,36.457603454589844,Yahoo Finance chart API
2013-12-02,57.45000076293945,36.39426040649414,Yahoo Finance chart API
2013-12-03,57.5,36.42593765258789,Yahoo Finance chart API
2013-12-04,57.45000076293945,36.39426040649414,Yahoo Finance chart API
2013-12-05,57.099998474121094,36.17253494262695,Yahoo Finance chart API
2013-12-06,57.150001525878906,36.20420837402344,Yahoo Finance chart API
2013-12-09,57.650001525878906,36.52095031738281,Yahoo Finance chart API
2013-12-10,57.79999923706055,36.6159782409668,Yahoo Finance chart API
2013-12-11,57.849998474121094,36.64765167236328,Yahoo Finance chart API
2013-12-12,57.400001525878906,36.362579345703125,Yahoo Finance chart API
2013-12-13,57.349998474121094,36.33090591430664,Yahoo Finance chart API
2013-12-16,56.900001525878906,36.04583740234375,Yahoo Finance chart API
2013-12-17,57.20000076293945,36.23588180541992,Yahoo Finance chart API
2013-12-18,57.0,36.10919189453125,Yahoo Finance chart API
2013-12-19,57.349998474121094,36.33090591430664,Yahoo Finance chart API
2013-12-20,57.45000076293945,36.39426040649414,Yahoo Finance chart API
2013-12-23,57.849998474121094,36.64765167236328,Yahoo Finance chart API
2013-12-24,57.79999923706055,36.6159782409668,Yahoo Finance chart API
2013-12-25,57.849998474121094,36.64765167236328,Yahoo Finance chart API
2013-12-26,57.849998474121094,36.64765167236328,Yahoo Finance chart API
2013-12-27,58.29999923706055,36.93272399902344,Yahoo Finance chart API
2013-12-30,58.79999923706055,37.249473571777344,Yahoo Finance chart API
2013-12-31,58.70000076293945,37.186119079589844,Yahoo Finance chart API
2014-01-02,14.637499809265137,9.272774696350098,Yahoo Finance chart API
2014-01-03,14.462499618530273,9.16191291809082,Yahoo Finance chart API
2014-01-06,14.425000190734863,9.13815975189209,Yahoo Finance chart API
2014-01-07,14.425000190734863,9.13815975189209,Yahoo Finance chart API
2014-01-08,14.449999809265137,9.1539945602417,Yahoo Finance chart API
2014-01-09,14.387499809265137,9.114400863647461,Yahoo Finance chart API
2014-01-10,14.387499809265137,9.114400863647461,Yahoo Finance chart API
2014-01-13,14.475000381469727,9.169832229614258,Yahoo Finance chart API
2014-01-14,14.449999809265137,9.1539945602417,Yahoo Finance chart API
2014-01-15,14.600000381469727,9.249019622802734,Yahoo Finance chart API
2014-01-16,14.637499809265137,9.272774696350098,Yahoo Finance chart API
2014-01-17,14.662500381469727,9.28861141204834,Yahoo Finance chart API
2014-01-20,14.699999809265137,9.312368392944336,Yahoo Finance chart API
2014-01-21,14.637499809265137,9.272774696350098,Yahoo Finance chart API
2014-01-22,14.662500381469727,9.28861141204834,Yahoo Finance chart API
2014-01-23,14.625,9.26485824584961,Yahoo Finance chart API
2014-01-24,14.662500381469727,9.28861141204834,Yahoo Finance chart API
2014-01-27,14.399999618530273,9.122319221496582,Yahoo Finance chart API
2014-02-05,13.949999809265137,8.837247848510742,Yahoo Finance chart API
2014-02-06,14.0,8.868922233581543,Yahoo Finance chart API
2014-02-07,14.149999618530273,8.963946342468262,Yahoo Finance chart API
2014-02-10,14.149999618530273,8.963946342468262,Yahoo Finance chart API
2014-02-11,14.237500190734863,9.019376754760742,Yahoo Finance chart API
2014-02-12,14.387499809265137,9.114400863647461,Yahoo Finance chart API
2014-02-13,14.350000381469727,9.090644836425781,Yahoo Finance chart API
2014-02-14,14.487500190734863,9.177750587463379,Yahoo Finance chart API
2014-02-17,14.487500190734863,9.177750587463379,Yahoo Finance chart API
2014-02-18,14.537500381469727,9.20942497253418,Yahoo Finance chart API
2014-02-19,14.537500381469727,9.20942497253418,Yahoo Finance chart API
2014-02-20,14.412500381469727,9.130237579345703,Yahoo Finance chart API
2014-02-21,14.550000190734863,9.217345237731934,Yahoo Finance chart API
2014-02-24,14.475000381469727,9.169832229614258,Yahoo Finance chart API
2014-02-25,14.537500381469727,9.20942497253418,Yahoo Finance chart API
2014-02-26,14.600000381469727,9.249019622802734,Yahoo Finance chart API
2014-02-27,14.574999809265137,9.23318099975586,Yahoo Finance chart API
2014-03-03,14.487500190734863,9.177750587463379,Yahoo Finance chart API
2014-03-04,14.425000190734863,9.13815975189209,Yahoo Finance chart API
2014-03-05,14.574999809265137,9.23318099975586,Yahoo Finance chart API
2014-03-06,14.787500381469727,9.36780071258545,Yahoo Finance chart API
2014-03-07,14.850000381469727,9.407394409179688,Yahoo Finance chart API
2014-03-10,14.762499809265137,9.351960182189941,Yahoo Finance chart API
2014-03-11,14.837499618530273,9.3994722366333,Yahoo Finance chart API
2014-03-12,14.699999809265137,9.312368392944336,Yahoo Finance chart API
2014-03-13,14.9375,9.462823867797852,Yahoo Finance chart API
2014-03-14,14.787500381469727,9.36780071258545,Yahoo Finance chart API
2014-03-17,14.762499809265137,9.351960182189941,Yahoo Finance chart API
2014-03-18,14.850000381469727,9.407394409179688,Yahoo Finance chart API
2014-03-19,14.8125,9.383634567260742,Yahoo Finance chart API
2014-03-20,14.625,9.26485824584961,Yahoo Finance chart API
2014-03-21,14.625,9.26485824584961,Yahoo Finance chart API
2014-03-24,14.662500381469727,9.28861141204834,Yahoo Finance chart API
2014-03-25,14.787500381469727,9.36780071258545,Yahoo Finance chart API
2014-03-26,14.925000190734863,9.454903602600098,Yahoo Finance chart API
2014-03-27,14.949999809265137,9.470743179321289,Yahoo Finance chart API
2014-03-28,14.975000381469727,9.486578941345215,Yahoo Finance chart API
2014-03-31,15.024999618530273,9.518253326416016,Yahoo Finance chart API
2014-04-01,15.149999618530273,9.597440719604492,Yahoo Finance chart API
2014-04-02,15.199999809265137,9.629114151000977,Yahoo Finance chart API
2014-04-03,15.162500381469727,9.605360984802246,Yahoo Finance chart API
2014-04-07,15.125,9.581603050231934,Yahoo Finance chart API
2014-04-08,15.199999809265137,9.629114151000977,Yahoo Finance chart API
2014-04-09,15.25,9.66079044342041,Yahoo Finance chart API
2014-04-10,15.300000190734863,9.692464828491211,Yahoo Finance chart API
2014-04-11,15.287500381469727,9.684545516967773,Yahoo Finance chart API
2014-04-14,15.262499809265137,9.66871166229248,Yahoo Finance chart API
2014-04-15,15.337499618530273,9.71622371673584,Yahoo Finance chart API
2014-04-16,15.324999809265137,9.70830249786377,Yahoo Finance chart API
2014-04-17,15.287500381469727,9.684545516967773,Yahoo Finance chart API
2014-04-18,15.387499809265137,9.747897148132324,Yahoo Finance chart API
2014-04-21,15.387499809265137,9.747897148132324,Yahoo Finance chart API
2014-04-22,15.4375,9.779569625854492,Yahoo Finance chart API
2014-04-23,15.412500381469727,9.763731956481934,Yahoo Finance chart API
2014-04-24,15.4375,9.779569625854492,Yahoo Finance chart API
2014-04-25,15.175000190734863,9.61327838897705,Yahoo Finance chart API
2014-04-28,15.3125,9.700383186340332,Yahoo Finance chart API
2014-04-29,15.337499618530273,9.71622371673584,Yahoo Finance chart API
2014-04-30,15.25,9.66079044342041,Yahoo Finance chart API
2014-05-02,15.324999809265137,9.70830249786377,Yahoo Finance chart API
2014-05-05,15.300000190734863,9.692464828491211,Yahoo Finance chart API
2014-05-06,15.387499809265137,9.747897148132324,Yahoo Finance chart API
2014-05-07,15.350000381469727,9.724139213562012,Yahoo Finance chart API
2014-05-08,15.462499618530273,9.79540729522705,Yahoo Finance chart API
2014-05-09,15.362500190734863,9.73205852508545,Yahoo Finance chart API
2014-05-12,15.287500381469727,9.684545516967773,Yahoo Finance chart API
2014-05-13,15.362500190734863,9.73205852508545,Yahoo Finance chart API
2014-05-14,15.449999809265137,9.78748607635498,Yahoo Finance chart API
2014-05-15,15.4375,9.779569625854492,Yahoo Finance chart API
2014-05-16,15.462499618530273,9.79540729522705,Yahoo Finance chart API
2014-05-19,15.462499618530273,9.79540729522705,Yahoo Finance chart API
2014-05-20,15.524999618530273,9.835000038146973,Yahoo Finance chart API
2014-05-21,15.449999809265137,9.78748607635498,Yahoo Finance chart API
2014-05-22,15.662500381469727,9.922106742858887,Yahoo Finance chart API
2014-05-23,15.6875,9.937943458557129,Yahoo Finance chart API
2014-05-26,15.762499809265137,9.985458374023438,Yahoo Finance chart API
2014-05-27,15.774999618530273,9.99337387084961,Yahoo Finance chart API
2014-05-28,15.925000190734863,10.088398933410645,Yahoo Finance chart API
2014-05-29,15.850000381469727,10.040886878967285,Yahoo Finance chart API
2014-05-30,15.774999618530273,9.99337387084961,Yahoo Finance chart API
2014-06-03,15.787500381469727,10.001294136047363,Yahoo Finance chart API
2014-06-04,15.850000381469727,10.040886878967285,Yahoo Finance chart API
2014-06-05,15.850000381469727,10.040886878967285,Yahoo Finance chart API
2014-06-06,15.887499809265137,10.064642906188965,Yahoo Finance chart API
2014-06-09,15.949999809265137,10.10423755645752,Yahoo Finance chart API
2014-06-10,16.049999237060547,10.167586326599121,Yahoo Finance chart API
2014-06-11,16.037500381469727,10.15966796875,Yahoo Finance chart API
2014-06-12,16.0,10.135910987854004,Yahoo Finance chart API
2014-06-13,15.962499618530273,10.11215591430664,Yahoo Finance chart API
2014-06-16,15.975000381469727,10.120074272155762,Yahoo Finance chart API
2014-06-17,16.087499618530273,10.1913423538208,Yahoo Finance chart API
2014-06-18,16.125,10.21509838104248,Yahoo Finance chart API
2014-06-19,16.237499237060547,10.286365509033203,Yahoo Finance chart API
2014-06-20,16.1875,10.254691123962402,Yahoo Finance chart API
2014-06-23,16.174999237060547,10.246772766113281,Yahoo Finance chart API
2014-06-24,16.200000762939453,10.26261043548584,Yahoo Finance chart API
2014-06-25,16.162500381469727,10.238856315612793,Yahoo Finance chart API
2014-06-26,16.337499618530273,10.349714279174805,Yahoo Finance chart API
2014-06-27,16.337499618530273,10.349714279174805,Yahoo Finance chart API
2014-06-30,16.487499237060547,10.444737434387207,Yahoo Finance chart API
2014-07-01,16.637500762939453,10.539765357971191,Yahoo Finance chart API
2014-07-02,16.774999618530273,10.626869201660156,Yahoo Finance chart API
2014-07-03,16.924999237060547,10.721892356872559,Yahoo Finance chart API
2014-07-04,16.924999237060547,10.721892356872559,Yahoo Finance chart API
2014-07-07,16.899999618530273,10.706058502197266,Yahoo Finance chart API
2014-07-08,16.9375,10.72981071472168,Yahoo Finance chart API
2014-07-09,16.962499618530273,10.745648384094238,Yahoo Finance chart API
2014-07-10,17.087499618530273,10.824836730957031,Yahoo Finance chart API
2014-07-11,17.075000762939453,10.81691837310791,Yahoo Finance chart API
2014-07-14,17.174999237060547,10.880267143249512,Yahoo Finance chart API
2014-07-15,17.237499237060547,10.919858932495117,Yahoo Finance chart API
2014-07-16,17.087499618530273,10.824836730957031,Yahoo Finance chart API
2014-07-17,16.875,10.690218925476074,Yahoo Finance chart API
2014-07-18,16.875,10.690218925476074,Yahoo Finance chart API
2014-07-21,16.875,10.690218925476074,Yahoo Finance chart API
2014-07-22,17.024999618530273,10.78524398803711,Yahoo Finance chart API
2014-07-23,17.024999618530273,10.78524398803711,Yahoo Finance chart API
2014-07-24,17.100000381469727,10.832754135131836,Yahoo Finance chart API
2014-07-25,16.912500381469727,10.713976860046387,Yahoo Finance chart API
2014-07-28,16.875,10.690218925476074,Yahoo Finance chart API
2014-07-29,16.862499237060547,10.682299613952637,Yahoo Finance chart API
2014-07-30,16.962499618530273,10.745648384094238,Yahoo Finance chart API
2014-07-31,16.6875,10.57143783569336,Yahoo Finance chart API
2014-08-01,16.5625,10.4922513961792,Yahoo Finance chart API
2014-08-04,16.649999618530273,10.547680854797363,Yahoo Finance chart API
2014-08-05,16.3125,10.333876609802246,Yahoo Finance chart API
2014-08-06,16.424999237060547,10.405145645141602,Yahoo Finance chart API
2014-08-07,16.424999237060547,10.405145645141602,Yahoo Finance chart API
2014-08-08,16.424999237060547,10.405145645141602,Yahoo Finance chart API
2014-08-11,16.512500762939453,10.46057415008545,Yahoo Finance chart API
2014-08-12,16.524999618530273,10.468494415283203,Yahoo Finance chart API
2014-08-13,16.6875,10.57143783569336,Yahoo Finance chart API
2014-08-14,16.774999618530273,10.626869201660156,Yahoo Finance chart API
2014-08-15,16.774999618530273,10.626869201660156,Yahoo Finance chart API
2014-08-18,16.725000381469727,10.595195770263672,Yahoo Finance chart API
2014-08-19,16.9375,10.72981071472168,Yahoo Finance chart API
2014-08-20,17.0,10.76940631866455,Yahoo Finance chart API
2014-08-21,16.975000381469727,10.753565788269043,Yahoo Finance chart API
2014-08-22,17.1875,10.88818645477295,Yahoo Finance chart API
2014-08-25,17.162500381469727,10.872347831726074,Yahoo Finance chart API
2014-08-26,17.149999618530273,10.864431381225586,Yahoo Finance chart API
2014-08-27,17.3125,10.967370986938477,Yahoo Finance chart API
2014-08-28,17.337499618530273,10.983208656311035,Yahoo Finance chart API
2014-08-29,17.299999237060547,10.959453582763672,Yahoo Finance chart API
2014-09-01,17.450000762939453,11.054479598999023,Yahoo Finance chart API
2014-09-02,17.1875,10.88818645477295,Yahoo Finance chart API
2014-09-03,17.3125,10.967370986938477,Yahoo Finance chart API
2014-09-04,17.25,10.927778244018555,Yahoo Finance chart API
2014-09-05,17.25,10.927778244018555,Yahoo Finance chart API
2014-09-09,17.3125,10.967370986938477,Yahoo Finance chart API
2014-09-10,17.162500381469727,10.872347831726074,Yahoo Finance chart API
2014-09-11,17.100000381469727,10.832754135131836,Yahoo Finance chart API
2014-09-12,16.9375,10.72981071472168,Yahoo Finance chart API
2014-09-15,16.9375,10.72981071472168,Yahoo Finance chart API
2014-09-16,16.799999237060547,10.642708778381348,Yahoo Finance chart API
2014-09-17,16.924999237060547,10.721892356872559,Yahoo Finance chart API
2014-09-18,16.962499618530273,10.745648384094238,Yahoo Finance chart API
2014-09-19,17.0,10.76940631866455,Yahoo Finance chart API
2014-09-22,16.737499237060547,10.603110313415527,Yahoo Finance chart API
2014-09-23,16.700000762939453,10.579357147216797,Yahoo Finance chart API
2014-09-24,16.637500762939453,10.539765357971191,Yahoo Finance chart API
2014-09-25,16.487499237060547,10.444737434387207,Yahoo Finance chart API
2014-09-26,16.399999618530273,10.389307022094727,Yahoo Finance chart API
2014-09-29,16.350000381469727,10.357634544372559,Yahoo Finance chart API
2014-09-30,16.325000762939453,10.341795921325684,Yahoo Finance chart API
2014-10-01,16.375,10.3734712600708,Yahoo Finance chart API
2014-10-02,16.375,10.3734712600708,Yahoo Finance chart API
2014-10-03,16.674999237060547,10.563519477844238,Yahoo Finance chart API
2014-10-06,16.662500381469727,10.555601119995117,Yahoo Finance chart API
2014-10-07,16.524999618530273,10.468494415283203,Yahoo Finance chart API
2014-10-08,16.424999237060547,10.405145645141602,Yahoo Finance chart API
2014-10-09,16.5,10.452658653259277,Yahoo Finance chart API
2014-10-13,16.0,10.135910987854004,Yahoo Finance chart API
2014-10-14,16.137500762939453,10.223015785217285,Yahoo Finance chart API
2014-10-15,16.024999618530273,10.151749610900879,Yahoo Finance chart API
2014-10-16,16.0,10.135910987854004,Yahoo Finance chart API
2014-10-17,15.837499618530273,10.032970428466797,Yahoo Finance chart API
2014-10-20,16.149999618530273,10.230936050415039,Yahoo Finance chart API
2014-10-21,16.075000762939453,10.183422088623047,Yahoo Finance chart API
2014-10-22,16.325000762939453,10.341795921325684,Yahoo Finance chart API
2014-10-23,16.262500762939453,10.302203178405762,Yahoo Finance chart API
2014-10-24,15.762499809265137,11.03745174407959,Yahoo Finance chart API
2014-10-27,15.8125,11.07245922088623,Yahoo Finance chart API
2014-10-28,16.087499618530273,11.265026092529297,Yahoo Finance chart API
2014-10-29,16.25,11.378814697265625,Yahoo Finance chart API
2014-10-30,16.200000762939453,11.343802452087402,Yahoo Finance chart API
2014-10-31,16.325000762939453,11.431331634521484,Yahoo Finance chart API
2014-11-03,16.399999618530273,11.48384952545166,Yahoo Finance chart API
2014-11-04,16.412500381469727,11.492602348327637,Yahoo Finance chart API
2014-11-05,16.375,11.466343879699707,Yahoo Finance chart API
2014-11-06,16.274999618530273,11.396319389343262,Yahoo Finance chart API
2014-11-07,16.299999237060547,11.413825988769531,Yahoo Finance chart API
2014-11-10,16.537500381469727,11.580129623413086,Yahoo Finance chart API
2014-11-11,16.487499237060547,11.545120239257812,Yahoo Finance chart API
2014-11-12,16.25,11.378814697265625,Yahoo Finance chart API
2014-11-13,16.412500381469727,11.492602348327637,Yahoo Finance chart API
2014-11-14,16.424999237060547,11.50135326385498,Yahoo Finance chart API
2014-11-17,16.274999618530273,11.396319389343262,Yahoo Finance chart API
2014-11-18,16.225000381469727,11.361310005187988,Yahoo Finance chart API
2014-11-19,16.462499618530273,11.527615547180176,Yahoo Finance chart API
2014-11-20,16.649999618530273,11.658907890319824,Yahoo Finance chart API
2014-11-21,16.662500381469727,11.6676607131958,Yahoo Finance chart API
2014-11-24,16.700000762939453,11.693920135498047,Yahoo Finance chart API
2014-11-25,16.712499618530273,11.702669143676758,Yahoo Finance chart API
2014-11-26,16.712499618530273,11.702669143676758,Yahoo Finance chart API
2014-11-27,16.875,11.816461563110352,Yahoo Finance chart API
2014-11-28,16.875,11.816461563110352,Yahoo Finance chart API
2014-12-01,16.700000762939453,11.693920135498047,Yahoo Finance chart API
2014-12-02,16.450000762939453,11.5188627243042,Yahoo Finance chart API
2014-12-03,16.712499618530273,11.702669143676758,Yahoo Finance chart API
2014-12-04,16.774999618530273,11.746438026428223,Yahoo Finance chart API
2014-12-05,16.712499618530273,11.702669143676758,Yahoo Finance chart API
2014-12-08,16.587499618530273,11.615143775939941,Yahoo Finance chart API
2014-12-09,16.549999237060547,11.588884353637695,Yahoo Finance chart API
2014-12-10,16.325000762939453,11.431331634521484,Yahoo Finance chart API
2014-12-11,16.3125,11.422579765319824,Yahoo Finance chart API
2014-12-12,16.325000762939453,11.431331634521484,Yahoo Finance chart API
2014-12-15,16.274999618530273,11.396319389343262,Yahoo Finance chart API
2014-12-16,16.137500762939453,11.300037384033203,Yahoo Finance chart API
2014-12-17,15.887499809265137,11.124979972839355,Yahoo Finance chart API
2014-12-18,15.925000190734863,11.151237487792969,Yahoo Finance chart API
2014-12-19,16.299999237060547,11.413825988769531,Yahoo Finance chart API
2014-12-22,16.5,11.553873062133789,Yahoo Finance chart API
2014-12-23,16.450000762939453,11.5188627243042,Yahoo Finance chart API
2014-12-24,16.575000762939453,11.606389999389648,Yahoo Finance chart API
2014-12-25,16.575000762939453,11.606389999389648,Yahoo Finance chart API
2014-12-26,16.612499237060547,11.632650375366211,Yahoo Finance chart API
2014-12-29,16.799999237060547,11.763943672180176,Yahoo Finance chart API
2014-12-30,16.712499618530273,11.702669143676758,Yahoo Finance chart API
2014-12-31,16.712499618530273,11.702669143676758,Yahoo Finance chart API
2015-01-05,16.637500762939453,11.650155067443848,Yahoo Finance chart API
2015-01-06,16.225000381469727,11.361310005187988,Yahoo Finance chart API
2015-01-07,16.25,11.378814697265625,Yahoo Finance chart API
2015-01-08,16.625,11.641403198242188,Yahoo Finance chart API
2015-01-09,16.537500381469727,11.580129623413086,Yahoo Finance chart API
2015-01-12,16.4375,11.51010799407959,Yahoo Finance chart API
2015-01-13,16.487499237060547,11.545120239257812,Yahoo Finance chart API
2015-01-14,16.399999618530273,11.48384952545166,Yahoo Finance chart API
2015-01-15,16.450000762939453,11.5188627243042,Yahoo Finance chart API
2015-01-16,16.375,11.466343879699707,Yahoo Finance chart API
2015-01-19,16.5625,11.597637176513672,Yahoo Finance chart API
2015-01-20,16.6875,11.685166358947754,Yahoo Finance chart API
2015-01-21,16.8125,11.772698402404785,Yahoo Finance chart API
2015-01-22,16.899999618530273,11.833967208862305,Yahoo Finance chart API
2015-01-23,17.174999237060547,12.026531219482422,Yahoo Finance chart API
2015-01-26,17.174999237060547,12.026531219482422,Yahoo Finance chart API
2015-01-27,17.287500381469727,12.105307579040527,Yahoo Finance chart API
2015-01-28,17.287500381469727,12.105307579040527,Yahoo Finance chart API
2015-01-29,17.075000762939453,11.95650863647461,Yahoo Finance chart API
2015-01-30,17.0,11.9039888381958,Yahoo Finance chart API
2015-02-02,17.037500381469727,11.930251121520996,Yahoo Finance chart API
2015-02-03,17.162500381469727,12.017781257629395,Yahoo Finance chart API
2015-02-04,17.350000381469727,12.149072647094727,Yahoo Finance chart API
2015-02-05,17.274999618530273,12.09655475616455,Yahoo Finance chart API
2015-02-06,17.1875,12.035284042358398,Yahoo Finance chart API
2015-02-09,17.125,11.991517066955566,Yahoo Finance chart API
2015-02-10,17.0625,11.947755813598633,Yahoo Finance chart API
2015-02-11,17.25,12.079048156738281,Yahoo Finance chart API
2015-02-12,17.25,12.079048156738281,Yahoo Finance chart API
2015-02-13,17.362499237060547,12.157824516296387,Yahoo Finance chart API
2015-02-24,17.5625,12.297872543334961,Yahoo Finance chart API
2015-02-25,17.700000762939453,12.394153594970703,Yahoo Finance chart API
2015-02-26,17.575000762939453,12.30662727355957,Yahoo Finance chart API
2015-03-02,17.5,12.254106521606445,Yahoo Finance chart API
2015-03-03,17.475000381469727,12.236600875854492,Yahoo Finance chart API
2015-03-04,17.487499237060547,12.245351791381836,Yahoo Finance chart API
2015-03-05,17.424999237060547,12.20158863067627,Yahoo Finance chart API
2015-03-06,17.450000762939453,12.219097137451172,Yahoo Finance chart API
2015-03-09,17.274999618530273,12.09655475616455,Yahoo Finance chart API
2015-03-10,17.237499237060547,12.070295333862305,Yahoo Finance chart API
2015-03-11,17.262500762939453,12.08780288696289,Yahoo Finance chart API
2015-03-12,17.412500381469727,12.192839622497559,Yahoo Finance chart API
2015-03-13,17.362499237060547,12.157824516296387,Yahoo Finance chart API
2015-03-16,17.225000381469727,12.061544418334961,Yahoo Finance chart API
2015-03-17,17.287500381469727,12.105307579040527,Yahoo Finance chart API
2015-03-18,17.475000381469727,12.236600875854492,Yahoo Finance chart API
2015-03-19,17.662500381469727,12.367897033691406,Yahoo Finance chart API
2015-03-20,17.637500762939453,12.350390434265137,Yahoo Finance chart API
2015-03-23,17.6875,12.38539981842041,Yahoo Finance chart API
2015-03-24,17.625,12.34163761138916,Yahoo Finance chart API
2015-03-25,17.5625,12.297872543334961,Yahoo Finance chart API
2015-03-26,17.350000381469727,12.149072647094727,Yahoo Finance chart API
2015-03-27,17.1875,12.035284042358398,Yahoo Finance chart API
2015-03-30,17.200000762939453,12.044039726257324,Yahoo Finance chart API
2015-03-31,17.262500762939453,12.08780288696289,Yahoo Finance chart API
2015-04-01,17.162500381469727,12.017781257629395,Yahoo Finance chart API
2015-04-02,17.375,12.166579246520996,Yahoo Finance chart API
2015-04-07,17.399999618530273,12.184082984924316,Yahoo Finance chart API
2015-04-08,17.25,12.079048156738281,Yahoo Finance chart API
2015-04-09,17.274999618530273,12.09655475616455,Yahoo Finance chart API
2015-04-10,17.412500381469727,12.192839622497559,Yahoo Finance chart API
2015-04-13,17.462499618530273,12.227849006652832,Yahoo Finance chart API
2015-04-14,17.375,12.166579246520996,Yahoo Finance chart API
2015-04-15,17.162500381469727,12.017781257629395,Yahoo Finance chart API
2015-04-16,17.424999237060547,12.20158863067627,Yahoo Finance chart API
2015-04-17,17.262500762939453,12.08780288696289,Yahoo Finance chart API
2015-04-20,17.237499237060547,12.070295333862305,Yahoo Finance chart API
2015-04-21,17.237499237060547,12.070295333862305,Yahoo Finance chart API
2015-04-22,17.412500381469727,12.192839622497559,Yahoo Finance chart API
2015-04-23,17.875,12.51669692993164,Yahoo Finance chart API
2015-04-24,18.049999237060547,12.63923454284668,Yahoo Finance chart API
2015-04-27,18.1875,12.735520362854004,Yahoo Finance chart API
2015-04-28,18.149999618530273,12.709259033203125,Yahoo Finance chart API
2015-04-29,17.950000762939453,12.5692138671875,Yahoo Finance chart API
2015-04-30,17.862499237060547,12.507941246032715,Yahoo Finance chart API
2015-05-04,17.899999618530273,12.534201622009277,Yahoo Finance chart API
2015-05-05,17.799999237060547,12.464178085327148,Yahoo Finance chart API
2015-05-06,17.825000762939453,12.481684684753418,Yahoo Finance chart API
2015-05-07,17.612499237060547,12.3328857421875,Yahoo Finance chart API
2015-05-08,17.625,12.34163761138916,Yahoo Finance chart API
2015-05-11,17.712499618530273,12.402905464172363,Yahoo Finance chart API
2015-05-12,17.674999237060547,12.376646995544434,Yahoo Finance chart API
2015-05-13,17.774999618530273,12.446671485900879,Yahoo Finance chart API
2015-05-14,17.524999618530273,12.271612167358398,Yahoo Finance chart API
2015-05-15,17.5,12.254106521606445,Yahoo Finance chart API
2015-05-18,17.5625,12.297872543334961,Yahoo Finance chart API
2015-05-19,17.825000762939453,12.481684684753418,Yahoo Finance chart API
2015-05-20,17.700000762939453,12.394153594970703,Yahoo Finance chart API
2015-05-21,17.537500381469727,12.280365943908691,Yahoo Finance chart API
2015-05-22,17.674999237060547,12.376646995544434,Yahoo Finance chart API
2015-05-25,17.674999237060547,12.376646995544434,Yahoo Finance chart API
2015-05-26,17.75,12.429165840148926,Yahoo Finance chart API
2015-05-27,17.787500381469727,12.455424308776855,Yahoo Finance chart API
2015-05-28,17.875,12.51669692993164,Yahoo Finance chart API
2015-05-29,17.774999618530273,12.446671485900879,Yahoo Finance chart API
2015-06-01,17.625,12.34163761138916,Yahoo Finance chart API
2015-06-02,17.600000381469727,12.324132919311523,Yahoo Finance chart API
2015-06-03,17.487499237060547,12.245351791381836,Yahoo Finance chart API
2015-06-04,17.149999618530273,12.009027481079102,Yahoo Finance chart API
2015-06-05,17.112499237060547,11.982763290405273,Yahoo Finance chart API
2015-06-08,17.225000381469727,12.061544418334961,Yahoo Finance chart API
2015-06-09,17.087499618530273,11.96526050567627,Yahoo Finance chart API
2015-06-10,17.162500381469727,12.017781257629395,Yahoo Finance chart API
2015-06-11,17.212499618530273,12.052791595458984,Yahoo Finance chart API
2015-06-12,17.200000762939453,12.044039726257324,Yahoo Finance chart API
2015-06-15,17.162500381469727,12.017781257629395,Yahoo Finance chart API
2015-06-16,17.049999237060547,11.939002990722656,Yahoo Finance chart API
2015-06-17,17.125,11.991517066955566,Yahoo Finance chart API
2015-06-18,17.100000381469727,11.97401237487793,Yahoo Finance chart API
2015-06-22,17.337499618530273,12.140318870544434,Yahoo Finance chart API
2015-06-23,17.387500762939453,12.175332069396973,Yahoo Finance chart API
2015-06-24,17.412500381469727,12.192839622497559,Yahoo Finance chart API
2015-06-25,17.612499237060547,12.3328857421875,Yahoo Finance chart API
2015-06-26,17.612499237060547,12.3328857421875,Yahoo Finance chart API
2015-06-29,17.200000762939453,12.044039726257324,Yahoo Finance chart API
2015-06-30,17.350000381469727,12.149072647094727,Yahoo Finance chart API
2015-07-01,17.512500762939453,12.262860298156738,Yahoo Finance chart API
2015-07-02,17.524999618530273,12.271612167358398,Yahoo Finance chart API
2015-07-03,17.524999618530273,12.271612167358398,Yahoo Finance chart API
2015-07-06,17.325000762939453,12.131564140319824,Yahoo Finance chart API
2015-07-07,17.399999618530273,12.184082984924316,Yahoo Finance chart API
2015-07-08,16.875,11.816461563110352,Yahoo Finance chart API
2015-07-09,16.774999618530273,11.746438026428223,Yahoo Finance chart API
2015-07-10,16.774999618530273,11.746438026428223,Yahoo Finance chart API
2015-07-13,17.024999618530273,11.921496391296387,Yahoo Finance chart API
2015-07-14,17.024999618530273,11.921496391296387,Yahoo Finance chart API
2015-07-15,17.0625,11.947755813598633,Yahoo Finance chart API
2015-07-16,17.149999618530273,12.009027481079102,Yahoo Finance chart API
2015-07-17,17.125,11.991517066955566,Yahoo Finance chart API
2015-07-20,17.0,11.9039888381958,Yahoo Finance chart API
2015-07-21,17.162500381469727,12.017781257629395,Yahoo Finance chart API
2015-07-22,16.950000762939453,11.868977546691895,Yahoo Finance chart API
2015-07-23,16.787500381469727,11.755191802978516,Yahoo Finance chart API
2015-07-24,16.6875,11.685166358947754,Yahoo Finance chart API
2015-07-27,16.450000762939453,11.5188627243042,Yahoo Finance chart API
2015-07-28,16.462499618530273,11.527615547180176,Yahoo Finance chart API
2015-07-29,16.350000381469727,11.448838233947754,Yahoo Finance chart API
2015-07-30,16.625,11.641403198242188,Yahoo Finance chart API
2015-07-31,16.537500381469727,11.580129623413086,Yahoo Finance chart API
2015-08-03,16.3125,11.422579765319824,Yahoo Finance chart API
2015-08-04,16.325000762939453,11.431331634521484,Yahoo Finance chart API
2015-08-05,16.424999237060547,11.50135326385498,Yahoo Finance chart API
2015-08-06,16.25,11.378814697265625,Yahoo Finance chart API
2015-08-07,16.174999237060547,11.326295852661133,Yahoo Finance chart API
2015-08-10,16.137500762939453,11.300037384033203,Yahoo Finance chart API
2015-08-11,16.137500762939453,11.300037384033203,Yahoo Finance chart API
2015-08-12,15.862500190734863,11.10747241973877,Yahoo Finance chart API
2015-08-13,15.887499809265137,11.124979972839355,Yahoo Finance chart API
2015-08-14,15.824999809265137,11.081214904785156,Yahoo Finance chart API
2015-08-17,15.725000381469727,11.011190414428711,Yahoo Finance chart API
2015-08-18,15.637499809265137,10.949920654296875,Yahoo Finance chart API
2015-08-19,15.399999618530273,10.783613204956055,Yahoo Finance chart API
2015-08-20,15.350000381469727,10.748602867126465,Yahoo Finance chart API
2015-08-21,14.949999809265137,10.468509674072266,Yahoo Finance chart API
2015-08-24,14.375,10.065874099731445,Yahoo Finance chart API
2015-08-25,15.0,10.503519058227539,Yahoo Finance chart API
2015-08-26,15.087499618530273,10.564791679382324,Yahoo Finance chart API
2015-08-27,15.037500381469727,10.529779434204102,Yahoo Finance chart API
2015-08-28,15.449999809265137,10.818626403808594,Yahoo Finance chart API
2015-08-31,15.574999809265137,10.906153678894043,Yahoo Finance chart API
2015-09-01,15.4375,10.8098726272583,Yahoo Finance chart API
2015-09-02,15.524999618530273,10.871145248413086,Yahoo Finance chart API
2015-09-03,15.537500381469727,10.87989616394043,Yahoo Finance chart API
2015-09-04,15.337499618530273,10.739850044250488,Yahoo Finance chart API
2015-09-07,15.3125,10.722343444824219,Yahoo Finance chart API
2015-09-08,15.362500190734863,10.757355690002441,Yahoo Finance chart API
2015-09-09,16.037500381469727,11.23001480102539,Yahoo Finance chart API
2015-09-10,15.862500190734863,11.10747241973877,Yahoo Finance chart API
2015-09-11,15.875,11.116226196289062,Yahoo Finance chart API
2015-09-14,15.912500381469727,11.142485618591309,Yahoo Finance chart API
2015-09-15,15.787500381469727,11.054954528808594,Yahoo Finance chart API
2015-09-16,15.975000381469727,11.186248779296875,Yahoo Finance chart API
2015-09-17,16.25,11.378814697265625,Yahoo Finance chart API
2015-09-18,16.212499618530273,11.352553367614746,Yahoo Finance chart API
2015-09-21,15.862500190734863,11.10747241973877,Yahoo Finance chart API
2015-09-22,15.949999809265137,11.168743133544922,Yahoo Finance chart API
2015-09-23,15.587499618530273,10.914907455444336,Yahoo Finance chart API
2015-09-24,15.5,10.85364055633545,Yahoo Finance chart API
2015-09-25,15.5625,10.897403717041016,Yahoo Finance chart API
2015-09-29,15.5625,10.897403717041016,Yahoo Finance chart API
2015-09-30,15.600000381469727,10.923661231994629,Yahoo Finance chart API
2015-10-01,15.899999618530273,11.133732795715332,Yahoo Finance chart API
2015-10-02,15.8125,11.07245922088623,Yahoo Finance chart API
2015-10-05,15.850000381469727,11.09872055053711,Yahoo Finance chart API
2015-10-06,15.975000381469727,11.186248779296875,Yahoo Finance chart API
2015-10-07,16.212499618530273,11.352553367614746,Yahoo Finance chart API
2015-10-08,16.174999237060547,11.326295852661133,Yahoo Finance chart API
2015-10-12,16.387500762939453,11.475096702575684,Yahoo Finance chart API
2015-10-13,16.325000762939453,11.431331634521484,Yahoo Finance chart API
2015-10-14,16.262500762939453,11.387567520141602,Yahoo Finance chart API
2015-10-15,16.5,11.553873062133789,Yahoo Finance chart API
2015-10-16,16.4375,11.51010799407959,Yahoo Finance chart API
2015-10-19,16.487499237060547,11.545120239257812,Yahoo Finance chart API
2015-10-20,16.487499237060547,11.545120239257812,Yahoo Finance chart API
2015-10-21,16.375,11.466343879699707,Yahoo Finance chart API
2015-10-22,16.375,11.466343879699707,Yahoo Finance chart API
2015-10-23,16.475000381469727,11.536367416381836,Yahoo Finance chart API
2015-10-26,16.137500762939453,11.653717994689941,Yahoo Finance chart API
2015-10-27,16.049999237060547,11.590527534484863,Yahoo Finance chart API
2015-10-28,15.9375,11.509284973144531,Yahoo Finance chart API
2015-10-29,15.824999809265137,11.428044319152832,Yahoo Finance chart API
2015-10-30,15.800000190734863,11.409990310668945,Yahoo Finance chart API
2015-11-02,15.824999809265137,11.428044319152832,Yahoo Finance chart API
2015-11-03,16.075000762939453,11.608580589294434,Yahoo Finance chart API
2015-11-04,16.387500762939453,11.83425235748291,Yahoo Finance chart API
2015-11-05,16.350000381469727,11.80717658996582,Yahoo Finance chart API
2015-11-06,16.024999618530273,11.572474479675293,Yahoo Finance chart API
2015-11-09,15.912500381469727,11.491233825683594,Yahoo Finance chart API
2015-11-10,15.725000381469727,11.355830192565918,Yahoo Finance chart API
2015-11-11,15.537500381469727,11.220428466796875,Yahoo Finance chart API
2015-11-12,15.5625,11.238479614257812,Yahoo Finance chart API
2015-11-13,15.399999618530273,11.12113094329834,Yahoo Finance chart API
2015-11-16,15.287500381469727,11.039889335632324,Yahoo Finance chart API
2015-11-17,15.587499618530273,11.25653076171875,Yahoo Finance chart API
2015-11-18,15.350000381469727,11.085022926330566,Yahoo Finance chart API
2015-11-19,15.574999809265137,11.247507095336914,Yahoo Finance chart API
2015-11-20,15.574999809265137,11.247507095336914,Yahoo Finance chart API
2015-11-23,15.649999618530273,11.301668167114258,Yahoo Finance chart API
2015-11-24,15.487500190734863,11.18431568145752,Yahoo Finance chart API
2015-11-25,15.487500190734863,11.18431568145752,Yahoo Finance chart API
2015-11-26,15.699999809265137,11.337773323059082,Yahoo Finance chart API
2015-11-27,15.487500190734863,11.18431568145752,Yahoo Finance chart API
2015-11-30,15.300000190734863,11.048913955688477,Yahoo Finance chart API
2015-12-01,15.600000381469727,11.2655611038208,Yahoo Finance chart API
2015-12-02,15.574999809265137,11.247507095336914,Yahoo Finance chart API
2015-12-03,15.600000381469727,11.2655611038208,Yahoo Finance chart API
2015-12-04,15.4375,11.148210525512695,Yahoo Finance chart API
2015-12-07,15.625,11.283611297607422,Yahoo Finance chart API
2015-12-08,15.375,11.103075981140137,Yahoo Finance chart API
2015-12-09,15.1875,10.967673301696777,Yahoo Finance chart API
2015-12-10,15.137499809265137,10.931563377380371,Yahoo Finance chart API
2015-12-11,14.962499618530273,10.80518627166748,Yahoo Finance chart API
2015-12-14,14.850000381469727,10.723947525024414,Yahoo Finance chart API
2015-12-15,14.862500190734863,10.732973098754883,Yahoo Finance chart API
2015-12-16,15.087499618530273,10.895458221435547,Yahoo Finance chart API
2015-12-17,15.262499809265137,11.021833419799805,Yahoo Finance chart API
2015-12-18,15.1875,10.967673301696777,Yahoo Finance chart API
2015-12-21,15.162500381469727,10.94961929321289,Yahoo Finance chart API
2015-12-22,15.199999809265137,10.976698875427246,Yahoo Finance chart API
2015-12-23,15.225000381469727,10.994754791259766,Yahoo Finance chart API
2015-12-24,15.300000190734863,11.048913955688477,Yahoo Finance chart API
2015-12-25,15.399999618530273,11.12113094329834,Yahoo Finance chart API
2015-12-28,15.362500190734863,11.094051361083984,Yahoo Finance chart API
2015-12-29,15.25,11.012805938720703,Yahoo Finance chart API
2015-12-30,15.137499809265137,10.931563377380371,Yahoo Finance chart API
2015-12-31,15.1875,10.967673301696777,Yahoo Finance chart API
2016-01-04,14.887499809265137,10.75102710723877,Yahoo Finance chart API
2016-01-05,14.762499809265137,10.660758972167969,Yahoo Finance chart API
2016-01-06,14.612500190734863,10.552436828613281,Yahoo Finance chart API
2016-01-07,14.337499618530273,10.35384464263916,Yahoo Finance chart API
2016-01-08,14.362500190734863,10.37189769744873,Yahoo Finance chart API
2016-01-11,14.137499809265137,10.209413528442383,Yahoo Finance chart API
2016-01-12,14.125,10.200386047363281,Yahoo Finance chart API
2016-01-13,14.287500381469727,10.317737579345703,Yahoo Finance chart API
2016-01-14,14.175000190734863,10.236495018005371,Yahoo Finance chart API
2016-01-15,14.175000190734863,10.236495018005371,Yahoo Finance chart API
2016-01-18,14.274999618530273,10.308708190917969,Yahoo Finance chart API
2016-01-19,14.3125,10.33578872680664,Yahoo Finance chart API
2016-01-20,13.975000381469727,10.092061996459961,Yahoo Finance chart API
2016-01-21,13.949999809265137,10.074009895324707,Yahoo Finance chart API
2016-01-22,14.137499809265137,10.209413528442383,Yahoo Finance chart API
2016-01-25,14.387499809265137,10.389951705932617,Yahoo Finance chart API
2016-01-26,14.25,10.290657043457031,Yahoo Finance chart API
2016-01-27,14.3125,10.33578872680664,Yahoo Finance chart API
2016-01-28,14.387499809265137,10.389951705932617,Yahoo Finance chart API
2016-01-29,14.75,10.65173053741455,Yahoo Finance chart API
2016-02-01,14.887499809265137,10.75102710723877,Yahoo Finance chart API
2016-02-02,14.837499618530273,10.714920997619629,Yahoo Finance chart API
2016-02-03,14.737500190734863,10.642705917358398,Yahoo Finance chart API
2016-02-15,14.75,10.65173053741455,Yahoo Finance chart API
2016-02-16,15.0625,10.877405166625977,Yahoo Finance chart API
2016-02-17,14.987500190734863,10.8232421875,Yahoo Finance chart API
2016-02-18,15.225000381469727,10.994754791259766,Yahoo Finance chart API
2016-02-19,15.212499618530273,10.98572826385498,Yahoo Finance chart API
2016-02-22,15.199999809265137,10.976698875427246,Yahoo Finance chart API
2016-02-23,15.212499618530273,10.98572826385498,Yahoo Finance chart API
2016-02-24,15.074999809265137,10.886429786682129,Yahoo Finance chart API
2016-02-25,15.274999618530273,11.030860900878906,Yahoo Finance chart API
2016-02-26,15.3125,11.057941436767578,Yahoo Finance chart API
2016-03-01,15.462499618530273,11.166263580322266,Yahoo Finance chart API
2016-03-02,15.587499618530273,11.25653076171875,Yahoo Finance chart API
2016-03-03,15.737500190734863,11.364855766296387,Yahoo Finance chart API
2016-03-04,15.774999618530273,11.391936302185059,Yahoo Finance chart API
2016-03-07,15.774999618530273,11.391936302185059,Yahoo Finance chart API
2016-03-08,15.762499809265137,11.382908821105957,Yahoo Finance chart API
2016-03-09,15.774999618530273,11.391936302185059,Yahoo Finance chart API
2016-03-10,15.8125,11.419018745422363,Yahoo Finance chart API
2016-03-11,15.887499809265137,11.473179817199707,Yahoo Finance chart API
2016-03-14,16.0,11.554420471191406,Yahoo Finance chart API
2016-03-15,15.762499809265137,11.382908821105957,Yahoo Finance chart API
2016-03-16,15.899999618530273,11.48220443725586,Yahoo Finance chart API
2016-03-17,16.075000762939453,11.608580589294434,Yahoo Finance chart API
2016-03-18,16.174999237060547,11.68079662322998,Yahoo Finance chart API
2016-03-21,16.149999618530273,11.662742614746094,Yahoo Finance chart API
2016-03-22,16.100000381469727,11.626635551452637,Yahoo Finance chart API
2016-03-23,16.087499618530273,11.617609024047852,Yahoo Finance chart API
2016-03-24,16.087499618530273,11.617609024047852,Yahoo Finance chart API
2016-03-25,16.012500762939453,11.563448905944824,Yahoo Finance chart API
2016-03-28,16.024999618530273,11.572474479675293,Yahoo Finance chart API
2016-03-29,15.912500381469727,11.491233825683594,Yahoo Finance chart API
2016-03-30,16.174999237060547,11.68079662322998,Yahoo Finance chart API
2016-03-31,16.162500381469727,11.671771049499512,Yahoo Finance chart API
2016-04-01,15.975000381469727,11.536367416381836,Yahoo Finance chart API
2016-04-06,15.600000381469727,11.2655611038208,Yahoo Finance chart API
2016-04-07,15.537500381469727,11.220428466796875,Yahoo Finance chart API
2016-04-08,15.6875,11.328750610351562,Yahoo Finance chart API
2016-04-11,15.75,11.373881340026855,Yahoo Finance chart API
2016-04-12,15.737500190734863,11.364855766296387,Yahoo Finance chart API
2016-04-13,16.012500762939453,11.563448905944824,Yahoo Finance chart API
2016-04-14,16.0625,11.599555969238281,Yahoo Finance chart API
2016-04-15,16.0625,11.599555969238281,Yahoo Finance chart API
2016-04-18,15.962499618530273,11.527338027954102,Yahoo Finance chart API
2016-04-19,15.899999618530273,11.48220443725586,Yahoo Finance chart API
2016-04-20,15.662500381469727,11.31069564819336,Yahoo Finance chart API
2016-04-21,15.737500190734863,11.364855766296387,Yahoo Finance chart API
2016-04-22,15.800000190734863,11.409990310668945,Yahoo Finance chart API
2016-04-25,15.8125,11.419018745422363,Yahoo Finance chart API
2016-04-26,15.875,11.464152336120605,Yahoo Finance chart API
2016-04-27,15.850000381469727,11.446100234985352,Yahoo Finance chart API
2016-04-28,15.600000381469727,11.2655611038208,Yahoo Finance chart API
2016-04-29,15.399999618530273,11.12113094329834,Yahoo Finance chart API
2016-05-03,15.1875,10.967673301696777,Yahoo Finance chart API
2016-05-04,15.024999618530273,10.850323677062988,Yahoo Finance chart API
2016-05-05,15.050000190734863,10.868376731872559,Yahoo Finance chart API
2016-05-06,14.925000190734863,10.778108596801758,Yahoo Finance chart API
2016-05-09,14.925000190734863,10.778108596801758,Yahoo Finance chart API
2016-05-10,15.0,10.832269668579102,Yahoo Finance chart API
2016-05-11,14.962499618530273,10.80518627166748,Yahoo Finance chart API
2016-05-12,14.949999809265137,10.796160697937012,Yahoo Finance chart API
2016-05-13,14.787500381469727,10.678812980651855,Yahoo Finance chart API
2016-05-16,14.899999618530273,10.760054588317871,Yahoo Finance chart API
2016-05-17,15.012499809265137,10.841297149658203,Yahoo Finance chart API
2016-05-18,14.987500190734863,10.8232421875,Yahoo Finance chart API
2016-05-19,14.912500381469727,10.769082069396973,Yahoo Finance chart API
2016-05-20,15.0,10.832269668579102,Yahoo Finance chart API
2016-05-23,15.5,11.193345069885254,Yahoo Finance chart API
2016-05-24,15.337499618530273,11.075996398925781,Yahoo Finance chart API
2016-05-25,15.5,11.193345069885254,Yahoo Finance chart API
2016-05-26,15.537500381469727,11.220428466796875,Yahoo Finance chart API
2016-05-27,15.649999618530273,11.301668167114258,Yahoo Finance chart API
2016-05-30,15.787500381469727,11.400962829589844,Yahoo Finance chart API
2016-05-31,15.787500381469727,11.400962829589844,Yahoo Finance chart API
2016-06-01,15.925000190734863,11.500261306762695,Yahoo Finance chart API
2016-06-02,15.925000190734863,11.500261306762695,Yahoo Finance chart API
2016-06-03,15.962499618530273,11.527338027954102,Yahoo Finance chart API
2016-06-06,16.012500762939453,11.563448905944824,Yahoo Finance chart API
2016-06-07,16.225000381469727,11.716904640197754,Yahoo Finance chart API
2016-06-08,16.3125,11.7800931930542,Yahoo Finance chart API
2016-06-13,15.9375,11.509284973144531,Yahoo Finance chart API
2016-06-14,16.037500381469727,11.581500053405762,Yahoo Finance chart API
2016-06-15,16.0625,11.599555969238281,Yahoo Finance chart API
2016-06-16,15.837499618530273,11.4370698928833,Yahoo Finance chart API
2016-06-17,16.012500762939453,11.563448905944824,Yahoo Finance chart API
2016-06-20,16.125,11.644688606262207,Yahoo Finance chart API
2016-06-21,16.1875,11.689823150634766,Yahoo Finance chart API
2016-06-22,16.237499237060547,11.725932121276855,Yahoo Finance chart API
2016-06-23,16.200000762939453,11.6988525390625,Yahoo Finance chart API
2016-06-24,15.774999618530273,11.391936302185059,Yahoo Finance chart API
2016-06-27,15.9375,11.509284973144531,Yahoo Finance chart API
2016-06-28,16.0,11.554420471191406,Yahoo Finance chart API
2016-06-29,16.174999237060547,11.68079662322998,Yahoo Finance chart API
2016-06-30,16.362499237060547,11.816200256347656,Yahoo Finance chart API
2016-07-01,16.5625,11.960630416870117,Yahoo Finance chart API
2016-07-04,16.575000762939453,11.969657897949219,Yahoo Finance chart API
2016-07-05,16.524999618530273,11.933550834655762,Yahoo Finance chart API
2016-07-06,16.225000381469727,11.716904640197754,Yahoo Finance chart API
2016-07-07,16.424999237060547,11.861334800720215,Yahoo Finance chart API
2016-07-08,16.424999237060547,11.861334800720215,Yahoo Finance chart API
2016-07-11,16.75,12.096035957336426,Yahoo Finance chart API
2016-07-12,16.899999618530273,12.204355239868164,Yahoo Finance chart API
2016-07-13,16.912500381469727,12.213383674621582,Yahoo Finance chart API
2016-07-14,16.924999237060547,12.222410202026367,Yahoo Finance chart API
2016-07-15,17.125,12.366839408874512,Yahoo Finance chart API
2016-07-18,17.287500381469727,12.48419189453125,Yahoo Finance chart API
2016-07-19,17.3125,12.502242088317871,Yahoo Finance chart API
2016-07-20,17.299999237060547,12.493216514587402,Yahoo Finance chart API
2016-07-21,17.387500762939453,12.55640697479248,Yahoo Finance chart API
2016-07-22,17.325000762939453,12.511269569396973,Yahoo Finance chart API
2016-07-25,17.25,12.457109451293945,Yahoo Finance chart API
2016-07-26,17.350000381469727,12.529325485229492,Yahoo Finance chart API
2016-07-27,17.424999237060547,12.583486557006836,Yahoo Finance chart API
2016-07-28,17.262500762939453,12.620038032531738,Yahoo Finance chart API
2016-07-29,17.137500762939453,12.528657913208008,Yahoo Finance chart API
2016-08-01,17.325000762939453,12.665731430053711,Yahoo Finance chart API
2016-08-02,17.325000762939453,12.665731430053711,Yahoo Finance chart API
2016-08-03,17.1875,12.565211296081543,Yahoo Finance chart API
2016-08-04,17.225000381469727,12.59262466430664,Yahoo Finance chart API
2016-08-05,17.399999618530273,12.720560073852539,Yahoo Finance chart API
2016-08-08,17.512500762939453,12.802804946899414,Yahoo Finance chart API
2016-08-09,17.600000381469727,12.866772651672363,Yahoo Finance chart API
2016-08-10,17.649999618530273,12.90333080291748,Yahoo Finance chart API
2016-08-11,17.487499237060547,12.784529685974121,Yahoo Finance chart API
2016-08-12,17.549999237060547,12.830222129821777,Yahoo Finance chart API
2016-08-15,17.587499618530273,12.857635498046875,Yahoo Finance chart API
2016-08-16,17.487499237060547,12.784529685974121,Yahoo Finance chart API
2016-08-17,17.512500762939453,12.802804946899414,Yahoo Finance chart API
2016-08-18,17.475000381469727,12.775392532348633,Yahoo Finance chart API
2016-08-19,17.299999237060547,12.647456169128418,Yahoo Finance chart API
2016-08-22,17.174999237060547,12.556074142456055,Yahoo Finance chart API
2016-08-23,17.350000381469727,12.684009552001953,Yahoo Finance chart API
2016-08-24,17.299999237060547,12.647456169128418,Yahoo Finance chart API
2016-08-25,17.5,12.793664932250977,Yahoo Finance chart API
2016-08-26,17.524999618530273,12.811944007873535,Yahoo Finance chart API
2016-08-29,17.512500762939453,12.802804946899414,Yahoo Finance chart API
2016-08-30,17.5,12.793664932250977,Yahoo Finance chart API
2016-08-31,17.350000381469727,12.684009552001953,Yahoo Finance chart API
2016-09-01,17.262500762939453,12.620038032531738,Yahoo Finance chart API
2016-09-02,17.287500381469727,12.638318061828613,Yahoo Finance chart API
2016-09-05,17.575000762939453,12.84849739074707,Yahoo Finance chart API
2016-09-06,17.712499618530273,12.949020385742188,Yahoo Finance chart API
2016-09-07,17.962499618530273,13.13178539276123,Yahoo Finance chart API
2016-09-08,17.899999618530273,13.08609676361084,Yahoo Finance chart API
2016-09-09,17.600000381469727,12.866772651672363,Yahoo Finance chart API
2016-09-12,17.212499618530273,12.58348560333252,Yahoo Finance chart API
2016-09-13,17.212499618530273,12.58348560333252,Yahoo Finance chart API
2016-09-14,17.112499237060547,12.510380744934082,Yahoo Finance chart API
2016-09-19,17.75,12.976430892944336,Yahoo Finance chart API
2016-09-20,17.725000381469727,12.958157539367676,Yahoo Finance chart API
2016-09-21,17.8125,13.022125244140625,Yahoo Finance chart API
2016-09-22,17.850000381469727,13.049540519714355,Yahoo Finance chart API
2016-09-23,17.975000381469727,13.140922546386719,Yahoo Finance chart API
2016-09-26,17.75,12.976430892944336,Yahoo Finance chart API
2016-09-27,17.75,12.976430892944336,Yahoo Finance chart API
2016-09-28,17.75,12.976430892944336,Yahoo Finance chart API
2016-09-29,17.975000381469727,13.140922546386719,Yahoo Finance chart API
2016-09-30,17.737499237060547,12.96729564666748,Yahoo Finance chart API
2016-10-03,17.862499237060547,13.058680534362793,Yahoo Finance chart API
2016-10-04,17.9375,13.113510131835938,Yahoo Finance chart API
2016-10-05,17.875,13.067815780639648,Yahoo Finance chart API
2016-10-06,17.924999237060547,13.104372024536133,Yahoo Finance chart API
2016-10-07,17.912500381469727,13.095233917236328,Yahoo Finance chart API
2016-10-11,17.862499237060547,13.058680534362793,Yahoo Finance chart API
2016-10-12,18.0625,13.204893112182617,Yahoo Finance chart API
2016-10-13,17.924999237060547,13.104372024536133,Yahoo Finance chart API
2016-10-14,17.862499237060547,13.058680534362793,Yahoo Finance chart API
2016-10-17,17.862499237060547,13.058680534362793,Yahoo Finance chart API
2016-10-18,17.987499237060547,13.150062561035156,Yahoo Finance chart API
2016-10-19,18.087499618530273,13.223169326782227,Yahoo Finance chart API
2016-10-20,18.162500381469727,13.278000831604004,Yahoo Finance chart API
2016-10-21,18.149999618530273,13.268861770629883,Yahoo Finance chart API
2016-10-24,18.174999237060547,13.287137031555176,Yahoo Finance chart API
2016-10-25,18.350000381469727,13.415070533752441,Yahoo Finance chart API
2016-10-26,18.25,13.34196949005127,Yahoo Finance chart API
2016-10-27,18.149999618530273,13.268861770629883,Yahoo Finance chart API
2016-10-28,18.149999618530273,13.268861770629883,Yahoo Finance chart API
2016-10-31,18.149999618530273,13.268861770629883,Yahoo Finance chart API
2016-11-01,18.149999618530273,13.268861770629883,Yahoo Finance chart API
2016-11-02,17.9375,13.113510131835938,Yahoo Finance chart API
2016-11-03,17.799999237060547,13.012985229492188,Yahoo Finance chart API
2016-11-04,17.75,12.976430892944336,Yahoo Finance chart API
2016-11-07,18.0,13.159199714660645,Yahoo Finance chart API
2016-11-08,18.087499618530273,13.223169326782227,Yahoo Finance chart API
2016-11-09,17.5,12.793664932250977,Yahoo Finance chart API
2016-11-10,18.0,13.159199714660645,Yahoo Finance chart API
2016-11-11,17.512500762939453,12.802804946899414,Yahoo Finance chart API
2016-11-14,17.524999618530273,12.811944007873535,Yahoo Finance chart API
2016-11-15,17.475000381469727,12.775392532348633,Yahoo Finance chart API
2016-11-16,17.5,12.793664932250977,Yahoo Finance chart API
2016-11-17,17.549999237060547,12.830222129821777,Yahoo Finance chart API
2016-11-18,17.600000381469727,12.866772651672363,Yahoo Finance chart API
2016-11-21,17.625,12.885049819946289,Yahoo Finance chart API
2016-11-22,17.862499237060547,13.058680534362793,Yahoo Finance chart API
2016-11-23,17.950000762939453,13.122650146484375,Yahoo Finance chart API
2016-11-24,17.850000381469727,13.049540519714355,Yahoo Finance chart API
2016-11-25,17.837499618530273,13.040403366088867,Yahoo Finance chart API
2016-11-28,17.9375,13.113510131835938,Yahoo Finance chart API
2016-11-29,17.912500381469727,13.095233917236328,Yahoo Finance chart API
2016-11-30,17.924999237060547,13.104372024536133,Yahoo Finance chart API
2016-12-01,18.0,13.159199714660645,Yahoo Finance chart API
2016-12-02,17.799999237060547,13.012985229492188,Yahoo Finance chart API
2016-12-05,17.774999618530273,12.994709968566895,Yahoo Finance chart API
2016-12-06,18.0,13.159199714660645,Yahoo Finance chart API
2016-12-07,18.0,13.159199714660645,Yahoo Finance chart API
2016-12-08,18.225000381469727,13.323692321777344,Yahoo Finance chart API
2016-12-09,18.287500381469727,13.36938190460205,Yahoo Finance chart API
2016-12-12,18.212499618530273,13.314552307128906,Yahoo Finance chart API
2016-12-13,18.237499237060547,13.332830429077148,Yahoo Finance chart API
2016-12-14,18.274999618530273,13.360244750976562,Yahoo Finance chart API
2016-12-15,18.25,13.34196949005127,Yahoo Finance chart API
2016-12-16,18.075000762939453,13.214032173156738,Yahoo Finance chart API
2016-12-19,17.962499618530273,13.13178539276123,Yahoo Finance chart API
2016-12-20,17.9375,13.113510131835938,Yahoo Finance chart API
2016-12-21,17.924999237060547,13.104372024536133,Yahoo Finance chart API
2016-12-22,17.700000762939453,12.939882278442383,Yahoo Finance chart API
2016-12-23,17.637500762939453,12.89418888092041,Yahoo Finance chart API
2016-12-26,17.700000762939453,12.939882278442383,Yahoo Finance chart API
2016-12-27,17.6875,12.930742263793945,Yahoo Finance chart API
2016-12-28,17.899999618530273,13.08609676361084,Yahoo Finance chart API
2016-12-29,17.8125,13.022125244140625,Yahoo Finance chart API
2016-12-30,17.950000762939453,13.122650146484375,Yahoo Finance chart API
2017-01-03,17.975000381469727,13.140922546386719,Yahoo Finance chart API
2017-01-04,17.962499618530273,13.13178539276123,Yahoo Finance chart API
2017-01-05,18.125,13.25058650970459,Yahoo Finance chart API
2017-01-06,18.162500381469727,13.278000831604004,Yahoo Finance chart API
2017-01-09,18.112499237060547,13.24144458770752,Yahoo Finance chart API
2017-01-10,18.100000381469727,13.232305526733398,Yahoo Finance chart API
2017-01-11,18.100000381469727,13.232305526733398,Yahoo Finance chart API
2017-01-12,18.287500381469727,13.36938190460205,Yahoo Finance chart API
2017-01-13,18.149999618530273,13.268861770629883,Yahoo Finance chart API
2017-01-16,18.0,13.159199714660645,Yahoo Finance chart API
2017-01-17,18.075000762939453,13.214032173156738,Yahoo Finance chart API
2017-01-18,18.037500381469727,13.186614990234375,Yahoo Finance chart API
2017-01-19,17.987499237060547,13.150062561035156,Yahoo Finance chart API
2017-01-20,18.037500381469727,13.186614990234375,Yahoo Finance chart API
2017-01-23,18.1875,13.296277046203613,Yahoo Finance chart API
2017-01-24,18.325000762939453,13.396797180175781,Yahoo Finance chart API
2017-02-02,18.225000381469727,13.323692321777344,Yahoo Finance chart API
2017-02-03,18.212499618530273,13.314552307128906,Yahoo Finance chart API
2017-02-06,18.3125,13.387661933898926,Yahoo Finance chart API
2017-02-07,18.325000762939453,13.396797180175781,Yahoo Finance chart API
2017-02-08,17.9375,13.42486572265625,Yahoo Finance chart API
2017-02-09,18.0,13.471640586853027,Yahoo Finance chart API
2017-02-10,18.200000762939453,13.62132740020752,Yahoo Finance chart API
2017-02-13,18.237499237060547,13.649391174316406,Yahoo Finance chart API
2017-02-14,18.299999237060547,13.696167945861816,Yahoo Finance chart API
2017-02-15,18.475000381469727,13.827140808105469,Yahoo Finance chart API
2017-02-16,18.362499237060547,13.74294662475586,Yahoo Finance chart API
2017-02-17,18.337499618530273,13.72422981262207,Yahoo Finance chart API
2017-02-20,18.274999618530273,13.677457809448242,Yahoo Finance chart API
2017-02-21,18.3125,13.705524444580078,Yahoo Finance chart API
2017-02-22,18.325000762939453,13.71487808227539,Yahoo Finance chart API
2017-02-23,18.274999618530273,13.677457809448242,Yahoo Finance chart API
2017-02-24,18.287500381469727,13.686811447143555,Yahoo Finance chart API
2017-03-01,18.087499618530273,13.537126541137695,Yahoo Finance chart API
2017-03-02,18.137500762939453,13.57455062866211,Yahoo Finance chart API
2017-03-03,18.024999618530273,13.490350723266602,Yahoo Finance chart API
2017-03-06,18.037500381469727,13.499704360961914,Yahoo Finance chart API
2017-03-07,18.112499237060547,13.555837631225586,Yahoo Finance chart API
2017-03-08,18.212499618530273,13.630680084228516,Yahoo Finance chart API
2017-03-09,18.012500762939453,13.480995178222656,Yahoo Finance chart API
2017-03-10,18.0,13.471640586853027,Yahoo Finance chart API
2017-03-13,18.125,13.565195083618164,Yahoo Finance chart API
2017-03-14,18.25,13.658747673034668,Yahoo Finance chart API
2017-03-15,18.212499618530273,13.630680084228516,Yahoo Finance chart API
2017-03-16,18.450000762939453,13.808432579040527,Yahoo Finance chart API
2017-03-17,18.5,13.845852851867676,Yahoo Finance chart API
2017-03-20,18.487499237060547,13.836498260498047,Yahoo Finance chart API
2017-03-21,18.725000381469727,14.014245986938477,Yahoo Finance chart API
2017-03-22,18.549999237060547,13.883272171020508,Yahoo Finance chart API
2017-03-23,18.587499618530273,13.911337852478027,Yahoo Finance chart API
2017-03-24,18.5625,13.89262866973877,Yahoo Finance chart API
2017-03-27,18.549999237060547,13.883272171020508,Yahoo Finance chart API
2017-03-28,18.5625,13.89262866973877,Yahoo Finance chart API
2017-03-29,18.5,13.845852851867676,Yahoo Finance chart API
2017-03-30,18.475000381469727,13.827140808105469,Yahoo Finance chart API
2017-03-31,18.424999237060547,13.78972339630127,Yahoo Finance chart API
2017-04-05,18.662500381469727,13.967472076416016,Yahoo Finance chart API
2017-04-06,18.600000381469727,13.920694351196289,Yahoo Finance chart API
2017-04-07,18.524999618530273,13.864563941955566,Yahoo Finance chart API
2017-04-10,18.549999237060547,13.883272171020508,Yahoo Finance chart API
2017-04-11,18.475000381469727,13.827140808105469,Yahoo Finance chart API
2017-04-12,18.512500762939453,13.855208396911621,Yahoo Finance chart API
2017-04-13,18.600000381469727,13.920694351196289,Yahoo Finance chart API
2017-04-14,18.387500762939453,13.761655807495117,Yahoo Finance chart API
2017-04-17,18.399999618530273,13.771011352539062,Yahoo Finance chart API
2017-04-18,18.399999618530273,13.771011352539062,Yahoo Finance chart API
2017-04-19,18.200000762939453,13.62132740020752,Yahoo Finance chart API
2017-04-20,18.200000762939453,13.62132740020752,Yahoo Finance chart API
2017-04-21,18.375,13.752299308776855,Yahoo Finance chart API
2017-04-24,18.412500381469727,13.780364990234375,Yahoo Finance chart API
2017-04-25,18.587499618530273,13.911337852478027,Yahoo Finance chart API
2017-04-26,18.637500762939453,13.948760032653809,Yahoo Finance chart API
2017-04-27,18.625,13.93940544128418,Yahoo Finance chart API
2017-04-28,18.637500762939453,13.948760032653809,Yahoo Finance chart API
2017-05-02,18.799999237060547,14.070379257202148,Yahoo Finance chart API
2017-05-03,18.887500762939453,14.13586711883545,Yahoo Finance chart API
2017-05-04,18.912500381469727,14.154576301574707,Yahoo Finance chart API
2017-05-05,18.787500381469727,14.061025619506836,Yahoo Finance chart API
2017-05-08,18.924999237060547,14.163932800292969,Yahoo Finance chart API
2017-05-09,18.987499237060547,14.210707664489746,Yahoo Finance chart API
2017-05-10,19.0625,14.26684284210205,Yahoo Finance chart API
2017-05-11,19.125,14.313616752624512,Yahoo Finance chart API
2017-05-12,19.075000762939453,14.276195526123047,Yahoo Finance chart API
2017-05-15,19.125,14.313616752624512,Yahoo Finance chart API
2017-05-16,19.125,14.313616752624512,Yahoo Finance chart API
2017-05-17,19.075000762939453,14.276195526123047,Yahoo Finance chart API
2017-05-18,18.975000381469727,14.201354026794434,Yahoo Finance chart API
2017-05-19,18.962499618530273,14.191999435424805,Yahoo Finance chart API
2017-05-22,19.012500762939453,14.229418754577637,Yahoo Finance chart API
2017-05-23,19.087499618530273,14.28554916381836,Yahoo Finance chart API
2017-05-24,19.075000762939453,14.276195526123047,Yahoo Finance chart API
2017-05-25,19.25,14.407170295715332,Yahoo Finance chart API
2017-05-26,19.237499237060547,14.397814750671387,Yahoo Finance chart API
2017-05-31,19.125,14.313616752624512,Yahoo Finance chart API
2017-06-01,19.225000381469727,14.388461112976074,Yahoo Finance chart API
2017-06-02,19.299999237060547,14.44459056854248,Yahoo Finance chart API
2017-06-05,19.5,14.594276428222656,Yahoo Finance chart API
2017-06-06,19.487499237060547,14.584917068481445,Yahoo Finance chart API
2017-06-07,19.487499237060547,14.584917068481445,Yahoo Finance chart API
2017-06-08,19.5625,14.641053199768066,Yahoo Finance chart API
2017-06-09,19.5,14.594276428222656,Yahoo Finance chart API
2017-06-12,19.287500381469727,14.435235977172852,Yahoo Finance chart API
2017-06-13,19.3125,14.45394515991211,Yahoo Finance chart API
2017-06-14,19.212499618530273,14.379107475280762,Yahoo Finance chart API
2017-06-15,19.225000381469727,14.388461112976074,Yahoo Finance chart API
2017-06-16,19.424999237060547,14.5381441116333,Yahoo Finance chart API
2017-06-19,19.637500762939453,14.697188377380371,Yahoo Finance chart API
2017-06-20,19.862499237060547,14.865579605102539,Yahoo Finance chart API
2017-06-21,19.887500762939453,14.884289741516113,Yahoo Finance chart API
2017-06-22,19.9375,14.921712875366211,Yahoo Finance chart API
2017-06-23,19.924999237060547,14.912357330322266,Yahoo Finance chart API
2017-06-26,20.350000381469727,15.230436325073242,Yahoo Finance chart API
2017-06-27,20.325000762939453,15.211723327636719,Yahoo Finance chart API
2017-06-28,20.137500762939453,15.071398735046387,Yahoo Finance chart API
2017-06-29,20.162500381469727,15.090108871459961,Yahoo Finance chart API
2017-06-30,20.100000381469727,15.043333053588867,Yahoo Finance chart API
2017-07-03,20.112499237060547,15.05268383026123,Yahoo Finance chart API
2017-07-04,20.0,14.968488693237305,Yahoo Finance chart API
2017-07-05,20.1875,15.108820915222168,Yahoo Finance chart API
2017-07-06,20.100000381469727,15.043333053588867,Yahoo Finance chart API
2017-07-07,19.987499237060547,14.95913314819336,Yahoo Finance chart API
2017-07-10,20.087499618530273,15.033974647521973,Yahoo Finance chart API
2017-07-11,20.387500762939453,15.258502960205078,Yahoo Finance chart API
2017-07-12,20.387500762939453,15.258502960205078,Yahoo Finance chart API
2017-07-13,20.549999237060547,15.38012409210205,Yahoo Finance chart API
2017-07-14,20.512500762939453,15.352056503295898,Yahoo Finance chart API
2017-07-17,20.549999237060547,15.38012409210205,Yahoo Finance chart API
2017-07-18,20.600000381469727,15.417545318603516,Yahoo Finance chart API
2017-07-19,20.674999237060547,15.473672866821289,Yahoo Finance chart API
2017-07-20,20.662500381469727,15.464322090148926,Yahoo Finance chart API
2017-07-21,20.524999618530273,15.361412048339844,Yahoo Finance chart API
2017-07-24,20.575000762939453,15.398833274841309,Yahoo Finance chart API
2017-07-25,20.612499237060547,15.426899909973145,Yahoo Finance chart API
2017-07-26,20.537500381469727,15.370771408081055,Yahoo Finance chart API
2017-07-27,20.75,15.529806137084961,Yahoo Finance chart API
2017-07-28,20.524999618530273,15.361412048339844,Yahoo Finance chart API
2017-07-31,20.337499618530273,15.35197639465332,Yahoo Finance chart API
2017-08-01,20.450000762939453,15.436899185180664,Yahoo Finance chart API
2017-08-02,20.625,15.568997383117676,Yahoo Finance chart API
2017-08-03,20.549999237060547,15.512386322021484,Yahoo Finance chart API
2017-08-04,20.587499618530273,15.540689468383789,Yahoo Finance chart API
2017-08-07,20.737499237060547,15.65392017364502,Yahoo Finance chart API
2017-08-08,20.725000381469727,15.644486427307129,Yahoo Finance chart API
2017-08-09,20.537500381469727,15.502950668334961,Yahoo Finance chart API
2017-08-10,20.399999618530273,15.399155616760254,Yahoo Finance chart API
2017-08-11,20.3125,15.333105087280273,Yahoo Finance chart API
2017-08-14,20.1875,15.238748550415039,Yahoo Finance chart API
2017-08-15,20.325000762939453,15.342538833618164,Yahoo Finance chart API
2017-08-16,20.25,15.285926818847656,Yahoo Finance chart API
2017-08-17,20.412500381469727,15.408594131469727,Yahoo Finance chart API
2017-08-18,20.287500381469727,15.31423282623291,Yahoo Finance chart API
2017-08-21,20.262500762939453,15.295363426208496,Yahoo Finance chart API
2017-08-22,20.462499618530273,15.446333885192871,Yahoo Finance chart API
2017-08-23,20.4375,15.42746353149414,Yahoo Finance chart API
2017-08-24,20.637500762939453,15.578437805175781,Yahoo Finance chart API
2017-08-25,20.674999237060547,15.60673999786377,Yahoo Finance chart API
2017-08-28,20.637500762939453,15.578437805175781,Yahoo Finance chart API
2017-08-29,20.575000762939453,15.531256675720215,Yahoo Finance chart API
2017-08-30,20.674999237060547,15.60673999786377,Yahoo Finance chart API
2017-08-31,20.737499237060547,15.65392017364502,Yahoo Finance chart API
2017-09-01,20.75,15.663355827331543,Yahoo Finance chart API
2017-09-04,20.712499618530273,15.635047912597656,Yahoo Finance chart API
2017-09-05,20.737499237060547,15.65392017364502,Yahoo Finance chart API
2017-09-06,20.649999618530273,15.587873458862305,Yahoo Finance chart API
2017-09-07,20.5625,15.521821022033691,Yahoo Finance chart API
2017-09-08,20.674999237060547,15.60673999786377,Yahoo Finance chart API
2017-09-11,20.637500762939453,15.578437805175781,Yahoo Finance chart API
2017-09-12,20.712499618530273,15.635047912597656,Yahoo Finance chart API
2017-09-13,20.575000762939453,15.531256675720215,Yahoo Finance chart API
2017-09-14,20.587499618530273,15.540689468383789,Yahoo Finance chart API
2017-09-15,20.587499618530273,15.540689468383789,Yahoo Finance chart API
2017-09-18,20.787500381469727,15.691662788391113,Yahoo Finance chart API
2017-09-19,20.6875,15.616178512573242,Yahoo Finance chart API
2017-09-20,20.549999237060547,15.512386322021484,Yahoo Finance chart API
2017-09-21,20.674999237060547,15.60673999786377,Yahoo Finance chart API
2017-09-22,20.399999618530273,15.399155616760254,Yahoo Finance chart API
2017-09-25,20.237499237060547,15.276487350463867,Yahoo Finance chart API
2017-09-26,20.075000762939453,15.153824806213379,Yahoo Finance chart API
2017-09-27,20.174999237060547,15.229310989379883,Yahoo Finance chart API
2017-09-28,20.100000381469727,15.172698974609375,Yahoo Finance chart API
2017-09-29,20.162500381469727,15.219876289367676,Yahoo Finance chart API
2017-10-02,20.375,15.380284309387207,Yahoo Finance chart API
2017-10-03,20.375,15.380284309387207,Yahoo Finance chart API
2017-10-05,20.462499618530273,15.446333885192871,Yahoo Finance chart API
2017-10-06,20.524999618530273,15.493514060974121,Yahoo Finance chart API
2017-10-11,20.850000381469727,15.73884391784668,Yahoo Finance chart API
2017-10-12,21.049999237060547,15.889814376831055,Yahoo Finance chart API
2017-10-13,21.012500762939453,15.861509323120117,Yahoo Finance chart API
2017-10-16,21.125,15.94643497467041,Yahoo Finance chart API
2017-10-17,21.075000762939453,15.90868854522705,Yahoo Finance chart API
2017-10-18,21.149999618530273,15.965303421020508,Yahoo Finance chart API
2017-10-19,21.225000381469727,16.021915435791016,Yahoo Finance chart API
2017-10-20,21.137500762939453,15.955862045288086,Yahoo Finance chart API
2017-10-23,21.125,15.94643497467041,Yahoo Finance chart API
2017-10-24,21.100000381469727,15.927558898925781,Yahoo Finance chart API
2017-10-25,21.087499618530273,15.918119430541992,Yahoo Finance chart API
2017-10-26,21.0625,15.899250984191895,Yahoo Finance chart API
2017-10-27,21.075000762939453,15.90868854522705,Yahoo Finance chart API
2017-10-30,21.237499237060547,16.031352996826172,Yahoo Finance chart API
2017-10-31,21.299999237060547,16.078535079956055,Yahoo Finance chart API
2017-11-01,21.274999618530273,16.059656143188477,Yahoo Finance chart API
2017-11-02,21.200000762939453,16.003042221069336,Yahoo Finance chart API
2017-11-03,21.174999237060547,15.984171867370605,Yahoo Finance chart API
2017-11-06,21.212499618530273,16.012481689453125,Yahoo Finance chart API
2017-11-07,21.325000762939453,16.09739875793457,Yahoo Finance chart API
2017-11-08,21.237499237060547,16.031352996826172,Yahoo Finance chart API
2017-11-09,21.100000381469727,15.927558898925781,Yahoo Finance chart API
2017-11-10,21.137500762939453,15.955862045288086,Yahoo Finance chart API
2017-11-13,21.075000762939453,15.90868854522705,Yahoo Finance chart API
2017-11-14,21.037500381469727,15.880376815795898,Yahoo Finance chart API
2017-11-15,20.825000762939453,15.719968795776367,Yahoo Finance chart API
2017-11-16,20.899999618530273,15.77658462524414,Yahoo Finance chart API
2017-11-17,21.087499618530273,15.918119430541992,Yahoo Finance chart API
2017-11-20,21.0,15.852079391479492,Yahoo Finance chart API
2017-11-21,21.1875,15.993608474731445,Yahoo Finance chart API
2017-11-22,21.287500381469727,16.0690975189209,Yahoo Finance chart API
2017-11-23,21.299999237060547,16.078535079956055,Yahoo Finance chart API
2017-11-24,21.287500381469727,16.0690975189209,Yahoo Finance chart API
2017-11-27,21.037500381469727,15.880376815795898,Yahoo Finance chart API
2017-11-28,20.899999618530273,15.77658462524414,Yahoo Finance chart API
2017-11-29,20.924999237060547,15.795454978942871,Yahoo Finance chart API
2017-11-30,20.5625,15.521821022033691,Yahoo Finance chart API
2017-12-01,20.649999618530273,15.587873458862305,Yahoo Finance chart API
2017-12-04,20.725000381469727,15.644486427307129,Yahoo Finance chart API
2017-12-05,20.5625,15.521821022033691,Yahoo Finance chart API
2017-12-06,20.212499618530273,15.257616996765137,Yahoo Finance chart API
2017-12-07,20.225000381469727,15.26705551147461,Yahoo Finance chart API
2017-12-08,20.225000381469727,15.26705551147461,Yahoo Finance chart API
2017-12-11,20.375,15.380284309387207,Yahoo Finance chart API
2017-12-12,20.237499237060547,15.276487350463867,Yahoo Finance chart API
2017-12-13,20.25,15.285926818847656,Yahoo Finance chart API
2017-12-14,20.4375,15.42746353149414,Yahoo Finance chart API
2017-12-15,20.274999618530273,15.304800033569336,Yahoo Finance chart API
2017-12-18,20.299999237060547,15.3236665725708,Yahoo Finance chart API
2017-12-19,20.200000762939453,15.248181343078613,Yahoo Finance chart API
2017-12-20,20.262500762939453,15.295363426208496,Yahoo Finance chart API
2017-12-21,20.25,15.285926818847656,Yahoo Finance chart API
2017-12-22,20.325000762939453,15.342538833618164,Yahoo Finance chart API
2017-12-25,20.362499237060547,15.370848655700684,Yahoo Finance chart API
2017-12-26,20.162500381469727,15.219876289367676,Yahoo Finance chart API
2017-12-27,20.225000381469727,15.26705551147461,Yahoo Finance chart API
2017-12-28,20.424999237060547,15.418025016784668,Yahoo Finance chart API
2017-12-29,20.537500381469727,15.502950668334961,Yahoo Finance chart API
2018-01-02,20.649999618530273,15.587873458862305,Yahoo Finance chart API
2018-01-03,20.837499618530273,15.729406356811523,Yahoo Finance chart API
2018-01-04,20.875,15.757712364196777,Yahoo Finance chart API
2018-01-05,20.9375,15.804893493652344,Yahoo Finance chart API
2018-01-08,21.024999618530273,15.870944023132324,Yahoo Finance chart API
2018-01-09,21.037500381469727,15.880376815795898,Yahoo Finance chart API
2018-01-10,20.9375,15.804893493652344,Yahoo Finance chart API
2018-01-11,20.850000381469727,15.73884391784668,Yahoo Finance chart API
2018-01-12,21.024999618530273,15.870944023132324,Yahoo Finance chart API
2018-01-15,21.162500381469727,15.974736213684082,Yahoo Finance chart API
2018-01-16,21.25,16.040790557861328,Yahoo Finance chart API
2018-01-17,21.287500381469727,16.0690975189209,Yahoo Finance chart API
2018-01-18,21.575000762939453,16.28611946105957,Yahoo Finance chart API
2018-01-19,21.787500381469727,16.44652557373047,Yahoo Finance chart API
2018-01-22,21.987499237060547,16.597496032714844,Yahoo Finance chart API
2018-01-23,22.075000762939453,16.663545608520508,Yahoo Finance chart API
2018-01-24,21.799999237060547,16.455955505371094,Yahoo Finance chart API
2018-01-25,21.862499237060547,16.50313949584961,Yahoo Finance chart API
2018-01-26,21.875,16.512577056884766,Yahoo Finance chart API
2018-01-29,21.387500762939453,16.560972213745117,Yahoo Finance chart API
2018-01-30,21.137500762939453,16.367387771606445,Yahoo Finance chart API
2018-01-31,21.162500381469727,16.38674545288086,Yahoo Finance chart API
2018-02-01,21.3125,16.50289535522461,Yahoo Finance chart API
2018-02-02,21.225000381469727,16.43514633178711,Yahoo Finance chart API
2018-02-05,20.899999618530273,16.183483123779297,Yahoo Finance chart API
2018-02-06,19.912500381469727,15.418835639953613,Yahoo Finance chart API
2018-02-07,20.162500381469727,15.612417221069336,Yahoo Finance chart API
2018-02-08,20.149999618530273,15.602738380432129,Yahoo Finance chart API
2018-02-09,19.762500762939453,15.30268383026123,Yahoo Finance chart API
2018-02-12,19.924999237060547,15.428513526916504,Yahoo Finance chart API
2018-02-21,20.375,15.776961326599121,Yahoo Finance chart API
2018-02-22,20.25,15.680168151855469,Yahoo Finance chart API
2018-02-23,20.5,15.87375259399414,Yahoo Finance chart API
2018-02-26,20.600000381469727,15.951184272766113,Yahoo Finance chart API
2018-02-27,20.587499618530273,15.941503524780273,Yahoo Finance chart API
2018-03-01,20.4375,15.825359344482422,Yahoo Finance chart API
2018-03-02,20.287500381469727,15.709207534790039,Yahoo Finance chart API
2018-03-05,20.1875,15.631775856018066,Yahoo Finance chart API
2018-03-06,20.537500381469727,15.902788162231445,Yahoo Finance chart API
2018-03-07,20.450000762939453,15.835037231445312,Yahoo Finance chart API
2018-03-08,20.6875,16.018939971923828,Yahoo Finance chart API
2018-03-09,20.712499618530273,16.038301467895508,Yahoo Finance chart API
2018-03-12,21.037500381469727,16.289955139160156,Yahoo Finance chart API
2018-03-13,21.237499237060547,16.4448184967041,Yahoo Finance chart API
2018-03-14,21.075000762939453,16.31899070739746,Yahoo Finance chart API
2018-03-15,21.0625,16.30931282043457,Yahoo Finance chart API
2018-03-16,20.975000381469727,16.241559982299805,Yahoo Finance chart API
2018-03-19,20.962499618530273,16.231876373291016,Yahoo Finance chart API
2018-03-20,20.950000762939453,16.222204208374023,Yahoo Finance chart API
2018-03-21,20.962499618530273,16.231876373291016,Yahoo Finance chart API
2018-03-22,20.887500762939453,16.173805236816406,Yahoo Finance chart API
2018-03-23,20.524999618530273,15.893113136291504,Yahoo Finance chart API
2018-03-26,20.549999237060547,15.912467002868652,Yahoo Finance chart API
2018-03-27,20.850000381469727,16.14476776123047,Yahoo Finance chart API
2018-03-28,20.5625,15.922148704528809,Yahoo Finance chart API
2018-03-29,20.524999618530273,15.893113136291504,Yahoo Finance chart API
2018-03-30,20.712499618530273,16.038301467895508,Yahoo Finance chart API
2018-04-02,20.5625,15.922148704528809,Yahoo Finance chart API
2018-04-03,20.375,15.776961326599121,Yahoo Finance chart API
2018-04-09,20.549999237060547,15.912467002868652,Yahoo Finance chart API
2018-04-10,20.625,15.970542907714844,Yahoo Finance chart API
2018-04-11,20.712499618530273,16.038301467895508,Yahoo Finance chart API
2018-04-12,20.625,15.970542907714844,Yahoo Finance chart API
2018-04-13,20.625,15.970542907714844,Yahoo Finance chart API
2018-04-16,20.575000762939453,15.93182373046875,Yahoo Finance chart API
2018-04-17,20.350000381469727,15.75760555267334,Yahoo Finance chart API
2018-04-18,20.399999618530273,15.796324729919434,Yahoo Finance chart API
2018-04-19,20.662500381469727,15.999584197998047,Yahoo Finance chart API
2018-04-20,20.1875,15.631775856018066,Yahoo Finance chart API
2018-04-23,19.987499237060547,15.476910591125488,Yahoo Finance chart API
2018-04-24,19.887500762939453,15.399476051330566,Yahoo Finance chart API
2018-04-25,19.825000762939453,15.351078987121582,Yahoo Finance chart API
2018-04-26,19.762500762939453,15.30268383026123,Yahoo Finance chart API
2018-04-27,19.799999237060547,15.331721305847168,Yahoo Finance chart API
2018-04-30,20.0,15.486586570739746,Yahoo Finance chart API
2018-05-02,19.850000381469727,15.370438575744629,Yahoo Finance chart API
2018-05-03,19.637500762939453,15.205893516540527,Yahoo Finance chart API
2018-05-04,19.737499237060547,15.283327102661133,Yahoo Finance chart API
2018-05-07,19.875,15.389795303344727,Yahoo Finance chart API
2018-05-08,20.0,15.486586570739746,Yahoo Finance chart API
2018-05-09,20.112499237060547,15.573701858520508,Yahoo Finance chart API
2018-05-10,20.162500381469727,15.612417221069336,Yahoo Finance chart API
2018-05-11,20.399999618530273,15.796324729919434,Yahoo Finance chart API
2018-05-14,20.625,15.970542907714844,Yahoo Finance chart API
2018-05-15,20.412500381469727,15.805999755859375,Yahoo Finance chart API
2018-05-16,20.4375,15.825359344482422,Yahoo Finance chart API
2018-05-17,20.299999237060547,15.71888256072998,Yahoo Finance chart API
2018-05-18,20.237499237060547,15.670492172241211,Yahoo Finance chart API
2018-05-21,20.512500762939453,15.883429527282715,Yahoo Finance chart API
2018-05-22,20.4375,15.825359344482422,Yahoo Finance chart API
2018-05-23,20.337499618530273,15.747925758361816,Yahoo Finance chart API
2018-05-24,20.387500762939453,15.786639213562012,Yahoo Finance chart API
2018-05-25,20.462499618530273,15.84471607208252,Yahoo Finance chart API
2018-05-28,20.549999237060547,15.912467002868652,Yahoo Finance chart API
2018-05-29,20.462499618530273,15.84471607208252,Yahoo Finance chart API
2018-05-30,20.100000381469727,15.564022064208984,Yahoo Finance chart API
2018-05-31,20.1875,15.631775856018066,Yahoo Finance chart API
2018-06-01,20.337499618530273,15.747925758361816,Yahoo Finance chart API
2018-06-04,20.649999618530273,15.989904403686523,Yahoo Finance chart API
2018-06-05,20.625,15.970542907714844,Yahoo Finance chart API
2018-06-06,20.825000762939453,16.125410079956055,Yahoo Finance chart API
2018-06-07,20.862499237060547,16.154441833496094,Yahoo Finance chart API
2018-06-08,20.637500762939453,15.980219841003418,Yahoo Finance chart API
2018-06-11,20.662500381469727,15.999584197998047,Yahoo Finance chart API
2018-06-12,20.625,15.970542907714844,Yahoo Finance chart API
2018-06-13,20.75,16.067338943481445,Yahoo Finance chart API
2018-06-14,20.4375,15.825359344482422,Yahoo Finance chart API
2018-06-15,20.487499237060547,15.8640718460083,Yahoo Finance chart API
2018-06-19,20.149999618530273,15.602738380432129,Yahoo Finance chart API
2018-06-20,20.375,15.776961326599121,Yahoo Finance chart API
2018-06-21,20.3125,15.72856616973877,Yahoo Finance chart API
2018-06-22,20.287500381469727,15.709207534790039,Yahoo Finance chart API
2018-06-25,20.225000381469727,15.660812377929688,Yahoo Finance chart API
2018-06-26,20.174999237060547,15.62209415435791,Yahoo Finance chart API
2018-06-27,20.100000381469727,15.564022064208984,Yahoo Finance chart API
2018-06-28,20.012500762939453,15.49626636505127,Yahoo Finance chart API
2018-06-29,20.362499237060547,15.767287254333496,Yahoo Finance chart API
2018-07-02,20.262500762939453,15.689849853515625,Yahoo Finance chart API
2018-07-03,20.287500381469727,15.709207534790039,Yahoo Finance chart API
2018-07-04,20.350000381469727,15.75760555267334,Yahoo Finance chart API
2018-07-05,20.1875,15.631775856018066,Yahoo Finance chart API
2018-07-06,20.237499237060547,15.670492172241211,Yahoo Finance chart API
2018-07-09,20.5625,15.922148704528809,Yahoo Finance chart API
2018-07-10,20.612499237060547,15.960861206054688,Yahoo Finance chart API
2018-07-11,20.424999237060547,15.815678596496582,Yahoo Finance chart API
2018-07-12,20.662500381469727,15.999584197998047,Yahoo Finance chart API
2018-07-13,20.837499618530273,16.135087966918945,Yahoo Finance chart API
2018-07-16,20.75,16.067338943481445,Yahoo Finance chart API
2018-07-17,20.637500762939453,15.980219841003418,Yahoo Finance chart API
2018-07-18,20.762500762939453,16.077014923095703,Yahoo Finance chart API
2018-07-19,20.825000762939453,16.125410079956055,Yahoo Finance chart API
2018-07-20,21.162500381469727,16.38674545288086,Yahoo Finance chart API
2018-07-23,21.137500762939453,16.503864288330078,Yahoo Finance chart API
2018-07-24,21.174999237060547,16.53314208984375,Yahoo Finance chart API
2018-07-25,21.1875,16.54290199279785,Yahoo Finance chart API
2018-07-26,21.25,16.591705322265625,Yahoo Finance chart API
2018-07-27,21.424999237060547,16.72833824157715,Yahoo Finance chart API
2018-07-30,21.387500762939453,16.69906234741211,Yahoo Finance chart API
2018-07-31,21.387500762939453,16.69906234741211,Yahoo Finance chart API
2018-08-01,21.537500381469727,16.81618309020996,Yahoo Finance chart API
2018-08-02,21.212499618530273,16.562421798706055,Yahoo Finance chart API
2018-08-03,21.387500762939453,16.69906234741211,Yahoo Finance chart API
2018-08-06,21.424999237060547,16.72833824157715,Yahoo Finance chart API
2018-08-07,21.375,16.689300537109375,Yahoo Finance chart API
2018-08-08,21.537500381469727,16.81618309020996,Yahoo Finance chart API
2018-08-09,21.537500381469727,16.81618309020996,Yahoo Finance chart API
2018-08-10,21.424999237060547,16.72833824157715,Yahoo Finance chart API
2018-08-13,20.987499237060547,16.386749267578125,Yahoo Finance chart API
2018-08-14,21.137500762939453,16.503864288330078,Yahoo Finance chart API
2018-08-15,20.9375,16.347713470458984,Yahoo Finance chart API
2018-08-16,20.950000762939453,16.35746955871582,Yahoo Finance chart API
2018-08-17,20.912500381469727,16.328187942504883,Yahoo Finance chart API
2018-08-20,20.987499237060547,16.386749267578125,Yahoo Finance chart API
2018-08-21,21.137500762939453,16.503864288330078,Yahoo Finance chart API
2018-08-22,21.162500381469727,16.52338409423828,Yahoo Finance chart API
2018-08-23,21.262500762939453,16.601465225219727,Yahoo Finance chart API
2018-08-24,21.200000762939453,16.55266761779785,Yahoo Finance chart API
2018-08-27,21.387500762939453,16.69906234741211,Yahoo Finance chart API
2018-08-28,21.5625,16.8356990814209,Yahoo Finance chart API
2018-08-29,21.8125,17.030895233154297,Yahoo Finance chart API
2018-08-30,21.887500762939453,17.089454650878906,Yahoo Finance chart API
2018-08-31,21.737499237060547,16.972333908081055,Yahoo Finance chart API
2018-09-03,21.612499237060547,16.874736785888672,Yahoo Finance chart API
2018-09-04,21.75,16.98209571838379,Yahoo Finance chart API
2018-09-05,21.75,16.98209571838379,Yahoo Finance chart API
2018-09-06,21.625,16.884496688842773,Yahoo Finance chart API
2018-09-07,21.600000381469727,16.864974975585938,Yahoo Finance chart API
2018-09-10,21.5,16.78689956665039,Yahoo Finance chart API
2018-09-11,21.412500381469727,16.718578338623047,Yahoo Finance chart API
2018-09-12,21.387500762939453,16.69906234741211,Yahoo Finance chart API
2018-09-13,21.237499237060547,16.581941604614258,Yahoo Finance chart API
2018-09-14,21.625,16.884496688842773,Yahoo Finance chart API
2018-09-17,21.462499618530273,16.75761604309082,Yahoo Finance chart API
2018-09-18,21.350000381469727,16.66977882385254,Yahoo Finance chart API
2018-09-19,21.537500381469727,16.81618309020996,Yahoo Finance chart API
2018-09-20,21.475000381469727,16.767377853393555,Yahoo Finance chart API
2018-09-21,21.712499618530273,16.952817916870117,Yahoo Finance chart API
2018-09-25,21.774999618530273,17.001617431640625,Yahoo Finance chart API
2018-09-26,21.725000381469727,16.962574005126953,Yahoo Finance chart API
2018-09-27,21.837499618530273,17.0504150390625,Yahoo Finance chart API
2018-09-28,21.725000381469727,16.962574005126953,Yahoo Finance chart API
2018-10-01,21.837499618530273,17.0504150390625,Yahoo Finance chart API
2018-10-02,21.512500762939453,16.796659469604492,Yahoo Finance chart API
2018-10-03,21.487499237060547,16.777141571044922,Yahoo Finance chart API
2018-10-04,21.225000381469727,16.572187423706055,Yahoo Finance chart API
2018-10-05,20.862499237060547,16.289142608642578,Yahoo Finance chart API
2018-10-08,20.75,16.201313018798828,Yahoo Finance chart API
2018-10-09,20.8125,16.250112533569336,Yahoo Finance chart API
2018-10-11,19.350000381469727,15.108208656311035,Yahoo Finance chart API
2018-10-12,20.012500762939453,15.625479698181152,Yahoo Finance chart API
2018-10-15,19.799999237060547,15.459562301635742,Yahoo Finance chart API
2018-10-16,19.825000762939453,15.479081153869629,Yahoo Finance chart API
2018-10-17,19.850000381469727,15.498601913452148,Yahoo Finance chart API
2018-10-18,19.787500381469727,15.449806213378906,Yahoo Finance chart API
2018-10-19,19.825000762939453,15.479081153869629,Yahoo Finance chart API
2018-10-22,19.799999237060547,15.459562301635742,Yahoo Finance chart API
2018-10-23,19.4375,15.176531791687012,Yahoo Finance chart API
2018-10-24,19.350000381469727,15.108208656311035,Yahoo Finance chart API
2018-10-25,18.875,14.737335205078125,Yahoo Finance chart API
2018-10-26,18.850000381469727,14.71782112121582,Yahoo Finance chart API
2018-10-29,18.9375,14.7861328125,Yahoo Finance chart API
2018-10-30,18.987499237060547,14.825170516967773,Yahoo Finance chart API
2018-10-31,19.387500762939453,15.137491226196289,Yahoo Finance chart API
2018-11-01,19.600000381469727,15.3034029006958,Yahoo Finance chart API
2018-11-02,19.662500381469727,15.352203369140625,Yahoo Finance chart API
2018-11-05,19.5625,15.274126052856445,Yahoo Finance chart API
2018-11-06,19.5,15.225327491760254,Yahoo Finance chart API
2018-11-07,19.600000381469727,15.3034029006958,Yahoo Finance chart API
2018-11-08,19.712499618530273,15.391241073608398,Yahoo Finance chart API
2018-11-09,19.450000762939453,15.186291694641113,Yahoo Finance chart API
2018-11-12,19.5,15.225327491760254,Yahoo Finance chart API
2018-11-13,19.274999618530273,15.049647331237793,Yahoo Finance chart API
2018-11-14,19.337499618530273,15.0984525680542,Yahoo Finance chart API
2018-11-15,19.399999618530273,15.147249221801758,Yahoo Finance chart API
2018-11-16,19.237499237060547,15.020370483398438,Yahoo Finance chart API
2018-11-19,19.174999237060547,14.971572875976562,Yahoo Finance chart API
2018-11-20,19.0,14.834931373596191,Yahoo Finance chart API
2018-11-21,19.0,14.834931373596191,Yahoo Finance chart API
2018-11-22,18.899999618530273,14.756854057312012,Yahoo Finance chart API
2018-11-23,18.837499618530273,14.708057403564453,Yahoo Finance chart API
2018-11-26,19.037500381469727,14.864209175109863,Yahoo Finance chart API
2018-11-27,19.012500762939453,14.844695091247559,Yahoo Finance chart API
2018-11-28,19.225000381469727,15.010605812072754,Yahoo Finance chart API
2018-11-29,19.262500762939453,15.039891242980957,Yahoo Finance chart API
2018-11-30,19.1875,14.981332778930664,Yahoo Finance chart API
2018-12-03,19.700000762939453,15.38148307800293,Yahoo Finance chart API
2018-12-04,19.5625,15.274126052856445,Yahoo Finance chart API
2018-12-05,19.162500381469727,14.961812019348145,Yahoo Finance chart API
2018-12-06,18.774999618530273,14.659255981445312,Yahoo Finance chart API
2018-12-07,18.862499237060547,14.727578163146973,Yahoo Finance chart API
2018-12-10,18.612499237060547,14.532378196716309,Yahoo Finance chart API
2018-12-11,18.762500762939453,14.649496078491211,Yahoo Finance chart API
2018-12-12,19.049999237060547,14.873971939086914,Yahoo Finance chart API
2018-12-13,19.075000762939453,14.89349365234375,Yahoo Finance chart API
2018-12-14,18.837499618530273,14.708057403564453,Yahoo Finance chart API
2018-12-17,18.987499237060547,14.825170516967773,Yahoo Finance chart API
2018-12-18,18.825000762939453,14.698297500610352,Yahoo Finance chart API
2018-12-19,18.975000381469727,14.815415382385254,Yahoo Finance chart API
2018-12-20,18.762500762939453,14.649496078491211,Yahoo Finance chart API
2018-12-21,18.799999237060547,14.6787748336792,Yahoo Finance chart API
2018-12-24,18.674999237060547,14.5811767578125,Yahoo Finance chart API
2018-12-25,18.4375,14.395744323730469,Yahoo Finance chart API
2018-12-26,18.387500762939453,14.356701850891113,Yahoo Finance chart API
2018-12-27,18.762500762939453,14.649496078491211,Yahoo Finance chart API
2018-12-28,18.875,14.737335205078125,Yahoo Finance chart API
2019-01-02,18.512500762939453,14.454301834106445,Yahoo Finance chart API
2019-01-03,18.337499618530273,14.317660331726074,Yahoo Finance chart API
2019-01-04,18.049999237060547,14.093186378479004,Yahoo Finance chart API
2019-01-07,18.487499237060547,14.43478012084961,Yahoo Finance chart API
2019-01-08,18.412500381469727,14.376221656799316,Yahoo Finance chart API
2019-01-09,18.75,14.639739990234375,Yahoo Finance chart API
2019-01-10,18.700000762939453,14.60069751739502,Yahoo Finance chart API
2019-01-11,18.875,14.737335205078125,Yahoo Finance chart API
2019-01-14,18.75,14.639739990234375,Yahoo Finance chart API
2019-01-15,18.912500381469727,14.766617774963379,Yahoo Finance chart API
2019-01-16,18.887500762939453,14.74709701538086,Yahoo Finance chart API
2019-01-17,18.887500762939453,14.74709701538086,Yahoo Finance chart API
2019-01-18,18.987499237060547,14.825170516967773,Yahoo Finance chart API
2019-01-21,19.125,14.93253231048584,Yahoo Finance chart API
2019-01-22,18.512500762939453,14.902345657348633,Yahoo Finance chart API
2019-01-23,18.424999237060547,14.83191204071045,Yahoo Finance chart API
2019-01-24,18.512500762939453,14.902345657348633,Yahoo Finance chart API
2019-01-25,18.75,15.093528747558594,Yahoo Finance chart API
2019-01-28,18.787500381469727,15.123719215393066,Yahoo Finance chart API
2019-01-29,18.625,14.992904663085938,Yahoo Finance chart API
2019-01-30,18.587499618530273,14.962716102600098,Yahoo Finance chart API
2019-02-11,18.787500381469727,15.123719215393066,Yahoo Finance chart API
2019-02-12,18.912500381469727,15.224343299865723,Yahoo Finance chart API
2019-02-13,18.875,15.19415283203125,Yahoo Finance chart API
2019-02-14,18.8125,15.143838882446289,Yahoo Finance chart API
2019-02-15,18.762500762939453,15.103592872619629,Yahoo Finance chart API
2019-02-18,18.912500381469727,15.224343299865723,Yahoo Finance chart API
2019-02-19,18.875,15.19415283203125,Yahoo Finance chart API
2019-02-20,19.087499618530273,15.365209579467773,Yahoo Finance chart API
2019-02-21,19.274999618530273,15.516146659851074,Yahoo Finance chart API
2019-02-22,19.237499237060547,15.48595905303955,Yahoo Finance chart API
2019-02-25,19.375,15.596644401550293,Yahoo Finance chart API
2019-02-26,19.424999237060547,15.636896133422852,Yahoo Finance chart API
2019-02-27,19.412500381469727,15.62683391571045,Yahoo Finance chart API
2019-03-04,19.237499237060547,15.48595905303955,Yahoo Finance chart API
2019-03-05,19.1875,15.445709228515625,Yahoo Finance chart API
2019-03-06,19.237499237060547,15.48595905303955,Yahoo Finance chart API
2019-03-07,19.162500381469727,15.425590515136719,Yahoo Finance chart API
2019-03-08,19.0,15.294774055480957,Yahoo Finance chart API
2019-03-11,19.037500381469727,15.324963569641113,Yahoo Finance chart API
2019-03-12,19.3125,15.546337127685547,Yahoo Finance chart API
2019-03-13,19.274999618530273,15.516146659851074,Yahoo Finance chart API
2019-03-14,19.262500762939453,15.506086349487305,Yahoo Finance chart API
2019-03-15,19.399999618530273,15.61677074432373,Yahoo Finance chart API
2019-03-18,19.524999618530273,15.71739673614502,Yahoo Finance chart API
2019-03-19,19.600000381469727,15.777769088745117,Yahoo Finance chart API
2019-03-20,19.625,15.797893524169922,Yahoo Finance chart API
2019-03-21,19.787500381469727,15.928705215454102,Yahoo Finance chart API
2019-03-22,19.837499618530273,15.968951225280762,Yahoo Finance chart API
2019-03-25,19.537500381469727,15.727458000183105,Yahoo Finance chart API
2019-03-26,19.662500381469727,15.828081130981445,Yahoo Finance chart API
2019-03-27,19.625,15.797893524169922,Yahoo Finance chart API
2019-03-28,19.625,15.797893524169922,Yahoo Finance chart API
2019-03-29,19.787500381469727,15.928705215454102,Yahoo Finance chart API
2019-04-01,19.962499618530273,16.069578170776367,Yahoo Finance chart API
2019-04-02,20.037500381469727,16.129953384399414,Yahoo Finance chart API
2019-04-03,20.037500381469727,16.129953384399414,Yahoo Finance chart API
2019-04-08,20.225000381469727,16.2808895111084,Yahoo Finance chart API
2019-04-09,20.350000381469727,16.381511688232422,Yahoo Finance chart API
2019-04-10,20.375,16.401636123657227,Yahoo Finance chart API
2019-04-11,20.287500381469727,16.331199645996094,Yahoo Finance chart API
2019-04-12,20.274999618530273,16.321136474609375,Yahoo Finance chart API
2019-04-15,20.462499618530273,16.472074508666992,Yahoo Finance chart API
2019-04-16,20.524999618530273,16.522384643554688,Yahoo Finance chart API
2019-04-17,20.6875,16.653194427490234,Yahoo Finance chart API
2019-04-18,20.674999237060547,16.643131256103516,Yahoo Finance chart API
2019-04-19,20.700000762939453,16.663257598876953,Yahoo Finance chart API
2019-04-22,20.674999237060547,16.643131256103516,Yahoo Finance chart API
2019-04-23,20.762500762939453,16.713573455810547,Yahoo Finance chart API
2019-04-24,20.799999237060547,16.743755340576172,Yahoo Finance chart API
2019-04-25,20.850000381469727,16.78400421142578,Yahoo Finance chart API
2019-04-26,20.612499237060547,16.59282112121582,Yahoo Finance chart API
2019-04-29,20.700000762939453,16.663257598876953,Yahoo Finance chart API
2019-04-30,20.700000762939453,16.663257598876953,Yahoo Finance chart API
2019-05-02,20.75,16.703510284423828,Yahoo Finance chart API
2019-05-03,20.9375,16.854442596435547,Yahoo Finance chart API
2019-05-06,20.575000762939453,16.562633514404297,Yahoo Finance chart API
2019-05-07,20.787500381469727,16.73369789123535,Yahoo Finance chart API
2019-05-08,20.637500762939453,16.612951278686523,Yahoo Finance chart API
2019-05-09,20.387500762939453,16.411697387695312,Yahoo Finance chart API
2019-05-10,20.375,16.401636123657227,Yahoo Finance chart API
2019-05-13,20.037500381469727,16.129953384399414,Yahoo Finance chart API
2019-05-14,19.912500381469727,16.029329299926758,Yahoo Finance chart API
2019-05-15,19.9375,16.049455642700195,Yahoo Finance chart API
2019-05-16,19.762500762939453,15.908580780029297,Yahoo Finance chart API
2019-05-17,19.5625,15.747579574584961,Yahoo Finance chart API
2019-05-20,19.549999237060547,15.737519264221191,Yahoo Finance chart API
2019-05-21,19.600000381469727,15.777769088745117,Yahoo Finance chart API
2019-05-22,19.600000381469727,15.777769088745117,Yahoo Finance chart API
2019-05-23,19.237499237060547,15.48595905303955,Yahoo Finance chart API
2019-05-24,19.337499618530273,15.566458702087402,Yahoo Finance chart API
2019-05-27,19.287500381469727,15.526212692260742,Yahoo Finance chart API
2019-05-28,19.274999618530273,15.516146659851074,Yahoo Finance chart API
2019-05-29,19.1875,15.445709228515625,Yahoo Finance chart API
2019-05-30,19.350000381469727,15.576521873474121,Yahoo Finance chart API
2019-05-31,19.612499237060547,15.787836074829102,Yahoo Finance chart API
2019-06-03,19.637500762939453,15.807958602905273,Yahoo Finance chart API
2019-06-04,19.512500762939453,15.7073335647583,Yahoo Finance chart API
2019-06-05,19.575000762939453,15.757644653320312,Yahoo Finance chart API
2019-06-06,19.424999237060547,15.636896133422852,Yahoo Finance chart API
2019-06-10,19.762500762939453,15.908580780029297,Yahoo Finance chart API
2019-06-11,19.850000381469727,15.979016304016113,Yahoo Finance chart API
2019-06-12,19.924999237060547,16.039392471313477,Yahoo Finance chart API
2019-06-13,19.762500762939453,15.908580780029297,Yahoo Finance chart API
2019-06-14,19.725000381469727,15.878396034240723,Yahoo Finance chart API
2019-06-17,19.674999237060547,15.838144302368164,Yahoo Finance chart API
2019-06-18,19.725000381469727,15.878396034240723,Yahoo Finance chart API
2019-06-19,20.1875,16.250701904296875,Yahoo Finance chart API
2019-06-20,20.212499618530273,16.27082633972168,Yahoo Finance chart API
2019-06-21,20.212499618530273,16.27082633972168,Yahoo Finance chart API
2019-06-24,20.299999237060547,16.341259002685547,Yahoo Finance chart API
2019-06-25,20.1875,16.250701904296875,Yahoo Finance chart API
2019-06-26,20.087499618530273,16.17020034790039,Yahoo Finance chart API
2019-06-27,20.375,16.401636123657227,Yahoo Finance chart API
2019-06-28,20.225000381469727,16.2808895111084,Yahoo Finance chart API
2019-07-01,20.662500381469727,16.63306999206543,Yahoo Finance chart API
2019-07-02,20.612499237060547,16.59282112121582,Yahoo Finance chart API
2019-07-03,20.375,16.401636123657227,Yahoo Finance chart API
2019-07-04,20.5,16.502262115478516,Yahoo Finance chart API
2019-07-05,20.475000381469727,16.482139587402344,Yahoo Finance chart API
2019-07-08,20.399999618530273,16.42176055908203,Yahoo Finance chart API
2019-07-09,20.375,16.401636123657227,Yahoo Finance chart API
2019-07-10,20.549999237060547,16.542509078979492,Yahoo Finance chart API
2019-07-11,20.712499618530273,16.673320770263672,Yahoo Finance chart API
2019-07-12,20.6875,16.653194427490234,Yahoo Finance chart API
2019-07-15,20.799999237060547,16.743755340576172,Yahoo Finance chart API
2019-07-16,20.837499618530273,16.773941040039062,Yahoo Finance chart API
2019-07-17,20.700000762939453,16.663257598876953,Yahoo Finance chart API
2019-07-18,20.674999237060547,16.643131256103516,Yahoo Finance chart API
2019-07-19,20.75,16.846099853515625,Yahoo Finance chart API
2019-07-22,20.850000381469727,16.92728614807129,Yahoo Finance chart API
2019-07-23,20.899999618530273,16.967876434326172,Yahoo Finance chart API
2019-07-24,20.887500762939453,16.957727432250977,Yahoo Finance chart API
2019-07-25,20.950000762939453,17.008468627929688,Yahoo Finance chart API
2019-07-26,20.8125,16.896841049194336,Yahoo Finance chart API
2019-07-29,20.862499237060547,16.937427520751953,Yahoo Finance chart API
2019-07-30,20.799999237060547,16.886688232421875,Yahoo Finance chart API
2019-07-31,20.700000762939453,16.805503845214844,Yahoo Finance chart API
2019-08-01,20.575000762939453,16.704021453857422,Yahoo Finance chart API
2019-08-02,20.237499237060547,16.430017471313477,Yahoo Finance chart API
2019-08-05,20.037500381469727,16.267648696899414,Yahoo Finance chart API
2019-08-06,20.024999618530273,16.257497787475586,Yahoo Finance chart API
2019-08-07,19.924999237060547,16.176313400268555,Yahoo Finance chart API
2019-08-08,20.162500381469727,16.369131088256836,Yahoo Finance chart API
2019-08-12,20.149999618530273,16.358978271484375,Yahoo Finance chart API
2019-08-13,19.924999237060547,16.176313400268555,Yahoo Finance chart API
2019-08-14,20.075000762939453,16.298091888427734,Yahoo Finance chart API
2019-08-15,19.850000381469727,16.115421295166016,Yahoo Finance chart API
2019-08-16,20.087499618530273,16.30824089050293,Yahoo Finance chart API
2019-08-19,20.200000762939453,16.39957618713379,Yahoo Finance chart API
2019-08-20,20.25,16.440168380737305,Yahoo Finance chart API
2019-08-21,20.274999618530273,16.460464477539062,Yahoo Finance chart API
2019-08-22,20.225000381469727,16.419870376586914,Yahoo Finance chart API
2019-08-23,20.25,16.440168380737305,Yahoo Finance chart API
2019-08-26,19.912500381469727,16.16616439819336,Yahoo Finance chart API
2019-08-27,19.962499618530273,16.20676040649414,Yahoo Finance chart API
2019-08-28,20.100000381469727,16.318391799926758,Yahoo Finance chart API
2019-08-29,20.137500762939453,16.348833084106445,Yahoo Finance chart API
2019-08-30,20.462499618530273,16.61269187927246,Yahoo Finance chart API
2019-09-02,20.475000381469727,16.622838973999023,Yahoo Finance chart API
2019-09-03,20.299999237060547,16.480756759643555,Yahoo Finance chart API
2019-09-04,20.537500381469727,16.67357635498047,Yahoo Finance chart API
2019-09-05,20.75,16.846099853515625,Yahoo Finance chart API
2019-09-06,20.875,16.94758415222168,Yahoo Finance chart API
2019-09-10,20.850000381469727,16.92728614807129,Yahoo Finance chart API
2019-09-11,20.862499237060547,16.937427520751953,Yahoo Finance chart API
2019-09-12,20.975000381469727,17.028766632080078,Yahoo Finance chart API
2019-09-16,21.100000381469727,17.1302433013916,Yahoo Finance chart API
2019-09-17,21.0625,17.09980583190918,Yahoo Finance chart API
2019-09-18,21.237499237060547,17.241878509521484,Yahoo Finance chart API
2019-09-19,21.112499237060547,17.140396118164062,Yahoo Finance chart API
2019-09-20,21.174999237060547,17.191137313842773,Yahoo Finance chart API
2019-09-23,21.125,17.15054702758789,Yahoo Finance chart API
2019-09-24,21.162500381469727,17.18099021911621,Yahoo Finance chart API
2019-09-25,21.024999618530273,17.06935691833496,Yahoo Finance chart API
2019-09-26,21.075000762939453,17.109949111938477,Yahoo Finance chart API
2019-09-27,21.149999618530273,17.170841217041016,Yahoo Finance chart API
2019-10-01,21.487499237060547,17.444843292236328,Yahoo Finance chart API
2019-10-02,21.412500381469727,17.383955001831055,Yahoo Finance chart API
2019-10-03,21.200000762939453,17.211435317993164,Yahoo Finance chart API
2019-10-04,21.287500381469727,17.2824764251709,Yahoo Finance chart API
2019-10-07,21.362499237060547,17.343360900878906,Yahoo Finance chart API
2019-10-08,21.625,17.556480407714844,Yahoo Finance chart API
2019-10-09,21.450000762939453,17.414398193359375,Yahoo Finance chart API
2019-10-14,21.887500762939453,17.76958656311035,Yahoo Finance chart API
2019-10-15,21.924999237060547,17.800033569335938,Yahoo Finance chart API
2019-10-16,22.024999618530273,17.88121795654297,Yahoo Finance chart API
2019-10-17,22.037500381469727,17.89137077331543,Yahoo Finance chart API
2019-10-18,21.987499237060547,17.850772857666016,Yahoo Finance chart API
2019-10-21,21.962499618530273,17.830474853515625,Yahoo Finance chart API
2019-10-22,22.174999237060547,18.00299644470215,Yahoo Finance chart API
2019-10-23,22.112499237060547,17.95225715637207,Yahoo Finance chart API
2019-10-24,22.200000762939453,18.023290634155273,Yahoo Finance chart API
2019-10-25,22.200000762939453,18.023290634155273,Yahoo Finance chart API
2019-10-28,22.299999237060547,18.104480743408203,Yahoo Finance chart API
2019-10-29,22.362499237060547,18.15522003173828,Yahoo Finance chart API
2019-10-30,22.462499618530273,18.236408233642578,Yahoo Finance chart API
2019-10-31,22.524999618530273,18.287151336669922,Yahoo Finance chart API
2019-11-01,22.524999618530273,18.287151336669922,Yahoo Finance chart API
2019-11-04,23.049999237060547,18.7133731842041,Yahoo Finance chart API
2019-11-05,23.225000381469727,18.855451583862305,Yahoo Finance chart API
2019-11-06,23.337499618530273,18.94679069519043,Yahoo Finance chart API
2019-11-07,23.212499618530273,18.845304489135742,Yahoo Finance chart API
2019-11-08,23.137500762939453,18.784414291381836,Yahoo Finance chart API
2019-11-11,22.787500381469727,18.500263214111328,Yahoo Finance chart API
2019-11-12,23.0,18.672780990600586,Yahoo Finance chart API
2019-11-13,22.862499237060547,18.5611515045166,Yahoo Finance chart API
2019-11-14,22.850000381469727,18.551002502441406,Yahoo Finance chart API
2019-11-15,23.075000762939453,18.733671188354492,Yahoo Finance chart API
2019-11-18,23.225000381469727,18.855451583862305,Yahoo Finance chart API
2019-11-19,23.399999618530273,18.997529983520508,Yahoo Finance chart API
2019-11-20,23.3125,18.926490783691406,Yahoo Finance chart API
2019-11-21,23.125,18.774267196655273,Yahoo Finance chart API
2019-11-22,23.137500762939453,18.784414291381836,Yahoo Finance chart API
2019-11-25,23.149999618530273,18.794559478759766,Yahoo Finance chart API
2019-11-26,23.212499618530273,18.845304489135742,Yahoo Finance chart API
2019-11-27,23.299999237060547,18.916339874267578,Yahoo Finance chart API
2019-11-28,23.237499237060547,18.865598678588867,Yahoo Finance chart API
2019-11-29,22.875,18.57130241394043,Yahoo Finance chart API
2019-12-02,23.012500762939453,18.68292999267578,Yahoo Finance chart API
2019-12-03,23.012500762939453,18.68292999267578,Yahoo Finance chart API
2019-12-04,22.924999237060547,18.611892700195312,Yahoo Finance chart API
2019-12-05,23.225000381469727,18.855451583862305,Yahoo Finance chart API
2019-12-06,23.262500762939453,18.885896682739258,Yahoo Finance chart API
2019-12-09,23.412500381469727,19.007673263549805,Yahoo Finance chart API
2019-12-10,23.25,18.875747680664062,Yahoo Finance chart API
2019-12-11,23.4375,19.027969360351562,Yahoo Finance chart API
2019-12-12,23.962499618530273,19.45419692993164,Yahoo Finance chart API
2019-12-13,24.225000381469727,19.667312622070312,Yahoo Finance chart API
2019-12-16,24.212499618530273,19.657161712646484,Yahoo Finance chart API
2019-12-17,24.537500381469727,19.9210147857666,Yahoo Finance chart API
2019-12-18,24.549999237060547,19.931167602539062,Yahoo Finance chart API
2019-12-19,24.412500381469727,19.819536209106445,Yahoo Finance chart API
2019-12-20,24.237499237060547,19.677453994750977,Yahoo Finance chart API
2019-12-23,24.287500381469727,19.718055725097656,Yahoo Finance chart API
2019-12-24,24.299999237060547,19.728199005126953,Yahoo Finance chart API
2019-12-25,24.337499618530273,19.758647918701172,Yahoo Finance chart API
2019-12-26,24.337499618530273,19.758647918701172,Yahoo Finance chart API
2019-12-27,24.5,19.890573501586914,Yahoo Finance chart API
2019-12-30,24.450000762939453,19.849979400634766,Yahoo Finance chart API
2019-12-31,24.237499237060547,19.677453994750977,Yahoo Finance chart API
2020-01-02,24.412500381469727,19.819536209106445,Yahoo Finance chart API
2020-01-03,24.412500381469727,19.819536209106445,Yahoo Finance chart API
2020-01-06,24.100000381469727,19.565832138061523,Yahoo Finance chart API
2020-01-07,24.024999618530273,19.504934310913086,Yahoo Finance chart API
2020-01-08,23.912500381469727,19.413606643676758,Yahoo Finance chart API
2020-01-09,24.237499237060547,19.677453994750977,Yahoo Finance chart API
2020-01-10,24.325000762939453,19.74849510192871,Yahoo Finance chart API
2020-01-13,24.5,19.890573501586914,Yahoo Finance chart API
2020-01-14,24.649999618530273,20.01235008239746,Yahoo Finance chart API
2020-01-15,24.399999618530273,19.809389114379883,Yahoo Finance chart API
2020-01-16,24.325000762939453,19.74849510192871,Yahoo Finance chart API
2020-01-17,24.325000762939453,19.74849510192871,Yahoo Finance chart API
2020-01-20,24.424999237060547,19.829683303833008,Yahoo Finance chart API
2020-01-30,23.037500381469727,18.703229904174805,Yahoo Finance chart API
2020-01-31,22.487499237060547,18.849918365478516,Yahoo Finance chart API
2020-02-03,22.262500762939453,18.66131591796875,Yahoo Finance chart API
2020-02-04,22.649999618530273,18.986133575439453,Yahoo Finance chart API
2020-02-05,22.712499618530273,19.038524627685547,Yahoo Finance chart API
2020-02-06,23.075000762939453,19.342388153076172,Yahoo Finance chart API
2020-02-07,22.799999237060547,19.11187171936035,Yahoo Finance chart API
2020-02-10,22.75,19.069957733154297,Yahoo Finance chart API
2020-02-11,22.9375,19.227127075195312,Yahoo Finance chart API
2020-02-12,23.162500381469727,19.415733337402344,Yahoo Finance chart API
2020-02-13,23.200000762939453,19.447166442871094,Yahoo Finance chart API
2020-02-14,23.237499237060547,19.47859764099121,Yahoo Finance chart API
2020-02-17,23.075000762939453,19.342388153076172,Yahoo Finance chart API
2020-02-18,22.762500762939453,19.080434799194336,Yahoo Finance chart API
2020-02-19,23.024999618530273,19.300472259521484,Yahoo Finance chart API
2020-02-20,22.924999237060547,19.21664810180664,Yahoo Finance chart API
2020-02-21,22.8125,19.12234878540039,Yahoo Finance chart API
2020-02-24,22.524999618530273,18.8813533782959,Yahoo Finance chart API
2020-02-25,22.587499618530273,18.933744430541992,Yahoo Finance chart API
2020-02-26,22.362499237060547,18.74513816833496,Yahoo Finance chart API
2020-02-27,22.162500381469727,18.577489852905273,Yahoo Finance chart API
2020-03-02,21.837499618530273,18.305063247680664,Yahoo Finance chart API
2020-03-03,22.149999618530273,18.567012786865234,Yahoo Finance chart API
2020-03-04,22.299999237060547,18.692750930786133,Yahoo Finance chart API
2020-03-05,22.549999237060547,18.902305603027344,Yahoo Finance chart API
2020-03-06,22.087499618530273,18.51462173461914,Yahoo Finance chart API
2020-03-09,21.462499618530273,17.99072265625,Yahoo Finance chart API
2020-03-10,21.575000762939453,18.085023880004883,Yahoo Finance chart API
2020-03-11,21.325000762939453,17.87546730041504,Yahoo Finance chart API
2020-03-12,20.537500381469727,17.21535301208496,Yahoo Finance chart API
2020-03-13,20.25,16.97435760498047,Yahoo Finance chart API
2020-03-16,19.325000762939453,16.198986053466797,Yahoo Finance chart API
2020-03-17,18.712499618530273,15.68556022644043,Yahoo Finance chart API
2020-03-18,18.200000762939453,15.255967140197754,Yahoo Finance chart API
2020-03-19,17.137500762939453,14.365334510803223,Yahoo Finance chart API
2020-03-20,18.5,15.50743579864502,Yahoo Finance chart API
2020-03-23,17.700000762939453,14.836845397949219,Yahoo Finance chart API
2020-03-24,18.5625,15.55982494354248,Yahoo Finance chart API
2020-03-25,19.212499618530273,16.10468292236328,Yahoo Finance chart API
2020-03-26,19.299999237060547,16.17802619934082,Yahoo Finance chart API
2020-03-27,19.149999618530273,16.05229377746582,Yahoo Finance chart API
2020-03-30,18.962499618530273,15.895127296447754,Yahoo Finance chart API
2020-03-31,19.037500381469727,15.957990646362305,Yahoo Finance chart API
2020-04-01,18.975000381469727,15.905604362487793,Yahoo Finance chart API
2020-04-06,19.262500762939453,16.146596908569336,Yahoo Finance chart API
2020-04-07,19.625,16.450454711914062,Yahoo Finance chart API
2020-04-08,19.899999618530273,16.680973052978516,Yahoo Finance chart API
2020-04-09,19.8125,16.60762596130371,Yahoo Finance chart API
2020-04-10,19.825000762939453,16.61810302734375,Yahoo Finance chart API
2020-04-13,19.700000762939453,16.513328552246094,Yahoo Finance chart API
2020-04-14,20.237499237060547,16.96388053894043,Yahoo Finance chart API
2020-04-15,20.299999237060547,17.016265869140625,Yahoo Finance chart API
2020-04-16,20.200000762939453,16.93244743347168,Yahoo Finance chart API
2020-04-17,20.8125,17.44586753845215,Yahoo Finance chart API
2020-04-20,20.75,17.39348030090332,Yahoo Finance chart API
2020-04-21,20.149999618530273,16.890533447265625,Yahoo Finance chart API
2020-04-22,20.149999618530273,16.890533447265625,Yahoo Finance chart API
2020-04-23,20.225000381469727,16.95340347290039,Yahoo Finance chart API
2020-04-24,20.225000381469727,16.95340347290039,Yahoo Finance chart API
2020-04-27,20.637500762939453,17.299177169799805,Yahoo Finance chart API
2020-04-28,20.637500762939453,17.299177169799805,Yahoo Finance chart API
2020-04-29,20.924999237060547,17.540170669555664,Yahoo Finance chart API
2020-04-30,21.375,17.917375564575195,Yahoo Finance chart API
2020-05-04,20.75,17.39348030090332,Yahoo Finance chart API
2020-05-05,20.850000381469727,17.477304458618164,Yahoo Finance chart API
2020-05-06,20.875,17.49825668334961,Yahoo Finance chart API
2020-05-07,20.962499618530273,17.57159996032715,Yahoo Finance chart API
2020-05-08,21.087499618530273,17.676382064819336,Yahoo Finance chart API
2020-05-11,21.262500762939453,17.823076248168945,Yahoo Finance chart API
2020-05-12,21.012500762939453,17.613515853881836,Yahoo Finance chart API
2020-05-13,21.075000762939453,17.665903091430664,Yahoo Finance chart API
2020-05-14,20.825000762939453,17.456344604492188,Yahoo Finance chart API
2020-05-15,20.962499618530273,17.57159996032715,Yahoo Finance chart API
2020-05-18,20.787500381469727,17.424915313720703,Yahoo Finance chart API
2020-05-19,20.975000381469727,17.582082748413086,Yahoo Finance chart API
2020-05-20,20.950000762939453,17.561124801635742,Yahoo Finance chart API
2020-05-21,21.125,17.707820892333984,Yahoo Finance chart API
2020-05-22,20.737499237060547,17.38300323486328,Yahoo Finance chart API
2020-05-25,20.875,17.49825668334961,Yahoo Finance chart API
2020-05-26,21.112499237060547,17.697338104248047,Yahoo Finance chart API
2020-05-27,21.087499618530273,17.676382064819336,Yahoo Finance chart API
2020-05-28,20.962499618530273,17.57159996032715,Yahoo Finance chart API
2020-05-29,21.112499237060547,17.697338104248047,Yahoo Finance chart API
2020-06-01,21.225000381469727,17.791643142700195,Yahoo Finance chart API
2020-06-02,21.325000762939453,17.87546730041504,Yahoo Finance chart API
2020-06-03,21.700000762939453,18.189804077148438,Yahoo Finance chart API
2020-06-04,21.899999618530273,18.35744857788086,Yahoo Finance chart API
2020-06-05,22.087499618530273,18.51462173461914,Yahoo Finance chart API
2020-06-08,22.375,18.755617141723633,Yahoo Finance chart API
2020-06-09,22.399999618530273,18.776573181152344,Yahoo Finance chart API
2020-06-10,22.612499237060547,18.954700469970703,Yahoo Finance chart API
2020-06-11,22.262500762939453,18.66131591796875,Yahoo Finance chart API
2020-06-12,22.0625,18.493671417236328,Yahoo Finance chart API
2020-06-15,21.75,18.231718063354492,Yahoo Finance chart API
2020-06-16,22.225000381469727,18.629880905151367,Yahoo Finance chart API
2020-06-17,22.25,18.65083885192871,Yahoo Finance chart API
2020-06-18,22.225000381469727,18.629880905151367,Yahoo Finance chart API
2020-06-19,22.212499618530273,18.619403839111328,Yahoo Finance chart API
2020-06-22,22.262500762939453,18.66131591796875,Yahoo Finance chart API
2020-06-23,22.362499237060547,18.74513816833496,Yahoo Finance chart API
2020-06-24,22.5,18.860397338867188,Yahoo Finance chart API
2020-06-29,22.274999618530273,18.671794891357422,Yahoo Finance chart API
2020-06-30,22.475000381469727,18.839439392089844,Yahoo Finance chart API
2020-07-01,22.625,18.965177536010742,Yahoo Finance chart API
2020-07-02,22.875,19.17473602294922,Yahoo Finance chart API
2020-07-03,23.137500762939453,19.394779205322266,Yahoo Finance chart API
2020-07-06,23.537500381469727,19.730072021484375,Yahoo Finance chart API
2020-07-07,23.625,19.803415298461914,Yahoo Finance chart API
2020-07-08,23.787500381469727,19.93963050842285,Yahoo Finance chart API
2020-07-09,23.862499237060547,20.002500534057617,Yahoo Finance chart API
2020-07-10,23.662500381469727,19.83485221862793,Yahoo Finance chart API
2020-07-13,24.012500762939453,20.12823486328125,Yahoo Finance chart API
2020-07-14,24.162500381469727,20.25397300720215,Yahoo Finance chart API
2020-07-15,24.262500762939453,20.33779525756836,Yahoo Finance chart API
2020-07-16,24.024999618530273,20.13871192932129,Yahoo Finance chart API
2020-07-17,24.299999237060547,20.369226455688477,Yahoo Finance chart API
2020-07-20,24.262500762939453,20.33779525756836,Yahoo Finance chart API
2020-07-21,24.674999237060547,20.833837509155273,Yahoo Finance chart API
2020-07-22,24.737499237060547,20.886606216430664,Yahoo Finance chart API
2020-07-23,24.712499618530273,20.865501403808594,Yahoo Finance chart API
2020-07-24,24.625,20.791622161865234,Yahoo Finance chart API
2020-07-27,25.825000762939453,21.804819107055664,Yahoo Finance chart API
2020-07-28,25.899999618530273,21.86814308166504,Yahoo Finance chart API
2020-07-29,25.637500762939453,21.64650535583496,Yahoo Finance chart API
2020-07-30,26.012500762939453,21.9631290435791,Yahoo Finance chart API
2020-07-31,25.950000762939453,21.91036033630371,Yahoo Finance chart API
2020-08-03,25.5,21.530410766601562,Yahoo Finance chart API
2020-08-04,25.825000762939453,21.804819107055664,Yahoo Finance chart API
2020-08-05,26.075000762939453,22.015899658203125,Yahoo Finance chart API
2020-08-06,26.350000381469727,22.248090744018555,Yahoo Finance chart API
2020-08-07,26.162500381469727,22.089778900146484,Yahoo Finance chart API
2020-08-10,26.399999618530273,22.290307998657227,Yahoo Finance chart API
2020-08-11,26.200000762939453,22.121440887451172,Yahoo Finance chart API
2020-08-12,25.8125,21.794261932373047,Yahoo Finance chart API
2020-08-13,26.0625,22.005348205566406,Yahoo Finance chart API
2020-08-14,26.125,22.05811882019043,Yahoo Finance chart API
2020-08-17,26.399999618530273,22.290307998657227,Yahoo Finance chart API
2020-08-18,26.25,22.163658142089844,Yahoo Finance chart API
2020-08-19,26.0625,22.005348205566406,Yahoo Finance chart API
2020-08-20,25.149999618530273,21.234893798828125,Yahoo Finance chart API
2020-08-21,25.700000762939453,21.699275970458984,Yahoo Finance chart API
2020-08-24,25.774999618530273,21.762601852416992,Yahoo Finance chart API
2020-08-25,25.975000381469727,21.931468963623047,Yahoo Finance chart API
2020-08-26,26.075000762939453,22.015899658203125,Yahoo Finance chart API
2020-08-27,26.137500762939453,22.06867218017578,Yahoo Finance chart API
2020-08-28,25.875,21.84703254699707,Yahoo Finance chart API
2020-08-31,25.450000762939453,21.488191604614258,Yahoo Finance chart API
2020-09-01,25.837499618530273,21.815372467041016,Yahoo Finance chart API
2020-09-02,25.75,21.741493225097656,Yahoo Finance chart API
2020-09-03,25.825000762939453,21.804819107055664,Yahoo Finance chart API
2020-09-04,25.637500762939453,21.64650535583496,Yahoo Finance chart API
2020-09-07,25.600000381469727,21.614843368530273,Yahoo Finance chart API
2020-09-08,25.75,21.741493225097656,Yahoo Finance chart API
2020-09-09,25.575000762939453,21.593732833862305,Yahoo Finance chart API
2020-09-10,25.799999237060547,21.783708572387695,Yahoo Finance chart API
2020-09-11,25.8125,21.794261932373047,Yahoo Finance chart API
2020-09-14,26.137500762939453,22.06867218017578,Yahoo Finance chart API
2020-09-15,26.237499237060547,22.153104782104492,Yahoo Finance chart API
2020-09-16,26.637500762939453,22.490833282470703,Yahoo Finance chart API
2020-09-17,26.350000381469727,22.248090744018555,Yahoo Finance chart API
2020-09-18,26.325000762939453,22.22698402404785,Yahoo Finance chart API
2020-09-21,26.112499237060547,22.047565460205078,Yahoo Finance chart API
2020-09-22,25.774999618530273,21.762601852416992,Yahoo Finance chart API
2020-09-23,25.737499237060547,21.730939865112305,Yahoo Finance chart API
2020-09-24,25.112499237060547,21.203235626220703,Yahoo Finance chart API
2020-09-25,25.162500381469727,21.245445251464844,Yahoo Finance chart API
2020-09-28,25.575000762939453,21.593732833862305,Yahoo Finance chart API
2020-09-29,25.637500762939453,21.64650535583496,Yahoo Finance chart API
2020-09-30,25.75,21.741493225097656,Yahoo Finance chart API
2020-10-05,25.762500762939453,21.75204849243164,Yahoo Finance chart API
2020-10-06,26.0625,22.005348205566406,Yahoo Finance chart API
2020-10-07,26.200000762939453,22.121440887451172,Yahoo Finance chart API
2020-10-08,26.549999237060547,22.416954040527344,Yahoo Finance chart API
2020-10-12,26.762500762939453,22.596378326416016,Yahoo Finance chart API
2020-10-13,26.774999618530273,22.606931686401367,Yahoo Finance chart API
2020-10-14,26.674999237060547,22.522499084472656,Yahoo Finance chart API
2020-10-15,26.424999237060547,22.311416625976562,Yahoo Finance chart API
2020-10-16,26.3125,22.216428756713867,Yahoo Finance chart API
2020-10-19,26.649999618530273,22.501388549804688,Yahoo Finance chart API
2020-10-20,26.5,22.37474250793457,Yahoo Finance chart API
2020-10-21,26.487499237060547,22.364187240600586,Yahoo Finance chart API
2020-10-22,26.524999618530273,22.395851135253906,Yahoo Finance chart API
2020-10-23,26.524999618530273,22.395851135253906,Yahoo Finance chart API
2020-10-26,26.524999618530273,22.395851135253906,Yahoo Finance chart API
2020-10-27,26.375,22.269201278686523,Yahoo Finance chart API
2020-10-28,26.25,22.163658142089844,Yahoo Finance chart API
2020-10-29,25.962499618530273,21.920913696289062,Yahoo Finance chart API
2020-10-30,25.75,21.741493225097656,Yahoo Finance chart API
2020-11-02,25.850000381469727,21.825925827026367,Yahoo Finance chart API
2020-11-03,26.149999618530273,22.0792236328125,Yahoo Finance chart API
2020-11-04,26.537500381469727,22.406402587890625,Yahoo Finance chart API
2020-11-05,26.512500762939453,22.385297775268555,Yahoo Finance chart API
2020-11-06,26.674999237060547,22.522499084472656,Yahoo Finance chart API
2020-11-09,27.024999618530273,22.818012237548828,Yahoo Finance chart API
2020-11-10,26.774999618530273,22.606931686401367,Yahoo Finance chart API
2020-11-11,27.1875,22.955217361450195,Yahoo Finance chart API
2020-11-12,27.200000762939453,22.965770721435547,Yahoo Finance chart API
2020-11-13,27.3125,23.060758590698242,Yahoo Finance chart API
2020-11-16,28.200000762939453,23.810102462768555,Yahoo Finance chart API
2020-11-17,28.399999618530273,23.978967666625977,Yahoo Finance chart API
2020-11-18,28.587499618530273,24.137279510498047,Yahoo Finance chart API
2020-11-19,28.537500381469727,24.095062255859375,Yahoo Finance chart API
2020-11-20,28.5,24.063400268554688,Yahoo Finance chart API
2020-11-23,28.862499237060547,24.369468688964844,Yahoo Finance chart API
2020-11-24,28.725000381469727,24.253374099731445,Yahoo Finance chart API
2020-11-25,28.487499237060547,24.052845001220703,Yahoo Finance chart API
2020-11-26,28.712499618530273,24.242820739746094,Yahoo Finance chart API
2020-11-27,28.662500381469727,24.200603485107422,Yahoo Finance chart API
2020-11-30,28.325000762939453,23.91564178466797,Yahoo Finance chart API
2020-12-01,28.575000762939453,24.126726150512695,Yahoo Finance chart API
2020-12-02,28.850000381469727,24.358917236328125,Yahoo Finance chart API
2020-12-03,28.850000381469727,24.358917236328125,Yahoo Finance chart API
2020-12-04,29.325000762939453,24.759977340698242,Yahoo Finance chart API
2020-12-07,29.600000381469727,24.992164611816406,Yahoo Finance chart API
2020-12-08,30.012500762939453,25.340450286865234,Yahoo Finance chart API
2020-12-09,30.012500762939453,25.340450286865234,Yahoo Finance chart API
2020-12-10,29.649999618530273,25.034378051757812,Yahoo Finance chart API
2020-12-11,29.6875,25.066041946411133,Yahoo Finance chart API
2020-12-14,29.5625,24.96049690246582,Yahoo Finance chart API
2020-12-15,29.262500762939453,24.707202911376953,Yahoo Finance chart API
2020-12-16,29.8125,25.171581268310547,Yahoo Finance chart API
2020-12-17,29.649999618530273,25.034378051757812,Yahoo Finance chart API
2020-12-18,29.549999237060547,24.949947357177734,Yahoo Finance chart API
2020-12-21,29.837499618530273,25.19268798828125,Yahoo Finance chart API
2020-12-22,29.5,24.907730102539062,Yahoo Finance chart API
2020-12-23,29.537500381469727,24.939388275146484,Yahoo Finance chart API
2020-12-24,29.700000762939453,25.076595306396484,Yahoo Finance chart API
2020-12-25,29.737499237060547,25.108259201049805,Yahoo Finance chart API
2020-12-28,30.0,25.329893112182617,Yahoo Finance chart API
2020-12-29,29.975000381469727,25.308788299560547,Yahoo Finance chart API
2020-12-30,30.399999618530273,25.66762351989746,Yahoo Finance chart API
2020-12-31,30.5625,25.804828643798828,Yahoo Finance chart API
2021-01-04,31.087499618530273,26.248104095458984,Yahoo Finance chart API
2021-01-05,31.149999618530273,26.30087661743164,Yahoo Finance chart API
2021-01-06,31.487499237060547,26.585832595825195,Yahoo Finance chart API
2021-01-07,32.224998474121094,27.208528518676758,Yahoo Finance chart API
2021-01-08,32.79999923706055,27.69401741027832,Yahoo Finance chart API
2021-01-11,33.07500076293945,27.926212310791016,Yahoo Finance chart API
2021-01-12,33.025001525878906,27.883995056152344,Yahoo Finance chart API
2021-01-13,33.82500076293945,28.559457778930664,Yahoo Finance chart API
2021-01-14,33.51250076293945,28.295602798461914,Yahoo Finance chart API
2021-01-15,33.625,28.390592575073242,Yahoo Finance chart API
2021-01-18,33.599998474121094,28.36948013305664,Yahoo Finance chart API
2021-01-19,34.48749923706055,29.11882209777832,Yahoo Finance chart API
2021-01-20,34.54999923706055,29.171592712402344,Yahoo Finance chart API
2021-01-21,35.75,30.18478775024414,Yahoo Finance chart API
2021-01-22,34.36249923706055,29.645586013793945,Yahoo Finance chart API
2021-01-25,33.900001525878906,29.246570587158203,Yahoo Finance chart API
2021-01-26,33.212501525878906,28.653446197509766,Yahoo Finance chart API
2021-01-27,33.26250076293945,28.696584701538086,Yahoo Finance chart API
2021-01-28,32.587501525878906,28.114234924316406,Yahoo Finance chart API
2021-01-29,32.04999923706055,27.65052032470703,Yahoo Finance chart API
2021-02-01,32.6875,28.200511932373047,Yahoo Finance chart API
2021-02-02,33.61249923706055,28.99853515625,Yahoo Finance chart API
2021-02-03,33.587501525878906,28.976970672607422,Yahoo Finance chart API
2021-02-04,33.38750076293945,28.804424285888672,Yahoo Finance chart API
2021-02-05,33.70000076293945,29.074026107788086,Yahoo Finance chart API
2021-02-17,35.13750076293945,30.314199447631836,Yahoo Finance chart API
2021-02-18,35.087501525878906,30.271060943603516,Yahoo Finance chart API
2021-02-19,34.712501525878906,29.947542190551758,Yahoo Finance chart API
2021-02-22,34.70000076293945,29.936763763427734,Yahoo Finance chart API
2021-02-23,34.625,29.872053146362305,Yahoo Finance chart API
2021-02-24,34.11249923706055,29.42990493774414,Yahoo Finance chart API
2021-02-25,34.38750076293945,29.667150497436523,Yahoo Finance chart API
2021-02-26,33.349998474121094,28.77206802368164,Yahoo Finance chart API
2021-03-02,33.36249923706055,28.78285026550293,Yahoo Finance chart API
2021-03-03,33.849998474121094,29.20343589782715,Yahoo Finance chart API
2021-03-04,33.1875,28.631874084472656,Yahoo Finance chart API
2021-03-05,32.98749923706055,28.45932960510254,Yahoo Finance chart API
2021-03-08,32.962501525878906,28.437763214111328,Yahoo Finance chart API
2021-03-09,32.837501525878906,28.329919815063477,Yahoo Finance chart API
2021-03-10,32.974998474121094,28.448543548583984,Yahoo Finance chart API
2021-03-11,33.67499923706055,29.052457809448242,Yahoo Finance chart API
2021-03-12,33.8125,29.17108726501465,Yahoo Finance chart API
2021-03-15,33.724998474121094,29.095590591430664,Yahoo Finance chart API
2021-03-16,33.837501525878906,29.192651748657227,Yahoo Finance chart API
2021-03-17,33.54999923706055,28.944616317749023,Yahoo Finance chart API
2021-03-18,33.724998474121094,29.095590591430664,Yahoo Finance chart API
2021-03-19,33.20000076293945,28.64266014099121,Yahoo Finance chart API
2021-03-22,33.349998474121094,28.77206802368164,Yahoo Finance chart API
2021-03-23,33.400001525878906,28.815208435058594,Yahoo Finance chart API
2021-03-24,32.875,28.362274169921875,Yahoo Finance chart API
2021-03-25,32.98749923706055,28.45932960510254,Yahoo Finance chart API
2021-03-26,33.587501525878906,28.976970672607422,Yahoo Finance chart API
2021-03-29,33.86249923706055,29.214221954345703,Yahoo Finance chart API
2021-03-30,33.974998474121094,29.311279296875,Yahoo Finance chart API
2021-03-31,33.6875,29.063241958618164,Yahoo Finance chart API
2021-04-01,33.9375,29.2789249420166,Yahoo Finance chart API
2021-04-07,34.45000076293945,29.72107696533203,Yahoo Finance chart API
2021-04-08,34.5625,29.818132400512695,Yahoo Finance chart API
2021-04-09,34.48749923706055,29.75342559814453,Yahoo Finance chart API
2021-04-12,34.287498474121094,29.580881118774414,Yahoo Finance chart API
2021-04-13,34.287498474121094,29.580881118774414,Yahoo Finance chart API
2021-04-14,34.474998474121094,29.74264144897461,Yahoo Finance chart API
2021-04-15,34.76250076293945,29.990678787231445,Yahoo Finance chart API
2021-04-16,34.8125,30.033815383911133,Yahoo Finance chart API
2021-04-19,34.875,30.087732315063477,Yahoo Finance chart API
2021-04-20,34.8125,30.033815383911133,Yahoo Finance chart API
2021-04-21,34.5,29.764211654663086,Yahoo Finance chart API
2021-04-22,34.474998474121094,29.74264144897461,Yahoo Finance chart API
2021-04-23,34.787498474121094,30.012243270874023,Yahoo Finance chart API
2021-04-26,35.29999923706055,30.45439338684082,Yahoo Finance chart API
2021-04-27,35.3125,30.465185165405273,Yahoo Finance chart API
2021-04-28,35.099998474121094,30.281848907470703,Yahoo Finance chart API
2021-04-29,35.150001525878906,30.32498550415039,Yahoo Finance chart API
2021-05-03,34.5625,29.818132400512695,Yahoo Finance chart API
2021-05-04,34.26250076293945,29.559310913085938,Yahoo Finance chart API
2021-05-05,33.9375,29.2789249420166,Yahoo Finance chart API
2021-05-06,34.23749923706055,29.537748336791992,Yahoo Finance chart API
2021-05-07,34.849998474121094,30.066162109375,Yahoo Finance chart API
2021-05-10,34.61249923706055,29.861268997192383,Yahoo Finance chart API
2021-05-11,33.3125,28.739715576171875,Yahoo Finance chart API
2021-05-12,32.349998474121094,27.909337997436523,Yahoo Finance chart API
2021-05-13,31.875,27.499540328979492,Yahoo Finance chart API
2021-05-14,32.23749923706055,27.812280654907227,Yahoo Finance chart API
2021-05-17,31.625,27.283863067626953,Yahoo Finance chart API
2021-05-18,33.07500076293945,28.534820556640625,Yahoo Finance chart API
2021-05-19,32.849998474121094,28.340702056884766,Yahoo Finance chart API
2021-05-20,32.625,28.146587371826172,Yahoo Finance chart API
2021-05-21,33.087501525878906,28.54560661315918,Yahoo Finance chart API
2021-05-24,33.037498474121094,28.50246810913086,Yahoo Finance chart API
2021-05-25,33.599998474121094,28.987751007080078,Yahoo Finance chart API
2021-05-26,33.625,29.009323120117188,Yahoo Finance chart API
2021-05-27,33.38750076293945,28.804424285888672,Yahoo Finance chart API
2021-05-28,33.95000076293945,29.28970718383789,Yahoo Finance chart API
2021-05-31,34.275001525878906,29.570096969604492,Yahoo Finance chart API
2021-06-01,34.42499923706055,29.699504852294922,Yahoo Finance chart API
2021-06-02,34.42499923706055,29.699504852294922,Yahoo Finance chart API
2021-06-03,34.400001525878906,29.67793846130371,Yahoo Finance chart API
2021-06-04,34.23749923706055,29.537748336791992,Yahoo Finance chart API
2021-06-07,34.32500076293945,29.613231658935547,Yahoo Finance chart API
2021-06-08,34.125,29.440685272216797,Yahoo Finance chart API
2021-06-09,33.875,29.22500228881836,Yahoo Finance chart API
2021-06-10,34.400001525878906,29.67793846130371,Yahoo Finance chart API
2021-06-11,34.525001525878906,29.78577995300293,Yahoo Finance chart API
2021-06-15,34.712501525878906,29.947542190551758,Yahoo Finance chart API
2021-06-16,34.67499923706055,29.915184020996094,Yahoo Finance chart API
2021-06-17,34.57500076293945,29.82891845703125,Yahoo Finance chart API
2021-06-18,34.5,29.764211654663086,Yahoo Finance chart API
2021-06-21,33.67499923706055,29.052457809448242,Yahoo Finance chart API
2021-06-22,33.712501525878906,29.084808349609375,Yahoo Finance chart API
2021-06-23,34.26250076293945,29.559310913085938,Yahoo Finance chart API
2021-06-24,34.17499923706055,29.483821868896484,Yahoo Finance chart API
2021-06-25,34.23749923706055,29.537748336791992,Yahoo Finance chart API
2021-06-28,34.29999923706055,29.59166145324707,Yahoo Finance chart API
2021-06-29,34.400001525878906,29.67793846130371,Yahoo Finance chart API
2021-06-30,34.73749923706055,29.96910858154297,Yahoo Finance chart API
2021-07-01,34.57500076293945,29.82891845703125,Yahoo Finance chart API
2021-07-02,34.57500076293945,29.82891845703125,Yahoo Finance chart API
2021-07-05,34.900001525878906,30.109302520751953,Yahoo Finance chart API
2021-07-06,34.9375,30.141660690307617,Yahoo Finance chart API
2021-07-07,34.75,29.979894638061523,Yahoo Finance chart API
2021-07-08,34.712501525878906,29.947542190551758,Yahoo Finance chart API
2021-07-09,34.4375,29.71028709411621,Yahoo Finance chart API
2021-07-12,34.75,29.979894638061523,Yahoo Finance chart API
2021-07-13,35.037498474121094,30.227924346923828,Yahoo Finance chart API
2021-07-14,35.125,30.303415298461914,Yahoo Finance chart API
2021-07-15,35.45000076293945,30.58380889892578,Yahoo Finance chart API
2021-07-16,34.974998474121094,30.174009323120117,Yahoo Finance chart API
2021-07-19,34.57500076293945,29.82891845703125,Yahoo Finance chart API
2021-07-20,34.29999923706055,29.59166145324707,Yahoo Finance chart API
2021-07-21,34.17499923706055,29.559226989746094,Yahoo Finance chart API
2021-07-22,34.412498474121094,29.764652252197266,Yahoo Finance chart API
2021-07-23,34.412498474121094,29.764652252197266,Yahoo Finance chart API
2021-07-26,34.11249923706055,29.505172729492188,Yahoo Finance chart API
2021-07-27,34.099998474121094,29.494359970092773,Yahoo Finance chart API
2021-07-28,33.5625,29.029455184936523,Yahoo Finance chart API
2021-07-29,34.125,29.5159854888916,Yahoo Finance chart API
2021-07-30,34.01250076293945,29.418678283691406,Yahoo Finance chart API
2021-08-02,34.474998474121094,29.818710327148438,Yahoo Finance chart API
2021-08-03,34.61249923706055,29.937641143798828,Yahoo Finance chart API
2021-08-04,34.8125,30.110626220703125,Yahoo Finance chart API
2021-08-05,34.75,30.056570053100586,Yahoo Finance chart API
2021-08-06,34.70000076293945,30.013328552246094,Yahoo Finance chart API
2021-08-09,34.599998474121094,29.926830291748047,Yahoo Finance chart API
2021-08-10,34.412498474121094,29.764652252197266,Yahoo Finance chart API
2021-08-11,34.29999923706055,29.66734504699707,Yahoo Finance chart API
2021-08-12,34.23749923706055,29.613290786743164,Yahoo Finance chart API
2021-08-13,33.912498474121094,29.332183837890625,Yahoo Finance chart API
2021-08-16,33.837501525878906,29.267316818237305,Yahoo Finance chart API
2021-08-17,33.587501525878906,29.05108070373535,Yahoo Finance chart API
2021-08-18,33.724998474121094,29.170007705688477,Yahoo Finance chart API
2021-08-19,32.95000076293945,28.49968147277832,Yahoo Finance chart API
2021-08-20,32.6875,28.27263641357422,Yahoo Finance chart API
2021-08-23,33.587501525878906,29.05108070373535,Yahoo Finance chart API
2021-08-24,33.6875,29.137571334838867,Yahoo Finance chart API
2021-08-25,34.01250076293945,29.418678283691406,Yahoo Finance chart API
2021-08-26,34.25,29.624099731445312,Yahoo Finance chart API
2021-08-27,34.537498474121094,29.872764587402344,Yahoo Finance chart API
2021-08-30,34.875,30.164684295654297,Yahoo Finance chart API
2021-08-31,35.087501525878906,30.348482131958008,Yahoo Finance chart API
2021-09-01,35.25,30.489038467407227,Yahoo Finance chart API
2021-09-02,34.974998474121094,30.251182556152344,Yahoo Finance chart API
2021-09-03,35.474998474121094,30.68364715576172,Yahoo Finance chart API
2021-09-06,35.63750076293945,30.82419776916504,Yahoo Finance chart API
2021-09-07,35.474998474121094,30.68364715576172,Yahoo Finance chart API
2021-09-08,35.162498474121094,30.413354873657227,Yahoo Finance chart API
2021-09-09,35.07500076293945,30.337678909301758,Yahoo Finance chart API
2021-09-10,35.48749923706055,30.694461822509766,Yahoo Finance chart API
2021-09-13,35.36249923706055,30.586341857910156,Yahoo Finance chart API
2021-09-14,35.400001525878906,30.6187801361084,Yahoo Finance chart API
2021-09-15,35.1875,30.43497657775879,Yahoo Finance chart API
2021-09-16,35.025001525878906,30.29442596435547,Yahoo Finance chart API
2021-09-17,35.125,30.380924224853516,Yahoo Finance chart API
2021-09-22,34.29999923706055,29.66734504699707,Yahoo Finance chart API
2021-09-23,34.5,29.84033203125,Yahoo Finance chart API
2021-09-24,34.912498474121094,30.19711685180664,Yahoo Finance chart API
2021-09-27,35.0,30.27280044555664,Yahoo Finance chart API
2021-09-28,34.75,30.056570053100586,Yahoo Finance chart API
2021-09-29,34.0,29.40787124633789,Yahoo Finance chart API
2021-09-30,34.26250076293945,29.634910583496094,Yahoo Finance chart API
2021-10-01,33.48749923706055,28.964582443237305,Yahoo Finance chart API
2021-10-04,33.287498474121094,28.79159927368164,Yahoo Finance chart API
2021-10-05,33.23749923706055,28.748348236083984,Yahoo Finance chart API
2021-10-06,33.25,28.7591609954834,Yahoo Finance chart API
2021-10-07,33.837501525878906,29.267316818237305,Yahoo Finance chart API
2021-10-08,33.54999923706055,29.01864242553711,Yahoo Finance chart API
2021-10-12,33.212501525878906,28.726726531982422,Yahoo Finance chart API
2021-10-13,33.099998474121094,28.629419326782227,Yahoo Finance chart API
2021-10-14,33.1875,28.70510482788086,Yahoo Finance chart API
2021-10-15,34.0625,29.461923599243164,Yahoo Finance chart API
2021-10-18,33.962501525878906,29.37542724609375,Yahoo Finance chart API
2021-10-19,34.23749923706055,29.613290786743164,Yahoo Finance chart API
2021-10-20,34.150001525878906,29.53760528564453,Yahoo Finance chart API
2021-10-21,34.025001525878906,29.42949104309082,Yahoo Finance chart API
2021-10-22,34.125,29.5159854888916,Yahoo Finance chart API
2021-10-25,34.099998474121094,29.494359970092773,Yahoo Finance chart API
2021-10-26,34.38750076293945,29.74302864074707,Yahoo Finance chart API
2021-10-27,34.38750076293945,29.74302864074707,Yahoo Finance chart API
2021-10-28,34.287498474121094,29.656532287597656,Yahoo Finance chart API
2021-10-29,33.95000076293945,29.3646183013916,Yahoo Finance chart API
2021-11-01,34.125,29.5159854888916,Yahoo Finance chart API
2021-11-02,34.0625,29.461923599243164,Yahoo Finance chart API
2021-11-03,34.150001525878906,29.53760528564453,Yahoo Finance chart API
2021-11-04,34.037498474121094,29.44029998779297,Yahoo Finance chart API
2021-11-05,34.525001525878906,29.861957550048828,Yahoo Finance chart API
2021-11-08,34.79999923706055,30.099809646606445,Yahoo Finance chart API
2021-11-09,35.17499923706055,30.42416763305664,Yahoo Finance chart API
2021-11-10,35.125,30.380924224853516,Yahoo Finance chart API
2021-11-11,34.8125,30.110626220703125,Yahoo Finance chart API
2021-11-12,34.92499923706055,30.20793342590332,Yahoo Finance chart API
2021-11-15,35.23749923706055,30.47822380065918,Yahoo Finance chart API
2021-11-16,35.29999923706055,30.532283782958984,Yahoo Finance chart API
2021-11-17,35.412498474121094,30.629589080810547,Yahoo Finance chart API
2021-11-18,35.61249923706055,30.80257225036621,Yahoo Finance chart API
2021-11-19,35.70000076293945,30.87826156616211,Yahoo Finance chart API
2021-11-22,35.61249923706055,30.80257225036621,Yahoo Finance chart API
2021-11-23,35.275001525878906,30.51066017150879,Yahoo Finance chart API
2021-11-24,35.125,30.380924224853516,Yahoo Finance chart API
2021-11-25,35.11249923706055,30.3701114654541,Yahoo Finance chart API
2021-11-26,34.537498474121094,29.872764587402344,Yahoo Finance chart API
2021-11-29,34.537498474121094,29.872764587402344,Yahoo Finance chart API
2021-11-30,34.5,29.84033203125,Yahoo Finance chart API
2021-12-01,35.07500076293945,30.337678909301758,Yahoo Finance chart API
2021-12-02,35.45000076293945,30.66202735900879,Yahoo Finance chart API
2021-12-03,35.4375,30.651216506958008,Yahoo Finance chart API
2021-12-06,35.337501525878906,30.564720153808594,Yahoo Finance chart API
2021-12-07,35.45000076293945,30.66202735900879,Yahoo Finance chart API
2021-12-08,35.587501525878906,30.78095054626465,Yahoo Finance chart API
2021-12-09,35.5,30.70526695251465,Yahoo Finance chart API
2021-12-10,35.48749923706055,30.694461822509766,Yahoo Finance chart API
2021-12-13,35.375,30.59714698791504,Yahoo Finance chart API
2021-12-14,35.025001525878906,30.29442596435547,Yahoo Finance chart API
2021-12-15,35.07500076293945,30.337678909301758,Yahoo Finance chart API
2021-12-16,35.51250076293945,30.716081619262695,Yahoo Finance chart API
2021-12-17,35.474998474121094,30.68364715576172,Yahoo Finance chart API
2021-12-20,35.162498474121094,30.413354873657227,Yahoo Finance chart API
2021-12-21,35.462501525878906,30.672836303710938,Yahoo Finance chart API
2021-12-22,35.462501525878906,30.672836303710938,Yahoo Finance chart API
2021-12-23,35.662498474121094,30.845823287963867,Yahoo Finance chart API
2021-12-24,35.76250076293945,30.932313919067383,Yahoo Finance chart API
2021-12-27,36.037498474121094,31.170175552368164,Yahoo Finance chart API
2021-12-28,36.32500076293945,31.41884422302246,Yahoo Finance chart API
2021-12-29,36.48749923706055,31.559396743774414,Yahoo Finance chart API
2021-12-30,36.375,31.462093353271484,Yahoo Finance chart API
2022-01-03,36.599998474121094,31.65670394897461,Yahoo Finance chart API
2022-01-04,37.400001525878906,32.34865188598633,Yahoo Finance chart API
2022-01-05,37.32500076293945,32.283790588378906,Yahoo Finance chart API
2022-01-06,36.974998474121094,31.98105239868164,Yahoo Finance chart API
2022-01-07,36.650001525878906,31.699953079223633,Yahoo Finance chart API
2022-01-10,36.88750076293945,31.90536880493164,Yahoo Finance chart API
2022-01-11,37.07500076293945,32.06755447387695,Yahoo Finance chart API
2022-01-12,37.38750076293945,32.33784103393555,Yahoo Finance chart API
2022-01-13,37.57500076293945,32.50001907348633,Yahoo Finance chart API
2022-01-14,37.57500076293945,32.50001907348633,Yahoo Finance chart API
2022-01-17,38.0,32.867610931396484,Yahoo Finance chart API
2022-01-18,37.57500076293945,32.50001907348633,Yahoo Finance chart API
2022-01-19,37.125,32.11079406738281,Yahoo Finance chart API
2022-01-20,37.275001525878906,32.24053955078125,Yahoo Finance chart API
2022-01-21,35.662498474121094,31.522357940673828,Yahoo Finance chart API
2022-01-24,36.0,31.8206787109375,Yahoo Finance chart API
2022-01-25,35.412498474121094,31.30138397216797,Yahoo Finance chart API
2022-01-26,35.38750076293945,31.279285430908203,Yahoo Finance chart API
2022-02-07,35.57500076293945,31.44501495361328,Yahoo Finance chart API
2022-02-08,35.724998474121094,31.577606201171875,Yahoo Finance chart API
2022-02-09,35.849998474121094,31.68808937072754,Yahoo Finance chart API
2022-02-10,36.26250076293945,32.052703857421875,Yahoo Finance chart API
2022-02-11,36.23749923706055,32.030601501464844,Yahoo Finance chart API
2022-02-14,35.67499923706055,31.533411026000977,Yahoo Finance chart API
2022-02-15,35.51250076293945,31.3897705078125,Yahoo Finance chart API
2022-02-16,36.099998474121094,31.909069061279297,Yahoo Finance chart API
2022-02-17,36.125,31.93115997314453,Yahoo Finance chart API
2022-02-18,36.025001525878906,31.84278106689453,Yahoo Finance chart API
2022-02-21,35.95000076293945,31.77648162841797,Yahoo Finance chart API
2022-02-22,35.462501525878906,31.345577239990234,Yahoo Finance chart API
2022-02-23,35.5625,31.433969497680664,Yahoo Finance chart API
2022-02-24,34.70000076293945,30.67160415649414,Yahoo Finance chart API
2022-02-25,34.625,30.605302810668945,Yahoo Finance chart API
2022-03-01,35.11249923706055,31.03620719909668,Yahoo Finance chart API
2022-03-02,34.912498474121094,30.859426498413086,Yahoo Finance chart API
2022-03-03,34.98749923706055,30.92572021484375,Yahoo Finance chart API
2022-03-04,34.61249923706055,30.594257354736328,Yahoo Finance chart API
2022-03-07,33.5,29.610910415649414,Yahoo Finance chart API
2022-03-08,32.787498474121094,28.98111915588379,Yahoo Finance chart API
2022-03-09,33.125,29.279441833496094,Yahoo Finance chart API
2022-03-10,34.087501525878906,30.130203247070312,Yahoo Finance chart API
2022-03-11,33.599998474121094,29.699295043945312,Yahoo Finance chart API
2022-03-14,33.599998474121094,29.699295043945312,Yahoo Finance chart API
2022-03-15,32.912498474121094,29.09161376953125,Yahoo Finance chart API
2022-03-16,33.04999923706055,29.213150024414062,Yahoo Finance chart API
2022-03-17,34.099998474121094,30.141250610351562,Yahoo Finance chart API
2022-03-18,34.025001525878906,30.074962615966797,Yahoo Finance chart API
2022-03-21,34.25,30.273836135864258,Yahoo Finance chart API
2022-03-22,34.20000076293945,30.229642868041992,Yahoo Finance chart API
2022-03-23,34.525001525878906,30.51691436767578,Yahoo Finance chart API
2022-03-24,34.5,30.494815826416016,Yahoo Finance chart API
2022-03-25,34.54999923706055,30.539011001586914,Yahoo Finance chart API
2022-03-28,34.17499923706055,30.207548141479492,Yahoo Finance chart API
2022-03-29,34.212501525878906,30.240697860717773,Yahoo Finance chart API
2022-03-30,34.63750076293945,30.616357803344727,Yahoo Finance chart API
2022-03-31,34.525001525878906,30.51691436767578,Yahoo Finance chart API
2022-04-01,34.23749923706055,30.262792587280273,Yahoo Finance chart API
2022-04-06,34.0625,30.108104705810547,Yahoo Finance chart API
2022-04-07,33.45000076293945,29.566713333129883,Yahoo Finance chart API
2022-04-08,33.63750076293945,29.732450485229492,Yahoo Finance chart API
2022-04-11,33.11249923706055,29.268390655517578,Yahoo Finance chart API
2022-04-12,33.13750076293945,29.290494918823242,Yahoo Finance chart API
2022-04-13,33.76250076293945,29.842937469482422,Yahoo Finance chart API
2022-04-14,33.63750076293945,29.732450485229492,Yahoo Finance chart API
2022-04-15,33.0625,29.224197387695312,Yahoo Finance chart API
2022-04-18,32.88750076293945,29.069517135620117,Yahoo Finance chart API
2022-04-19,33.0,29.16895294189453,Yahoo Finance chart API
2022-04-20,33.162498474121094,29.312589645385742,Yahoo Finance chart API
2022-04-21,33.1875,29.334688186645508,Yahoo Finance chart API
2022-04-22,32.900001525878906,29.08056640625,Yahoo Finance chart API
2022-04-25,32.3125,28.561267852783203,Yahoo Finance chart API
2022-04-26,32.3125,28.561267852783203,Yahoo Finance chart API
2022-04-27,31.637500762939453,27.964630126953125,Yahoo Finance chart API
2022-04-28,31.774999618530273,28.08616828918457,Yahoo Finance chart API
2022-04-29,32.1875,28.450780868530273,Yahoo Finance chart API
2022-05-03,31.950000762939453,28.240854263305664,Yahoo Finance chart API
2022-05-04,31.950000762939453,28.240854263305664,Yahoo Finance chart API
2022-05-05,32.3125,28.561267852783203,Yahoo Finance chart API
2022-05-06,31.662500381469727,27.986726760864258,Yahoo Finance chart API
2022-05-09,31.137500762939453,27.522674560546875,Yahoo Finance chart API
2022-05-10,31.0,27.401140213012695,Yahoo Finance chart API
2022-05-11,31.049999237060547,27.445331573486328,Yahoo Finance chart API
2022-05-12,30.3125,26.793453216552734,Yahoo Finance chart API
2022-05-13,30.587499618530273,27.036527633666992,Yahoo Finance chart API
2022-05-16,30.75,27.180160522460938,Yahoo Finance chart API
2022-05-17,31.087499618530273,27.478483200073242,Yahoo Finance chart API
2022-05-18,31.424999237060547,27.776798248291016,Yahoo Finance chart API
2022-05-19,30.825000762939453,27.2464599609375,Yahoo Finance chart API
2022-05-20,31.162500381469727,27.544775009155273,Yahoo Finance chart API
2022-05-23,31.225000381469727,27.600019454956055,Yahoo Finance chart API
2022-05-24,30.875,27.2906494140625,Yahoo Finance chart API
2022-05-25,31.112499237060547,27.500577926635742,Yahoo Finance chart API
2022-05-26,30.725000381469727,27.158065795898438,Yahoo Finance chart API
2022-05-27,31.375,27.73260498046875,Yahoo Finance chart API
2022-05-30,32.13750076293945,28.406585693359375,Yahoo Finance chart API
2022-05-31,32.45000076293945,28.68280601501465,Yahoo Finance chart API
2022-06-01,32.287498474121094,28.539167404174805,Yahoo Finance chart API
2022-06-02,31.950000762939453,28.240854263305664,Yahoo Finance chart API
2022-06-06,32.17499923706055,28.439729690551758,Yahoo Finance chart API
2022-06-07,31.850000381469727,28.1524600982666,Yahoo Finance chart API
2022-06-08,32.20000076293945,28.461830139160156,Yahoo Finance chart API
2022-06-09,32.099998474121094,28.373435974121094,Yahoo Finance chart API
2022-06-10,31.774999618530273,28.08616828918457,Yahoo Finance chart API
2022-06-13,30.887500762939453,27.30169677734375,Yahoo Finance chart API
2022-06-14,30.837499618530273,27.257505416870117,Yahoo Finance chart API
2022-06-15,30.6875,27.124919891357422,Yahoo Finance chart API
2022-06-16,30.625,27.06967544555664,Yahoo Finance chart API
2022-06-17,30.212499618530273,26.705060958862305,Yahoo Finance chart API
2022-06-20,29.9375,26.46198844909668,Yahoo Finance chart API
2022-06-21,30.549999237060547,27.003379821777344,Yahoo Finance chart API
2022-06-22,29.875,26.406740188598633,Yahoo Finance chart API
2022-06-23,29.475000381469727,26.053178787231445,Yahoo Finance chart API
2022-06-24,29.537500381469727,26.10842514038086,Yahoo Finance chart API
2022-06-27,30.237499237060547,26.727157592773438,Yahoo Finance chart API
2022-06-28,29.950000762939453,26.473037719726562,Yahoo Finance chart API
2022-06-29,29.700000762939453,26.25206184387207,Yahoo Finance chart API
2022-06-30,28.950000762939453,25.589130401611328,Yahoo Finance chart API
2022-07-01,27.887500762939453,24.64997673034668,Yahoo Finance chart API
2022-07-04,27.612499237060547,24.40690040588379,Yahoo Finance chart API
2022-07-05,27.75,24.528440475463867,Yahoo Finance chart API
2022-07-06,27.212499618530273,24.05333709716797,Yahoo Finance chart API
2022-07-07,28.024999618530273,24.771512985229492,Yahoo Finance chart API
2022-07-08,28.3125,25.025634765625,Yahoo Finance chart API
2022-07-11,28.0625,24.804662704467773,Yahoo Finance chart API
2022-07-12,27.387500762939453,24.20802116394043,Yahoo Finance chart API
2022-07-13,28.362499237060547,25.0698299407959,Yahoo Finance chart API
2022-07-14,28.5,25.19137191772461,Yahoo Finance chart API
2022-07-15,28.875,25.522836685180664,Yahoo Finance chart API
2022-07-18,28.549999237060547,25.635072708129883,Yahoo Finance chart API
2022-07-19,28.575000762939453,25.657522201538086,Yahoo Finance chart API
2022-07-20,28.762500762939453,25.82588005065918,Yahoo Finance chart API
2022-07-21,29.087499618530273,26.117694854736328,Yahoo Finance chart API
2022-07-22,29.200000762939453,26.218708038330078,Yahoo Finance chart API
2022-07-25,29.174999237060547,26.196264266967773,Yahoo Finance chart API
2022-07-26,28.912500381469727,25.960561752319336,Yahoo Finance chart API
2022-07-27,29.174999237060547,26.196264266967773,Yahoo Finance chart API
2022-07-28,29.225000381469727,26.24115753173828,Yahoo Finance chart API
2022-07-29,29.5,26.488079071044922,Yahoo Finance chart API
2022-08-01,29.412500381469727,26.409513473510742,Yahoo Finance chart API
2022-08-02,28.887500762939453,25.988924026489258,Yahoo Finance chart API
2022-08-03,29.0625,26.1463623046875,Yahoo Finance chart API
2022-08-04,29.137500762939453,26.213838577270508,Yahoo Finance chart API
2022-08-05,29.875,26.877334594726562,Yahoo Finance chart API
2022-08-08,29.8125,26.821107864379883,Yahoo Finance chart API
2022-08-09,29.787500381469727,26.798620223999023,Yahoo Finance chart API
2022-08-10,29.475000381469727,26.517473220825195,Yahoo Finance chart API
2022-08-11,30.012500762939453,27.001041412353516,Yahoo Finance chart API
2022-08-12,30.200000762939453,27.169729232788086,Yahoo Finance chart API
2022-08-15,30.475000381469727,27.41713523864746,Yahoo Finance chart API
2022-08-16,30.524999618530273,27.462116241455078,Yahoo Finance chart API
2022-08-17,30.537500381469727,27.473360061645508,Yahoo Finance chart API
2022-08-18,30.337499618530273,27.293428421020508,Yahoo Finance chart API
2022-08-19,30.387500762939453,27.338411331176758,Yahoo Finance chart API
2022-08-22,30.012500762939453,27.001041412353516,Yahoo Finance chart API
2022-08-23,29.549999237060547,26.584945678710938,Yahoo Finance chart API
2022-08-24,29.475000381469727,26.517473220825195,Yahoo Finance chart API
2022-08-25,29.75,26.764875411987305,Yahoo Finance chart API
2022-08-26,29.899999618530273,26.89982795715332,Yahoo Finance chart API
2022-08-29,29.137500762939453,26.213838577270508,Yahoo Finance chart API
2022-08-30,29.1875,26.258821487426758,Yahoo Finance chart API
2022-08-31,29.399999618530273,26.44999885559082,Yahoo Finance chart API
2022-09-01,28.787500381469727,25.898956298828125,Yahoo Finance chart API
2022-09-02,28.475000381469727,25.617813110351562,Yahoo Finance chart API
2022-09-05,28.537500381469727,25.674041748046875,Yahoo Finance chart API
2022-09-06,28.725000381469727,25.842729568481445,Yahoo Finance chart API
2022-09-07,28.049999237060547,25.235454559326172,Yahoo Finance chart API
2022-09-08,28.25,25.415388107299805,Yahoo Finance chart API
2022-09-12,28.850000381469727,25.955184936523438,Yahoo Finance chart API
2022-09-13,29.0,26.090137481689453,Yahoo Finance chart API
2022-09-14,28.412500381469727,25.561582565307617,Yahoo Finance chart API
2022-09-15,28.462499618530273,25.606565475463867,Yahoo Finance chart API
2022-09-16,28.137500762939453,25.314178466796875,Yahoo Finance chart API
2022-09-19,28.012500762939453,25.201719284057617,Yahoo Finance chart API
2022-09-20,28.262500762939453,25.4266357421875,Yahoo Finance chart API
2022-09-21,28.024999618530273,25.212963104248047,Yahoo Finance chart API
2022-09-22,27.6875,24.909330368041992,Yahoo Finance chart API
2022-09-23,27.424999237060547,24.673171997070312,Yahoo Finance chart API
2022-09-26,26.912500381469727,24.212095260620117,Yahoo Finance chart API
2022-09-27,26.875,24.178359985351562,Yahoo Finance chart API
2022-09-28,26.3125,23.672298431396484,Yahoo Finance chart API
2022-09-29,26.225000381469727,23.593578338623047,Yahoo Finance chart API
2022-09-30,25.862499237060547,23.267452239990234,Yahoo Finance chart API
2022-10-03,25.549999237060547,22.986303329467773,Yahoo Finance chart API
2022-10-04,26.200000762939453,23.571088790893555,Yahoo Finance chart API
2022-10-05,26.8125,24.122129440307617,Yahoo Finance chart API
2022-10-06,27.0,24.290815353393555,Yahoo Finance chart API
2022-10-07,26.549999237060547,23.88596534729004,Yahoo Finance chart API
2022-10-11,25.174999237060547,22.648937225341797,Yahoo Finance chart API
2022-10-12,25.049999237060547,22.536476135253906,Yahoo Finance chart API
2022-10-13,24.75,22.26658058166504,Yahoo Finance chart API
2022-10-14,25.462499618530273,22.907588958740234,Yahoo Finance chart API
2022-10-17,24.987499237060547,22.480247497558594,Yahoo Finance chart API
2022-10-18,25.274999618530273,22.738901138305664,Yahoo Finance chart API
2022-10-19,24.9375,22.435264587402344,Yahoo Finance chart API
2022-10-20,24.799999237060547,22.31156349182129,Yahoo Finance chart API
2022-10-21,24.725000381469727,22.24408721923828,Yahoo Finance chart API
2022-10-24,24.649999618530273,22.176610946655273,Yahoo Finance chart API
2022-10-25,24.174999237060547,21.74927520751953,Yahoo Finance chart API
2022-10-26,24.399999618530273,21.951698303222656,Yahoo Finance chart API
2022-10-27,24.75,22.26658058166504,Yahoo Finance chart API
2022-10-28,24.4375,21.98543357849121,Yahoo Finance chart API
2022-10-31,24.762500762939453,22.2778263092041,Yahoo Finance chart API
2022-11-01,24.899999618530273,22.40152931213379,Yahoo Finance chart API
2022-11-02,25.0,22.491493225097656,Yahoo Finance chart API
2022-11-03,24.674999237060547,22.19910430908203,Yahoo Finance chart API
2022-11-04,24.712499618530273,22.23284149169922,Yahoo Finance chart API
2022-11-07,25.137500762939453,22.615196228027344,Yahoo Finance chart API
2022-11-08,25.399999618530273,22.85135841369629,Yahoo Finance chart API
2022-11-09,26.125,23.503612518310547,Yahoo Finance chart API
2022-11-10,25.875,23.278696060180664,Yahoo Finance chart API
2022-11-11,27.25,24.515727996826172,Yahoo Finance chart API
2022-11-14,27.5,24.740642547607422,Yahoo Finance chart API
2022-11-15,28.674999237060547,25.79774284362793,Yahoo Finance chart API
2022-11-16,28.625,25.75275993347168,Yahoo Finance chart API
2022-11-17,28.637500762939453,25.764005661010742,Yahoo Finance chart API
2022-11-18,28.5625,25.696529388427734,Yahoo Finance chart API
2022-11-21,28.462499618530273,25.606565475463867,Yahoo Finance chart API
2022-11-22,28.700000762939453,25.820236206054688,Yahoo Finance chart API
2022-11-23,28.899999618530273,26.00016975402832,Yahoo Finance chart API
2022-11-24,29.174999237060547,26.247575759887695,Yahoo Finance chart API
2022-11-25,29.174999237060547,26.247575759887695,Yahoo Finance chart API
2022-11-28,28.587499618530273,25.719024658203125,Yahoo Finance chart API
2022-11-29,28.850000381469727,25.955184936523438,Yahoo Finance chart API
2022-11-30,29.087499618530273,26.168851852416992,Yahoo Finance chart API
2022-12-01,29.587499618530273,26.618684768676758,Yahoo Finance chart API
2022-12-02,29.325000762939453,26.382522583007812,Yahoo Finance chart API
2022-12-05,29.362499237060547,26.416259765625,Yahoo Finance chart API
2022-12-06,28.825000762939453,25.932693481445312,Yahoo Finance chart API
2022-12-07,28.649999618530273,25.775251388549805,Yahoo Finance chart API
2022-12-08,28.3125,25.47161865234375,Yahoo Finance chart API
2022-12-09,28.75,25.865217208862305,Yahoo Finance chart API
2022-12-12,28.475000381469727,25.617813110351562,Yahoo Finance chart API
2022-12-13,28.350000381469727,25.505355834960938,Yahoo Finance chart API
2022-12-14,28.700000762939453,25.820236206054688,Yahoo Finance chart API
2022-12-15,28.725000381469727,25.842729568481445,Yahoo Finance chart API
2022-12-16,28.25,25.415388107299805,Yahoo Finance chart API
2022-12-19,28.087499618530273,25.269193649291992,Yahoo Finance chart API
2022-12-20,27.575000762939453,24.80811882019043,Yahoo Finance chart API
2022-12-21,27.6875,24.909330368041992,Yahoo Finance chart API
2022-12-22,28.149999618530273,25.325420379638672,Yahoo Finance chart API
2022-12-23,27.674999237060547,24.89808464050293,Yahoo Finance chart API
2022-12-26,27.774999618530273,24.988052368164062,Yahoo Finance chart API
2022-12-27,27.899999618530273,25.100507736206055,Yahoo Finance chart API
2022-12-28,27.5,24.740642547607422,Yahoo Finance chart API
2022-12-29,27.375,24.62818717956543,Yahoo Finance chart API
2022-12-30,27.549999237060547,24.785629272460938,Yahoo Finance chart API
2023-01-03,27.6875,24.909330368041992,Yahoo Finance chart API
2023-01-04,27.625,24.853099822998047,Yahoo Finance chart API
2023-01-05,27.825000762939453,25.033035278320312,Yahoo Finance chart API
2023-01-06,27.950000762939453,25.145490646362305,Yahoo Finance chart API
2023-01-09,28.950000762939453,26.04515266418457,Yahoo Finance chart API
2023-01-10,29.0625,26.1463623046875,Yahoo Finance chart API
2023-01-11,29.087499618530273,26.168851852416992,Yahoo Finance chart API
2023-01-12,28.962499618530273,26.056394577026367,Yahoo Finance chart API
2023-01-13,29.299999237060547,26.360031127929688,Yahoo Finance chart API
2023-01-16,29.524999618530273,26.562454223632812,Yahoo Finance chart API
2023-01-17,29.524999618530273,26.562454223632812,Yahoo Finance chart API
2023-01-30,30.174999237060547,27.758338928222656,Yahoo Finance chart API
2023-01-31,29.575000762939453,27.20639419555664,Yahoo Finance chart API
2023-02-01,29.75,27.367374420166016,Yahoo Finance chart API
2023-02-02,30.25,27.82733154296875,Yahoo Finance chart API
2023-02-03,30.25,27.82733154296875,Yahoo Finance chart API
2023-02-06,29.8125,27.42487335205078,Yahoo Finance chart API
2023-02-07,29.75,27.367374420166016,Yahoo Finance chart API
2023-02-08,30.212499618530273,27.792835235595703,Yahoo Finance chart API
2023-02-09,30.225000381469727,27.80433464050293,Yahoo Finance chart API
2023-02-10,30.25,27.82733154296875,Yahoo Finance chart API
2023-02-13,30.1875,27.769838333129883,Yahoo Finance chart API
2023-02-14,30.412500381469727,27.97681999206543,Yahoo Finance chart API
2023-02-15,29.712499618530273,27.332881927490234,Yahoo Finance chart API
2023-02-16,30.075000762939453,27.666351318359375,Yahoo Finance chart API
2023-02-17,29.6875,27.30988311767578,Yahoo Finance chart API
2023-02-20,29.75,27.367374420166016,Yahoo Finance chart API
2023-02-21,29.737499237060547,27.355876922607422,Yahoo Finance chart API
2023-02-22,29.412500381469727,27.056907653808594,Yahoo Finance chart API
2023-02-23,29.850000381469727,27.459367752075195,Yahoo Finance chart API
2023-02-24,29.700000762939453,27.321382522583008,Yahoo Finance chart API
2023-03-01,29.837499618530273,27.447872161865234,Yahoo Finance chart API
2023-03-02,29.8125,27.42487335205078,Yahoo Finance chart API
2023-03-03,29.837499618530273,27.447872161865234,Yahoo Finance chart API
2023-03-06,30.125,27.712345123291016,Yahoo Finance chart API
2023-03-07,30.325000762939453,27.896326065063477,Yahoo Finance chart API
2023-03-08,30.075000762939453,27.666351318359375,Yahoo Finance chart API
2023-03-09,30.049999237060547,27.643352508544922,Yahoo Finance chart API
2023-03-10,29.575000762939453,27.20639419555664,Yahoo Finance chart API
2023-03-13,29.700000762939453,27.321382522583008,Yahoo Finance chart API
2023-03-14,29.375,27.022411346435547,Yahoo Finance chart API
2023-03-15,29.399999618530273,27.0454044342041,Yahoo Finance chart API
2023-03-16,29.262500762939453,26.918920516967773,Yahoo Finance chart API
2023-03-17,29.737499237060547,27.355876922607422,Yahoo Finance chart API
2023-03-20,29.524999618530273,27.160396575927734,Yahoo Finance chart API
2023-03-21,29.662500381469727,27.28688621520996,Yahoo Finance chart API
2023-03-22,30.225000381469727,27.80433464050293,Yahoo Finance chart API
2023-03-23,30.462499618530273,28.02281379699707,Yahoo Finance chart API
2023-03-24,30.549999237060547,28.103309631347656,Yahoo Finance chart API
2023-03-27,30.362499237060547,27.93082046508789,Yahoo Finance chart API
2023-03-28,30.100000381469727,27.689346313476562,Yahoo Finance chart API
2023-03-29,30.149999618530273,27.73533821105957,Yahoo Finance chart API
2023-03-30,30.299999237060547,27.873327255249023,Yahoo Finance chart API
2023-03-31,30.399999618530273,27.965316772460938,Yahoo Finance chart API
2023-04-06,30.25,27.82733154296875,Yahoo Finance chart API
2023-04-07,30.25,27.82733154296875,Yahoo Finance chart API
2023-04-10,30.25,27.82733154296875,Yahoo Finance chart API
2023-04-11,30.212499618530273,27.792835235595703,Yahoo Finance chart API
2023-04-12,30.137500762939453,27.723844528198242,Yahoo Finance chart API
2023-04-13,29.875,27.48236656188965,Yahoo Finance chart API
2023-04-14,30.162500381469727,27.74683952331543,Yahoo Finance chart API
2023-04-17,30.087499618530273,27.677846908569336,Yahoo Finance chart API
2023-04-18,29.987499237060547,27.585853576660156,Yahoo Finance chart API
2023-04-19,29.762500762939453,27.378875732421875,Yahoo Finance chart API
2023-04-20,29.725000381469727,27.34438133239746,Yahoo Finance chart API
2023-04-21,29.649999618530273,27.275386810302734,Yahoo Finance chart API
2023-04-24,29.537500381469727,27.17189598083496,Yahoo Finance chart API
2023-04-25,29.149999618530273,26.8154296875,Yahoo Finance chart API
2023-04-26,29.024999618530273,26.700439453125,Yahoo Finance chart API
2023-04-27,29.0,26.67744255065918,Yahoo Finance chart API
2023-04-28,29.350000381469727,26.999412536621094,Yahoo Finance chart API
2023-05-02,29.424999237060547,27.06840705871582,Yahoo Finance chart API
2023-05-03,29.299999237060547,26.95341682434082,Yahoo Finance chart API
2023-05-04,29.375,27.022411346435547,Yahoo Finance chart API
2023-05-05,29.450000762939453,27.09140396118164,Yahoo Finance chart API
2023-05-08,29.637500762939453,27.263887405395508,Yahoo Finance chart API
2023-05-09,29.725000381469727,27.34438133239746,Yahoo Finance chart API
2023-05-10,29.450000762939453,27.09140396118164,Yahoo Finance chart API
2023-05-11,29.387500762939453,27.03390884399414,Yahoo Finance chart API
2023-05-12,29.299999237060547,26.95341682434082,Yahoo Finance chart API
2023-05-15,29.299999237060547,26.95341682434082,Yahoo Finance chart API
2023-05-16,29.649999618530273,27.275386810302734,Yahoo Finance chart API
2023-05-17,30.137500762939453,27.723844528198242,Yahoo Finance chart API
2023-05-18,30.537500381469727,28.09181022644043,Yahoo Finance chart API
2023-05-19,30.625,28.172298431396484,Yahoo Finance chart API
2023-05-22,30.575000762939453,28.126306533813477,Yahoo Finance chart API
2023-05-23,30.549999237060547,28.103309631347656,Yahoo Finance chart API
2023-05-24,30.399999618530273,27.965316772460938,Yahoo Finance chart API
2023-05-25,30.762500762939453,28.29878807067871,Yahoo Finance chart API
2023-05-26,31.487499237060547,28.965723037719727,Yahoo Finance chart API
2023-05-29,31.6875,29.14970588684082,Yahoo Finance chart API
2023-05-30,31.6875,29.14970588684082,Yahoo Finance chart API
2023-05-31,31.537500381469727,29.011722564697266,Yahoo Finance chart API
2023-06-01,31.287500381469727,28.781740188598633,Yahoo Finance chart API
2023-06-02,31.6875,29.14970588684082,Yahoo Finance chart API
2023-06-05,31.587499618530273,29.057716369628906,Yahoo Finance chart API
2023-06-06,31.674999237060547,29.138208389282227,Yahoo Finance chart API
2023-06-07,32.025001525878906,29.460176467895508,Yahoo Finance chart API
2023-06-08,31.712499618530273,29.172704696655273,Yahoo Finance chart API
2023-06-09,31.950000762939453,29.391183853149414,Yahoo Finance chart API
2023-06-12,32.25,29.66715431213379,Yahoo Finance chart API
2023-06-13,32.88750076293945,30.25360107421875,Yahoo Finance chart API
2023-06-14,32.875,30.242097854614258,Yahoo Finance chart API
2023-06-15,32.974998474121094,30.334089279174805,Yahoo Finance chart API
2023-06-16,32.88750076293945,30.25360107421875,Yahoo Finance chart API
2023-06-19,32.8125,30.184606552124023,Yahoo Finance chart API
2023-06-20,32.63750076293945,30.023624420166016,Yahoo Finance chart API
2023-06-21,32.63750076293945,30.023624420166016,Yahoo Finance chart API
2023-06-26,32.4375,29.83963966369629,Yahoo Finance chart API
2023-06-27,32.224998474121094,29.644155502319336,Yahoo Finance chart API
2023-06-28,32.275001525878906,29.690156936645508,Yahoo Finance chart API
2023-06-29,32.26250076293945,29.67865562438965,Yahoo Finance chart API
2023-06-30,32.275001525878906,29.690156936645508,Yahoo Finance chart API
2023-07-03,32.67499923706055,30.05811882019043,Yahoo Finance chart API
2023-07-04,32.75,30.12710952758789,Yahoo Finance chart API
2023-07-05,32.70000076293945,30.08112144470215,Yahoo Finance chart API
2023-07-06,31.975000381469727,29.414180755615234,Yahoo Finance chart API
2023-07-07,31.924999237060547,29.36818504333496,Yahoo Finance chart API
2023-07-10,31.862499237060547,29.310686111450195,Yahoo Finance chart API
2023-07-11,32.29999923706055,29.713153839111328,Yahoo Finance chart API
2023-07-12,32.36249923706055,29.770645141601562,Yahoo Finance chart API
2023-07-13,32.724998474121094,30.10411262512207,Yahoo Finance chart API
2023-07-14,33.0625,30.41458511352539,Yahoo Finance chart API
2023-07-17,33.0,30.35708999633789,Yahoo Finance chart API
2023-07-18,32.462501525878906,30.29875946044922,Yahoo Finance chart API
2023-07-19,32.1875,30.042085647583008,Yahoo Finance chart API
2023-07-20,32.337501525878906,30.18208885192871,Yahoo Finance chart API
2023-07-21,31.799999237060547,29.68041229248047,Yahoo Finance chart API
2023-07-24,31.8125,29.692081451416016,Yahoo Finance chart API
2023-07-25,32.212501525878906,30.065418243408203,Yahoo Finance chart API
2023-07-26,32.125,29.98375129699707,Yahoo Finance chart API
2023-07-27,32.375,30.217086791992188,Yahoo Finance chart API
2023-07-28,32.375,30.217086791992188,Yahoo Finance chart API
2023-07-31,32.20000076293945,30.053754806518555,Yahoo Finance chart API
2023-08-01,32.36249923706055,30.205421447753906,Yahoo Finance chart API
2023-08-02,31.962499618530273,29.832080841064453,Yahoo Finance chart API
2023-08-04,31.8125,29.692081451416016,Yahoo Finance chart API
2023-08-07,32.125,29.98375129699707,Yahoo Finance chart API
2023-08-08,31.75,29.633745193481445,Yahoo Finance chart API
2023-08-09,31.799999237060547,29.68041229248047,Yahoo Finance chart API
2023-08-10,31.600000381469727,29.493745803833008,Yahoo Finance chart API
2023-08-11,31.575000762939453,29.47041130065918,Yahoo Finance chart API
2023-08-14,31.125,29.050405502319336,Yahoo Finance chart API
2023-08-15,31.174999237060547,29.097070693969727,Yahoo Finance chart API
2023-08-16,31.012500762939453,28.945404052734375,Yahoo Finance chart API
2023-08-17,31.149999618530273,29.07373809814453,Yahoo Finance chart API
2023-08-18,30.962499618530273,28.89873695373535,Yahoo Finance chart API
2023-08-21,30.75,28.700401306152344,Yahoo Finance chart API
2023-08-22,31.0,28.93373680114746,Yahoo Finance chart API
2023-08-23,31.212499618530273,29.13207244873047,Yahoo Finance chart API
2023-08-24,31.75,29.633745193481445,Yahoo Finance chart API
2023-08-25,31.137500762939453,29.062074661254883,Yahoo Finance chart API
2023-08-28,31.337499618530273,29.24873924255371,Yahoo Finance chart API
2023-08-29,31.512500762939453,29.412078857421875,Yahoo Finance chart API
2023-08-30,31.649999618530273,29.54041290283203,Yahoo Finance chart API
2023-08-31,31.424999237060547,29.33041000366211,Yahoo Finance chart API
2023-09-01,31.475000381469727,29.3770751953125,Yahoo Finance chart API
2023-09-04,31.6875,29.575410842895508,Yahoo Finance chart API
2023-09-05,31.612499237060547,29.505413055419922,Yahoo Finance chart API
2023-09-06,31.5,29.400409698486328,Yahoo Finance chart API
2023-09-07,31.212499618530273,29.13207244873047,Yahoo Finance chart API
2023-09-08,31.075000762939453,29.003740310668945,Yahoo Finance chart API
2023-09-11,30.950000762939453,28.887069702148438,Yahoo Finance chart API
2023-09-12,31.262500762939453,29.178743362426758,Yahoo Finance chart API
2023-09-13,31.299999237060547,29.213741302490234,Yahoo Finance chart API
2023-09-14,31.737499237060547,29.622079849243164,Yahoo Finance chart API
2023-09-15,31.837499618530273,29.715417861938477,Yahoo Finance chart API
2023-09-18,31.5,29.400409698486328,Yahoo Finance chart API
2023-09-19,31.362499237060547,29.27207374572754,Yahoo Finance chart API
2023-09-20,31.1875,29.108739852905273,Yahoo Finance chart API
2023-09-21,30.6875,28.642066955566406,Yahoo Finance chart API
2023-09-22,30.662500381469727,28.61873435974121,Yahoo Finance chart API
2023-09-25,30.887500762939453,28.8287353515625,Yahoo Finance chart API
2023-09-26,30.524999618530273,28.490398406982422,Yahoo Finance chart API
2023-09-27,30.537500381469727,28.502065658569336,Yahoo Finance chart API
2023-09-28,30.662500381469727,28.61873435974121,Yahoo Finance chart API
2023-10-02,31.0625,28.992069244384766,Yahoo Finance chart API
2023-10-03,30.875,28.817068099975586,Yahoo Finance chart API
2023-10-04,30.475000381469727,28.4437313079834,Yahoo Finance chart API
2023-10-05,30.912500381469727,28.852069854736328,Yahoo Finance chart API
2023-10-06,31.024999618530273,28.95707130432129,Yahoo Finance chart API
2023-10-11,31.5625,29.458742141723633,Yahoo Finance chart API
2023-10-12,31.825000762939453,29.703746795654297,Yahoo Finance chart API
2023-10-13,31.737499237060547,29.622079849243164,Yahoo Finance chart API
2023-10-16,31.5625,29.458742141723633,Yahoo Finance chart API
2023-10-17,31.637500762939453,29.528743743896484,Yahoo Finance chart API
2023-10-18,31.200000762939453,29.12040901184082,Yahoo Finance chart API
2023-10-19,31.212499618530273,29.13207244873047,Yahoo Finance chart API
2023-10-20,31.350000381469727,29.260408401489258,Yahoo Finance chart API
2023-10-23,30.962499618530273,28.89873695373535,Yahoo Finance chart API
2023-10-24,30.987499237060547,28.92207145690918,Yahoo Finance chart API
2023-10-25,31.049999237060547,28.98040199279785,Yahoo Finance chart API
2023-10-26,30.4375,28.40873146057129,Yahoo Finance chart API
2023-10-27,30.575000762939453,28.537065505981445,Yahoo Finance chart API
2023-10-30,30.5,28.467063903808594,Yahoo Finance chart API
2023-10-31,30.287500381469727,28.268728256225586,Yahoo Finance chart API
2023-11-01,30.4375,28.40873146057129,Yahoo Finance chart API
2023-11-02,31.125,29.050405502319336,Yahoo Finance chart API
2023-11-03,31.362499237060547,29.27207374572754,Yahoo Finance chart API
2023-11-06,31.637500762939453,29.528743743896484,Yahoo Finance chart API
2023-11-07,31.625,29.51707649230957,Yahoo Finance chart API
2023-11-08,31.799999237060547,29.68041229248047,Yahoo Finance chart API
2023-11-09,31.8125,29.692081451416016,Yahoo Finance chart API
2023-11-10,31.6875,29.575410842895508,Yahoo Finance chart API
2023-11-13,32.17499923706055,30.030418395996094,Yahoo Finance chart API
2023-11-14,32.25,30.100419998168945,Yahoo Finance chart API
2023-11-15,32.63750076293945,30.462095260620117,Yahoo Finance chart API
2023-11-16,32.650001525878906,30.4737606048584,Yahoo Finance chart API
2023-11-17,32.75,30.56709098815918,Yahoo Finance chart API
2023-11-20,32.73749923706055,30.55542755126953,Yahoo Finance chart API
2023-11-21,33.13750076293945,30.92876434326172,Yahoo Finance chart API
2023-11-22,32.837501525878906,30.648761749267578,Yahoo Finance chart API
2023-11-23,32.82500076293945,30.637094497680664,Yahoo Finance chart API
2023-11-24,32.79999923706055,30.61376190185547,Yahoo Finance chart API
2023-11-27,32.587501525878906,30.41542625427246,Yahoo Finance chart API
2023-11-28,32.8125,30.625425338745117,Yahoo Finance chart API
2023-11-29,32.787498474121094,30.60209083557129,Yahoo Finance chart API
2023-11-30,32.837501525878906,30.648761749267578,Yahoo Finance chart API
2023-12-01,32.95000076293945,30.75376319885254,Yahoo Finance chart API
2023-12-04,32.82500076293945,30.637094497680664,Yahoo Finance chart API
2023-12-05,32.587501525878906,30.41542625427246,Yahoo Finance chart API
2023-12-06,32.70000076293945,30.520429611206055,Yahoo Finance chart API
2023-12-07,32.5,30.333755493164062,Yahoo Finance chart API
2023-12-08,32.76250076293945,30.578765869140625,Yahoo Finance chart API
2023-12-11,32.79999923706055,30.61376190185547,Yahoo Finance chart API
2023-12-12,32.875,30.683757781982422,Yahoo Finance chart API
2023-12-13,32.88750076293945,30.6954288482666,Yahoo Finance chart API
2023-12-14,33.287498474121094,31.06876564025879,Yahoo Finance chart API
2023-12-15,33.42499923706055,31.197097778320312,Yahoo Finance chart API
2023-12-18,33.474998474121094,31.24376678466797,Yahoo Finance chart API
2023-12-19,33.349998474121094,31.127099990844727,Yahoo Finance chart API
2023-12-20,33.4375,31.208768844604492,Yahoo Finance chart API
2023-12-21,33.150001525878906,30.94043731689453,Yahoo Finance chart API
2023-12-22,33.23749923706055,31.0221004486084,Yahoo Finance chart API
2023-12-25,33.375,31.150434494018555,Yahoo Finance chart API
2023-12-26,33.5625,31.325439453125,Yahoo Finance chart API
2023-12-27,33.9375,31.675447463989258,Yahoo Finance chart API
2023-12-28,33.9375,31.675447463989258,Yahoo Finance chart API
2023-12-29,33.86249923706055,31.605438232421875,Yahoo Finance chart API
2024-01-02,33.724998474121094,31.47710609436035,Yahoo Finance chart API
2024-01-03,33.13750076293945,30.92876434326172,Yahoo Finance chart API
2024-01-04,33.125,30.917098999023438,Yahoo Finance chart API
2024-01-05,33.037498474121094,30.835424423217773,Yahoo Finance chart API
2024-01-08,33.1875,30.975433349609375,Yahoo Finance chart API
2024-01-09,33.25,31.033763885498047,Yahoo Finance chart API
2024-01-10,33.07500076293945,30.87042999267578,Yahoo Finance chart API
2024-01-11,33.212501525878906,30.998767852783203,Yahoo Finance chart API
2024-01-12,33.162498474121094,30.95209503173828,Yahoo Finance chart API
2024-01-15,33.162498474121094,30.95209503173828,Yahoo Finance chart API
2024-01-16,32.912498474121094,30.718759536743164,Yahoo Finance chart API
2024-01-17,31.862499237060547,30.43222427368164,Yahoo Finance chart API
2024-01-18,32.07500076293945,30.63519287109375,Yahoo Finance chart API
2024-01-19,33.224998474121094,31.733564376831055,Yahoo Finance chart API
2024-01-22,33.45000076293945,31.948467254638672,Yahoo Finance chart API
2024-01-23,33.51250076293945,32.00816345214844,Yahoo Finance chart API
2024-01-24,33.5,31.99622344970703,Yahoo Finance chart API
2024-01-25,33.912498474121094,32.39020919799805,Yahoo Finance chart API
2024-01-26,33.912498474121094,32.39020919799805,Yahoo Finance chart API
2024-01-29,34.125,32.593162536621094,Yahoo Finance chart API
2024-01-30,34.037498474121094,32.50959396362305,Yahoo Finance chart API
2024-01-31,33.587501525878906,32.07979965209961,Yahoo Finance chart API
2024-02-01,33.587501525878906,32.07979965209961,Yahoo Finance chart API
2024-02-02,33.775001525878906,32.25887680053711,Yahoo Finance chart API
2024-02-05,33.98749923706055,32.46183776855469,Yahoo Finance chart API
2024-02-15,35.587501525878906,33.990020751953125,Yahoo Finance chart API
2024-02-16,35.32500076293945,33.73929977416992,Yahoo Finance chart API
2024-02-19,35.275001525878906,33.691551208496094,Yahoo Finance chart API
2024-02-20,35.412498474121094,33.822872161865234,Yahoo Finance chart API
2024-02-21,35.29999923706055,33.715423583984375,Yahoo Finance chart API
2024-02-22,35.70000076293945,34.097469329833984,Yahoo Finance chart API
2024-02-23,35.9375,34.32430648803711,Yahoo Finance chart API
2024-02-26,35.98749923706055,34.37206268310547,Yahoo Finance chart API
2024-02-27,35.837501525878906,34.228797912597656,Yahoo Finance chart API
2024-02-29,35.82500076293945,34.21685791015625,Yahoo Finance chart API
2024-03-01,35.70000076293945,34.097469329833984,Yahoo Finance chart API
2024-03-04,36.73749923706055,35.08839797973633,Yahoo Finance chart API
2024-03-05,37.037498474121094,35.37492370605469,Yahoo Finance chart API
2024-03-06,37.212501525878906,35.542076110839844,Yahoo Finance chart API
2024-03-07,38.07500076293945,36.36585998535156,Yahoo Finance chart API
2024-03-08,38.61249923706055,36.87922668457031,Yahoo Finance chart API
2024-03-11,38.224998474121094,36.509124755859375,Yahoo Finance chart API
2024-03-12,38.625,36.89116668701172,Yahoo Finance chart API
2024-03-13,38.8125,37.070247650146484,Yahoo Finance chart API
2024-03-14,38.775001525878906,37.0344352722168,Yahoo Finance chart API
2024-03-15,38.25,36.532997131347656,Yahoo Finance chart API
2024-03-18,38.599998474121094,36.86729049682617,Yahoo Finance chart API
2024-03-19,38.51250076293945,36.783721923828125,Yahoo Finance chart API
2024-03-20,38.29999923706055,36.580753326416016,Yahoo Finance chart API
2024-03-21,39.349998474121094,37.583621978759766,Yahoo Finance chart API
2024-03-22,39.29999923706055,37.535865783691406,Yahoo Finance chart API
2024-03-25,39.375,37.60750198364258,Yahoo Finance chart API
2024-03-26,39.400001525878906,37.63138198852539,Yahoo Finance chart API
2024-03-27,39.412498474121094,37.64331817626953,Yahoo Finance chart API
2024-03-28,39.224998474121094,37.4642333984375,Yahoo Finance chart API
2024-03-29,39.45000076293945,37.679134368896484,Yahoo Finance chart API
2024-04-01,39.349998474121094,37.583621978759766,Yahoo Finance chart API
2024-04-02,39.912498474121094,38.12086868286133,Yahoo Finance chart API
2024-04-03,39.63750076293945,37.858219146728516,Yahoo Finance chart API
2024-04-08,39.86249923706055,38.073116302490234,Yahoo Finance chart API
2024-04-09,40.8125,38.980472564697266,Yahoo Finance chart API
2024-04-10,40.75,38.920780181884766,Yahoo Finance chart API
2024-04-11,40.625,38.8013916015625,Yahoo Finance chart API
2024-04-12,40.525001525878906,38.70588302612305,Yahoo Finance chart API
2024-04-15,40.0,38.20444869995117,Yahoo Finance chart API
2024-04-16,38.912498474121094,37.1657600402832,Yahoo Finance chart API
2024-04-17,39.349998474121094,37.583621978759766,Yahoo Finance chart API
2024-04-18,39.73749923706055,37.95372772216797,Yahoo Finance chart API
2024-04-19,37.724998474121094,36.03156280517578,Yahoo Finance chart API
2024-04-22,37.61249923706055,35.92411422729492,Yahoo Finance chart API
2024-04-23,37.974998474121094,36.27034378051758,Yahoo Finance chart API
2024-04-24,39.087501525878906,37.332908630371094,Yahoo Finance chart API
2024-04-25,38.375,36.65238571166992,Yahoo Finance chart API
2024-04-26,39.0,37.24933624267578,Yahoo Finance chart API
2024-04-29,39.70000076293945,37.91791534423828,Yahoo Finance chart API
2024-04-30,39.5625,37.78658676147461,Yahoo Finance chart API
2024-05-02,39.037498474121094,37.28514862060547,Yahoo Finance chart API
2024-05-03,39.23749923706055,37.476173400878906,Yahoo Finance chart API
2024-05-06,39.79999923706055,38.013423919677734,Yahoo Finance chart API
2024-05-07,40.025001525878906,38.22832489013672,Yahoo Finance chart API
2024-05-08,40.17499923706055,38.37158966064453,Yahoo Finance chart API
2024-05-09,40.125,38.32383346557617,Yahoo Finance chart API
2024-05-10,40.412498474121094,38.598426818847656,Yahoo Finance chart API
2024-05-13,40.82500076293945,38.99241638183594,Yahoo Finance chart API
2024-05-14,41.099998474121094,39.25506591796875,Yahoo Finance chart API
2024-05-15,41.662498474121094,39.79231262207031,Yahoo Finance chart API
2024-05-16,41.86249923706055,39.983333587646484,Yahoo Finance chart API
2024-05-17,41.8125,39.93558120727539,Yahoo Finance chart API
2024-05-20,41.79999923706055,39.92364501953125,Yahoo Finance chart API
2024-05-21,41.75,39.875892639160156,Yahoo Finance chart API
2024-05-22,42.5,40.592220306396484,Yahoo Finance chart API
2024-05-23,42.82500076293945,40.90263748168945,Yahoo Finance chart API
2024-05-24,42.650001525878906,40.73548889160156,Yahoo Finance chart API
2024-05-27,43.23749923706055,41.29661560058594,Yahoo Finance chart API
2024-05-28,43.29999923706055,41.3563117980957,Yahoo Finance chart API
2024-05-29,42.712501525878906,40.79518508911133,Yahoo Finance chart API
2024-05-30,41.974998474121094,40.09078598022461,Yahoo Finance chart API
2024-05-31,41.5,39.63711166381836,Yahoo Finance chart API
2024-06-03,42.38750076293945,40.48477554321289,Yahoo Finance chart API
2024-06-04,41.712501525878906,39.8400764465332,Yahoo Finance chart API
2024-06-05,42.11249923706055,40.22211456298828,Yahoo Finance chart API
2024-06-06,43.54999923706055,41.5950927734375,Yahoo Finance chart API
2024-06-07,43.212501525878906,41.272743225097656,Yahoo Finance chart API
2024-06-11,43.32500076293945,41.38018798828125,Yahoo Finance chart API
2024-06-12,44.099998474121094,42.12039566040039,Yahoo Finance chart API
2024-06-13,44.73749923706055,42.729278564453125,Yahoo Finance chart API
2024-06-14,45.0,42.980003356933594,Yahoo Finance chart API
2024-06-17,45.0,42.980003356933594,Yahoo Finance chart API
2024-06-18,45.75,43.69633483886719,Yahoo Finance chart API
2024-06-19,46.98749923706055,44.8782844543457,Yahoo Finance chart API
2024-06-20,47.4375,45.30808639526367,Yahoo Finance chart API
2024-06-21,47.150001525878906,45.03349304199219,Yahoo Finance chart API
2024-06-24,46.0,43.93511199951172,Yahoo Finance chart API
2024-06-25,45.974998474121094,43.911231994628906,Yahoo Finance chart API
2024-06-26,46.337501525878906,44.2574577331543,Yahoo Finance chart API
2024-06-27,46.32500076293945,44.24552536010742,Yahoo Finance chart API
2024-06-28,46.61249923706055,44.520118713378906,Yahoo Finance chart API
2024-07-01,46.650001525878906,44.55593490600586,Yahoo Finance chart API
2024-07-02,46.337501525878906,44.2574577331543,Yahoo Finance chart API
2024-07-03,46.900001525878906,44.79471206665039,Yahoo Finance chart API
2024-07-04,48.125,45.964725494384766,Yahoo Finance chart API
2024-07-05,47.95000076293945,45.797576904296875,Yahoo Finance chart API
2024-07-08,49.462501525878906,47.242183685302734,Yahoo Finance chart API
2024-07-09,49.412498474121094,47.194427490234375,Yahoo Finance chart API
2024-07-10,49.587501525878906,47.361576080322266,Yahoo Finance chart API
2024-07-11,50.6875,48.412193298339844,Yahoo Finance chart API
2024-07-12,49.087501525878906,46.88401794433594,Yahoo Finance chart API
2024-07-15,49.17499923706055,46.96759033203125,Yahoo Finance chart API
2024-07-16,49.212501525878906,47.243587493896484,Yahoo Finance chart API
2024-07-17,48.525001525878906,46.58359146118164,Yahoo Finance chart API
2024-07-18,47.650001525878906,45.74359893798828,Yahoo Finance chart API
2024-07-19,46.5625,44.69960403442383,Yahoo Finance chart API
2024-07-22,45.17499923706055,43.367618560791016,Yahoo Finance chart API
2024-07-23,46.57500076293945,44.71160888671875,Yahoo Finance chart API
2024-07-26,44.75,42.959625244140625,Yahoo Finance chart API
2024-07-29,45.150001525878906,43.34362030029297,Yahoo Finance chart API
2024-07-30,45.150001525878906,43.34362030029297,Yahoo Finance chart API
2024-07-31,45.212501525878906,43.403621673583984,Yahoo Finance chart API
2024-08-01,46.0,44.15961456298828,Yahoo Finance chart API
2024-08-02,43.67499923706055,41.92763137817383,Yahoo Finance chart API
2024-08-05,39.6875,38.099666595458984,Yahoo Finance chart API
2024-08-06,41.875,40.199649810791016,Yahoo Finance chart API
2024-08-07,43.537498474121094,41.795631408691406,Yahoo Finance chart API
2024-08-08,42.63750076293945,40.931644439697266,Yahoo Finance chart API
2024-08-09,43.962501525878906,42.20363235473633,Yahoo Finance chart API
2024-08-12,44.51250076293945,42.73162841796875,Yahoo Finance chart API
2024-08-13,44.625,42.83962631225586,Yahoo Finance chart API
2024-08-14,45.1875,43.37961959838867,Yahoo Finance chart API
2024-08-15,44.837501525878906,43.04362106323242,Yahoo Finance chart API
2024-08-16,45.849998474121094,44.0156135559082,Yahoo Finance chart API
2024-08-19,45.912498474121094,44.07561111450195,Yahoo Finance chart API
2024-08-20,45.9375,44.099613189697266,Yahoo Finance chart API
2024-08-21,45.45000076293945,43.63161849975586,Yahoo Finance chart API
2024-08-22,45.212501525878906,43.403621673583984,Yahoo Finance chart API
2024-08-23,45.23749923706055,43.42761993408203,Yahoo Finance chart API
2024-08-26,45.3125,43.49961853027344,Yahoo Finance chart API
2024-08-27,45.11249923706055,43.307621002197266,Yahoo Finance chart API
2024-08-28,45.75,43.91961669921875,Yahoo Finance chart API
2024-08-29,45.125,43.319618225097656,Yahoo Finance chart API
2024-08-30,45.337501525878906,43.52362060546875,Yahoo Finance chart API
2024-09-02,45.212501525878906,43.403621673583984,Yahoo Finance chart API
2024-09-03,45.01250076293945,43.21162414550781,Yahoo Finance chart API
2024-09-04,42.8125,41.099639892578125,Yahoo Finance chart API
2024-09-05,43.07500076293945,41.35163879394531,Yahoo Finance chart API
2024-09-06,43.6875,41.93962860107422,Yahoo Finance chart API
2024-09-09,43.01250076293945,41.2916374206543,Yahoo Finance chart API
2024-09-10,43.087501525878906,41.36363983154297,Yahoo Finance chart API
2024-09-11,42.962501525878906,41.2436408996582,Yahoo Finance chart API
2024-09-12,44.57500076293945,42.7916259765625,Yahoo Finance chart API
2024-09-13,44.599998474121094,42.81562423706055,Yahoo Finance chart API
2024-09-16,44.6875,42.89962387084961,Yahoo Finance chart API
2024-09-18,44.462501525878906,42.68362808227539,Yahoo Finance chart API
2024-09-19,45.037498474121094,43.23562240600586,Yahoo Finance chart API
2024-09-20,45.61249923706055,43.787620544433594,Yahoo Finance chart API
2024-09-23,45.8125,43.9796142578125,Yahoo Finance chart API
2024-09-24,46.25,44.39961242675781,Yahoo Finance chart API
2024-09-25,46.9375,45.05960464477539,Yahoo Finance chart API
2024-09-26,47.32500076293945,45.43159866333008,Yahoo Finance chart API
2024-09-27,47.224998474121094,45.33559799194336,Yahoo Finance chart API
2024-09-30,45.98749923706055,44.14760971069336,Yahoo Finance chart API
2024-10-01,45.900001525878906,44.06361770629883,Yahoo Finance chart API
2024-10-04,45.900001525878906,44.06361770629883,Yahoo Finance chart API
2024-10-07,47.037498474121094,45.15559768676758,Yahoo Finance chart API
2024-10-08,46.8125,44.939605712890625,Yahoo Finance chart API
2024-10-09,47.25,45.35960388183594,Yahoo Finance chart API
2024-10-11,48.037498474121094,46.115596771240234,Yahoo Finance chart API
2024-10-14,48.07500076293945,46.1515998840332,Yahoo Finance chart API
2024-10-15,49.099998474121094,47.13558578491211,Yahoo Finance chart API
2024-10-16,48.25,46.31959533691406,Yahoo Finance chart API
2024-10-17,48.32500076293945,46.391597747802734,Yahoo Finance chart API
2024-10-18,49.525001525878906,47.543582916259766,Yahoo Finance chart API
2024-10-21,49.51250076293945,47.531585693359375,Yahoo Finance chart API
2024-10-22,49.32500076293945,47.35158920288086,Yahoo Finance chart API
2024-10-23,49.0,47.039588928222656,Yahoo Finance chart API
2024-10-24,48.70000076293945,46.751590728759766,Yahoo Finance chart API
2024-10-25,49.099998474121094,47.13558578491211,Yahoo Finance chart API
2024-10-28,49.01250076293945,47.05158996582031,Yahoo Finance chart API
2024-10-29,47.875,45.9595947265625,Yahoo Finance chart API
2024-10-30,47.95000076293945,46.03159713745117,Yahoo Finance chart API
2024-11-01,47.625,45.719600677490234,Yahoo Finance chart API
2024-11-04,48.23749923706055,46.30759048461914,Yahoo Finance chart API
2024-11-05,48.412498474121094,46.47559356689453,Yahoo Finance chart API
2024-11-06,48.79999923706055,46.84758758544922,Yahoo Finance chart API
2024-11-07,49.36249923706055,47.3875846862793,Yahoo Finance chart API
2024-11-08,49.75,47.75958251953125,Yahoo Finance chart API
2024-11-11,49.775001525878906,47.78358459472656,Yahoo Finance chart API
2024-11-12,48.5,46.559593200683594,Yahoo Finance chart API
2024-11-13,48.1875,46.25959396362305,Yahoo Finance chart API
2024-11-14,47.75,45.839599609375,Yahoo Finance chart API
2024-11-15,48.087501525878906,46.163597106933594,Yahoo Finance chart API
2024-11-18,47.412498474121094,45.51559829711914,Yahoo Finance chart API
2024-11-19,48.0625,46.13959503173828,Yahoo Finance chart API
2024-11-20,47.86249923706055,45.94759750366211,Yahoo Finance chart API
2024-11-21,47.337501525878906,45.443607330322266,Yahoo Finance chart API
2024-11-22,48.26250076293945,46.33159637451172,Yahoo Finance chart API
2024-11-25,48.087501525878906,46.163597106933594,Yahoo Finance chart API
2024-11-26,47.462501525878906,45.56360626220703,Yahoo Finance chart API
2024-11-27,46.775001525878906,44.90360641479492,Yahoo Finance chart API
2024-11-28,46.70000076293945,44.831607818603516,Yahoo Finance chart API
2024-11-29,46.8125,44.939605712890625,Yahoo Finance chart API
2024-12-02,47.92499923706055,46.00759506225586,Yahoo Finance chart API
2024-12-03,48.57500076293945,46.631591796875,Yahoo Finance chart API
2024-12-04,48.86249923706055,46.907588958740234,Yahoo Finance chart API
2024-12-05,49.125,47.15958786010742,Yahoo Finance chart API
2024-12-06,48.9375,46.979591369628906,Yahoo Finance chart API
2024-12-09,49.0,47.039588928222656,Yahoo Finance chart API
2024-12-10,48.650001525878906,46.70359420776367,Yahoo Finance chart API
2024-12-11,48.224998474121094,46.29559326171875,Yahoo Finance chart API
2024-12-12,48.787498474121094,46.83558654785156,Yahoo Finance chart API
2024-12-13,48.82500076293945,46.87158966064453,Yahoo Finance chart API
2024-12-16,49.025001525878906,47.0635871887207,Yahoo Finance chart API
2024-12-17,49.275001525878906,47.3035888671875,Yahoo Finance chart API
2024-12-18,49.275001525878906,47.3035888671875,Yahoo Finance chart API
2024-12-19,48.599998474121094,46.65559387207031,Yahoo Finance chart API
2024-12-20,48.150001525878906,46.223594665527344,Yahoo Finance chart API
2024-12-23,49.3125,47.33958053588867,Yahoo Finance chart API
2024-12-24,49.45000076293945,47.47158432006836,Yahoo Finance chart API
2024-12-25,49.599998474121094,47.615577697753906,Yahoo Finance chart API
2024-12-26,49.5625,47.57958221435547,Yahoo Finance chart API
2024-12-27,49.724998474121094,47.73558044433594,Yahoo Finance chart API
2024-12-30,49.45000076293945,47.47158432006836,Yahoo Finance chart API
2024-12-31,48.9375,46.979591369628906,Yahoo Finance chart API
2025-01-02,48.51250076293945,46.571590423583984,Yahoo Finance chart API
2025-01-03,49.0,47.039588928222656,Yahoo Finance chart API
2025-01-06,50.537498474121094,48.51557922363281,Yahoo Finance chart API
2025-01-07,51.099998474121094,49.055564880371094,Yahoo Finance chart API
2025-01-08,50.337501525878906,48.32357406616211,Yahoo Finance chart API
2025-01-09,49.76250076293945,47.771583557128906,Yahoo Finance chart API
2025-01-10,49.75,47.75958251953125,Yahoo Finance chart API
2025-01-13,48.599998474121094,46.65559387207031,Yahoo Finance chart API
2025-01-14,48.900001525878906,46.9435920715332,Yahoo Finance chart API
2025-01-15,48.525001525878906,46.58359146118164,Yahoo Finance chart API
2025-01-16,49.51250076293945,47.531585693359375,Yahoo Finance chart API
2025-01-17,49.07500076293945,47.762733459472656,Yahoo Finance chart API
2025-01-20,49.57500076293945,48.24936294555664,Yahoo Finance chart API
2025-01-21,49.67499923706055,48.3466911315918,Yahoo Finance chart API
2025-01-22,50.32500076293945,48.979305267333984,Yahoo Finance chart API
2025-02-03,48.17499923706055,46.88679504394531,Yahoo Finance chart API
2025-02-04,48.462501525878906,47.16661071777344,Yahoo Finance chart API
2025-02-05,49.20000076293945,47.88439178466797,Yahoo Finance chart API
2025-02-06,49.412498474121094,48.09120559692383,Yahoo Finance chart API
2025-02-07,49.63750076293945,48.3101921081543,Yahoo Finance chart API
2025-02-10,49.07500076293945,47.762733459472656,Yahoo Finance chart API
2025-02-11,49.375,48.05470657348633,Yahoo Finance chart API
2025-02-12,49.29999923706055,47.98171615600586,Yahoo Finance chart API
2025-02-13,49.087501525878906,47.774898529052734,Yahoo Finance chart API
2025-02-14,48.5,47.20310974121094,Yahoo Finance chart API
2025-02-17,49.23749923706055,47.9208869934082,Yahoo Finance chart API
2025-02-18,49.412498474121094,48.09120559692383,Yahoo Finance chart API
2025-02-19,49.32500076293945,48.00605010986328,Yahoo Finance chart API
2025-02-20,49.13750076293945,47.82356262207031,Yahoo Finance chart API
2025-02-21,49.48749923706055,48.16420364379883,Yahoo Finance chart API
2025-02-24,49.04999923706055,47.738399505615234,Yahoo Finance chart API
2025-02-25,48.412498474121094,47.11794662475586,Yahoo Finance chart API
2025-02-26,48.67499923706055,47.3734245300293,Yahoo Finance chart API
2025-02-27,48.125,46.838134765625,Yahoo Finance chart API
2025-03-03,47.01250076293945,45.7553825378418,Yahoo Finance chart API
2025-03-04,46.70000076293945,45.45124053955078,Yahoo Finance chart API
2025-03-05,47.3125,46.047359466552734,Yahoo Finance chart API
2025-03-06,47.025001525878906,45.76755142211914,Yahoo Finance chart API
2025-03-07,46.587501525878906,45.34174728393555,Yahoo Finance chart API
2025-03-10,46.3125,45.07410430908203,Yahoo Finance chart API
2025-03-11,45.5,44.2833251953125,Yahoo Finance chart API
2025-03-12,45.70000076293945,44.47797775268555,Yahoo Finance chart API
2025-03-13,45.275001525878906,44.06434631347656,Yahoo Finance chart API
2025-03-14,45.125,43.91835403442383,Yahoo Finance chart API
2025-03-17,45.51250076293945,44.295494079589844,Yahoo Finance chart API
2025-03-18,45.70000076293945,44.47797775268555,Yahoo Finance chart API
2025-03-19,45.13750076293945,43.93052291870117,Yahoo Finance chart API
2025-03-20,46.11249923706055,44.87944793701172,Yahoo Finance chart API
2025-03-21,45.73749923706055,44.51447677612305,Yahoo Finance chart API
2025-03-24,45.6875,44.46581268310547,Yahoo Finance chart API
2025-03-25,46.162498474121094,44.9281120300293,Yahoo Finance chart API
2025-03-26,46.125,44.89161682128906,Yahoo Finance chart API
2025-03-27,45.25,44.04001235961914,Yahoo Finance chart API
2025-03-28,44.79999923706055,43.60204315185547,Yahoo Finance chart API
2025-03-31,43.1875,42.03266525268555,Yahoo Finance chart API
2025-04-01,44.07500076293945,42.89643478393555,Yahoo Finance chart API
2025-04-02,44.0,42.82343673706055,Yahoo Finance chart API
2025-04-07,39.599998474121094,38.54109191894531,Yahoo Finance chart API
2025-04-08,38.3125,37.28801727294922,Yahoo Finance chart API
2025-04-09,36.54999923706055,35.57265090942383,Yahoo Finance chart API
2025-04-10,40.20000076293945,39.12504959106445,Yahoo Finance chart API
2025-04-11,41.13750076293945,40.037479400634766,Yahoo Finance chart API
2025-04-14,40.92499923706055,39.83066177368164,Yahoo Finance chart API
2025-04-15,41.337501525878906,40.23213577270508,Yahoo Finance chart API
2025-04-16,40.587501525878906,39.50218963623047,Yahoo Finance chart API
2025-04-17,40.13750076293945,39.0642204284668,Yahoo Finance chart API
2025-04-18,40.224998474121094,39.14937973022461,Yahoo Finance chart API
2025-04-21,39.650001525878906,38.589759826660156,Yahoo Finance chart API
2025-04-22,38.98749923706055,37.944969177246094,Yahoo Finance chart API
2025-04-23,40.712501525878906,39.623844146728516,Yahoo Finance chart API
2025-04-24,40.474998474121094,39.392696380615234,Yahoo Finance chart API
2025-04-25,41.4375,40.32946014404297,Yahoo Finance chart API
2025-04-28,41.787498474121094,40.67009735107422,Yahoo Finance chart API
2025-04-29,41.95000076293945,40.82825469970703,Yahoo Finance chart API
2025-04-30,42.150001525878906,41.02290344238281,Yahoo Finance chart API
2025-05-02,43.375,42.215152740478516,Yahoo Finance chart API
2025-05-05,42.98749923706055,41.8380126953125,Yahoo Finance chart API
2025-05-06,42.75,41.60686111450195,Yahoo Finance chart API
2025-05-07,42.587501525878906,41.448707580566406,Yahoo Finance chart API
2025-05-08,43.150001525878906,41.99617004394531,Yahoo Finance chart API
2025-05-09,43.6875,42.519290924072266,Yahoo Finance chart API
2025-05-12,44.17499923706055,42.99375915527344,Yahoo Finance chart API
2025-05-13,44.712501525878906,43.51688766479492,Yahoo Finance chart API
2025-05-14,45.724998474121094,44.5023078918457,Yahoo Finance chart API
2025-05-15,45.625,44.40498352050781,Yahoo Finance chart API
2025-05-16,45.75,44.526641845703125,Yahoo Finance chart API
2025-05-19,45.11249923706055,43.90618896484375,Yahoo Finance chart API
2025-05-20,45.20000076293945,43.99135208129883,Yahoo Finance chart API
2025-05-21,45.900001525878906,44.67263412475586,Yahoo Finance chart API
2025-05-22,45.400001525878906,44.186004638671875,Yahoo Finance chart API
2025-05-23,45.212501525878906,44.003517150878906,Yahoo Finance chart API
2025-05-26,45.162498474121094,43.95484924316406,Yahoo Finance chart API
2025-05-27,44.76250076293945,43.565547943115234,Yahoo Finance chart API
2025-05-28,44.837501525878906,43.63854217529297,Yahoo Finance chart API
2025-05-29,44.9375,43.735870361328125,Yahoo Finance chart API
2025-06-02,43.974998474121094,42.799102783203125,Yahoo Finance chart API
2025-06-03,44.287498474121094,43.103248596191406,Yahoo Finance chart API
2025-06-04,45.32500076293945,44.113006591796875,Yahoo Finance chart API
2025-06-05,45.412498474121094,44.19816207885742,Yahoo Finance chart API
2025-06-06,45.48749923706055,44.27116394042969,Yahoo Finance chart API
2025-06-09,45.92499923706055,44.69696044921875,Yahoo Finance chart API
2025-06-10,47.162498474121094,45.9013671875,Yahoo Finance chart API
2025-06-11,47.162498474121094,45.9013671875,Yahoo Finance chart API
2025-06-12,47.162498474121094,45.9013671875,Yahoo Finance chart API
2025-06-13,47.162498474121094,45.9013671875,Yahoo Finance chart API
2025-06-16,47.162498474121094,45.9013671875,Yahoo Finance chart API
2025-06-17,47.162498474121094,45.9013671875,Yahoo Finance chart API
2025-06-18,47.56999969482422,46.297977447509766,Yahoo Finance chart API
2025-06-19,47.099998474121094,45.840538024902344,Yahoo Finance chart API
2025-06-20,47.029998779296875,45.77241516113281,Yahoo Finance chart API
2025-06-23,46.63999938964844,45.392845153808594,Yahoo Finance chart API
2025-06-24,47.4900016784668,46.220115661621094,Yahoo Finance chart API
2025-06-25,48.18000030517578,46.891666412353516,Yahoo Finance chart API
2025-06-26,48.2400016784668,46.95005798339844,Yahoo Finance chart API
2025-06-27,48.290000915527344,46.99872589111328,Yahoo Finance chart API
2025-06-30,48.36000061035156,47.06684875488281,Yahoo Finance chart API
2025-07-01,48.63999938964844,47.33936309814453,Yahoo Finance chart API
2025-07-02,48.650001525878906,47.349098205566406,Yahoo Finance chart API
2025-07-03,49.31999969482422,48.001182556152344,Yahoo Finance chart API
2025-07-04,48.86000061035156,47.55348205566406,Yahoo Finance chart API
2025-07-07,48.56999969482422,47.27123260498047,Yahoo Finance chart API
2025-07-08,48.349998474121094,47.0571174621582,Yahoo Finance chart API
2025-07-09,48.849998474121094,47.54374694824219,Yahoo Finance chart API
2025-07-10,49.40999984741211,48.08877182006836,Yahoo Finance chart API
2025-07-11,49.619998931884766,48.293155670166016,Yahoo Finance chart API
2025-07-14,49.33000183105469,48.01091384887695,Yahoo Finance chart API
2025-07-15,50.0,48.66299819946289,Yahoo Finance chart API
2025-07-16,50.400001525878906,49.05229949951172,Yahoo Finance chart API
2025-07-17,50.70000076293945,49.34428024291992,Yahoo Finance chart API
2025-07-18,51.45000076293945,50.074222564697266,Yahoo Finance chart API
2025-07-21,50.900001525878906,49.888004302978516,Yahoo Finance chart API
2025-07-22,50.54999923706055,49.544960021972656,Yahoo Finance chart API
2025-07-23,50.70000076293945,49.69198226928711,Yahoo Finance chart API
2025-07-24,51.0,49.98601531982422,Yahoo Finance chart API
2025-07-25,50.900001525878906,49.888004302978516,Yahoo Finance chart API
2025-07-28,51.04999923706055,50.03501892089844,Yahoo Finance chart API
2025-07-29,50.45000076293945,49.44694900512695,Yahoo Finance chart API
2025-07-30,51.0,49.98601531982422,Yahoo Finance chart API
2025-07-31,51.54999923706055,50.525081634521484,Yahoo Finance chart API
2025-08-01,51.099998474121094,50.084022521972656,Yahoo Finance chart API
2025-08-04,50.79999923706055,49.78998947143555,Yahoo Finance chart API
2025-08-05,51.45000076293945,50.427066802978516,Yahoo Finance chart API
2025-08-06,51.0,49.98601531982422,Yahoo Finance chart API
2025-08-07,52.45000076293945,51.407188415527344,Yahoo Finance chart API
2025-08-08,52.45000076293945,51.407188415527344,Yahoo Finance chart API
2025-08-11,52.849998474121094,51.799232482910156,Yahoo Finance chart API
2025-08-12,52.900001525878906,51.84823989868164,Yahoo Finance chart API
2025-08-13,53.349998474121094,52.28928756713867,Yahoo Finance chart API
2025-08-14,53.150001525878906,52.09326934814453,Yahoo Finance chart API
2025-08-15,53.150001525878906,52.09326934814453,Yahoo Finance chart API
2025-08-18,53.29999923706055,52.24028778076172,Yahoo Finance chart API
2025-08-19,53.20000076293945,52.142276763916016,Yahoo Finance chart API
2025-08-20,51.70000076293945,50.672096252441406,Yahoo Finance chart API
2025-08-21,52.0,50.96613311767578,Yahoo Finance chart API
2025-08-22,51.75,50.72110366821289,Yahoo Finance chart API
2025-08-25,52.70000076293945,51.652217864990234,Yahoo Finance chart API
2025-08-26,52.75,51.70121765136719,Yahoo Finance chart API
2025-08-27,53.0,51.946250915527344,Yahoo Finance chart API
2025-08-28,52.5,51.45619201660156,Yahoo Finance chart API
2025-08-29,52.5,51.45619201660156,Yahoo Finance chart API
2025-09-01,52.0,50.96613311767578,Yahoo Finance chart API
2025-09-02,52.0,50.96613311767578,Yahoo Finance chart API
2025-09-03,51.95000076293945,50.9171257019043,Yahoo Finance chart API
2025-09-04,52.29999923706055,51.26016616821289,Yahoo Finance chart API
2025-09-05,52.849998474121094,51.799232482910156,Yahoo Finance chart API
2025-09-08,53.349998474121094,52.28928756713867,Yahoo Finance chart API
2025-09-09,53.900001525878906,52.8283576965332,Yahoo Finance chart API
2025-09-10,54.95000076293945,53.85748291015625,Yahoo Finance chart API
2025-09-11,55.45000076293945,54.34754180908203,Yahoo Finance chart API
2025-09-12,56.0,54.88660430908203,Yahoo Finance chart API
2025-09-15,56.0,54.88660430908203,Yahoo Finance chart API
2025-09-16,56.75,55.62169647216797,Yahoo Finance chart API
2025-09-17,56.349998474121094,55.229644775390625,Yahoo Finance chart API
2025-09-18,56.95000076293945,55.817718505859375,Yahoo Finance chart API
2025-09-19,57.0,55.866722106933594,Yahoo Finance chart API
2025-09-22,57.400001525878906,56.25876998901367,Yahoo Finance chart API
2025-09-23,58.45000076293945,57.28789520263672,Yahoo Finance chart API
2025-09-24,58.400001525878906,57.2388916015625,Yahoo Finance chart API
2025-09-25,58.20000076293945,57.04286193847656,Yahoo Finance chart API
2025-09-26,57.25,56.111751556396484,Yahoo Finance chart API
2025-09-30,57.79999923706055,56.65081787109375,Yahoo Finance chart API
2025-10-01,58.099998474121094,56.94485092163086,Yahoo Finance chart API
2025-10-02,59.20000076293945,58.02298355102539,Yahoo Finance chart API
2025-10-03,60.04999923706055,58.856082916259766,Yahoo Finance chart API
2025-10-07,61.70000076293945,60.4732780456543,Yahoo Finance chart API
2025-10-08,61.150001525878906,59.93421173095703,Yahoo Finance chart API
2025-10-09,61.599998474121094,60.37526321411133,Yahoo Finance chart API
2025-10-13,61.0,59.787193298339844,Yahoo Finance chart API
2025-10-14,60.70000076293945,59.493160247802734,Yahoo Finance chart API
2025-10-15,61.79999923706055,60.5712890625,Yahoo Finance chart API
2025-10-16,63.0,61.74742889404297,Yahoo Finance chart API
2025-10-17,62.04999923706055,60.81631851196289,Yahoo Finance chart API
2025-10-20,63.099998474121094,61.84543991088867,Yahoo Finance chart API
2025-10-21,63.20000076293945,61.94345474243164,Yahoo Finance chart API
2025-10-22,62.70000076293945,61.45339584350586,Yahoo Finance chart API
2025-10-23,62.349998474121094,61.1103515625,Yahoo Finance chart API
2025-10-27,63.79999923706055,62.531524658203125,Yahoo Finance chart API
2025-10-28,63.349998474121094,62.09047317504883,Yahoo Finance chart API
2025-10-29,64.4000015258789,63.119598388671875,Yahoo Finance chart API
2025-10-30,64.4000015258789,63.119598388671875,Yahoo Finance chart API
2025-10-31,64.75,63.46263885498047,Yahoo Finance chart API
2025-11-03,64.1500015258789,62.874568939208984,Yahoo Finance chart API
2025-11-04,63.95000076293945,62.67853927612305,Yahoo Finance chart API
2025-11-05,63.150001525878906,61.894447326660156,Yahoo Finance chart API
2025-11-06,63.29999923706055,62.041465759277344,Yahoo Finance chart API
2025-11-07,62.54999923706055,61.306373596191406,Yahoo Finance chart API
2025-11-10,63.349998474121094,62.09047317504883,Yahoo Finance chart API
2025-11-11,62.900001525878906,61.649417877197266,Yahoo Finance chart API
2025-11-12,63.20000076293945,61.94345474243164,Yahoo Finance chart API
2025-11-13,62.900001525878906,61.649417877197266,Yahoo Finance chart API
2025-11-14,61.70000076293945,60.4732780456543,Yahoo Finance chart API
2025-11-17,61.900001525878906,60.66930389404297,Yahoo Finance chart API
2025-11-18,60.45000076293945,59.248130798339844,Yahoo Finance chart API
2025-11-19,60.04999923706055,58.856082916259766,Yahoo Finance chart API
2025-11-20,61.900001525878906,60.66930389404297,Yahoo Finance chart API
2025-11-21,59.849998474121094,58.660057067871094,Yahoo Finance chart API
2025-11-24,59.54999923706055,58.366024017333984,Yahoo Finance chart API
2025-11-25,60.349998474121094,59.150115966796875,Yahoo Finance chart API
2025-11-26,61.349998474121094,60.13023376464844,Yahoo Finance chart API
2025-11-27,61.900001525878906,60.66930389404297,Yahoo Finance chart API
2025-11-28,62.349998474121094,61.1103515625,Yahoo Finance chart API
2025-12-01,61.5,60.277252197265625,Yahoo Finance chart API
2025-12-02,61.70000076293945,60.4732780456543,Yahoo Finance chart API
2025-12-03,62.29999923706055,61.061344146728516,Yahoo Finance chart API
2025-12-04,62.20000076293945,60.96333694458008,Yahoo Finance chart API
2025-12-05,62.75,61.502403259277344,Yahoo Finance chart API
2025-12-08,63.70000076293945,62.43351364135742,Yahoo Finance chart API
2025-12-09,63.599998474121094,62.33549880981445,Yahoo Finance chart API
2025-12-10,64.05000305175781,62.77655792236328,Yahoo Finance chart API
2025-12-11,63.349998474121094,62.09047317504883,Yahoo Finance chart API
2025-12-12,63.45000076293945,62.18848419189453,Yahoo Finance chart API
2025-12-15,62.79999923706055,61.5514030456543,Yahoo Finance chart API
2025-12-16,62.25,61.0123405456543,Yahoo Finance chart API
2025-12-17,61.900001525878906,60.66930389404297,Yahoo Finance chart API
2025-12-18,61.900001525878906,60.66930389404297,Yahoo Finance chart API
2025-12-19,62.5,61.25737380981445,Yahoo Finance chart API
2025-12-22,63.400001525878906,62.13947677612305,Yahoo Finance chart API
2025-12-23,63.70000076293945,62.43351364135742,Yahoo Finance chart API
2025-12-24,63.849998474121094,62.580528259277344,Yahoo Finance chart API
2025-12-26,64.4000015258789,63.119598388671875,Yahoo Finance chart API
2025-12-29,65.25,63.952693939208984,Yahoo Finance chart API
2025-12-30,65.1500015258789,63.85468673706055,Yahoo Finance chart API
2025-12-31,65.5999984741211,64.29573822021484,Yahoo Finance chart API
2026-01-02,66.94999694824219,65.618896484375,Yahoo Finance chart API
2026-01-05,69.5,68.11819458007812,Yahoo Finance chart API
2026-01-06,70.4000015258789,69.00030517578125,Yahoo Finance chart API
2026-01-07,69.8499984741211,68.46123504638672,Yahoo Finance chart API
2026-01-08,70.0999984741211,68.70626831054688,Yahoo Finance chart API
2026-01-09,69.8499984741211,68.46123504638672,Yahoo Finance chart API
2026-01-12,70.3499984741211,68.95130157470703,Yahoo Finance chart API
2026-01-13,70.69999694824219,69.2943344116211,Yahoo Finance chart API
2026-01-14,70.75,69.34334564208984,Yahoo Finance chart API
2026-01-15,70.6500015258789,69.24533081054688,Yahoo Finance chart API
2026-01-16,72.0,70.56849670410156,Yahoo Finance chart API
2026-01-19,72.5999984741211,71.15656280517578,Yahoo Finance chart API
2026-01-20,72.5999984741211,71.15656280517578,Yahoo Finance chart API
2026-01-21,71.8499984741211,70.42147064208984,Yahoo Finance chart API
2026-01-22,71.80000305175781,71.36573028564453,Yahoo Finance chart API
2026-01-23,72.25,71.81300354003906,Yahoo Finance chart API
2026-01-26,72.25,71.81300354003906,Yahoo Finance chart API
2026-01-27,73.05000305175781,72.60816955566406,Yahoo Finance chart API
2026-01-28,74.19999694824219,73.75120544433594,Yahoo Finance chart API
2026-01-29,73.75,73.3039321899414,Yahoo Finance chart API
2026-01-30,72.5999984741211,72.160888671875,Yahoo Finance chart API
2026-02-02,71.5,71.06754302978516,Yahoo Finance chart API
2026-02-03,72.94999694824219,72.5087661743164,Yahoo Finance chart API
2026-02-04,72.9000015258789,72.45907592773438,Yahoo Finance chart API
2026-02-05,72.0,71.56451416015625,Yahoo Finance chart API
2026-02-06,71.9000015258789,71.46512603759766,Yahoo Finance chart API
2026-02-09,73.94999694824219,73.50271606445312,Yahoo Finance chart API
2026-02-10,75.5,75.04335021972656,Yahoo Finance chart API
2026-02-11,77.19999694824219,76.73306274414062,Yahoo Finance chart API
2026-02-23,77.4000015258789,76.93185424804688,Yahoo Finance chart API
2026-02-24,79.4000015258789,78.91976165771484,Yahoo Finance chart API
2026-02-25,81.0999984741211,80.6094741821289,Yahoo Finance chart API
2026-02-26,81.1500015258789,80.65917205810547,Yahoo Finance chart API
2026-03-02,80.3499984741211,79.864013671875,Yahoo Finance chart API
2026-03-03,78.75,78.27368927001953,Yahoo Finance chart API
2026-03-04,75.5999984741211,75.14273834228516,Yahoo Finance chart API
2026-03-05,77.4000015258789,76.93185424804688,Yahoo Finance chart API
2026-03-06,76.8499984741211,76.38517761230469,Yahoo Finance chart API
2026-03-09,73.5999984741211,73.15483856201172,Yahoo Finance chart API
2026-03-10,75.19999694824219,74.74515533447266,Yahoo Finance chart API
2026-03-11,78.19999694824219,77.72701263427734,Yahoo Finance chart API
2026-03-12,76.5999984741211,76.1366958618164,Yahoo Finance chart API
2026-03-13,75.94999694824219,75.4906234741211,Yahoo Finance chart API
2026-03-16,75.5999984741211,75.14273834228516,Yahoo Finance chart API
2026-03-17,76.6500015258789,76.18639373779297,Yahoo Finance chart API
2026-03-18,77.80000305175781,77.32943725585938,Yahoo Finance chart API
2026-03-19,76.0,75.54032135009766,Yahoo Finance chart API
2026-03-20,75.9000015258789,75.44092559814453,Yahoo Finance chart API
2026-03-23,74.25,73.80091094970703,Yahoo Finance chart API
2026-03-24,74.4000015258789,73.95000457763672,Yahoo Finance chart API
2026-03-25,76.19999694824219,75.7391128540039,Yahoo Finance chart API
2026-03-26,75.80000305175781,75.34153747558594,Yahoo Finance chart API
2026-03-27,75.0,74.54637145996094,Yahoo Finance chart API
2026-03-30,73.9000015258789,73.4530258178711,Yahoo Finance chart API
2026-03-31,72.3499984741211,71.91239929199219,Yahoo Finance chart API
2026-04-01,75.44999694824219,74.99364471435547,Yahoo Finance chart API
2026-04-02,73.94999694824219,73.50271606445312,Yahoo Finance chart API
2026-04-07,75.30000305175781,74.84455871582031,Yahoo Finance chart API
2026-04-08,79.19999694824219,78.72096252441406,Yahoo Finance chart API
2026-04-09,79.1500015258789,78.67127227783203,Yahoo Finance chart API
2026-04-10,80.75,80.2615966796875,Yahoo Finance chart API
2026-04-13,80.5999984741211,80.11249542236328,Yahoo Finance chart API
2026-04-14,83.0999984741211,82.59738159179688,Yahoo Finance chart API
2026-04-15,84.1500015258789,83.64102935791016,Yahoo Finance chart API
2026-04-16,85.0,84.48588562011719,Yahoo Finance chart API
2026-04-17,84.1500015258789,83.64102935791016,Yahoo Finance chart API
2026-04-20,84.55000305175781,84.03861236572266,Yahoo Finance chart API
2026-04-21,86.0,85.4798355102539,Yahoo Finance chart API
2026-04-22,86.3499984741211,85.82772064208984,Yahoo Finance chart API
2026-04-23,86.3499984741211,85.82772064208984,Yahoo Finance chart API
2026-04-24,89.94999694824219,89.40594482421875,Yahoo Finance chart API
2026-04-27,93.0,92.4375,Yahoo Finance chart API
2026-04-28,92.0,91.44355010986328,Yahoo Finance chart API
2026-04-29,90.75,90.20111083984375,Yahoo Finance chart API
2026-04-30,90.5,89.95262145996094,Yahoo Finance chart API
2026-05-04,94.5999984741211,94.02782440185547,Yahoo Finance chart API
2026-05-05,94.5999984741211,94.02782440185547,Yahoo Finance chart API
2026-05-06,95.75,95.17086791992188,Yahoo Finance chart API
2026-05-07,97.69999694824219,97.10906982421875,Yahoo Finance chart API
2026-05-08,97.0,96.4133071899414,Yahoo Finance chart API
2026-05-11,96.9000015258789,96.31391143798828,Yahoo Finance chart API
2026-05-12,96.8499984741211,96.26421356201172,Yahoo Finance chart API
2026-05-13,95.5,94.92237854003906,Yahoo Finance chart API
2026-05-14,96.05000305175781,95.46905517578125,Yahoo Finance chart API
2026-05-15,95.4000015258789,94.82298278808594,Yahoo Finance chart API
2026-05-18,94.9000015258789,94.32601165771484,Yahoo Finance chart API
2026-05-19,93.0999984741211,92.53689575195312,Yahoo Finance chart API
2026-05-20,92.5,91.94052124023438,Yahoo Finance chart API
2026-05-21,95.8499984741211,95.270263671875,Yahoo Finance chart API
2026-05-22,97.30000305175781,96.71149444580078,Yahoo Finance chart API
2026-05-25,100.80000305175781,100.19032287597656,Yahoo Finance chart API
2026-05-26,100.0999984741211,99.49455261230469,Yahoo Finance chart API
2026-05-27,102.55000305175781,101.92974090576172,Yahoo Finance chart API
2026-05-28,100.5,99.89213562011719,Yahoo Finance chart API
2026-05-29,105.4000015258789,104.76250457763672,Yahoo Finance chart API
2026-06-01,105.5,104.86189270019531,Yahoo Finance chart API
2026-06-02,105.69999694824219,105.06068420410156,Yahoo Finance chart API
2026-06-03,107.5999984741211,106.9491958618164,Yahoo Finance chart API
2026-06-04,106.0999984741211,105.45826721191406,Yahoo Finance chart API
2026-06-05,104.1500015258789,103.52006530761719,Yahoo Finance chart API
2026-06-08,100.94999694824219,100.33941650390625,Yahoo Finance chart API
2026-06-09,103.5,102.87399291992188,Yahoo Finance chart API
2026-06-10,100.25,99.64364624023438,Yahoo Finance chart API
2026-06-11,99.8499984741211,99.2460708618164,Yahoo Finance chart API
2026-06-12,101.94999694824219,101.33336639404297,Yahoo Finance chart API
2026-06-15,105.25,104.61341094970703,Yahoo Finance chart API
2026-06-16,105.9000015258789,105.25947570800781,Yahoo Finance chart API
2026-06-17,106.0,105.35887145996094,Yahoo Finance chart API
2026-06-18,107.30000305175781,106.65100860595703,Yahoo Finance chart API
2026-06-22,111.1500015258789,110.47772216796875,Yahoo Finance chart API
2026-06-23,110.0999984741211,109.43407440185547,Yahoo Finance chart API
2026-06-24,107.1500015258789,106.50191497802734,Yahoo Finance chart API
2026-06-25,107.19999694824219,106.5516128540039,Yahoo Finance chart API
2026-06-26,103.0999984741211,102.47640991210938,Yahoo Finance chart API
2026-06-29,104.44999694824219,103.81824493408203,Yahoo Finance chart API
2026-06-30,107.80000305175781,107.14798736572266,Yahoo Finance chart API
2026-07-01,109.3499984741211,108.68860626220703,Yahoo Finance chart API
2026-07-02,108.80000305175781,108.14193725585938,Yahoo Finance chart API
2026-07-03,108.3499984741211,107.69465637207031,Yahoo Finance chart API
2026-07-06,108.25,107.59526062011719,Yahoo Finance chart API
2026-07-07,106.19999694824219,105.55765533447266,Yahoo Finance chart API
2026-07-08,106.05000305175781,105.4085693359375,Yahoo Finance chart API
2026-07-09,105.80000305175781,105.16008758544922,Yahoo Finance chart API
2026-07-10,105.80000305175781,105.16008758544922,Yahoo Finance chart API
2026-07-13,106.0,105.35887145996094,Yahoo Finance chart API
2026-07-14,104.4000015258789,103.76854705810547,Yahoo Finance chart API
2026-07-15,106.30000305175781,105.65705871582031,Yahoo Finance chart API
2026-07-16,106.4000015258789,105.75645446777344,Yahoo Finance chart API
2026-07-17,100.1500015258789,99.54425811767578,Yahoo Finance chart API
2026-07-20,99.19999694824219,98.5999984741211,Yahoo Finance chart API
2026-07-21,102.5,102.5,Yahoo Finance chart API
2026-07-22,103.8499984741211,103.8499984741211,Yahoo Finance chart API
2026-07-23,103.9000015258789,103.9000015258789,Yahoo Finance chart API
2026-07-24,101.69999694824219,101.69999694824219,Yahoo Finance chart API
2026-07-27,101.44999694824219,101.44999694824219,Yahoo Finance chart API
2026-07-28,97.1500015258789,97.1500015258789,Yahoo Finance chart API
2026-07-29,93.69999694824219,93.69999694824219,Yahoo Finance chart API
2026-07-30,93.5,93.5,Yahoo Finance chart API
2026-07-31,102.8499984741211,102.8499984741211,Yahoo Finance chart API
2026-08-03,102.0,102.0,Yahoo Finance chart API
2026-08-04,100.6500015258789,100.6500015258789,Yahoo Finance chart API
2026-08-05,103.80000305175781,103.80000305175781,Yahoo Finance chart API
2026-08-06,103.30000305175781,103.30000305175781,Yahoo Finance chart API
2026-08-07,102.8499984741211,102.8499984741211,Yahoo Finance chart API
