date,open,high,low,close,source
2000-01-04,8756.55,8756.55,8756.55,8756.55,TWSE FMTQIK
2000-01-05,8849.87,8849.87,8849.87,8849.87,TWSE FMTQIK
2000-01-06,8922.03,8922.03,8922.03,8922.03,TWSE FMTQIK
2000-01-07,8845.47,8845.47,8845.47,8845.47,TWSE FMTQIK
2000-01-10,9102.6,9102.6,9102.6,9102.6,TWSE FMTQIK
2000-01-11,8927.03,8927.03,8927.03,8927.03,TWSE FMTQIK
2000-01-12,9144.65,9144.65,9144.65,9144.65,TWSE FMTQIK
2000-01-13,9107.19,9107.19,9107.19,9107.19,TWSE FMTQIK
2000-01-14,9023.24,9023.24,9023.24,9023.24,TWSE FMTQIK
2000-01-15,9191.37,9191.37,9191.37,9191.37,TWSE FMTQIK
2000-01-17,9315.43,9315.43,9315.43,9315.43,TWSE FMTQIK
2000-01-18,9250.19,9250.19,9250.19,9250.19,TWSE FMTQIK
2000-01-19,9151.44,9151.44,9151.44,9151.44,TWSE FMTQIK
2000-01-20,9136.95,9136.95,9136.95,9136.95,TWSE FMTQIK
2000-01-21,9255.94,9255.94,9255.94,9255.94,TWSE FMTQIK
2000-01-24,9387.07,9387.07,9387.07,9387.07,TWSE FMTQIK
2000-01-25,9372.37,9372.37,9372.37,9372.37,TWSE FMTQIK
2000-01-26,9581.96,9581.96,9581.96,9581.96,TWSE FMTQIK
2000-01-27,9628.98,9628.98,9628.98,9628.98,TWSE FMTQIK
2000-01-28,9696.91,9696.91,9696.91,9696.91,TWSE FMTQIK
2000-01-29,9636.38,9636.38,9636.38,9636.38,TWSE FMTQIK
2000-01-31,9744.89,9744.89,9744.89,9744.89,TWSE FMTQIK
2000-02-01,9856.39,9856.39,9856.39,9856.39,TWSE FMTQIK
2000-02-09,10008.88,10008.88,10008.88,10008.88,TWSE FMTQIK
2000-02-10,10057.67,10057.67,10057.67,10057.67,TWSE FMTQIK
2000-02-11,10128.67,10128.67,10128.67,10128.67,TWSE FMTQIK
2000-02-14,9971.45,9971.45,9971.45,9971.45,TWSE FMTQIK
2000-02-15,9957.74,9957.74,9957.74,9957.74,TWSE FMTQIK
2000-02-16,10064.49,10064.49,10064.49,10064.49,TWSE FMTQIK
2000-02-17,10202.2,10202.2,10202.2,10202.2,TWSE FMTQIK
2000-02-18,10096.38,10096.38,10096.38,10096.38,TWSE FMTQIK
2000-02-19,10161.05,10161.05,10161.05,10161.05,TWSE FMTQIK
2000-02-21,9912.67,9912.67,9912.67,9912.67,TWSE FMTQIK
2000-02-22,9731.93,9731.93,9731.93,9731.93,TWSE FMTQIK
2000-02-23,9642.26,9642.26,9642.26,9642.26,TWSE FMTQIK
2000-02-24,9599.17,9599.17,9599.17,9599.17,TWSE FMTQIK
2000-02-25,9432.49,9432.49,9432.49,9432.49,TWSE FMTQIK
2000-02-29,9435.94,9435.94,9435.94,9435.94,TWSE FMTQIK
2000-03-01,9689.1,9689.1,9689.1,9689.1,TWSE FMTQIK
2000-03-02,9543.82,9543.82,9543.82,9543.82,TWSE FMTQIK
2000-03-03,9588.03,9588.03,9588.03,9588.03,TWSE FMTQIK
2000-03-04,9517.97,9517.97,9517.97,9517.97,TWSE FMTQIK
2000-03-06,9367.91,9367.91,9367.91,9367.91,TWSE FMTQIK
2000-03-07,9380.07,9380.07,9380.07,9380.07,TWSE FMTQIK
2000-03-08,9389.49,9389.49,9389.49,9389.49,TWSE FMTQIK
2000-03-09,9587.27,9587.27,9587.27,9587.27,TWSE FMTQIK
2000-03-10,9429.6,9429.6,9429.6,9429.6,TWSE FMTQIK
2000-03-13,8811.95,8811.95,8811.95,8811.95,TWSE FMTQIK
2000-03-14,8835.58,8835.58,8835.58,8835.58,TWSE FMTQIK
2000-03-15,8640.03,8640.03,8640.03,8640.03,TWSE FMTQIK
2000-03-16,8682.76,8682.76,8682.76,8682.76,TWSE FMTQIK
2000-03-17,8763.27,8763.27,8763.27,8763.27,TWSE FMTQIK
2000-03-20,8536.05,8536.05,8536.05,8536.05,TWSE FMTQIK
2000-03-21,9004.48,9004.48,9004.48,9004.48,TWSE FMTQIK
2000-03-22,9069.39,9069.39,9069.39,9069.39,TWSE FMTQIK
2000-03-23,9533.87,9533.87,9533.87,9533.87,TWSE FMTQIK
2000-03-24,9482.64,9482.64,9482.64,9482.64,TWSE FMTQIK
2000-03-27,9807.57,9807.57,9807.57,9807.57,TWSE FMTQIK
2000-03-28,9856.6,9856.6,9856.6,9856.6,TWSE FMTQIK
2000-03-29,9805.69,9805.69,9805.69,9805.69,TWSE FMTQIK
2000-03-30,9931.94,9931.94,9931.94,9931.94,TWSE FMTQIK
2000-03-31,9854.95,9854.95,9854.95,9854.95,TWSE FMTQIK
2000-04-01,10050.43,10050.43,10050.43,10050.43,TWSE FMTQIK
2000-04-05,10186.17,10186.17,10186.17,10186.17,TWSE FMTQIK
2000-04-06,9969.28,9969.28,9969.28,9969.28,TWSE FMTQIK
2000-04-07,9921.03,9921.03,9921.03,9921.03,TWSE FMTQIK
2000-04-08,9934.57,9934.57,9934.57,9934.57,TWSE FMTQIK
2000-04-10,10127.48,10127.48,10127.48,10127.48,TWSE FMTQIK
2000-04-11,10068.05,10068.05,10068.05,10068.05,TWSE FMTQIK
2000-04-12,9911.39,9911.39,9911.39,9911.39,TWSE FMTQIK
2000-04-13,9662.6,9662.6,9662.6,9662.6,TWSE FMTQIK
2000-04-14,9374.61,9374.61,9374.61,9374.61,TWSE FMTQIK
2000-04-15,8866.8,8866.8,8866.8,8866.8,TWSE FMTQIK
2000-04-17,8993.68,8993.68,8993.68,8993.68,TWSE FMTQIK
2000-04-18,9307.03,9307.03,9307.03,9307.03,TWSE FMTQIK
2000-04-19,9104.4,9104.4,9104.4,9104.4,TWSE FMTQIK
2000-04-20,9109.05,9109.05,9109.05,9109.05,TWSE FMTQIK
2000-04-21,9120.48,9120.48,9120.48,9120.48,TWSE FMTQIK
2000-04-24,8808.09,8808.09,8808.09,8808.09,TWSE FMTQIK
2000-04-25,8921.12,8921.12,8921.12,8921.12,TWSE FMTQIK
2000-04-26,8535.96,8535.96,8535.96,8535.96,TWSE FMTQIK
2000-04-27,8541.95,8541.95,8541.95,8541.95,TWSE FMTQIK
2000-04-28,8824.36,8824.36,8824.36,8824.36,TWSE FMTQIK
2000-04-29,8777.35,8777.35,8777.35,8777.35,TWSE FMTQIK
2000-05-02,8638.75,8638.75,8638.75,8638.75,TWSE FMTQIK
2000-05-03,8420.0,8420.0,8420.0,8420.0,TWSE FMTQIK
2000-05-04,8425.38,8425.38,8425.38,8425.38,TWSE FMTQIK
2000-05-05,8698.53,8698.53,8698.53,8698.53,TWSE FMTQIK
2000-05-06,8657.13,8657.13,8657.13,8657.13,TWSE FMTQIK
2000-05-08,8616.18,8616.18,8616.18,8616.18,TWSE FMTQIK
2000-05-09,8635.84,8635.84,8635.84,8635.84,TWSE FMTQIK
2000-05-10,8559.87,8559.87,8559.87,8559.87,TWSE FMTQIK
2000-05-11,8349.91,8349.91,8349.91,8349.91,TWSE FMTQIK
2000-05-12,8560.44,8560.44,8560.44,8560.44,TWSE FMTQIK
2000-05-15,8465.02,8465.02,8465.02,8465.02,TWSE FMTQIK
2000-05-16,8727.82,8727.82,8727.82,8727.82,TWSE FMTQIK
2000-05-17,9085.74,9085.74,9085.74,9085.74,TWSE FMTQIK
2000-05-18,9087.21,9087.21,9087.21,9087.21,TWSE FMTQIK
2000-05-19,9119.77,9119.77,9119.77,9119.77,TWSE FMTQIK
2000-05-20,8820.35,8820.35,8820.35,8820.35,TWSE FMTQIK
2000-05-22,8807.57,8807.57,8807.57,8807.57,TWSE FMTQIK
2000-05-23,8671.01,8671.01,8671.01,8671.01,TWSE FMTQIK
2000-05-24,8500.41,8500.41,8500.41,8500.41,TWSE FMTQIK
2000-05-25,8438.1,8438.1,8438.1,8438.1,TWSE FMTQIK
2000-05-26,8559.46,8559.46,8559.46,8559.46,TWSE FMTQIK
2000-05-29,8588.25,8588.25,8588.25,8588.25,TWSE FMTQIK
2000-05-30,8764.42,8764.42,8764.42,8764.42,TWSE FMTQIK
2000-05-31,8939.52,8939.52,8939.52,8939.52,TWSE FMTQIK
2000-06-01,8842.63,8842.63,8842.63,8842.63,TWSE FMTQIK
2000-06-02,8883.45,8883.45,8883.45,8883.45,TWSE FMTQIK
2000-06-03,8935.64,8935.64,8935.64,8935.64,TWSE FMTQIK
2000-06-05,8958.21,8958.21,8958.21,8958.21,TWSE FMTQIK
2000-06-07,9115.47,9115.47,9115.47,9115.47,TWSE FMTQIK
2000-06-08,9067.88,9067.88,9067.88,9067.88,TWSE FMTQIK
2000-06-09,9036.66,9036.66,9036.66,9036.66,TWSE FMTQIK
2000-06-12,8955.44,8955.44,8955.44,8955.44,TWSE FMTQIK
2000-06-13,8891.09,8891.09,8891.09,8891.09,TWSE FMTQIK
2000-06-14,8935.23,8935.23,8935.23,8935.23,TWSE FMTQIK
2000-06-15,8844.97,8844.97,8844.97,8844.97,TWSE FMTQIK
2000-06-16,8832.15,8832.15,8832.15,8832.15,TWSE FMTQIK
2000-06-17,8770.8,8770.8,8770.8,8770.8,TWSE FMTQIK
2000-06-19,8751.1,8751.1,8751.1,8751.1,TWSE FMTQIK
2000-06-20,8690.66,8690.66,8690.66,8690.66,TWSE FMTQIK
2000-06-21,8637.6,8637.6,8637.6,8637.6,TWSE FMTQIK
2000-06-22,8771.77,8771.77,8771.77,8771.77,TWSE FMTQIK
2000-06-23,8684.93,8684.93,8684.93,8684.93,TWSE FMTQIK
2000-06-26,8529.56,8529.56,8529.56,8529.56,TWSE FMTQIK
2000-06-27,8424.17,8424.17,8424.17,8424.17,TWSE FMTQIK
2000-06-28,8365.63,8365.63,8365.63,8365.63,TWSE FMTQIK
2000-06-29,8120.89,8120.89,8120.89,8120.89,TWSE FMTQIK
2000-06-30,8265.09,8265.09,8265.09,8265.09,TWSE FMTQIK
2000-07-03,8297.77,8297.77,8297.77,8297.77,TWSE FMTQIK
2000-07-04,8052.54,8052.54,8052.54,8052.54,TWSE FMTQIK
2000-07-05,8421.74,8421.74,8421.74,8421.74,TWSE FMTQIK
2000-07-06,8289.39,8289.39,8289.39,8289.39,TWSE FMTQIK
2000-07-07,8173.08,8173.08,8173.08,8173.08,TWSE FMTQIK
2000-07-10,8154.67,8154.67,8154.67,8154.67,TWSE FMTQIK
2000-07-11,8158.63,8158.63,8158.63,8158.63,TWSE FMTQIK
2000-07-12,8059.75,8059.75,8059.75,8059.75,TWSE FMTQIK
2000-07-13,8267.66,8267.66,8267.66,8267.66,TWSE FMTQIK
2000-07-14,8497.13,8497.13,8497.13,8497.13,TWSE FMTQIK
2000-07-15,8518.13,8518.13,8518.13,8518.13,TWSE FMTQIK
2000-07-17,8585.52,8585.52,8585.52,8585.52,TWSE FMTQIK
2000-07-18,8368.78,8368.78,8368.78,8368.78,TWSE FMTQIK
2000-07-19,8411.88,8411.88,8411.88,8411.88,TWSE FMTQIK
2000-07-20,8219.53,8219.53,8219.53,8219.53,TWSE FMTQIK
2000-07-21,8167.37,8167.37,8167.37,8167.37,TWSE FMTQIK
2000-07-24,8064.2,8064.2,8064.2,8064.2,TWSE FMTQIK
2000-07-25,7900.39,7900.39,7900.39,7900.39,TWSE FMTQIK
2000-07-26,7961.54,7961.54,7961.54,7961.54,TWSE FMTQIK
2000-07-27,7956.28,7956.28,7956.28,7956.28,TWSE FMTQIK
2000-07-28,8122.11,8122.11,8122.11,8122.11,TWSE FMTQIK
2000-07-29,8143.93,8143.93,8143.93,8143.93,TWSE FMTQIK
2000-07-31,8114.92,8114.92,8114.92,8114.92,TWSE FMTQIK
2000-08-01,7984.65,7984.65,7984.65,7984.65,TWSE FMTQIK
2000-08-02,7916.85,7916.85,7916.85,7916.85,TWSE FMTQIK
2000-08-03,7844.93,7844.93,7844.93,7844.93,TWSE FMTQIK
2000-08-04,7925.2,7925.2,7925.2,7925.2,TWSE FMTQIK
2000-08-05,7841.43,7841.43,7841.43,7841.43,TWSE FMTQIK
2000-08-07,7715.99,7715.99,7715.99,7715.99,TWSE FMTQIK
2000-08-08,7797.78,7797.78,7797.78,7797.78,TWSE FMTQIK
2000-08-09,8048.14,8048.14,8048.14,8048.14,TWSE FMTQIK
2000-08-10,8024.69,8024.69,8024.69,8024.69,TWSE FMTQIK
2000-08-11,7974.65,7974.65,7974.65,7974.65,TWSE FMTQIK
2000-08-14,7848.87,7848.87,7848.87,7848.87,TWSE FMTQIK
2000-08-15,7845.69,7845.69,7845.69,7845.69,TWSE FMTQIK
2000-08-16,8003.53,8003.53,8003.53,8003.53,TWSE FMTQIK
2000-08-17,8143.25,8143.25,8143.25,8143.25,TWSE FMTQIK
2000-08-18,8176.82,8176.82,8176.82,8176.82,TWSE FMTQIK
2000-08-19,8209.07,8209.07,8209.07,8209.07,TWSE FMTQIK
2000-08-21,8257.88,8257.88,8257.88,8257.88,TWSE FMTQIK
2000-08-22,8118.05,8118.05,8118.05,8118.05,TWSE FMTQIK
2000-08-24,8098.84,8098.84,8098.84,8098.84,TWSE FMTQIK
2000-08-25,8026.32,8026.32,8026.32,8026.32,TWSE FMTQIK
2000-08-28,7845.87,7845.87,7845.87,7845.87,TWSE FMTQIK
2000-08-29,7817.49,7817.49,7817.49,7817.49,TWSE FMTQIK
2000-08-30,7543.96,7543.96,7543.96,7543.96,TWSE FMTQIK
2000-08-31,7616.98,7616.98,7616.98,7616.98,TWSE FMTQIK
2000-09-01,7420.06,7420.06,7420.06,7420.06,TWSE FMTQIK
2000-09-02,7707.59,7707.59,7707.59,7707.59,TWSE FMTQIK
2000-09-04,7803.02,7803.02,7803.02,7803.02,TWSE FMTQIK
2000-09-05,7785.62,7785.62,7785.62,7785.62,TWSE FMTQIK
2000-09-06,7610.78,7610.78,7610.78,7610.78,TWSE FMTQIK
2000-09-07,7430.93,7430.93,7430.93,7430.93,TWSE FMTQIK
2000-09-08,7367.99,7367.99,7367.99,7367.99,TWSE FMTQIK
2000-09-11,7335.2,7335.2,7335.2,7335.2,TWSE FMTQIK
2000-09-13,7391.66,7391.66,7391.66,7391.66,TWSE FMTQIK
2000-09-14,7152.29,7152.29,7152.29,7152.29,TWSE FMTQIK
2000-09-15,7155.45,7155.45,7155.45,7155.45,TWSE FMTQIK
2000-09-16,7053.29,7053.29,7053.29,7053.29,TWSE FMTQIK
2000-09-18,6910.14,6910.14,6910.14,6910.14,TWSE FMTQIK
2000-09-19,6734.9,6734.9,6734.9,6734.9,TWSE FMTQIK
2000-09-20,6880.09,6880.09,6880.09,6880.09,TWSE FMTQIK
2000-09-21,6920.9,6920.9,6920.9,6920.9,TWSE FMTQIK
2000-09-22,6612.09,6612.09,6612.09,6612.09,TWSE FMTQIK
2000-09-25,6677.46,6677.46,6677.46,6677.46,TWSE FMTQIK
2000-09-26,6749.03,6749.03,6749.03,6749.03,TWSE FMTQIK
2000-09-27,6717.04,6717.04,6717.04,6717.04,TWSE FMTQIK
2000-09-28,6564.87,6564.87,6564.87,6564.87,TWSE FMTQIK
2000-09-29,6432.36,6432.36,6432.36,6432.36,TWSE FMTQIK
2000-09-30,6185.14,6185.14,6185.14,6185.14,TWSE FMTQIK
2000-10-02,6024.07,6024.07,6024.07,6024.07,TWSE FMTQIK
2000-10-03,6143.44,6143.44,6143.44,6143.44,TWSE FMTQIK
2000-10-04,5997.92,5997.92,5997.92,5997.92,TWSE FMTQIK
2000-10-05,6029.65,6029.65,6029.65,6029.65,TWSE FMTQIK
2000-10-06,6353.67,6353.67,6353.67,6353.67,TWSE FMTQIK
2000-10-07,6352.03,6352.03,6352.03,6352.03,TWSE FMTQIK
2000-10-09,6209.42,6209.42,6209.42,6209.42,TWSE FMTQIK
2000-10-11,6040.55,6040.55,6040.55,6040.55,TWSE FMTQIK
2000-10-12,5805.01,5805.01,5805.01,5805.01,TWSE FMTQIK
2000-10-13,5876.11,5876.11,5876.11,5876.11,TWSE FMTQIK
2000-10-16,5630.95,5630.95,5630.95,5630.95,TWSE FMTQIK
2000-10-17,5702.36,5702.36,5702.36,5702.36,TWSE FMTQIK
2000-10-18,5432.23,5432.23,5432.23,5432.23,TWSE FMTQIK
2000-10-19,5081.28,5081.28,5081.28,5081.28,TWSE FMTQIK
2000-10-20,5404.78,5404.78,5404.78,5404.78,TWSE FMTQIK
2000-10-21,5599.74,5599.74,5599.74,5599.74,TWSE FMTQIK
2000-10-23,5680.95,5680.95,5680.95,5680.95,TWSE FMTQIK
2000-10-24,5918.63,5918.63,5918.63,5918.63,TWSE FMTQIK
2000-10-25,6023.78,6023.78,6023.78,6023.78,TWSE FMTQIK
2000-10-26,5941.85,5941.85,5941.85,5941.85,TWSE FMTQIK
2000-10-27,5805.17,5805.17,5805.17,5805.17,TWSE FMTQIK
2000-10-30,5659.08,5659.08,5659.08,5659.08,TWSE FMTQIK
2000-10-31,5544.18,5544.18,5544.18,5544.18,TWSE FMTQIK
2000-11-01,5425.02,5425.02,5425.02,5425.02,TWSE FMTQIK
2000-11-02,5626.08,5626.08,5626.08,5626.08,TWSE FMTQIK
2000-11-03,5796.08,5796.08,5796.08,5796.08,TWSE FMTQIK
2000-11-04,5677.3,5677.3,5677.3,5677.3,TWSE FMTQIK
2000-11-06,5657.48,5657.48,5657.48,5657.48,TWSE FMTQIK
2000-11-07,5877.77,5877.77,5877.77,5877.77,TWSE FMTQIK
2000-11-08,6067.94,6067.94,6067.94,6067.94,TWSE FMTQIK
2000-11-09,6089.55,6089.55,6089.55,6089.55,TWSE FMTQIK
2000-11-10,6088.74,6088.74,6088.74,6088.74,TWSE FMTQIK
2000-11-13,5793.52,5793.52,5793.52,5793.52,TWSE FMTQIK
2000-11-14,5772.51,5772.51,5772.51,5772.51,TWSE FMTQIK
2000-11-15,5737.02,5737.02,5737.02,5737.02,TWSE FMTQIK
2000-11-16,5454.13,5454.13,5454.13,5454.13,TWSE FMTQIK
2000-11-17,5351.36,5351.36,5351.36,5351.36,TWSE FMTQIK
2000-11-18,5167.35,5167.35,5167.35,5167.35,TWSE FMTQIK
2000-11-20,4845.21,4845.21,4845.21,4845.21,TWSE FMTQIK
2000-11-21,5103.0,5103.0,5103.0,5103.0,TWSE FMTQIK
2000-11-22,5130.61,5130.61,5130.61,5130.61,TWSE FMTQIK
2000-11-23,5146.92,5146.92,5146.92,5146.92,TWSE FMTQIK
2000-11-24,5419.99,5419.99,5419.99,5419.99,TWSE FMTQIK
2000-11-27,5433.78,5433.78,5433.78,5433.78,TWSE FMTQIK
2000-11-28,5362.26,5362.26,5362.26,5362.26,TWSE FMTQIK
2000-11-29,5319.46,5319.46,5319.46,5319.46,TWSE FMTQIK
2000-11-30,5256.93,5256.93,5256.93,5256.93,TWSE FMTQIK
2000-12-01,5342.06,5342.06,5342.06,5342.06,TWSE FMTQIK
2000-12-02,5277.35,5277.35,5277.35,5277.35,TWSE FMTQIK
2000-12-04,5174.02,5174.02,5174.02,5174.02,TWSE FMTQIK
2000-12-05,5199.2,5199.2,5199.2,5199.2,TWSE FMTQIK
2000-12-06,5170.62,5170.62,5170.62,5170.62,TWSE FMTQIK
2000-12-07,5212.73,5212.73,5212.73,5212.73,TWSE FMTQIK
2000-12-08,5252.83,5252.83,5252.83,5252.83,TWSE FMTQIK
2000-12-11,5284.41,5284.41,5284.41,5284.41,TWSE FMTQIK
2000-12-12,5380.09,5380.09,5380.09,5380.09,TWSE FMTQIK
2000-12-13,5384.36,5384.36,5384.36,5384.36,TWSE FMTQIK
2000-12-14,5320.16,5320.16,5320.16,5320.16,TWSE FMTQIK
2000-12-15,5224.74,5224.74,5224.74,5224.74,TWSE FMTQIK
2000-12-16,5134.1,5134.1,5134.1,5134.1,TWSE FMTQIK
2000-12-18,5055.2,5055.2,5055.2,5055.2,TWSE FMTQIK
2000-12-19,5040.25,5040.25,5040.25,5040.25,TWSE FMTQIK
2000-12-20,4947.89,4947.89,4947.89,4947.89,TWSE FMTQIK
2000-12-21,4817.22,4817.22,4817.22,4817.22,TWSE FMTQIK
2000-12-22,4811.22,4811.22,4811.22,4811.22,TWSE FMTQIK
2000-12-26,4721.36,4721.36,4721.36,4721.36,TWSE FMTQIK
2000-12-27,4614.63,4614.63,4614.63,4614.63,TWSE FMTQIK
2000-12-28,4797.14,4797.14,4797.14,4797.14,TWSE FMTQIK
2000-12-29,4743.94,4743.94,4743.94,4743.94,TWSE FMTQIK
2000-12-30,4739.09,4739.09,4739.09,4739.09,TWSE FMTQIK
2001-01-02,4935.28,4935.28,4935.28,4935.28,TWSE FMTQIK
2001-01-03,4894.79,4894.79,4894.79,4894.79,TWSE FMTQIK
2001-01-04,5136.13,5136.13,5136.13,5136.13,TWSE FMTQIK
2001-01-05,5295.53,5295.53,5295.53,5295.53,TWSE FMTQIK
2001-01-08,5188.51,5188.51,5188.51,5188.51,TWSE FMTQIK
2001-01-09,5376.12,5376.12,5376.12,5376.12,TWSE FMTQIK
2001-01-10,5436.78,5436.78,5436.78,5436.78,TWSE FMTQIK
2001-01-11,5369.24,5369.24,5369.24,5369.24,TWSE FMTQIK
2001-01-12,5339.4,5339.4,5339.4,5339.4,TWSE FMTQIK
2001-01-15,5379.66,5379.66,5379.66,5379.66,TWSE FMTQIK
2001-01-16,5662.94,5662.94,5662.94,5662.94,TWSE FMTQIK
2001-01-17,5769.95,5769.95,5769.95,5769.95,TWSE FMTQIK
2001-01-18,5847.91,5847.91,5847.91,5847.91,TWSE FMTQIK
2001-01-29,5680.06,5680.06,5680.06,5680.06,TWSE FMTQIK
2001-01-30,5792.5,5792.5,5792.5,5792.5,TWSE FMTQIK
2001-01-31,5936.2,5936.2,5936.2,5936.2,TWSE FMTQIK
2001-02-01,5897.93,5897.93,5897.93,5897.93,TWSE FMTQIK
2001-02-02,6049.26,6049.26,6049.26,6049.26,TWSE FMTQIK
2001-02-05,5932.42,5932.42,5932.42,5932.42,TWSE FMTQIK
2001-02-06,5849.06,5849.06,5849.06,5849.06,TWSE FMTQIK
2001-02-07,5693.58,5693.58,5693.58,5693.58,TWSE FMTQIK
2001-02-08,5758.6,5758.6,5758.6,5758.6,TWSE FMTQIK
2001-02-09,5809.84,5809.84,5809.84,5809.84,TWSE FMTQIK
2001-02-12,5847.07,5847.07,5847.07,5847.07,TWSE FMTQIK
2001-02-13,6027.49,6027.49,6027.49,6027.49,TWSE FMTQIK
2001-02-14,5887.68,5887.68,5887.68,5887.68,TWSE FMTQIK
2001-02-15,6104.24,6104.24,6104.24,6104.24,TWSE FMTQIK
2001-02-16,6045.67,6045.67,6045.67,6045.67,TWSE FMTQIK
2001-02-19,5937.3,5937.3,5937.3,5937.3,TWSE FMTQIK
2001-02-20,5971.29,5971.29,5971.29,5971.29,TWSE FMTQIK
2001-02-21,5949.96,5949.96,5949.96,5949.96,TWSE FMTQIK
2001-02-22,5759.04,5759.04,5759.04,5759.04,TWSE FMTQIK
2001-02-23,5726.93,5726.93,5726.93,5726.93,TWSE FMTQIK
2001-02-26,5716.02,5716.02,5716.02,5716.02,TWSE FMTQIK
2001-02-27,5674.69,5674.69,5674.69,5674.69,TWSE FMTQIK
2001-03-01,5499.86,5499.86,5499.86,5499.86,TWSE FMTQIK
2001-03-02,5499.54,5499.54,5499.54,5499.54,TWSE FMTQIK
2001-03-05,5609.74,5609.74,5609.74,5609.74,TWSE FMTQIK
2001-03-06,5635.06,5635.06,5635.06,5635.06,TWSE FMTQIK
2001-03-07,5777.13,5777.13,5777.13,5777.13,TWSE FMTQIK
2001-03-08,5711.02,5711.02,5711.02,5711.02,TWSE FMTQIK
2001-03-09,5680.43,5680.43,5680.43,5680.43,TWSE FMTQIK
2001-03-12,5582.67,5582.67,5582.67,5582.67,TWSE FMTQIK
2001-03-13,5610.4,5610.4,5610.4,5610.4,TWSE FMTQIK
2001-03-14,5658.21,5658.21,5658.21,5658.21,TWSE FMTQIK
2001-03-15,5742.74,5742.74,5742.74,5742.74,TWSE FMTQIK
2001-03-16,5783.93,5783.93,5783.93,5783.93,TWSE FMTQIK
2001-03-19,5641.89,5641.89,5641.89,5641.89,TWSE FMTQIK
2001-03-20,5642.7,5642.7,5642.7,5642.7,TWSE FMTQIK
2001-03-21,5623.42,5623.42,5623.42,5623.42,TWSE FMTQIK
2001-03-22,5730.95,5730.95,5730.95,5730.95,TWSE FMTQIK
2001-03-23,5800.55,5800.55,5800.55,5800.55,TWSE FMTQIK
2001-03-26,5896.32,5896.32,5896.32,5896.32,TWSE FMTQIK
2001-03-27,5884.33,5884.33,5884.33,5884.33,TWSE FMTQIK
2001-03-28,5819.39,5819.39,5819.39,5819.39,TWSE FMTQIK
2001-03-29,5833.88,5833.88,5833.88,5833.88,TWSE FMTQIK
2001-03-30,5797.92,5797.92,5797.92,5797.92,TWSE FMTQIK
2001-04-02,5607.73,5607.73,5607.73,5607.73,TWSE FMTQIK
2001-04-03,5446.82,5446.82,5446.82,5446.82,TWSE FMTQIK
2001-04-04,5405.85,5405.85,5405.85,5405.85,TWSE FMTQIK
2001-04-06,5515.13,5515.13,5515.13,5515.13,TWSE FMTQIK
2001-04-09,5401.83,5401.83,5401.83,5401.83,TWSE FMTQIK
2001-04-10,5353.5,5353.5,5353.5,5353.5,TWSE FMTQIK
2001-04-11,5467.75,5467.75,5467.75,5467.75,TWSE FMTQIK
2001-04-12,5533.22,5533.22,5533.22,5533.22,TWSE FMTQIK
2001-04-13,5495.47,5495.47,5495.47,5495.47,TWSE FMTQIK
2001-04-16,5432.28,5432.28,5432.28,5432.28,TWSE FMTQIK
2001-04-17,5431.95,5431.95,5431.95,5431.95,TWSE FMTQIK
2001-04-18,5508.61,5508.61,5508.61,5508.61,TWSE FMTQIK
2001-04-19,5608.5,5608.5,5608.5,5608.5,TWSE FMTQIK
2001-04-20,5596.63,5596.63,5596.63,5596.63,TWSE FMTQIK
2001-04-23,5597.7,5597.7,5597.7,5597.7,TWSE FMTQIK
2001-04-24,5589.34,5589.34,5589.34,5589.34,TWSE FMTQIK
2001-04-25,5516.2,5516.2,5516.2,5516.2,TWSE FMTQIK
2001-04-26,5518.73,5518.73,5518.73,5518.73,TWSE FMTQIK
2001-04-27,5416.67,5416.67,5416.67,5416.67,TWSE FMTQIK
2001-04-30,5381.67,5381.67,5381.67,5381.67,TWSE FMTQIK
2001-05-02,5304.24,5304.24,5304.24,5304.24,TWSE FMTQIK
2001-05-03,5405.54,5405.54,5405.54,5405.54,TWSE FMTQIK
2001-05-04,5244.05,5244.05,5244.05,5244.05,TWSE FMTQIK
2001-05-07,5229.93,5229.93,5229.93,5229.93,TWSE FMTQIK
2001-05-08,5176.71,5176.71,5176.71,5176.71,TWSE FMTQIK
2001-05-09,5232.64,5232.64,5232.64,5232.64,TWSE FMTQIK
2001-05-10,5122.17,5122.17,5122.17,5122.17,TWSE FMTQIK
2001-05-11,5232.72,5232.72,5232.72,5232.72,TWSE FMTQIK
2001-05-14,5176.45,5176.45,5176.45,5176.45,TWSE FMTQIK
2001-05-15,5158.79,5158.79,5158.79,5158.79,TWSE FMTQIK
2001-05-16,5082.02,5082.02,5082.02,5082.02,TWSE FMTQIK
2001-05-17,5143.44,5143.44,5143.44,5143.44,TWSE FMTQIK
2001-05-18,5111.67,5111.67,5111.67,5111.67,TWSE FMTQIK
2001-05-21,4958.61,4958.61,4958.61,4958.61,TWSE FMTQIK
2001-05-22,4991.48,4991.48,4991.48,4991.48,TWSE FMTQIK
2001-05-23,5209.97,5209.97,5209.97,5209.97,TWSE FMTQIK
2001-05-24,5226.79,5226.79,5226.79,5226.79,TWSE FMTQIK
2001-05-25,5170.08,5170.08,5170.08,5170.08,TWSE FMTQIK
2001-05-28,5079.72,5079.72,5079.72,5079.72,TWSE FMTQIK
2001-05-29,5095.26,5095.26,5095.26,5095.26,TWSE FMTQIK
2001-05-30,5057.07,5057.07,5057.07,5057.07,TWSE FMTQIK
2001-05-31,5048.86,5048.86,5048.86,5048.86,TWSE FMTQIK
2001-06-01,5013.96,5013.96,5013.96,5013.96,TWSE FMTQIK
2001-06-04,4985.11,4985.11,4985.11,4985.11,TWSE FMTQIK
2001-06-05,5065.06,5065.06,5065.06,5065.06,TWSE FMTQIK
2001-06-06,5220.44,5220.44,5220.44,5220.44,TWSE FMTQIK
2001-06-07,5153.35,5153.35,5153.35,5153.35,TWSE FMTQIK
2001-06-08,5226.28,5226.28,5226.28,5226.28,TWSE FMTQIK
2001-06-11,5271.3,5271.3,5271.3,5271.3,TWSE FMTQIK
2001-06-12,5266.24,5266.24,5266.24,5266.24,TWSE FMTQIK
2001-06-13,5209.71,5209.71,5209.71,5209.71,TWSE FMTQIK
2001-06-14,5119.19,5119.19,5119.19,5119.19,TWSE FMTQIK
2001-06-15,5158.63,5158.63,5158.63,5158.63,TWSE FMTQIK
2001-06-18,5070.52,5070.52,5070.52,5070.52,TWSE FMTQIK
2001-06-19,5039.98,5039.98,5039.98,5039.98,TWSE FMTQIK
2001-06-20,5029.64,5029.64,5029.64,5029.64,TWSE FMTQIK
2001-06-21,4984.88,4984.88,4984.88,4984.88,TWSE FMTQIK
2001-06-22,4904.34,4904.34,4904.34,4904.34,TWSE FMTQIK
2001-06-26,4785.12,4785.12,4785.12,4785.12,TWSE FMTQIK
2001-06-27,4825.28,4825.28,4825.28,4825.28,TWSE FMTQIK
2001-06-28,4768.55,4768.55,4768.55,4768.55,TWSE FMTQIK
2001-06-29,4883.43,4883.43,4883.43,4883.43,TWSE FMTQIK
2001-07-02,4886.86,4886.86,4886.86,4886.86,TWSE FMTQIK
2001-07-03,4843.82,4843.82,4843.82,4843.82,TWSE FMTQIK
2001-07-04,4739.16,4739.16,4739.16,4739.16,TWSE FMTQIK
2001-07-05,4709.2,4709.2,4709.2,4709.2,TWSE FMTQIK
2001-07-06,4707.01,4707.01,4707.01,4707.01,TWSE FMTQIK
2001-07-09,4657.3,4657.3,4657.3,4657.3,TWSE FMTQIK
2001-07-10,4616.71,4616.71,4616.71,4616.71,TWSE FMTQIK
2001-07-11,4548.29,4548.29,4548.29,4548.29,TWSE FMTQIK
2001-07-12,4633.54,4633.54,4633.54,4633.54,TWSE FMTQIK
2001-07-13,4485.68,4485.68,4485.68,4485.68,TWSE FMTQIK
2001-07-16,4368.69,4368.69,4368.69,4368.69,TWSE FMTQIK
2001-07-17,4371.99,4371.99,4371.99,4371.99,TWSE FMTQIK
2001-07-18,4219.89,4219.89,4219.89,4219.89,TWSE FMTQIK
2001-07-19,4190.78,4190.78,4190.78,4190.78,TWSE FMTQIK
2001-07-20,4220.33,4220.33,4220.33,4220.33,TWSE FMTQIK
2001-07-23,4151.93,4151.93,4151.93,4151.93,TWSE FMTQIK
2001-07-24,4040.77,4040.77,4040.77,4040.77,TWSE FMTQIK
2001-07-25,4136.39,4136.39,4136.39,4136.39,TWSE FMTQIK
2001-07-26,4300.41,4300.41,4300.41,4300.41,TWSE FMTQIK
2001-07-27,4320.59,4320.59,4320.59,4320.59,TWSE FMTQIK
2001-07-31,4352.98,4352.98,4352.98,4352.98,TWSE FMTQIK
2001-08-01,4354.52,4354.52,4354.52,4354.52,TWSE FMTQIK
2001-08-02,4490.19,4490.19,4490.19,4490.19,TWSE FMTQIK
2001-08-03,4530.68,4530.68,4530.68,4530.68,TWSE FMTQIK
2001-08-06,4470.73,4470.73,4470.73,4470.73,TWSE FMTQIK
2001-08-07,4404.0,4404.0,4404.0,4404.0,TWSE FMTQIK
2001-08-08,4514.1,4514.1,4514.1,4514.1,TWSE FMTQIK
2001-08-09,4448.52,4448.52,4448.52,4448.52,TWSE FMTQIK
2001-08-10,4476.91,4476.91,4476.91,4476.91,TWSE FMTQIK
2001-08-13,4520.76,4520.76,4520.76,4520.76,TWSE FMTQIK
2001-08-14,4589.6,4589.6,4589.6,4589.6,TWSE FMTQIK
2001-08-15,4623.11,4623.11,4623.11,4623.11,TWSE FMTQIK
2001-08-16,4687.33,4687.33,4687.33,4687.33,TWSE FMTQIK
2001-08-17,4638.36,4638.36,4638.36,4638.36,TWSE FMTQIK
2001-08-20,4550.36,4550.36,4550.36,4550.36,TWSE FMTQIK
2001-08-21,4562.73,4562.73,4562.73,4562.73,TWSE FMTQIK
2001-08-22,4487.52,4487.52,4487.52,4487.52,TWSE FMTQIK
2001-08-23,4459.76,4459.76,4459.76,4459.76,TWSE FMTQIK
2001-08-24,4310.32,4310.32,4310.32,4310.32,TWSE FMTQIK
2001-08-27,4384.55,4384.55,4384.55,4384.55,TWSE FMTQIK
2001-08-28,4368.38,4368.38,4368.38,4368.38,TWSE FMTQIK
2001-08-29,4508.69,4508.69,4508.69,4508.69,TWSE FMTQIK
2001-08-30,4503.86,4503.86,4503.86,4503.86,TWSE FMTQIK
2001-08-31,4509.44,4509.44,4509.44,4509.44,TWSE FMTQIK
2001-09-03,4454.77,4454.77,4454.77,4454.77,TWSE FMTQIK
2001-09-04,4493.53,4493.53,4493.53,4493.53,TWSE FMTQIK
2001-09-05,4424.91,4424.91,4424.91,4424.91,TWSE FMTQIK
2001-09-06,4338.26,4338.26,4338.26,4338.26,TWSE FMTQIK
2001-09-07,4302.16,4302.16,4302.16,4302.16,TWSE FMTQIK
2001-09-10,4289.1,4289.1,4289.1,4289.1,TWSE FMTQIK
2001-09-11,4176.93,4176.93,4176.93,4176.93,TWSE FMTQIK
2001-09-13,3952.49,3952.49,3952.49,3952.49,TWSE FMTQIK
2001-09-14,3774.62,3774.62,3774.62,3774.62,TWSE FMTQIK
2001-09-19,3781.17,3781.17,3781.17,3781.17,TWSE FMTQIK
2001-09-20,3698.84,3698.84,3698.84,3698.84,TWSE FMTQIK
2001-09-21,3591.85,3591.85,3591.85,3591.85,TWSE FMTQIK
2001-09-24,3533.51,3533.51,3533.51,3533.51,TWSE FMTQIK
2001-09-25,3493.78,3493.78,3493.78,3493.78,TWSE FMTQIK
2001-09-26,3625.53,3625.53,3625.53,3625.53,TWSE FMTQIK
2001-09-27,3567.63,3567.63,3567.63,3567.63,TWSE FMTQIK
2001-09-28,3636.94,3636.94,3636.94,3636.94,TWSE FMTQIK
2001-10-02,3492.12,3492.12,3492.12,3492.12,TWSE FMTQIK
2001-10-03,3446.26,3446.26,3446.26,3446.26,TWSE FMTQIK
2001-10-04,3493.66,3493.66,3493.66,3493.66,TWSE FMTQIK
2001-10-05,3585.46,3585.46,3585.46,3585.46,TWSE FMTQIK
2001-10-08,3520.35,3520.35,3520.35,3520.35,TWSE FMTQIK
2001-10-09,3618.93,3618.93,3618.93,3618.93,TWSE FMTQIK
2001-10-11,3789.93,3789.93,3789.93,3789.93,TWSE FMTQIK
2001-10-12,3801.5,3801.5,3801.5,3801.5,TWSE FMTQIK
2001-10-15,3712.82,3712.82,3712.82,3712.82,TWSE FMTQIK
2001-10-16,3794.86,3794.86,3794.86,3794.86,TWSE FMTQIK
2001-10-17,3817.13,3817.13,3817.13,3817.13,TWSE FMTQIK
2001-10-18,3811.2,3811.2,3811.2,3811.2,TWSE FMTQIK
2001-10-19,3845.62,3845.62,3845.62,3845.62,TWSE FMTQIK
2001-10-22,3900.62,3900.62,3900.62,3900.62,TWSE FMTQIK
2001-10-23,3874.42,3874.42,3874.42,3874.42,TWSE FMTQIK
2001-10-24,3986.67,3986.67,3986.67,3986.67,TWSE FMTQIK
2001-10-25,4012.2,4012.2,4012.2,4012.2,TWSE FMTQIK
2001-10-26,4043.57,4043.57,4043.57,4043.57,TWSE FMTQIK
2001-10-29,4065.1,4065.1,4065.1,4065.1,TWSE FMTQIK
2001-10-30,3915.61,3915.61,3915.61,3915.61,TWSE FMTQIK
2001-10-31,3903.49,3903.49,3903.49,3903.49,TWSE FMTQIK
2001-11-01,3929.69,3929.69,3929.69,3929.69,TWSE FMTQIK
2001-11-02,3998.48,3998.48,3998.48,3998.48,TWSE FMTQIK
2001-11-05,4080.51,4080.51,4080.51,4080.51,TWSE FMTQIK
2001-11-06,4082.92,4082.92,4082.92,4082.92,TWSE FMTQIK
2001-11-07,4158.15,4158.15,4158.15,4158.15,TWSE FMTQIK
2001-11-08,4135.03,4135.03,4135.03,4135.03,TWSE FMTQIK
2001-11-09,4123.78,4123.78,4123.78,4123.78,TWSE FMTQIK
2001-11-12,4172.63,4172.63,4172.63,4172.63,TWSE FMTQIK
2001-11-13,4136.54,4136.54,4136.54,4136.54,TWSE FMTQIK
2001-11-14,4277.7,4277.7,4277.7,4277.7,TWSE FMTQIK
2001-11-15,4403.59,4403.59,4403.59,4403.59,TWSE FMTQIK
2001-11-16,4446.62,4446.62,4446.62,4446.62,TWSE FMTQIK
2001-11-19,4548.63,4548.63,4548.63,4548.63,TWSE FMTQIK
2001-11-20,4455.8,4455.8,4455.8,4455.8,TWSE FMTQIK
2001-11-21,4533.37,4533.37,4533.37,4533.37,TWSE FMTQIK
2001-11-22,4450.02,4450.02,4450.02,4450.02,TWSE FMTQIK
2001-11-23,4519.08,4519.08,4519.08,4519.08,TWSE FMTQIK
2001-11-26,4608.32,4608.32,4608.32,4608.32,TWSE FMTQIK
2001-11-27,4580.33,4580.33,4580.33,4580.33,TWSE FMTQIK
2001-11-28,4447.58,4447.58,4447.58,4447.58,TWSE FMTQIK
2001-11-29,4465.83,4465.83,4465.83,4465.83,TWSE FMTQIK
2001-11-30,4441.12,4441.12,4441.12,4441.12,TWSE FMTQIK
2001-12-03,4646.61,4646.61,4646.61,4646.61,TWSE FMTQIK
2001-12-04,4766.43,4766.43,4766.43,4766.43,TWSE FMTQIK
2001-12-05,4924.56,4924.56,4924.56,4924.56,TWSE FMTQIK
2001-12-06,5208.86,5208.86,5208.86,5208.86,TWSE FMTQIK
2001-12-07,5333.93,5333.93,5333.93,5333.93,TWSE FMTQIK
2001-12-10,5321.28,5321.28,5321.28,5321.28,TWSE FMTQIK
2001-12-11,5273.97,5273.97,5273.97,5273.97,TWSE FMTQIK
2001-12-12,5539.31,5539.31,5539.31,5539.31,TWSE FMTQIK
2001-12-13,5407.54,5407.54,5407.54,5407.54,TWSE FMTQIK
2001-12-14,5486.73,5486.73,5486.73,5486.73,TWSE FMTQIK
2001-12-17,5456.15,5456.15,5456.15,5456.15,TWSE FMTQIK
2001-12-18,5329.19,5329.19,5329.19,5329.19,TWSE FMTQIK
2001-12-19,5221.96,5221.96,5221.96,5221.96,TWSE FMTQIK
2001-12-20,5309.1,5309.1,5309.1,5309.1,TWSE FMTQIK
2001-12-21,5109.24,5109.24,5109.24,5109.24,TWSE FMTQIK
2001-12-24,5164.73,5164.73,5164.73,5164.73,TWSE FMTQIK
2001-12-25,5372.81,5372.81,5372.81,5372.81,TWSE FMTQIK
2001-12-26,5392.43,5392.43,5392.43,5392.43,TWSE FMTQIK
2001-12-27,5332.98,5332.98,5332.98,5332.98,TWSE FMTQIK
2001-12-28,5398.28,5398.28,5398.28,5398.28,TWSE FMTQIK
2001-12-31,5551.24,5551.24,5551.24,5551.24,TWSE FMTQIK
2002-01-02,5600.05,5600.05,5600.05,5600.05,TWSE FMTQIK
2002-01-03,5526.32,5526.32,5526.32,5526.32,TWSE FMTQIK
2002-01-04,5638.53,5638.53,5638.53,5638.53,TWSE FMTQIK
2002-01-07,5834.89,5834.89,5834.89,5834.89,TWSE FMTQIK
2002-01-08,5810.08,5810.08,5810.08,5810.08,TWSE FMTQIK
2002-01-09,5865.54,5865.54,5865.54,5865.54,TWSE FMTQIK
2002-01-10,5871.28,5871.28,5871.28,5871.28,TWSE FMTQIK
2002-01-11,5687.59,5687.59,5687.59,5687.59,TWSE FMTQIK
2002-01-14,5611.86,5611.86,5611.86,5611.86,TWSE FMTQIK
2002-01-15,5592.74,5592.74,5592.74,5592.74,TWSE FMTQIK
2002-01-16,5488.33,5488.33,5488.33,5488.33,TWSE FMTQIK
2002-01-17,5501.13,5501.13,5501.13,5501.13,TWSE FMTQIK
2002-01-18,5522.8,5522.8,5522.8,5522.8,TWSE FMTQIK
2002-01-21,5798.05,5798.05,5798.05,5798.05,TWSE FMTQIK
2002-01-22,5804.1,5804.1,5804.1,5804.1,TWSE FMTQIK
2002-01-23,5769.78,5769.78,5769.78,5769.78,TWSE FMTQIK
2002-01-24,5801.92,5801.92,5801.92,5801.92,TWSE FMTQIK
2002-01-25,5950.64,5950.64,5950.64,5950.64,TWSE FMTQIK
2002-01-28,6007.33,6007.33,6007.33,6007.33,TWSE FMTQIK
2002-01-29,5846.19,5846.19,5846.19,5846.19,TWSE FMTQIK
2002-01-30,5812.67,5812.67,5812.67,5812.67,TWSE FMTQIK
2002-01-31,5872.14,5872.14,5872.14,5872.14,TWSE FMTQIK
2002-02-01,5857.93,5857.93,5857.93,5857.93,TWSE FMTQIK
2002-02-04,5849.85,5849.85,5849.85,5849.85,TWSE FMTQIK
2002-02-05,5844.25,5844.25,5844.25,5844.25,TWSE FMTQIK
2002-02-06,5926.08,5926.08,5926.08,5926.08,TWSE FMTQIK
2002-02-18,5968.61,5968.61,5968.61,5968.61,TWSE FMTQIK
2002-02-19,5861.66,5861.66,5861.66,5861.66,TWSE FMTQIK
2002-02-20,5692.18,5692.18,5692.18,5692.18,TWSE FMTQIK
2002-02-21,5656.1,5656.1,5656.1,5656.1,TWSE FMTQIK
2002-02-22,5609.83,5609.83,5609.83,5609.83,TWSE FMTQIK
2002-02-25,5510.71,5510.71,5510.71,5510.71,TWSE FMTQIK
2002-02-26,5499.79,5499.79,5499.79,5499.79,TWSE FMTQIK
2002-02-27,5696.11,5696.11,5696.11,5696.11,TWSE FMTQIK
2002-03-01,5680.78,5680.78,5680.78,5680.78,TWSE FMTQIK
2002-03-04,5874.48,5874.48,5874.48,5874.48,TWSE FMTQIK
2002-03-05,5957.75,5957.75,5957.75,5957.75,TWSE FMTQIK
2002-03-06,6097.57,6097.57,6097.57,6097.57,TWSE FMTQIK
2002-03-07,6048.15,6048.15,6048.15,6048.15,TWSE FMTQIK
2002-03-08,6011.65,6011.65,6011.65,6011.65,TWSE FMTQIK
2002-03-11,6196.26,6196.26,6196.26,6196.26,TWSE FMTQIK
2002-03-12,6122.54,6122.54,6122.54,6122.54,TWSE FMTQIK
2002-03-13,6088.34,6088.34,6088.34,6088.34,TWSE FMTQIK
2002-03-14,6070.5,6070.5,6070.5,6070.5,TWSE FMTQIK
2002-03-15,5951.45,5951.45,5951.45,5951.45,TWSE FMTQIK
2002-03-18,5972.11,5972.11,5972.11,5972.11,TWSE FMTQIK
2002-03-19,5906.73,5906.73,5906.73,5906.73,TWSE FMTQIK
2002-03-20,6059.06,6059.06,6059.06,6059.06,TWSE FMTQIK
2002-03-21,6046.52,6046.52,6046.52,6046.52,TWSE FMTQIK
2002-03-22,6140.42,6140.42,6140.42,6140.42,TWSE FMTQIK
2002-03-25,6219.17,6219.17,6219.17,6219.17,TWSE FMTQIK
2002-03-26,6242.64,6242.64,6242.64,6242.64,TWSE FMTQIK
2002-03-27,6147.75,6147.75,6147.75,6147.75,TWSE FMTQIK
2002-03-28,6209.92,6209.92,6209.92,6209.92,TWSE FMTQIK
2002-03-29,6167.47,6167.47,6167.47,6167.47,TWSE FMTQIK
2002-04-01,6186.44,6186.44,6186.44,6186.44,TWSE FMTQIK
2002-04-02,6243.46,6243.46,6243.46,6243.46,TWSE FMTQIK
2002-04-03,6294.66,6294.66,6294.66,6294.66,TWSE FMTQIK
2002-04-04,6207.09,6207.09,6207.09,6207.09,TWSE FMTQIK
2002-04-08,6190.83,6190.83,6190.83,6190.83,TWSE FMTQIK
2002-04-09,6069.85,6069.85,6069.85,6069.85,TWSE FMTQIK
2002-04-10,6059.21,6059.21,6059.21,6059.21,TWSE FMTQIK
2002-04-11,6073.76,6073.76,6073.76,6073.76,TWSE FMTQIK
2002-04-12,6182.59,6182.59,6182.59,6182.59,TWSE FMTQIK
2002-04-15,6196.0,6196.0,6196.0,6196.0,TWSE FMTQIK
2002-04-16,6257.73,6257.73,6257.73,6257.73,TWSE FMTQIK
2002-04-17,6390.68,6390.68,6390.68,6390.68,TWSE FMTQIK
2002-04-18,6387.21,6387.21,6387.21,6387.21,TWSE FMTQIK
2002-04-19,6448.12,6448.12,6448.12,6448.12,TWSE FMTQIK
2002-04-22,6462.3,6462.3,6462.3,6462.3,TWSE FMTQIK
2002-04-23,6390.62,6390.62,6390.62,6390.62,TWSE FMTQIK
2002-04-24,6455.39,6455.39,6455.39,6455.39,TWSE FMTQIK
2002-04-25,6355.59,6355.59,6355.59,6355.59,TWSE FMTQIK
2002-04-26,6306.93,6306.93,6306.93,6306.93,TWSE FMTQIK
2002-04-29,6205.09,6205.09,6205.09,6205.09,TWSE FMTQIK
2002-04-30,6065.73,6065.73,6065.73,6065.73,TWSE FMTQIK
2002-05-02,5867.83,5867.83,5867.83,5867.83,TWSE FMTQIK
2002-05-03,5910.32,5910.32,5910.32,5910.32,TWSE FMTQIK
2002-05-06,5642.48,5642.48,5642.48,5642.48,TWSE FMTQIK
2002-05-07,5663.98,5663.98,5663.98,5663.98,TWSE FMTQIK
2002-05-08,5711.53,5711.53,5711.53,5711.53,TWSE FMTQIK
2002-05-09,5739.28,5739.28,5739.28,5739.28,TWSE FMTQIK
2002-05-10,5807.3,5807.3,5807.3,5807.3,TWSE FMTQIK
2002-05-13,5742.66,5742.66,5742.66,5742.66,TWSE FMTQIK
2002-05-14,5755.92,5755.92,5755.92,5755.92,TWSE FMTQIK
2002-05-15,5910.69,5910.69,5910.69,5910.69,TWSE FMTQIK
2002-05-16,5801.47,5801.47,5801.47,5801.47,TWSE FMTQIK
2002-05-17,5789.84,5789.84,5789.84,5789.84,TWSE FMTQIK
2002-05-20,5574.71,5574.71,5574.71,5574.71,TWSE FMTQIK
2002-05-21,5443.18,5443.18,5443.18,5443.18,TWSE FMTQIK
2002-05-22,5541.64,5541.64,5541.64,5541.64,TWSE FMTQIK
2002-05-23,5549.96,5549.96,5549.96,5549.96,TWSE FMTQIK
2002-05-24,5706.4,5706.4,5706.4,5706.4,TWSE FMTQIK
2002-05-27,5729.9,5729.9,5729.9,5729.9,TWSE FMTQIK
2002-05-28,5669.53,5669.53,5669.53,5669.53,TWSE FMTQIK
2002-05-29,5623.23,5623.23,5623.23,5623.23,TWSE FMTQIK
2002-05-30,5736.19,5736.19,5736.19,5736.19,TWSE FMTQIK
2002-05-31,5675.65,5675.65,5675.65,5675.65,TWSE FMTQIK
2002-06-03,5571.08,5571.08,5571.08,5571.08,TWSE FMTQIK
2002-06-04,5527.8,5527.8,5527.8,5527.8,TWSE FMTQIK
2002-06-05,5599.42,5599.42,5599.42,5599.42,TWSE FMTQIK
2002-06-06,5591.02,5591.02,5591.02,5591.02,TWSE FMTQIK
2002-06-07,5433.02,5433.02,5433.02,5433.02,TWSE FMTQIK
2002-06-10,5499.33,5499.33,5499.33,5499.33,TWSE FMTQIK
2002-06-11,5405.42,5405.42,5405.42,5405.42,TWSE FMTQIK
2002-06-12,5399.96,5399.96,5399.96,5399.96,TWSE FMTQIK
2002-06-13,5562.23,5562.23,5562.23,5562.23,TWSE FMTQIK
2002-06-14,5562.12,5562.12,5562.12,5562.12,TWSE FMTQIK
2002-06-17,5537.81,5537.81,5537.81,5537.81,TWSE FMTQIK
2002-06-18,5536.42,5536.42,5536.42,5536.42,TWSE FMTQIK
2002-06-19,5399.5,5399.5,5399.5,5399.5,TWSE FMTQIK
2002-06-20,5445.77,5445.77,5445.77,5445.77,TWSE FMTQIK
2002-06-21,5460.53,5460.53,5460.53,5460.53,TWSE FMTQIK
2002-06-24,5384.89,5384.89,5384.89,5384.89,TWSE FMTQIK
2002-06-25,5316.04,5316.04,5316.04,5316.04,TWSE FMTQIK
2002-06-26,5123.04,5123.04,5123.04,5123.04,TWSE FMTQIK
2002-06-27,5071.76,5071.76,5071.76,5071.76,TWSE FMTQIK
2002-06-28,5153.71,5153.71,5153.71,5153.71,TWSE FMTQIK
2002-07-01,4969.32,4969.32,4969.32,4969.32,TWSE FMTQIK
2002-07-02,4995.08,4995.08,4995.08,4995.08,TWSE FMTQIK
2002-07-03,5047.82,5047.82,5047.82,5047.82,TWSE FMTQIK
2002-07-04,5130.8,5130.8,5130.8,5130.8,TWSE FMTQIK
2002-07-05,5255.23,5255.23,5255.23,5255.23,TWSE FMTQIK
2002-07-08,5377.86,5377.86,5377.86,5377.86,TWSE FMTQIK
2002-07-09,5388.52,5388.52,5388.52,5388.52,TWSE FMTQIK
2002-07-10,5262.01,5262.01,5262.01,5262.01,TWSE FMTQIK
2002-07-11,5202.59,5202.59,5202.59,5202.59,TWSE FMTQIK
2002-07-12,5416.5,5416.5,5416.5,5416.5,TWSE FMTQIK
2002-07-15,5393.01,5393.01,5393.01,5393.01,TWSE FMTQIK
2002-07-16,5318.01,5318.01,5318.01,5318.01,TWSE FMTQIK
2002-07-17,5250.82,5250.82,5250.82,5250.82,TWSE FMTQIK
2002-07-18,5242.11,5242.11,5242.11,5242.11,TWSE FMTQIK
2002-07-19,5161.92,5161.92,5161.92,5161.92,TWSE FMTQIK
2002-07-22,5043.5,5043.5,5043.5,5043.5,TWSE FMTQIK
2002-07-23,5159.23,5159.23,5159.23,5159.23,TWSE FMTQIK
2002-07-24,5039.48,5039.48,5039.48,5039.48,TWSE FMTQIK
2002-07-25,5045.07,5045.07,5045.07,5045.07,TWSE FMTQIK
2002-07-26,4855.34,4855.34,4855.34,4855.34,TWSE FMTQIK
2002-07-29,4858.44,4858.44,4858.44,4858.44,TWSE FMTQIK
2002-07-30,5005.04,5005.04,5005.04,5005.04,TWSE FMTQIK
2002-07-31,4940.38,4940.38,4940.38,4940.38,TWSE FMTQIK
2002-08-01,4916.59,4916.59,4916.59,4916.59,TWSE FMTQIK
2002-08-02,4920.89,4920.89,4920.89,4920.89,TWSE FMTQIK
2002-08-05,4636.67,4636.67,4636.67,4636.67,TWSE FMTQIK
2002-08-06,4572.35,4572.35,4572.35,4572.35,TWSE FMTQIK
2002-08-07,4720.73,4720.73,4720.73,4720.73,TWSE FMTQIK
2002-08-08,4700.23,4700.23,4700.23,4700.23,TWSE FMTQIK
2002-08-09,4851.44,4851.44,4851.44,4851.44,TWSE FMTQIK
2002-08-12,4852.07,4852.07,4852.07,4852.07,TWSE FMTQIK
2002-08-13,4817.93,4817.93,4817.93,4817.93,TWSE FMTQIK
2002-08-14,4887.43,4887.43,4887.43,4887.43,TWSE FMTQIK
2002-08-15,4931.47,4931.47,4931.47,4931.47,TWSE FMTQIK
2002-08-16,4919.02,4919.02,4919.02,4919.02,TWSE FMTQIK
2002-08-19,4888.0,4888.0,4888.0,4888.0,TWSE FMTQIK
2002-08-20,4919.26,4919.26,4919.26,4919.26,TWSE FMTQIK
2002-08-21,4887.79,4887.79,4887.79,4887.79,TWSE FMTQIK
2002-08-22,4956.49,4956.49,4956.49,4956.49,TWSE FMTQIK
2002-08-23,4968.85,4968.85,4968.85,4968.85,TWSE FMTQIK
2002-08-26,4935.92,4935.92,4935.92,4935.92,TWSE FMTQIK
2002-08-27,4878.85,4878.85,4878.85,4878.85,TWSE FMTQIK
2002-08-28,4789.63,4789.63,4789.63,4789.63,TWSE FMTQIK
2002-08-29,4800.63,4800.63,4800.63,4800.63,TWSE FMTQIK
2002-08-30,4764.94,4764.94,4764.94,4764.94,TWSE FMTQIK
2002-09-02,4644.58,4644.58,4644.58,4644.58,TWSE FMTQIK
2002-09-03,4588.06,4588.06,4588.06,4588.06,TWSE FMTQIK
2002-09-04,4534.15,4534.15,4534.15,4534.15,TWSE FMTQIK
2002-09-05,4459.37,4459.37,4459.37,4459.37,TWSE FMTQIK
2002-09-09,4533.27,4533.27,4533.27,4533.27,TWSE FMTQIK
2002-09-10,4668.01,4668.01,4668.01,4668.01,TWSE FMTQIK
2002-09-11,4660.53,4660.53,4660.53,4660.53,TWSE FMTQIK
2002-09-12,4647.37,4647.37,4647.37,4647.37,TWSE FMTQIK
2002-09-13,4580.17,4580.17,4580.17,4580.17,TWSE FMTQIK
2002-09-16,4457.16,4457.16,4457.16,4457.16,TWSE FMTQIK
2002-09-17,4633.86,4633.86,4633.86,4633.86,TWSE FMTQIK
2002-09-18,4482.65,4482.65,4482.65,4482.65,TWSE FMTQIK
2002-09-19,4491.31,4491.31,4491.31,4491.31,TWSE FMTQIK
2002-09-20,4429.25,4429.25,4429.25,4429.25,TWSE FMTQIK
2002-09-23,4328.4,4328.4,4328.4,4328.4,TWSE FMTQIK
2002-09-24,4286.94,4286.94,4286.94,4286.94,TWSE FMTQIK
2002-09-25,4185.95,4185.95,4185.95,4185.95,TWSE FMTQIK
2002-09-26,4222.22,4222.22,4222.22,4222.22,TWSE FMTQIK
2002-09-27,4208.8,4208.8,4208.8,4208.8,TWSE FMTQIK
2002-09-30,4191.81,4191.81,4191.81,4191.81,TWSE FMTQIK
2002-10-01,4162.77,4162.77,4162.77,4162.77,TWSE FMTQIK
2002-10-02,4171.76,4171.76,4171.76,4171.76,TWSE FMTQIK
2002-10-03,4075.98,4075.98,4075.98,4075.98,TWSE FMTQIK
2002-10-04,4067.79,4067.79,4067.79,4067.79,TWSE FMTQIK
2002-10-07,3924.04,3924.04,3924.04,3924.04,TWSE FMTQIK
2002-10-08,3964.28,3964.28,3964.28,3964.28,TWSE FMTQIK
2002-10-09,3947.61,3947.61,3947.61,3947.61,TWSE FMTQIK
2002-10-11,3850.04,3850.04,3850.04,3850.04,TWSE FMTQIK
2002-10-14,3910.98,3910.98,3910.98,3910.98,TWSE FMTQIK
2002-10-15,4131.47,4131.47,4131.47,4131.47,TWSE FMTQIK
2002-10-16,4223.32,4223.32,4223.32,4223.32,TWSE FMTQIK
2002-10-17,4280.81,4280.81,4280.81,4280.81,TWSE FMTQIK
2002-10-18,4458.17,4458.17,4458.17,4458.17,TWSE FMTQIK
2002-10-21,4463.52,4463.52,4463.52,4463.52,TWSE FMTQIK
2002-10-22,4386.46,4386.46,4386.46,4386.46,TWSE FMTQIK
2002-10-23,4589.88,4589.88,4589.88,4589.88,TWSE FMTQIK
2002-10-24,4574.8,4574.8,4574.8,4574.8,TWSE FMTQIK
2002-10-25,4564.06,4564.06,4564.06,4564.06,TWSE FMTQIK
2002-10-28,4601.37,4601.37,4601.37,4601.37,TWSE FMTQIK
2002-10-29,4554.13,4554.13,4554.13,4554.13,TWSE FMTQIK
2002-10-30,4498.73,4498.73,4498.73,4498.73,TWSE FMTQIK
2002-10-31,4579.14,4579.14,4579.14,4579.14,TWSE FMTQIK
2002-11-01,4500.55,4500.55,4500.55,4500.55,TWSE FMTQIK
2002-11-04,4583.68,4583.68,4583.68,4583.68,TWSE FMTQIK
2002-11-05,4566.1,4566.1,4566.1,4566.1,TWSE FMTQIK
2002-11-06,4725.34,4725.34,4725.34,4725.34,TWSE FMTQIK
2002-11-07,4757.98,4757.98,4757.98,4757.98,TWSE FMTQIK
2002-11-08,4811.01,4811.01,4811.01,4811.01,TWSE FMTQIK
2002-11-11,4664.65,4664.65,4664.65,4664.65,TWSE FMTQIK
2002-11-12,4676.47,4676.47,4676.47,4676.47,TWSE FMTQIK
2002-11-13,4671.77,4671.77,4671.77,4671.77,TWSE FMTQIK
2002-11-14,4665.56,4665.56,4665.56,4665.56,TWSE FMTQIK
2002-11-15,4813.53,4813.53,4813.53,4813.53,TWSE FMTQIK
2002-11-18,4790.61,4790.61,4790.61,4790.61,TWSE FMTQIK
2002-11-19,4726.5,4726.5,4726.5,4726.5,TWSE FMTQIK
2002-11-20,4653.5,4653.5,4653.5,4653.5,TWSE FMTQIK
2002-11-21,4579.45,4579.45,4579.45,4579.45,TWSE FMTQIK
2002-11-22,4707.61,4707.61,4707.61,4707.61,TWSE FMTQIK
2002-11-25,4723.16,4723.16,4723.16,4723.16,TWSE FMTQIK
2002-11-26,4677.89,4677.89,4677.89,4677.89,TWSE FMTQIK
2002-11-27,4633.03,4633.03,4633.03,4633.03,TWSE FMTQIK
2002-11-28,4612.6,4612.6,4612.6,4612.6,TWSE FMTQIK
2002-11-29,4646.69,4646.69,4646.69,4646.69,TWSE FMTQIK
2002-12-02,4683.18,4683.18,4683.18,4683.18,TWSE FMTQIK
2002-12-03,4793.93,4793.93,4793.93,4793.93,TWSE FMTQIK
2002-12-04,4727.49,4727.49,4727.49,4727.49,TWSE FMTQIK
2002-12-05,4755.4,4755.4,4755.4,4755.4,TWSE FMTQIK
2002-12-06,4738.98,4738.98,4738.98,4738.98,TWSE FMTQIK
2002-12-09,4823.67,4823.67,4823.67,4823.67,TWSE FMTQIK
2002-12-10,4755.01,4755.01,4755.01,4755.01,TWSE FMTQIK
2002-12-11,4699.41,4699.41,4699.41,4699.41,TWSE FMTQIK
2002-12-12,4669.7,4669.7,4669.7,4669.7,TWSE FMTQIK
2002-12-13,4588.14,4588.14,4588.14,4588.14,TWSE FMTQIK
2002-12-16,4582.05,4582.05,4582.05,4582.05,TWSE FMTQIK
2002-12-17,4545.62,4545.62,4545.62,4545.62,TWSE FMTQIK
2002-12-18,4535.93,4535.93,4535.93,4535.93,TWSE FMTQIK
2002-12-19,4549.23,4549.23,4549.23,4549.23,TWSE FMTQIK
2002-12-20,4595.67,4595.67,4595.67,4595.67,TWSE FMTQIK
2002-12-23,4572.77,4572.77,4572.77,4572.77,TWSE FMTQIK
2002-12-24,4544.5,4544.5,4544.5,4544.5,TWSE FMTQIK
2002-12-25,4484.43,4484.43,4484.43,4484.43,TWSE FMTQIK
2002-12-26,4567.37,4567.37,4567.37,4567.37,TWSE FMTQIK
2002-12-27,4547.32,4547.32,4547.32,4547.32,TWSE FMTQIK
2002-12-30,4457.75,4457.75,4457.75,4457.75,TWSE FMTQIK
2002-12-31,4452.45,4452.45,4452.45,4452.45,TWSE FMTQIK
2003-01-02,4524.87,4524.87,4524.87,4524.87,TWSE FMTQIK
2003-01-03,4626.32,4626.32,4626.32,4626.32,TWSE FMTQIK
2003-01-06,4689.86,4689.86,4689.86,4689.86,TWSE FMTQIK
2003-01-07,4701.08,4701.08,4701.08,4701.08,TWSE FMTQIK
2003-01-08,4836.93,4836.93,4836.93,4836.93,TWSE FMTQIK
2003-01-09,4813.73,4813.73,4813.73,4813.73,TWSE FMTQIK
2003-01-10,4850.8,4850.8,4850.8,4850.8,TWSE FMTQIK
2003-01-13,4991.26,4991.26,4991.26,4991.26,TWSE FMTQIK
2003-01-14,4992.42,4992.42,4992.42,4992.42,TWSE FMTQIK
2003-01-15,5017.7,5017.7,5017.7,5017.7,TWSE FMTQIK
2003-01-16,4943.29,4943.29,4943.29,4943.29,TWSE FMTQIK
2003-01-17,4907.78,4907.78,4907.78,4907.78,TWSE FMTQIK
2003-01-20,4951.03,4951.03,4951.03,4951.03,TWSE FMTQIK
2003-01-21,4945.87,4945.87,4945.87,4945.87,TWSE FMTQIK
2003-01-22,4993.27,4993.27,4993.27,4993.27,TWSE FMTQIK
2003-01-23,5078.8,5078.8,5078.8,5078.8,TWSE FMTQIK
2003-01-24,5057.32,5057.32,5057.32,5057.32,TWSE FMTQIK
2003-01-27,4972.59,4972.59,4972.59,4972.59,TWSE FMTQIK
2003-01-28,5015.16,5015.16,5015.16,5015.16,TWSE FMTQIK
2003-02-06,4833.58,4833.58,4833.58,4833.58,TWSE FMTQIK
2003-02-07,4735.37,4735.37,4735.37,4735.37,TWSE FMTQIK
2003-02-10,4643.87,4643.87,4643.87,4643.87,TWSE FMTQIK
2003-02-11,4618.98,4618.98,4618.98,4618.98,TWSE FMTQIK
2003-02-12,4624.87,4624.87,4624.87,4624.87,TWSE FMTQIK
2003-02-13,4507.96,4507.96,4507.96,4507.96,TWSE FMTQIK
2003-02-14,4493.99,4493.99,4493.99,4493.99,TWSE FMTQIK
2003-02-17,4705.08,4705.08,4705.08,4705.08,TWSE FMTQIK
2003-02-18,4605.31,4605.31,4605.31,4605.31,TWSE FMTQIK
2003-02-19,4550.83,4550.83,4550.83,4550.83,TWSE FMTQIK
2003-02-20,4550.7,4550.7,4550.7,4550.7,TWSE FMTQIK
2003-02-21,4548.35,4548.35,4548.35,4548.35,TWSE FMTQIK
2003-02-24,4609.2,4609.2,4609.2,4609.2,TWSE FMTQIK
2003-02-25,4454.35,4454.35,4454.35,4454.35,TWSE FMTQIK
2003-02-26,4456.69,4456.69,4456.69,4456.69,TWSE FMTQIK
2003-02-27,4432.46,4432.46,4432.46,4432.46,TWSE FMTQIK
2003-03-03,4526.69,4526.69,4526.69,4526.69,TWSE FMTQIK
2003-03-04,4499.69,4499.69,4499.69,4499.69,TWSE FMTQIK
2003-03-05,4418.11,4418.11,4418.11,4418.11,TWSE FMTQIK
2003-03-06,4397.44,4397.44,4397.44,4397.44,TWSE FMTQIK
2003-03-07,4350.59,4350.59,4350.59,4350.59,TWSE FMTQIK
2003-03-10,4319.99,4319.99,4319.99,4319.99,TWSE FMTQIK
2003-03-11,4260.45,4260.45,4260.45,4260.45,TWSE FMTQIK
2003-03-12,4328.15,4328.15,4328.15,4328.15,TWSE FMTQIK
2003-03-13,4378.99,4378.99,4378.99,4378.99,TWSE FMTQIK
2003-03-14,4476.17,4476.17,4476.17,4476.17,TWSE FMTQIK
2003-03-17,4357.99,4357.99,4357.99,4357.99,TWSE FMTQIK
2003-03-18,4539.72,4539.72,4539.72,4539.72,TWSE FMTQIK
2003-03-19,4515.07,4515.07,4515.07,4515.07,TWSE FMTQIK
2003-03-20,4599.25,4599.25,4599.25,4599.25,TWSE FMTQIK
2003-03-21,4586.92,4586.92,4586.92,4586.92,TWSE FMTQIK
2003-03-24,4570.68,4570.68,4570.68,4570.68,TWSE FMTQIK
2003-03-25,4498.83,4498.83,4498.83,4498.83,TWSE FMTQIK
2003-03-26,4496.05,4496.05,4496.05,4496.05,TWSE FMTQIK
2003-03-27,4514.24,4514.24,4514.24,4514.24,TWSE FMTQIK
2003-03-28,4477.01,4477.01,4477.01,4477.01,TWSE FMTQIK
2003-03-31,4321.22,4321.22,4321.22,4321.22,TWSE FMTQIK
2003-04-01,4337.61,4337.61,4337.61,4337.61,TWSE FMTQIK
2003-04-02,4311.56,4311.56,4311.56,4311.56,TWSE FMTQIK
2003-04-03,4358.39,4358.39,4358.39,4358.39,TWSE FMTQIK
2003-04-04,4499.18,4499.18,4499.18,4499.18,TWSE FMTQIK
2003-04-07,4575.83,4575.83,4575.83,4575.83,TWSE FMTQIK
2003-04-08,4552.45,4552.45,4552.45,4552.45,TWSE FMTQIK
2003-04-09,4537.39,4537.39,4537.39,4537.39,TWSE FMTQIK
2003-04-10,4541.36,4541.36,4541.36,4541.36,TWSE FMTQIK
2003-04-11,4530.4,4530.4,4530.4,4530.4,TWSE FMTQIK
2003-04-14,4459.81,4459.81,4459.81,4459.81,TWSE FMTQIK
2003-04-15,4487.59,4487.59,4487.59,4487.59,TWSE FMTQIK
2003-04-16,4609.32,4609.32,4609.32,4609.32,TWSE FMTQIK
2003-04-17,4566.66,4566.66,4566.66,4566.66,TWSE FMTQIK
2003-04-18,4658.3,4658.3,4658.3,4658.3,TWSE FMTQIK
2003-04-21,4648.12,4648.12,4648.12,4648.12,TWSE FMTQIK
2003-04-22,4556.1,4556.1,4556.1,4556.1,TWSE FMTQIK
2003-04-23,4564.93,4564.93,4564.93,4564.93,TWSE FMTQIK
2003-04-24,4374.94,4374.94,4374.94,4374.94,TWSE FMTQIK
2003-04-25,4233.54,4233.54,4233.54,4233.54,TWSE FMTQIK
2003-04-28,4139.5,4139.5,4139.5,4139.5,TWSE FMTQIK
2003-04-29,4200.32,4200.32,4200.32,4200.32,TWSE FMTQIK
2003-04-30,4148.07,4148.07,4148.07,4148.07,TWSE FMTQIK
2003-05-02,4187.82,4187.82,4187.82,4187.82,TWSE FMTQIK
2003-05-05,4202.12,4202.12,4202.12,4202.12,TWSE FMTQIK
2003-05-06,4220.45,4220.45,4220.45,4220.45,TWSE FMTQIK
2003-05-07,4275.91,4275.91,4275.91,4275.91,TWSE FMTQIK
2003-05-08,4191.25,4191.25,4191.25,4191.25,TWSE FMTQIK
2003-05-09,4244.18,4244.18,4244.18,4244.18,TWSE FMTQIK
2003-05-12,4261.02,4261.02,4261.02,4261.02,TWSE FMTQIK
2003-05-13,4334.59,4334.59,4334.59,4334.59,TWSE FMTQIK
2003-05-14,4341.1,4341.1,4341.1,4341.1,TWSE FMTQIK
2003-05-15,4331.24,4331.24,4331.24,4331.24,TWSE FMTQIK
2003-05-16,4283.77,4283.77,4283.77,4283.77,TWSE FMTQIK
2003-05-19,4255.8,4255.8,4255.8,4255.8,TWSE FMTQIK
2003-05-20,4251.59,4251.59,4251.59,4251.59,TWSE FMTQIK
2003-05-21,4216.64,4216.64,4216.64,4216.64,TWSE FMTQIK
2003-05-22,4271.3,4271.3,4271.3,4271.3,TWSE FMTQIK
2003-05-23,4349.52,4349.52,4349.52,4349.52,TWSE FMTQIK
2003-05-26,4465.57,4465.57,4465.57,4465.57,TWSE FMTQIK
2003-05-27,4451.11,4451.11,4451.11,4451.11,TWSE FMTQIK
2003-05-28,4474.41,4474.41,4474.41,4474.41,TWSE FMTQIK
2003-05-29,4543.04,4543.04,4543.04,4543.04,TWSE FMTQIK
2003-05-30,4555.9,4555.9,4555.9,4555.9,TWSE FMTQIK
2003-06-02,4692.94,4692.94,4692.94,4692.94,TWSE FMTQIK
2003-06-03,4678.08,4678.08,4678.08,4678.08,TWSE FMTQIK
2003-06-05,4738.34,4738.34,4738.34,4738.34,TWSE FMTQIK
2003-06-06,4740.45,4740.45,4740.45,4740.45,TWSE FMTQIK
2003-06-09,4826.94,4826.94,4826.94,4826.94,TWSE FMTQIK
2003-06-10,4832.2,4832.2,4832.2,4832.2,TWSE FMTQIK
2003-06-11,4804.65,4804.65,4804.65,4804.65,TWSE FMTQIK
2003-06-12,4878.43,4878.43,4878.43,4878.43,TWSE FMTQIK
2003-06-13,4881.9,4881.9,4881.9,4881.9,TWSE FMTQIK
2003-06-16,4892.36,4892.36,4892.36,4892.36,TWSE FMTQIK
2003-06-17,4973.19,4973.19,4973.19,4973.19,TWSE FMTQIK
2003-06-18,4999.07,4999.07,4999.07,4999.07,TWSE FMTQIK
2003-06-19,5048.91,5048.91,5048.91,5048.91,TWSE FMTQIK
2003-06-20,5002.58,5002.58,5002.58,5002.58,TWSE FMTQIK
2003-06-23,4921.72,4921.72,4921.72,4921.72,TWSE FMTQIK
2003-06-24,4909.31,4909.31,4909.31,4909.31,TWSE FMTQIK
2003-06-25,4933.79,4933.79,4933.79,4933.79,TWSE FMTQIK
2003-06-26,4894.01,4894.01,4894.01,4894.01,TWSE FMTQIK
2003-06-27,4877.9,4877.9,4877.9,4877.9,TWSE FMTQIK
2003-06-30,4872.15,4872.15,4872.15,4872.15,TWSE FMTQIK
2003-07-01,5017.78,5017.78,5017.78,5017.78,TWSE FMTQIK
2003-07-02,5095.24,5095.24,5095.24,5095.24,TWSE FMTQIK
2003-07-03,5095.31,5095.31,5095.31,5095.31,TWSE FMTQIK
2003-07-04,5151.85,5151.85,5151.85,5151.85,TWSE FMTQIK
2003-07-07,5322.26,5322.26,5322.26,5322.26,TWSE FMTQIK
2003-07-08,5367.97,5367.97,5367.97,5367.97,TWSE FMTQIK
2003-07-09,5358.91,5358.91,5358.91,5358.91,TWSE FMTQIK
2003-07-10,5282.38,5282.38,5282.38,5282.38,TWSE FMTQIK
2003-07-11,5239.96,5239.96,5239.96,5239.96,TWSE FMTQIK
2003-07-14,5349.94,5349.94,5349.94,5349.94,TWSE FMTQIK
2003-07-15,5335.86,5335.86,5335.86,5335.86,TWSE FMTQIK
2003-07-16,5413.87,5413.87,5413.87,5413.87,TWSE FMTQIK
2003-07-17,5299.51,5299.51,5299.51,5299.51,TWSE FMTQIK
2003-07-18,5287.38,5287.38,5287.38,5287.38,TWSE FMTQIK
2003-07-21,5219.3,5219.3,5219.3,5219.3,TWSE FMTQIK
2003-07-22,5261.01,5261.01,5261.01,5261.01,TWSE FMTQIK
2003-07-23,5287.89,5287.89,5287.89,5287.89,TWSE FMTQIK
2003-07-24,5402.75,5402.75,5402.75,5402.75,TWSE FMTQIK
2003-07-25,5394.75,5394.75,5394.75,5394.75,TWSE FMTQIK
2003-07-28,5451.8,5451.8,5451.8,5451.8,TWSE FMTQIK
2003-07-29,5342.46,5342.46,5342.46,5342.46,TWSE FMTQIK
2003-07-30,5307.18,5307.18,5307.18,5307.18,TWSE FMTQIK
2003-07-31,5318.34,5318.34,5318.34,5318.34,TWSE FMTQIK
2003-08-01,5390.51,5390.51,5390.51,5390.51,TWSE FMTQIK
2003-08-04,5377.19,5377.19,5377.19,5377.19,TWSE FMTQIK
2003-08-05,5259.45,5259.45,5259.45,5259.45,TWSE FMTQIK
2003-08-06,5225.83,5225.83,5225.83,5225.83,TWSE FMTQIK
2003-08-07,5259.07,5259.07,5259.07,5259.07,TWSE FMTQIK
2003-08-08,5232.55,5232.55,5232.55,5232.55,TWSE FMTQIK
2003-08-11,5214.6,5214.6,5214.6,5214.6,TWSE FMTQIK
2003-08-12,5255.24,5255.24,5255.24,5255.24,TWSE FMTQIK
2003-08-13,5442.27,5442.27,5442.27,5442.27,TWSE FMTQIK
2003-08-14,5436.75,5436.75,5436.75,5436.75,TWSE FMTQIK
2003-08-15,5488.74,5488.74,5488.74,5488.74,TWSE FMTQIK
2003-08-18,5516.8,5516.8,5516.8,5516.8,TWSE FMTQIK
2003-08-19,5512.16,5512.16,5512.16,5512.16,TWSE FMTQIK
2003-08-20,5543.61,5543.61,5543.61,5543.61,TWSE FMTQIK
2003-08-21,5611.86,5611.86,5611.86,5611.86,TWSE FMTQIK
2003-08-22,5646.62,5646.62,5646.62,5646.62,TWSE FMTQIK
2003-08-25,5686.85,5686.85,5686.85,5686.85,TWSE FMTQIK
2003-08-26,5558.25,5558.25,5558.25,5558.25,TWSE FMTQIK
2003-08-27,5553.43,5553.43,5553.43,5553.43,TWSE FMTQIK
2003-08-28,5523.12,5523.12,5523.12,5523.12,TWSE FMTQIK
2003-08-29,5650.83,5650.83,5650.83,5650.83,TWSE FMTQIK
2003-09-01,5691.79,5691.79,5691.79,5691.79,TWSE FMTQIK
2003-09-02,5715.95,5715.95,5715.95,5715.95,TWSE FMTQIK
2003-09-03,5673.18,5673.18,5673.18,5673.18,TWSE FMTQIK
2003-09-04,5625.63,5625.63,5625.63,5625.63,TWSE FMTQIK
2003-09-05,5639.03,5639.03,5639.03,5639.03,TWSE FMTQIK
2003-09-08,5727.01,5727.01,5727.01,5727.01,TWSE FMTQIK
2003-09-09,5680.69,5680.69,5680.69,5680.69,TWSE FMTQIK
2003-09-10,5623.43,5623.43,5623.43,5623.43,TWSE FMTQIK
2003-09-12,5645.28,5645.28,5645.28,5645.28,TWSE FMTQIK
2003-09-15,5623.22,5623.22,5623.22,5623.22,TWSE FMTQIK
2003-09-16,5699.26,5699.26,5699.26,5699.26,TWSE FMTQIK
2003-09-17,5747.14,5747.14,5747.14,5747.14,TWSE FMTQIK
2003-09-18,5750.81,5750.81,5750.81,5750.81,TWSE FMTQIK
2003-09-19,5757.91,5757.91,5757.91,5757.91,TWSE FMTQIK
2003-09-22,5675.75,5675.75,5675.75,5675.75,TWSE FMTQIK
2003-09-23,5684.01,5684.01,5684.01,5684.01,TWSE FMTQIK
2003-09-24,5722.36,5722.36,5722.36,5722.36,TWSE FMTQIK
2003-09-25,5688.23,5688.23,5688.23,5688.23,TWSE FMTQIK
2003-09-26,5650.11,5650.11,5650.11,5650.11,TWSE FMTQIK
2003-09-29,5643.5,5643.5,5643.5,5643.5,TWSE FMTQIK
2003-09-30,5611.41,5611.41,5611.41,5611.41,TWSE FMTQIK
2003-10-01,5581.66,5581.66,5581.66,5581.66,TWSE FMTQIK
2003-10-02,5699.86,5699.86,5699.86,5699.86,TWSE FMTQIK
2003-10-03,5747.79,5747.79,5747.79,5747.79,TWSE FMTQIK
2003-10-06,5851.2,5851.2,5851.2,5851.2,TWSE FMTQIK
2003-10-07,5856.68,5856.68,5856.68,5856.68,TWSE FMTQIK
2003-10-08,5821.8,5821.8,5821.8,5821.8,TWSE FMTQIK
2003-10-09,5869.88,5869.88,5869.88,5869.88,TWSE FMTQIK
2003-10-13,5972.47,5972.47,5972.47,5972.47,TWSE FMTQIK
2003-10-14,5938.42,5938.42,5938.42,5938.42,TWSE FMTQIK
2003-10-15,5924.38,5924.38,5924.38,5924.38,TWSE FMTQIK
2003-10-16,6035.74,6035.74,6035.74,6035.74,TWSE FMTQIK
2003-10-17,6042.71,6042.71,6042.71,6042.71,TWSE FMTQIK
2003-10-20,6077.89,6077.89,6077.89,6077.89,TWSE FMTQIK
2003-10-21,6061.46,6061.46,6061.46,6061.46,TWSE FMTQIK
2003-10-22,6041.86,6041.86,6041.86,6041.86,TWSE FMTQIK
2003-10-23,5952.23,5952.23,5952.23,5952.23,TWSE FMTQIK
2003-10-24,5918.14,5918.14,5918.14,5918.14,TWSE FMTQIK
2003-10-27,5958.55,5958.55,5958.55,5958.55,TWSE FMTQIK
2003-10-28,6075.45,6075.45,6075.45,6075.45,TWSE FMTQIK
2003-10-29,6095.87,6095.87,6095.87,6095.87,TWSE FMTQIK
2003-10-30,6108.13,6108.13,6108.13,6108.13,TWSE FMTQIK
2003-10-31,6045.12,6045.12,6045.12,6045.12,TWSE FMTQIK
2003-11-03,6087.45,6087.45,6087.45,6087.45,TWSE FMTQIK
2003-11-04,6108.99,6108.99,6108.99,6108.99,TWSE FMTQIK
2003-11-05,6142.32,6142.32,6142.32,6142.32,TWSE FMTQIK
2003-11-06,6013.4,6013.4,6013.4,6013.4,TWSE FMTQIK
2003-11-07,6056.83,6056.83,6056.83,6056.83,TWSE FMTQIK
2003-11-10,6059.03,6059.03,6059.03,6059.03,TWSE FMTQIK
2003-11-11,6022.08,6022.08,6022.08,6022.08,TWSE FMTQIK
2003-11-12,5982.75,5982.75,5982.75,5982.75,TWSE FMTQIK
2003-11-13,6035.44,6035.44,6035.44,6035.44,TWSE FMTQIK
2003-11-14,6044.77,6044.77,6044.77,6044.77,TWSE FMTQIK
2003-11-17,5952.32,5952.32,5952.32,5952.32,TWSE FMTQIK
2003-11-18,5939.47,5939.47,5939.47,5939.47,TWSE FMTQIK
2003-11-19,5865.51,5865.51,5865.51,5865.51,TWSE FMTQIK
2003-11-20,5834.24,5834.24,5834.24,5834.24,TWSE FMTQIK
2003-11-21,5830.06,5830.06,5830.06,5830.06,TWSE FMTQIK
2003-11-24,5821.58,5821.58,5821.58,5821.58,TWSE FMTQIK
2003-11-25,5861.18,5861.18,5861.18,5861.18,TWSE FMTQIK
2003-11-26,5860.61,5860.61,5860.61,5860.61,TWSE FMTQIK
2003-11-27,5740.57,5740.57,5740.57,5740.57,TWSE FMTQIK
2003-11-28,5771.77,5771.77,5771.77,5771.77,TWSE FMTQIK
2003-12-01,5870.17,5870.17,5870.17,5870.17,TWSE FMTQIK
2003-12-02,5911.45,5911.45,5911.45,5911.45,TWSE FMTQIK
2003-12-03,5884.97,5884.97,5884.97,5884.97,TWSE FMTQIK
2003-12-04,5920.46,5920.46,5920.46,5920.46,TWSE FMTQIK
2003-12-05,5900.05,5900.05,5900.05,5900.05,TWSE FMTQIK
2003-12-08,5847.15,5847.15,5847.15,5847.15,TWSE FMTQIK
2003-12-09,5859.56,5859.56,5859.56,5859.56,TWSE FMTQIK
2003-12-10,5803.42,5803.42,5803.42,5803.42,TWSE FMTQIK
2003-12-11,5867.05,5867.05,5867.05,5867.05,TWSE FMTQIK
2003-12-12,5858.32,5858.32,5858.32,5858.32,TWSE FMTQIK
2003-12-15,5924.24,5924.24,5924.24,5924.24,TWSE FMTQIK
2003-12-16,5887.23,5887.23,5887.23,5887.23,TWSE FMTQIK
2003-12-17,5752.01,5752.01,5752.01,5752.01,TWSE FMTQIK
2003-12-18,5768.76,5768.76,5768.76,5768.76,TWSE FMTQIK
2003-12-19,5759.23,5759.23,5759.23,5759.23,TWSE FMTQIK
2003-12-22,5835.11,5835.11,5835.11,5835.11,TWSE FMTQIK
2003-12-23,5845.51,5845.51,5845.51,5845.51,TWSE FMTQIK
2003-12-24,5857.87,5857.87,5857.87,5857.87,TWSE FMTQIK
2003-12-25,5853.7,5853.7,5853.7,5853.7,TWSE FMTQIK
2003-12-26,5857.21,5857.21,5857.21,5857.21,TWSE FMTQIK
2003-12-29,5804.89,5804.89,5804.89,5804.89,TWSE FMTQIK
2003-12-30,5866.75,5866.75,5866.75,5866.75,TWSE FMTQIK
2003-12-31,5890.69,5890.69,5890.69,5890.69,TWSE FMTQIK
2004-01-02,6041.56,6041.56,6041.56,6041.56,TWSE FMTQIK
2004-01-05,6125.42,6125.42,6125.42,6125.42,TWSE FMTQIK
2004-01-06,6144.01,6144.01,6144.01,6144.01,TWSE FMTQIK
2004-01-07,6141.25,6141.25,6141.25,6141.25,TWSE FMTQIK
2004-01-08,6169.17,6169.17,6169.17,6169.17,TWSE FMTQIK
2004-01-09,6226.98,6226.98,6226.98,6226.98,TWSE FMTQIK
2004-01-12,6219.71,6219.71,6219.71,6219.71,TWSE FMTQIK
2004-01-13,6210.22,6210.22,6210.22,6210.22,TWSE FMTQIK
2004-01-14,6274.97,6274.97,6274.97,6274.97,TWSE FMTQIK
2004-01-15,6264.37,6264.37,6264.37,6264.37,TWSE FMTQIK
2004-01-16,6269.71,6269.71,6269.71,6269.71,TWSE FMTQIK
2004-01-27,6384.63,6384.63,6384.63,6384.63,TWSE FMTQIK
2004-01-28,6386.25,6386.25,6386.25,6386.25,TWSE FMTQIK
2004-01-29,6312.65,6312.65,6312.65,6312.65,TWSE FMTQIK
2004-01-30,6375.38,6375.38,6375.38,6375.38,TWSE FMTQIK
2004-02-02,6319.96,6319.96,6319.96,6319.96,TWSE FMTQIK
2004-02-03,6252.23,6252.23,6252.23,6252.23,TWSE FMTQIK
2004-02-04,6241.39,6241.39,6241.39,6241.39,TWSE FMTQIK
2004-02-05,6268.14,6268.14,6268.14,6268.14,TWSE FMTQIK
2004-02-06,6353.35,6353.35,6353.35,6353.35,TWSE FMTQIK
2004-02-09,6463.09,6463.09,6463.09,6463.09,TWSE FMTQIK
2004-02-10,6488.34,6488.34,6488.34,6488.34,TWSE FMTQIK
2004-02-11,6454.39,6454.39,6454.39,6454.39,TWSE FMTQIK
2004-02-12,6436.95,6436.95,6436.95,6436.95,TWSE FMTQIK
2004-02-13,6549.18,6549.18,6549.18,6549.18,TWSE FMTQIK
2004-02-16,6565.37,6565.37,6565.37,6565.37,TWSE FMTQIK
2004-02-17,6600.47,6600.47,6600.47,6600.47,TWSE FMTQIK
2004-02-18,6605.85,6605.85,6605.85,6605.85,TWSE FMTQIK
2004-02-19,6681.52,6681.52,6681.52,6681.52,TWSE FMTQIK
2004-02-20,6665.54,6665.54,6665.54,6665.54,TWSE FMTQIK
2004-02-23,6665.89,6665.89,6665.89,6665.89,TWSE FMTQIK
2004-02-24,6589.23,6589.23,6589.23,6589.23,TWSE FMTQIK
2004-02-25,6644.28,6644.28,6644.28,6644.28,TWSE FMTQIK
2004-02-26,6693.25,6693.25,6693.25,6693.25,TWSE FMTQIK
2004-02-27,6750.54,6750.54,6750.54,6750.54,TWSE FMTQIK
2004-03-01,6888.43,6888.43,6888.43,6888.43,TWSE FMTQIK
2004-03-02,6975.26,6975.26,6975.26,6975.26,TWSE FMTQIK
2004-03-03,6932.17,6932.17,6932.17,6932.17,TWSE FMTQIK
2004-03-04,7034.1,7034.1,7034.1,7034.1,TWSE FMTQIK
2004-03-05,6943.68,6943.68,6943.68,6943.68,TWSE FMTQIK
2004-03-08,6901.48,6901.48,6901.48,6901.48,TWSE FMTQIK
2004-03-09,6973.9,6973.9,6973.9,6973.9,TWSE FMTQIK
2004-03-10,6874.91,6874.91,6874.91,6874.91,TWSE FMTQIK
2004-03-11,6879.11,6879.11,6879.11,6879.11,TWSE FMTQIK
2004-03-12,6800.24,6800.24,6800.24,6800.24,TWSE FMTQIK
2004-03-15,6635.98,6635.98,6635.98,6635.98,TWSE FMTQIK
2004-03-16,6589.72,6589.72,6589.72,6589.72,TWSE FMTQIK
2004-03-17,6577.98,6577.98,6577.98,6577.98,TWSE FMTQIK
2004-03-18,6787.03,6787.03,6787.03,6787.03,TWSE FMTQIK
2004-03-19,6815.09,6815.09,6815.09,6815.09,TWSE FMTQIK
2004-03-22,6359.92,6359.92,6359.92,6359.92,TWSE FMTQIK
2004-03-23,6172.89,6172.89,6172.89,6172.89,TWSE FMTQIK
2004-03-24,6213.56,6213.56,6213.56,6213.56,TWSE FMTQIK
2004-03-25,6156.73,6156.73,6156.73,6156.73,TWSE FMTQIK
2004-03-26,6132.62,6132.62,6132.62,6132.62,TWSE FMTQIK
2004-03-29,6474.11,6474.11,6474.11,6474.11,TWSE FMTQIK
2004-03-30,6494.71,6494.71,6494.71,6494.71,TWSE FMTQIK
2004-03-31,6522.19,6522.19,6522.19,6522.19,TWSE FMTQIK
2004-04-01,6523.49,6523.49,6523.49,6523.49,TWSE FMTQIK
2004-04-02,6545.54,6545.54,6545.54,6545.54,TWSE FMTQIK
2004-04-05,6682.73,6682.73,6682.73,6682.73,TWSE FMTQIK
2004-04-06,6635.54,6635.54,6635.54,6635.54,TWSE FMTQIK
2004-04-07,6646.74,6646.74,6646.74,6646.74,TWSE FMTQIK
2004-04-08,6672.86,6672.86,6672.86,6672.86,TWSE FMTQIK
2004-04-09,6620.36,6620.36,6620.36,6620.36,TWSE FMTQIK
2004-04-12,6777.78,6777.78,6777.78,6777.78,TWSE FMTQIK
2004-04-13,6794.33,6794.33,6794.33,6794.33,TWSE FMTQIK
2004-04-14,6880.18,6880.18,6880.18,6880.18,TWSE FMTQIK
2004-04-15,6736.79,6736.79,6736.79,6736.79,TWSE FMTQIK
2004-04-16,6818.2,6818.2,6818.2,6818.2,TWSE FMTQIK
2004-04-19,6779.18,6779.18,6779.18,6779.18,TWSE FMTQIK
2004-04-20,6799.97,6799.97,6799.97,6799.97,TWSE FMTQIK
2004-04-21,6810.25,6810.25,6810.25,6810.25,TWSE FMTQIK
2004-04-22,6732.09,6732.09,6732.09,6732.09,TWSE FMTQIK
2004-04-23,6748.1,6748.1,6748.1,6748.1,TWSE FMTQIK
2004-04-26,6710.7,6710.7,6710.7,6710.7,TWSE FMTQIK
2004-04-27,6646.8,6646.8,6646.8,6646.8,TWSE FMTQIK
2004-04-28,6574.75,6574.75,6574.75,6574.75,TWSE FMTQIK
2004-04-29,6402.21,6402.21,6402.21,6402.21,TWSE FMTQIK
2004-04-30,6117.81,6117.81,6117.81,6117.81,TWSE FMTQIK
2004-05-03,6029.77,6029.77,6029.77,6029.77,TWSE FMTQIK
2004-05-04,6188.15,6188.15,6188.15,6188.15,TWSE FMTQIK
2004-05-05,5854.23,5854.23,5854.23,5854.23,TWSE FMTQIK
2004-05-06,5909.79,5909.79,5909.79,5909.79,TWSE FMTQIK
2004-05-07,6040.26,6040.26,6040.26,6040.26,TWSE FMTQIK
2004-05-10,5825.05,5825.05,5825.05,5825.05,TWSE FMTQIK
2004-05-11,5886.36,5886.36,5886.36,5886.36,TWSE FMTQIK
2004-05-12,5958.79,5958.79,5958.79,5958.79,TWSE FMTQIK
2004-05-13,5918.09,5918.09,5918.09,5918.09,TWSE FMTQIK
2004-05-14,5777.32,5777.32,5777.32,5777.32,TWSE FMTQIK
2004-05-17,5482.96,5482.96,5482.96,5482.96,TWSE FMTQIK
2004-05-18,5557.68,5557.68,5557.68,5557.68,TWSE FMTQIK
2004-05-19,5860.58,5860.58,5860.58,5860.58,TWSE FMTQIK
2004-05-20,5815.33,5815.33,5815.33,5815.33,TWSE FMTQIK
2004-05-21,5964.94,5964.94,5964.94,5964.94,TWSE FMTQIK
2004-05-24,5942.08,5942.08,5942.08,5942.08,TWSE FMTQIK
2004-05-25,5958.38,5958.38,5958.38,5958.38,TWSE FMTQIK
2004-05-26,6027.27,6027.27,6027.27,6027.27,TWSE FMTQIK
2004-05-27,6033.05,6033.05,6033.05,6033.05,TWSE FMTQIK
2004-05-28,6137.26,6137.26,6137.26,6137.26,TWSE FMTQIK
2004-05-31,5977.84,5977.84,5977.84,5977.84,TWSE FMTQIK
2004-06-01,5986.2,5986.2,5986.2,5986.2,TWSE FMTQIK
2004-06-02,5875.67,5875.67,5875.67,5875.67,TWSE FMTQIK
2004-06-03,5671.45,5671.45,5671.45,5671.45,TWSE FMTQIK
2004-06-04,5724.89,5724.89,5724.89,5724.89,TWSE FMTQIK
2004-06-07,5935.82,5935.82,5935.82,5935.82,TWSE FMTQIK
2004-06-08,5986.76,5986.76,5986.76,5986.76,TWSE FMTQIK
2004-06-09,5965.7,5965.7,5965.7,5965.7,TWSE FMTQIK
2004-06-10,5867.51,5867.51,5867.51,5867.51,TWSE FMTQIK
2004-06-11,5735.07,5735.07,5735.07,5735.07,TWSE FMTQIK
2004-06-14,5574.08,5574.08,5574.08,5574.08,TWSE FMTQIK
2004-06-15,5646.49,5646.49,5646.49,5646.49,TWSE FMTQIK
2004-06-16,5560.16,5560.16,5560.16,5560.16,TWSE FMTQIK
2004-06-17,5664.35,5664.35,5664.35,5664.35,TWSE FMTQIK
2004-06-18,5569.29,5569.29,5569.29,5569.29,TWSE FMTQIK
2004-06-21,5556.54,5556.54,5556.54,5556.54,TWSE FMTQIK
2004-06-23,5729.3,5729.3,5729.3,5729.3,TWSE FMTQIK
2004-06-24,5779.09,5779.09,5779.09,5779.09,TWSE FMTQIK
2004-06-25,5802.55,5802.55,5802.55,5802.55,TWSE FMTQIK
2004-06-28,5709.84,5709.84,5709.84,5709.84,TWSE FMTQIK
2004-06-29,5741.52,5741.52,5741.52,5741.52,TWSE FMTQIK
2004-06-30,5839.44,5839.44,5839.44,5839.44,TWSE FMTQIK
2004-07-01,5836.91,5836.91,5836.91,5836.91,TWSE FMTQIK
2004-07-02,5746.7,5746.7,5746.7,5746.7,TWSE FMTQIK
2004-07-05,5659.78,5659.78,5659.78,5659.78,TWSE FMTQIK
2004-07-06,5733.57,5733.57,5733.57,5733.57,TWSE FMTQIK
2004-07-07,5727.78,5727.78,5727.78,5727.78,TWSE FMTQIK
2004-07-08,5713.39,5713.39,5713.39,5713.39,TWSE FMTQIK
2004-07-09,5777.72,5777.72,5777.72,5777.72,TWSE FMTQIK
2004-07-12,5758.74,5758.74,5758.74,5758.74,TWSE FMTQIK
2004-07-13,5685.57,5685.57,5685.57,5685.57,TWSE FMTQIK
2004-07-14,5623.65,5623.65,5623.65,5623.65,TWSE FMTQIK
2004-07-15,5542.8,5542.8,5542.8,5542.8,TWSE FMTQIK
2004-07-16,5502.14,5502.14,5502.14,5502.14,TWSE FMTQIK
2004-07-19,5489.1,5489.1,5489.1,5489.1,TWSE FMTQIK
2004-07-20,5325.68,5325.68,5325.68,5325.68,TWSE FMTQIK
2004-07-21,5409.13,5409.13,5409.13,5409.13,TWSE FMTQIK
2004-07-22,5387.96,5387.96,5387.96,5387.96,TWSE FMTQIK
2004-07-23,5373.85,5373.85,5373.85,5373.85,TWSE FMTQIK
2004-07-26,5331.71,5331.71,5331.71,5331.71,TWSE FMTQIK
2004-07-27,5398.61,5398.61,5398.61,5398.61,TWSE FMTQIK
2004-07-28,5383.57,5383.57,5383.57,5383.57,TWSE FMTQIK
2004-07-29,5349.66,5349.66,5349.66,5349.66,TWSE FMTQIK
2004-07-30,5420.57,5420.57,5420.57,5420.57,TWSE FMTQIK
2004-08-02,5350.4,5350.4,5350.4,5350.4,TWSE FMTQIK
2004-08-03,5367.22,5367.22,5367.22,5367.22,TWSE FMTQIK
2004-08-04,5316.87,5316.87,5316.87,5316.87,TWSE FMTQIK
2004-08-05,5427.61,5427.61,5427.61,5427.61,TWSE FMTQIK
2004-08-06,5399.16,5399.16,5399.16,5399.16,TWSE FMTQIK
2004-08-09,5399.45,5399.45,5399.45,5399.45,TWSE FMTQIK
2004-08-10,5393.73,5393.73,5393.73,5393.73,TWSE FMTQIK
2004-08-11,5367.34,5367.34,5367.34,5367.34,TWSE FMTQIK
2004-08-12,5368.02,5368.02,5368.02,5368.02,TWSE FMTQIK
2004-08-13,5389.93,5389.93,5389.93,5389.93,TWSE FMTQIK
2004-08-16,5352.01,5352.01,5352.01,5352.01,TWSE FMTQIK
2004-08-17,5342.49,5342.49,5342.49,5342.49,TWSE FMTQIK
2004-08-18,5427.75,5427.75,5427.75,5427.75,TWSE FMTQIK
2004-08-19,5602.99,5602.99,5602.99,5602.99,TWSE FMTQIK
2004-08-20,5622.86,5622.86,5622.86,5622.86,TWSE FMTQIK
2004-08-23,5660.97,5660.97,5660.97,5660.97,TWSE FMTQIK
2004-08-26,5813.39,5813.39,5813.39,5813.39,TWSE FMTQIK
2004-08-27,5797.71,5797.71,5797.71,5797.71,TWSE FMTQIK
2004-08-30,5788.94,5788.94,5788.94,5788.94,TWSE FMTQIK
2004-08-31,5765.54,5765.54,5765.54,5765.54,TWSE FMTQIK
2004-09-01,5858.14,5858.14,5858.14,5858.14,TWSE FMTQIK
2004-09-02,5852.85,5852.85,5852.85,5852.85,TWSE FMTQIK
2004-09-03,5761.14,5761.14,5761.14,5761.14,TWSE FMTQIK
2004-09-06,5775.99,5775.99,5775.99,5775.99,TWSE FMTQIK
2004-09-07,5846.83,5846.83,5846.83,5846.83,TWSE FMTQIK
2004-09-08,5846.02,5846.02,5846.02,5846.02,TWSE FMTQIK
2004-09-09,5842.93,5842.93,5842.93,5842.93,TWSE FMTQIK
2004-09-10,5846.19,5846.19,5846.19,5846.19,TWSE FMTQIK
2004-09-13,5928.22,5928.22,5928.22,5928.22,TWSE FMTQIK
2004-09-14,5919.77,5919.77,5919.77,5919.77,TWSE FMTQIK
2004-09-15,5871.07,5871.07,5871.07,5871.07,TWSE FMTQIK
2004-09-16,5891.05,5891.05,5891.05,5891.05,TWSE FMTQIK
2004-09-17,5818.39,5818.39,5818.39,5818.39,TWSE FMTQIK
2004-09-20,5864.54,5864.54,5864.54,5864.54,TWSE FMTQIK
2004-09-21,5949.26,5949.26,5949.26,5949.26,TWSE FMTQIK
2004-09-22,5970.18,5970.18,5970.18,5970.18,TWSE FMTQIK
2004-09-23,5937.25,5937.25,5937.25,5937.25,TWSE FMTQIK
2004-09-24,5892.21,5892.21,5892.21,5892.21,TWSE FMTQIK
2004-09-27,5849.22,5849.22,5849.22,5849.22,TWSE FMTQIK
2004-09-29,5809.75,5809.75,5809.75,5809.75,TWSE FMTQIK
2004-09-30,5845.69,5845.69,5845.69,5845.69,TWSE FMTQIK
2004-10-01,5945.35,5945.35,5945.35,5945.35,TWSE FMTQIK
2004-10-04,6077.96,6077.96,6077.96,6077.96,TWSE FMTQIK
2004-10-05,6081.01,6081.01,6081.01,6081.01,TWSE FMTQIK
2004-10-06,6060.61,6060.61,6060.61,6060.61,TWSE FMTQIK
2004-10-07,6103.0,6103.0,6103.0,6103.0,TWSE FMTQIK
2004-10-08,6102.16,6102.16,6102.16,6102.16,TWSE FMTQIK
2004-10-11,6089.28,6089.28,6089.28,6089.28,TWSE FMTQIK
2004-10-12,5979.56,5979.56,5979.56,5979.56,TWSE FMTQIK
2004-10-13,5963.07,5963.07,5963.07,5963.07,TWSE FMTQIK
2004-10-14,5831.07,5831.07,5831.07,5831.07,TWSE FMTQIK
2004-10-15,5820.82,5820.82,5820.82,5820.82,TWSE FMTQIK
2004-10-18,5772.12,5772.12,5772.12,5772.12,TWSE FMTQIK
2004-10-19,5807.79,5807.79,5807.79,5807.79,TWSE FMTQIK
2004-10-20,5788.34,5788.34,5788.34,5788.34,TWSE FMTQIK
2004-10-21,5797.24,5797.24,5797.24,5797.24,TWSE FMTQIK
2004-10-22,5774.67,5774.67,5774.67,5774.67,TWSE FMTQIK
2004-10-26,5662.88,5662.88,5662.88,5662.88,TWSE FMTQIK
2004-10-27,5650.97,5650.97,5650.97,5650.97,TWSE FMTQIK
2004-10-28,5695.56,5695.56,5695.56,5695.56,TWSE FMTQIK
2004-10-29,5705.93,5705.93,5705.93,5705.93,TWSE FMTQIK
2004-11-01,5656.17,5656.17,5656.17,5656.17,TWSE FMTQIK
2004-11-02,5759.61,5759.61,5759.61,5759.61,TWSE FMTQIK
2004-11-03,5862.85,5862.85,5862.85,5862.85,TWSE FMTQIK
2004-11-04,5860.73,5860.73,5860.73,5860.73,TWSE FMTQIK
2004-11-05,5931.31,5931.31,5931.31,5931.31,TWSE FMTQIK
2004-11-08,5937.46,5937.46,5937.46,5937.46,TWSE FMTQIK
2004-11-09,5945.2,5945.2,5945.2,5945.2,TWSE FMTQIK
2004-11-10,5948.49,5948.49,5948.49,5948.49,TWSE FMTQIK
2004-11-11,5874.52,5874.52,5874.52,5874.52,TWSE FMTQIK
2004-11-12,5917.16,5917.16,5917.16,5917.16,TWSE FMTQIK
2004-11-15,5906.69,5906.69,5906.69,5906.69,TWSE FMTQIK
2004-11-16,5910.85,5910.85,5910.85,5910.85,TWSE FMTQIK
2004-11-17,6028.68,6028.68,6028.68,6028.68,TWSE FMTQIK
2004-11-18,6049.49,6049.49,6049.49,6049.49,TWSE FMTQIK
2004-11-19,6026.55,6026.55,6026.55,6026.55,TWSE FMTQIK
2004-11-22,5838.42,5838.42,5838.42,5838.42,TWSE FMTQIK
2004-11-23,5851.1,5851.1,5851.1,5851.1,TWSE FMTQIK
2004-11-24,5911.31,5911.31,5911.31,5911.31,TWSE FMTQIK
2004-11-25,5855.24,5855.24,5855.24,5855.24,TWSE FMTQIK
2004-11-26,5778.65,5778.65,5778.65,5778.65,TWSE FMTQIK
2004-11-29,5785.26,5785.26,5785.26,5785.26,TWSE FMTQIK
2004-11-30,5844.76,5844.76,5844.76,5844.76,TWSE FMTQIK
2004-12-01,5798.62,5798.62,5798.62,5798.62,TWSE FMTQIK
2004-12-02,5867.95,5867.95,5867.95,5867.95,TWSE FMTQIK
2004-12-03,5893.27,5893.27,5893.27,5893.27,TWSE FMTQIK
2004-12-06,5919.17,5919.17,5919.17,5919.17,TWSE FMTQIK
2004-12-07,5925.28,5925.28,5925.28,5925.28,TWSE FMTQIK
2004-12-08,5892.51,5892.51,5892.51,5892.51,TWSE FMTQIK
2004-12-09,5913.97,5913.97,5913.97,5913.97,TWSE FMTQIK
2004-12-10,5911.63,5911.63,5911.63,5911.63,TWSE FMTQIK
2004-12-13,5878.89,5878.89,5878.89,5878.89,TWSE FMTQIK
2004-12-14,5909.65,5909.65,5909.65,5909.65,TWSE FMTQIK
2004-12-15,6002.58,6002.58,6002.58,6002.58,TWSE FMTQIK
2004-12-16,6019.23,6019.23,6019.23,6019.23,TWSE FMTQIK
2004-12-17,6009.32,6009.32,6009.32,6009.32,TWSE FMTQIK
2004-12-20,5985.94,5985.94,5985.94,5985.94,TWSE FMTQIK
2004-12-21,5987.85,5987.85,5987.85,5987.85,TWSE FMTQIK
2004-12-22,6001.52,6001.52,6001.52,6001.52,TWSE FMTQIK
2004-12-23,5997.67,5997.67,5997.67,5997.67,TWSE FMTQIK
2004-12-24,6019.42,6019.42,6019.42,6019.42,TWSE FMTQIK
2004-12-27,5985.94,5985.94,5985.94,5985.94,TWSE FMTQIK
2004-12-28,6000.57,6000.57,6000.57,6000.57,TWSE FMTQIK
2004-12-29,6088.49,6088.49,6088.49,6088.49,TWSE FMTQIK
2004-12-30,6100.86,6100.86,6100.86,6100.86,TWSE FMTQIK
2004-12-31,6139.69,6139.69,6139.69,6139.69,TWSE FMTQIK
2005-01-03,6143.12,6143.12,6143.12,6143.12,TWSE FMTQIK
2005-01-04,6060.46,6060.46,6060.46,6060.46,TWSE FMTQIK
2005-01-05,5988.37,5988.37,5988.37,5988.37,TWSE FMTQIK
2005-01-06,5982.12,5982.12,5982.12,5982.12,TWSE FMTQIK
2005-01-07,5935.99,5935.99,5935.99,5935.99,TWSE FMTQIK
2005-01-10,5942.85,5942.85,5942.85,5942.85,TWSE FMTQIK
2005-01-11,5975.66,5975.66,5975.66,5975.66,TWSE FMTQIK
2005-01-12,5879.08,5879.08,5879.08,5879.08,TWSE FMTQIK
2005-01-13,5853.94,5853.94,5853.94,5853.94,TWSE FMTQIK
2005-01-14,5889.52,5889.52,5889.52,5889.52,TWSE FMTQIK
2005-01-17,5945.27,5945.27,5945.27,5945.27,TWSE FMTQIK
2005-01-18,5933.57,5933.57,5933.57,5933.57,TWSE FMTQIK
2005-01-19,5895.35,5895.35,5895.35,5895.35,TWSE FMTQIK
2005-01-20,5888.1,5888.1,5888.1,5888.1,TWSE FMTQIK
2005-01-21,5848.91,5848.91,5848.91,5848.91,TWSE FMTQIK
2005-01-24,5771.48,5771.48,5771.48,5771.48,TWSE FMTQIK
2005-01-25,5782.75,5782.75,5782.75,5782.75,TWSE FMTQIK
2005-01-26,5835.37,5835.37,5835.37,5835.37,TWSE FMTQIK
2005-01-27,5842.76,5842.76,5842.76,5842.76,TWSE FMTQIK
2005-01-28,5879.93,5879.93,5879.93,5879.93,TWSE FMTQIK
2005-01-31,5994.23,5994.23,5994.23,5994.23,TWSE FMTQIK
2005-02-01,5981.54,5981.54,5981.54,5981.54,TWSE FMTQIK
2005-02-02,6018.69,6018.69,6018.69,6018.69,TWSE FMTQIK
2005-02-03,6034.6,6034.6,6034.6,6034.6,TWSE FMTQIK
2005-02-14,6112.4,6112.4,6112.4,6112.4,TWSE FMTQIK
2005-02-15,6122.39,6122.39,6122.39,6122.39,TWSE FMTQIK
2005-02-16,6143.49,6143.49,6143.49,6143.49,TWSE FMTQIK
2005-02-17,6072.16,6072.16,6072.16,6072.16,TWSE FMTQIK
2005-02-18,6115.43,6115.43,6115.43,6115.43,TWSE FMTQIK
2005-02-21,6142.78,6142.78,6142.78,6142.78,TWSE FMTQIK
2005-02-22,6107.17,6107.17,6107.17,6107.17,TWSE FMTQIK
2005-02-23,6121.52,6121.52,6121.52,6121.52,TWSE FMTQIK
2005-02-24,6128.34,6128.34,6128.34,6128.34,TWSE FMTQIK
2005-02-25,6207.83,6207.83,6207.83,6207.83,TWSE FMTQIK
2005-03-01,6259.69,6259.69,6259.69,6259.69,TWSE FMTQIK
2005-03-02,6225.25,6225.25,6225.25,6225.25,TWSE FMTQIK
2005-03-03,6202.38,6202.38,6202.38,6202.38,TWSE FMTQIK
2005-03-04,6193.62,6193.62,6193.62,6193.62,TWSE FMTQIK
2005-03-07,6220.52,6220.52,6220.52,6220.52,TWSE FMTQIK
2005-03-08,6173.34,6173.34,6173.34,6173.34,TWSE FMTQIK
2005-03-09,6213.28,6213.28,6213.28,6213.28,TWSE FMTQIK
2005-03-10,6192.53,6192.53,6192.53,6192.53,TWSE FMTQIK
2005-03-11,6204.23,6204.23,6204.23,6204.23,TWSE FMTQIK
2005-03-14,6155.51,6155.51,6155.51,6155.51,TWSE FMTQIK
2005-03-15,6063.48,6063.48,6063.48,6063.48,TWSE FMTQIK
2005-03-16,6072.36,6072.36,6072.36,6072.36,TWSE FMTQIK
2005-03-17,6032.47,6032.47,6032.47,6032.47,TWSE FMTQIK
2005-03-18,6043.95,6043.95,6043.95,6043.95,TWSE FMTQIK
2005-03-21,6058.96,6058.96,6058.96,6058.96,TWSE FMTQIK
2005-03-22,6018.79,6018.79,6018.79,6018.79,TWSE FMTQIK
2005-03-23,6019.49,6019.49,6019.49,6019.49,TWSE FMTQIK
2005-03-24,6001.0,6001.0,6001.0,6001.0,TWSE FMTQIK
2005-03-25,6065.91,6065.91,6065.91,6065.91,TWSE FMTQIK
2005-03-28,6048.74,6048.74,6048.74,6048.74,TWSE FMTQIK
2005-03-29,5961.24,5961.24,5961.24,5961.24,TWSE FMTQIK
2005-03-30,5957.98,5957.98,5957.98,5957.98,TWSE FMTQIK
2005-03-31,6005.88,6005.88,6005.88,6005.88,TWSE FMTQIK
2005-04-01,6028.75,6028.75,6028.75,6028.75,TWSE FMTQIK
2005-04-04,6019.93,6019.93,6019.93,6019.93,TWSE FMTQIK
2005-04-06,6013.49,6013.49,6013.49,6013.49,TWSE FMTQIK
2005-04-07,5971.76,5971.76,5971.76,5971.76,TWSE FMTQIK
2005-04-08,6024.07,6024.07,6024.07,6024.07,TWSE FMTQIK
2005-04-11,5979.42,5979.42,5979.42,5979.42,TWSE FMTQIK
2005-04-12,5993.89,5993.89,5993.89,5993.89,TWSE FMTQIK
2005-04-13,5998.08,5998.08,5998.08,5998.08,TWSE FMTQIK
2005-04-14,5976.68,5976.68,5976.68,5976.68,TWSE FMTQIK
2005-04-15,5888.37,5888.37,5888.37,5888.37,TWSE FMTQIK
2005-04-18,5715.16,5715.16,5715.16,5715.16,TWSE FMTQIK
2005-04-19,5748.35,5748.35,5748.35,5748.35,TWSE FMTQIK
2005-04-20,5693.01,5693.01,5693.01,5693.01,TWSE FMTQIK
2005-04-21,5721.99,5721.99,5721.99,5721.99,TWSE FMTQIK
2005-04-22,5747.09,5747.09,5747.09,5747.09,TWSE FMTQIK
2005-04-25,5758.31,5758.31,5758.31,5758.31,TWSE FMTQIK
2005-04-26,5805.25,5805.25,5805.25,5805.25,TWSE FMTQIK
2005-04-27,5778.27,5778.27,5778.27,5778.27,TWSE FMTQIK
2005-04-28,5842.27,5842.27,5842.27,5842.27,TWSE FMTQIK
2005-04-29,5818.07,5818.07,5818.07,5818.07,TWSE FMTQIK
2005-05-03,5818.22,5818.22,5818.22,5818.22,TWSE FMTQIK
2005-05-04,5803.68,5803.68,5803.68,5803.68,TWSE FMTQIK
2005-05-05,5927.5,5927.5,5927.5,5927.5,TWSE FMTQIK
2005-05-06,5967.96,5967.96,5967.96,5967.96,TWSE FMTQIK
2005-05-09,5966.85,5966.85,5966.85,5966.85,TWSE FMTQIK
2005-05-10,5949.8,5949.8,5949.8,5949.8,TWSE FMTQIK
2005-05-11,5917.13,5917.13,5917.13,5917.13,TWSE FMTQIK
2005-05-12,5934.6,5934.6,5934.6,5934.6,TWSE FMTQIK
2005-05-13,5981.48,5981.48,5981.48,5981.48,TWSE FMTQIK
2005-05-16,5925.88,5925.88,5925.88,5925.88,TWSE FMTQIK
2005-05-17,5894.01,5894.01,5894.01,5894.01,TWSE FMTQIK
2005-05-18,5890.83,5890.83,5890.83,5890.83,TWSE FMTQIK
2005-05-19,5970.71,5970.71,5970.71,5970.71,TWSE FMTQIK
2005-05-20,5954.69,5954.69,5954.69,5954.69,TWSE FMTQIK
2005-05-23,5885.45,5885.45,5885.45,5885.45,TWSE FMTQIK
2005-05-24,5909.1,5909.1,5909.1,5909.1,TWSE FMTQIK
2005-05-25,5888.53,5888.53,5888.53,5888.53,TWSE FMTQIK
2005-05-26,5939.42,5939.42,5939.42,5939.42,TWSE FMTQIK
2005-05-27,5991.55,5991.55,5991.55,5991.55,TWSE FMTQIK
2005-05-30,6009.52,6009.52,6009.52,6009.52,TWSE FMTQIK
2005-05-31,6011.56,6011.56,6011.56,6011.56,TWSE FMTQIK
2005-06-01,5971.62,5971.62,5971.62,5971.62,TWSE FMTQIK
2005-06-02,6039.48,6039.48,6039.48,6039.48,TWSE FMTQIK
2005-06-03,6107.95,6107.95,6107.95,6107.95,TWSE FMTQIK
2005-06-06,6137.57,6137.57,6137.57,6137.57,TWSE FMTQIK
2005-06-07,6105.79,6105.79,6105.79,6105.79,TWSE FMTQIK
2005-06-08,6161.66,6161.66,6161.66,6161.66,TWSE FMTQIK
2005-06-09,6145.92,6145.92,6145.92,6145.92,TWSE FMTQIK
2005-06-10,6192.35,6192.35,6192.35,6192.35,TWSE FMTQIK
2005-06-13,6231.05,6231.05,6231.05,6231.05,TWSE FMTQIK
2005-06-14,6205.76,6205.76,6205.76,6205.76,TWSE FMTQIK
2005-06-15,6252.1,6252.1,6252.1,6252.1,TWSE FMTQIK
2005-06-16,6282.41,6282.41,6282.41,6282.41,TWSE FMTQIK
2005-06-17,6293.56,6293.56,6293.56,6293.56,TWSE FMTQIK
2005-06-20,6296.89,6296.89,6296.89,6296.89,TWSE FMTQIK
2005-06-21,6278.46,6278.46,6278.46,6278.46,TWSE FMTQIK
2005-06-22,6357.83,6357.83,6357.83,6357.83,TWSE FMTQIK
2005-06-23,6373.86,6373.86,6373.86,6373.86,TWSE FMTQIK
2005-06-24,6340.69,6340.69,6340.69,6340.69,TWSE FMTQIK
2005-06-27,6302.99,6302.99,6302.99,6302.99,TWSE FMTQIK
2005-06-28,6316.84,6316.84,6316.84,6316.84,TWSE FMTQIK
2005-06-29,6231.65,6231.65,6231.65,6231.65,TWSE FMTQIK
2005-06-30,6241.94,6241.94,6241.94,6241.94,TWSE FMTQIK
2005-07-01,6272.14,6272.14,6272.14,6272.14,TWSE FMTQIK
2005-07-04,6271.2,6271.2,6271.2,6271.2,TWSE FMTQIK
2005-07-05,6232.04,6232.04,6232.04,6232.04,TWSE FMTQIK
2005-07-06,6222.05,6222.05,6222.05,6222.05,TWSE FMTQIK
2005-07-07,6212.6,6212.6,6212.6,6212.6,TWSE FMTQIK
2005-07-08,6201.4,6201.4,6201.4,6201.4,TWSE FMTQIK
2005-07-11,6298.86,6298.86,6298.86,6298.86,TWSE FMTQIK
2005-07-12,6358.81,6358.81,6358.81,6358.81,TWSE FMTQIK
2005-07-13,6377.09,6377.09,6377.09,6377.09,TWSE FMTQIK
2005-07-14,6418.35,6418.35,6418.35,6418.35,TWSE FMTQIK
2005-07-15,6410.59,6410.59,6410.59,6410.59,TWSE FMTQIK
2005-07-19,6416.34,6416.34,6416.34,6416.34,TWSE FMTQIK
2005-07-20,6423.81,6423.81,6423.81,6423.81,TWSE FMTQIK
2005-07-21,6394.03,6394.03,6394.03,6394.03,TWSE FMTQIK
2005-07-22,6380.73,6380.73,6380.73,6380.73,TWSE FMTQIK
2005-07-25,6420.45,6420.45,6420.45,6420.45,TWSE FMTQIK
2005-07-26,6366.16,6366.16,6366.16,6366.16,TWSE FMTQIK
2005-07-27,6327.25,6327.25,6327.25,6327.25,TWSE FMTQIK
2005-07-28,6375.64,6375.64,6375.64,6375.64,TWSE FMTQIK
2005-07-29,6311.98,6311.98,6311.98,6311.98,TWSE FMTQIK
2005-08-01,6307.93,6307.93,6307.93,6307.93,TWSE FMTQIK
2005-08-02,6343.54,6343.54,6343.54,6343.54,TWSE FMTQIK
2005-08-03,6455.57,6455.57,6455.57,6455.57,TWSE FMTQIK
2005-08-04,6446.01,6446.01,6446.01,6446.01,TWSE FMTQIK
2005-08-08,6380.03,6380.03,6380.03,6380.03,TWSE FMTQIK
2005-08-09,6380.0,6380.0,6380.0,6380.0,TWSE FMTQIK
2005-08-10,6356.84,6356.84,6356.84,6356.84,TWSE FMTQIK
2005-08-11,6353.71,6353.71,6353.71,6353.71,TWSE FMTQIK
2005-08-12,6350.9,6350.9,6350.9,6350.9,TWSE FMTQIK
2005-08-15,6245.13,6245.13,6245.13,6245.13,TWSE FMTQIK
2005-08-16,6242.4,6242.4,6242.4,6242.4,TWSE FMTQIK
2005-08-17,6241.92,6241.92,6241.92,6241.92,TWSE FMTQIK
2005-08-18,6205.09,6205.09,6205.09,6205.09,TWSE FMTQIK
2005-08-19,6158.94,6158.94,6158.94,6158.94,TWSE FMTQIK
2005-08-22,6206.65,6206.65,6206.65,6206.65,TWSE FMTQIK
2005-08-23,6195.18,6195.18,6195.18,6195.18,TWSE FMTQIK
2005-08-24,6127.24,6127.24,6127.24,6127.24,TWSE FMTQIK
2005-08-25,6109.66,6109.66,6109.66,6109.66,TWSE FMTQIK
2005-08-26,6136.55,6136.55,6136.55,6136.55,TWSE FMTQIK
2005-08-29,6049.44,6049.44,6049.44,6049.44,TWSE FMTQIK
2005-08-30,6032.12,6032.12,6032.12,6032.12,TWSE FMTQIK
2005-08-31,6033.47,6033.47,6033.47,6033.47,TWSE FMTQIK
2005-09-02,6116.05,6116.05,6116.05,6116.05,TWSE FMTQIK
2005-09-05,6098.78,6098.78,6098.78,6098.78,TWSE FMTQIK
2005-09-06,6140.14,6140.14,6140.14,6140.14,TWSE FMTQIK
2005-09-07,6141.14,6141.14,6141.14,6141.14,TWSE FMTQIK
2005-09-08,6149.88,6149.88,6149.88,6149.88,TWSE FMTQIK
2005-09-09,6119.06,6119.06,6119.06,6119.06,TWSE FMTQIK
2005-09-12,6164.98,6164.98,6164.98,6164.98,TWSE FMTQIK
2005-09-13,6169.08,6169.08,6169.08,6169.08,TWSE FMTQIK
2005-09-14,6148.7,6148.7,6148.7,6148.7,TWSE FMTQIK
2005-09-15,6082.56,6082.56,6082.56,6082.56,TWSE FMTQIK
2005-09-16,6031.24,6031.24,6031.24,6031.24,TWSE FMTQIK
2005-09-19,6035.59,6035.59,6035.59,6035.59,TWSE FMTQIK
2005-09-20,6105.35,6105.35,6105.35,6105.35,TWSE FMTQIK
2005-09-21,6067.34,6067.34,6067.34,6067.34,TWSE FMTQIK
2005-09-22,5972.06,5972.06,5972.06,5972.06,TWSE FMTQIK
2005-09-23,5925.54,5925.54,5925.54,5925.54,TWSE FMTQIK
2005-09-26,5930.2,5930.2,5930.2,5930.2,TWSE FMTQIK
2005-09-27,5945.05,5945.05,5945.05,5945.05,TWSE FMTQIK
2005-09-28,5931.38,5931.38,5931.38,5931.38,TWSE FMTQIK
2005-09-29,6009.99,6009.99,6009.99,6009.99,TWSE FMTQIK
2005-09-30,6118.61,6118.61,6118.61,6118.61,TWSE FMTQIK
2005-10-03,6123.92,6123.92,6123.92,6123.92,TWSE FMTQIK
2005-10-04,6142.12,6142.12,6142.12,6142.12,TWSE FMTQIK
2005-10-05,6135.01,6135.01,6135.01,6135.01,TWSE FMTQIK
2005-10-06,6095.81,6095.81,6095.81,6095.81,TWSE FMTQIK
2005-10-07,6081.84,6081.84,6081.84,6081.84,TWSE FMTQIK
2005-10-11,6066.59,6066.59,6066.59,6066.59,TWSE FMTQIK
2005-10-12,5987.4,5987.4,5987.4,5987.4,TWSE FMTQIK
2005-10-13,5960.11,5960.11,5960.11,5960.11,TWSE FMTQIK
2005-10-14,5969.07,5969.07,5969.07,5969.07,TWSE FMTQIK
2005-10-17,5826.27,5826.27,5826.27,5826.27,TWSE FMTQIK
2005-10-18,5830.79,5830.79,5830.79,5830.79,TWSE FMTQIK
2005-10-19,5694.16,5694.16,5694.16,5694.16,TWSE FMTQIK
2005-10-20,5748.0,5748.0,5748.0,5748.0,TWSE FMTQIK
2005-10-21,5738.76,5738.76,5738.76,5738.76,TWSE FMTQIK
2005-10-24,5717.28,5717.28,5717.28,5717.28,TWSE FMTQIK
2005-10-25,5721.31,5721.31,5721.31,5721.31,TWSE FMTQIK
2005-10-26,5700.72,5700.72,5700.72,5700.72,TWSE FMTQIK
2005-10-27,5661.18,5661.18,5661.18,5661.18,TWSE FMTQIK
2005-10-28,5632.97,5632.97,5632.97,5632.97,TWSE FMTQIK
2005-10-31,5764.3,5764.3,5764.3,5764.3,TWSE FMTQIK
2005-11-01,5798.41,5798.41,5798.41,5798.41,TWSE FMTQIK
2005-11-02,5870.37,5870.37,5870.37,5870.37,TWSE FMTQIK
2005-11-03,5858.01,5858.01,5858.01,5858.01,TWSE FMTQIK
2005-11-04,5911.74,5911.74,5911.74,5911.74,TWSE FMTQIK
2005-11-07,5860.39,5860.39,5860.39,5860.39,TWSE FMTQIK
2005-11-08,5849.63,5849.63,5849.63,5849.63,TWSE FMTQIK
2005-11-09,5971.06,5971.06,5971.06,5971.06,TWSE FMTQIK
2005-11-10,5988.37,5988.37,5988.37,5988.37,TWSE FMTQIK
2005-11-11,6075.26,6075.26,6075.26,6075.26,TWSE FMTQIK
2005-11-14,6083.62,6083.62,6083.62,6083.62,TWSE FMTQIK
2005-11-15,6030.74,6030.74,6030.74,6030.74,TWSE FMTQIK
2005-11-16,6046.2,6046.2,6046.2,6046.2,TWSE FMTQIK
2005-11-17,6020.94,6020.94,6020.94,6020.94,TWSE FMTQIK
2005-11-18,6106.74,6106.74,6106.74,6106.74,TWSE FMTQIK
2005-11-21,6103.42,6103.42,6103.42,6103.42,TWSE FMTQIK
2005-11-22,6059.19,6059.19,6059.19,6059.19,TWSE FMTQIK
2005-11-23,6123.52,6123.52,6123.52,6123.52,TWSE FMTQIK
2005-11-24,6111.89,6111.89,6111.89,6111.89,TWSE FMTQIK
2005-11-25,6128.2,6128.2,6128.2,6128.2,TWSE FMTQIK
2005-11-28,6203.84,6203.84,6203.84,6203.84,TWSE FMTQIK
2005-11-29,6139.51,6139.51,6139.51,6139.51,TWSE FMTQIK
2005-11-30,6203.47,6203.47,6203.47,6203.47,TWSE FMTQIK
2005-12-01,6179.82,6179.82,6179.82,6179.82,TWSE FMTQIK
2005-12-02,6228.95,6228.95,6228.95,6228.95,TWSE FMTQIK
2005-12-05,6348.31,6348.31,6348.31,6348.31,TWSE FMTQIK
2005-12-06,6350.52,6350.52,6350.52,6350.52,TWSE FMTQIK
2005-12-07,6329.52,6329.52,6329.52,6329.52,TWSE FMTQIK
2005-12-08,6249.19,6249.19,6249.19,6249.19,TWSE FMTQIK
2005-12-09,6264.36,6264.36,6264.36,6264.36,TWSE FMTQIK
2005-12-12,6266.29,6266.29,6266.29,6266.29,TWSE FMTQIK
2005-12-13,6261.18,6261.18,6261.18,6261.18,TWSE FMTQIK
2005-12-14,6235.35,6235.35,6235.35,6235.35,TWSE FMTQIK
2005-12-15,6258.47,6258.47,6258.47,6258.47,TWSE FMTQIK
2005-12-16,6350.69,6350.69,6350.69,6350.69,TWSE FMTQIK
2005-12-19,6431.42,6431.42,6431.42,6431.42,TWSE FMTQIK
2005-12-20,6427.84,6427.84,6427.84,6427.84,TWSE FMTQIK
2005-12-21,6471.89,6471.89,6471.89,6471.89,TWSE FMTQIK
2005-12-22,6417.2,6417.2,6417.2,6417.2,TWSE FMTQIK
2005-12-23,6512.63,6512.63,6512.63,6512.63,TWSE FMTQIK
2005-12-26,6534.77,6534.77,6534.77,6534.77,TWSE FMTQIK
2005-12-27,6531.59,6531.59,6531.59,6531.59,TWSE FMTQIK
2005-12-28,6524.4,6524.4,6524.4,6524.4,TWSE FMTQIK
2005-12-29,6575.53,6575.53,6575.53,6575.53,TWSE FMTQIK
2005-12-30,6548.34,6548.34,6548.34,6548.34,TWSE FMTQIK
2006-01-02,6462.06,6462.06,6462.06,6462.06,TWSE FMTQIK
2006-01-03,6591.77,6591.77,6591.77,6591.77,TWSE FMTQIK
2006-01-04,6616.44,6616.44,6616.44,6616.44,TWSE FMTQIK
2006-01-05,6709.87,6709.87,6709.87,6709.87,TWSE FMTQIK
2006-01-06,6694.82,6694.82,6694.82,6694.82,TWSE FMTQIK
2006-01-09,6742.39,6742.39,6742.39,6742.39,TWSE FMTQIK
2006-01-10,6707.4,6707.4,6707.4,6707.4,TWSE FMTQIK
2006-01-11,6735.89,6735.89,6735.89,6735.89,TWSE FMTQIK
2006-01-12,6725.61,6725.61,6725.61,6725.61,TWSE FMTQIK
2006-01-13,6682.35,6682.35,6682.35,6682.35,TWSE FMTQIK
2006-01-16,6724.18,6724.18,6724.18,6724.18,TWSE FMTQIK
2006-01-17,6711.04,6711.04,6711.04,6711.04,TWSE FMTQIK
2006-01-18,6498.92,6498.92,6498.92,6498.92,TWSE FMTQIK
2006-01-19,6512.29,6512.29,6512.29,6512.29,TWSE FMTQIK
2006-01-20,6486.63,6486.63,6486.63,6486.63,TWSE FMTQIK
2006-01-23,6381.97,6381.97,6381.97,6381.97,TWSE FMTQIK
2006-01-24,6451.94,6451.94,6451.94,6451.94,TWSE FMTQIK
2006-01-25,6532.18,6532.18,6532.18,6532.18,TWSE FMTQIK
2006-02-03,6594.6,6594.6,6594.6,6594.6,TWSE FMTQIK
2006-02-06,6719.96,6719.96,6719.96,6719.96,TWSE FMTQIK
2006-02-07,6720.08,6720.08,6720.08,6720.08,TWSE FMTQIK
2006-02-08,6624.11,6624.11,6624.11,6624.11,TWSE FMTQIK
2006-02-09,6630.13,6630.13,6630.13,6630.13,TWSE FMTQIK
2006-02-10,6594.92,6594.92,6594.92,6594.92,TWSE FMTQIK
2006-02-13,6562.29,6562.29,6562.29,6562.29,TWSE FMTQIK
2006-02-14,6612.97,6612.97,6612.97,6612.97,TWSE FMTQIK
2006-02-15,6598.49,6598.49,6598.49,6598.49,TWSE FMTQIK
2006-02-16,6683.93,6683.93,6683.93,6683.93,TWSE FMTQIK
2006-02-17,6673.75,6673.75,6673.75,6673.75,TWSE FMTQIK
2006-02-20,6686.55,6686.55,6686.55,6686.55,TWSE FMTQIK
2006-02-21,6631.51,6631.51,6631.51,6631.51,TWSE FMTQIK
2006-02-22,6530.7,6530.7,6530.7,6530.7,TWSE FMTQIK
2006-02-23,6474.69,6474.69,6474.69,6474.69,TWSE FMTQIK
2006-02-24,6538.22,6538.22,6538.22,6538.22,TWSE FMTQIK
2006-02-27,6561.63,6561.63,6561.63,6561.63,TWSE FMTQIK
2006-03-01,6613.39,6613.39,6613.39,6613.39,TWSE FMTQIK
2006-03-02,6642.96,6642.96,6642.96,6642.96,TWSE FMTQIK
2006-03-03,6553.66,6553.66,6553.66,6553.66,TWSE FMTQIK
2006-03-06,6575.78,6575.78,6575.78,6575.78,TWSE FMTQIK
2006-03-07,6494.15,6494.15,6494.15,6494.15,TWSE FMTQIK
2006-03-08,6459.57,6459.57,6459.57,6459.57,TWSE FMTQIK
2006-03-09,6486.47,6486.47,6486.47,6486.47,TWSE FMTQIK
2006-03-10,6490.68,6490.68,6490.68,6490.68,TWSE FMTQIK
2006-03-13,6544.63,6544.63,6544.63,6544.63,TWSE FMTQIK
2006-03-14,6460.01,6460.01,6460.01,6460.01,TWSE FMTQIK
2006-03-15,6518.7,6518.7,6518.7,6518.7,TWSE FMTQIK
2006-03-16,6504.98,6504.98,6504.98,6504.98,TWSE FMTQIK
2006-03-17,6528.57,6528.57,6528.57,6528.57,TWSE FMTQIK
2006-03-20,6516.52,6516.52,6516.52,6516.52,TWSE FMTQIK
2006-03-21,6458.03,6458.03,6458.03,6458.03,TWSE FMTQIK
2006-03-22,6391.26,6391.26,6391.26,6391.26,TWSE FMTQIK
2006-03-23,6364.6,6364.6,6364.6,6364.6,TWSE FMTQIK
2006-03-24,6376.62,6376.62,6376.62,6376.62,TWSE FMTQIK
2006-03-27,6421.85,6421.85,6421.85,6421.85,TWSE FMTQIK
2006-03-28,6453.85,6453.85,6453.85,6453.85,TWSE FMTQIK
2006-03-29,6498.03,6498.03,6498.03,6498.03,TWSE FMTQIK
2006-03-30,6546.06,6546.06,6546.06,6546.06,TWSE FMTQIK
2006-03-31,6613.97,6613.97,6613.97,6613.97,TWSE FMTQIK
2006-04-03,6660.76,6660.76,6660.76,6660.76,TWSE FMTQIK
2006-04-04,6665.6,6665.6,6665.6,6665.6,TWSE FMTQIK
2006-04-06,6760.82,6760.82,6760.82,6760.82,TWSE FMTQIK
2006-04-07,6781.94,6781.94,6781.94,6781.94,TWSE FMTQIK
2006-04-10,6780.64,6780.64,6780.64,6780.64,TWSE FMTQIK
2006-04-11,6757.17,6757.17,6757.17,6757.17,TWSE FMTQIK
2006-04-12,6808.5,6808.5,6808.5,6808.5,TWSE FMTQIK
2006-04-13,6855.74,6855.74,6855.74,6855.74,TWSE FMTQIK
2006-04-14,6952.54,6952.54,6952.54,6952.54,TWSE FMTQIK
2006-04-17,7000.09,7000.09,7000.09,7000.09,TWSE FMTQIK
2006-04-18,6989.46,6989.46,6989.46,6989.46,TWSE FMTQIK
2006-04-19,7038.78,7038.78,7038.78,7038.78,TWSE FMTQIK
2006-04-20,7102.74,7102.74,7102.74,7102.74,TWSE FMTQIK
2006-04-21,7093.05,7093.05,7093.05,7093.05,TWSE FMTQIK
2006-04-24,7096.04,7096.04,7096.04,7096.04,TWSE FMTQIK
2006-04-25,7059.94,7059.94,7059.94,7059.94,TWSE FMTQIK
2006-04-26,7168.98,7168.98,7168.98,7168.98,TWSE FMTQIK
2006-04-27,7136.21,7136.21,7136.21,7136.21,TWSE FMTQIK
2006-04-28,7171.77,7171.77,7171.77,7171.77,TWSE FMTQIK
2006-05-02,7199.6,7199.6,7199.6,7199.6,TWSE FMTQIK
2006-05-03,7242.37,7242.37,7242.37,7242.37,TWSE FMTQIK
2006-05-04,7345.04,7345.04,7345.04,7345.04,TWSE FMTQIK
2006-05-05,7370.44,7370.44,7370.44,7370.44,TWSE FMTQIK
2006-05-08,7474.05,7474.05,7474.05,7474.05,TWSE FMTQIK
2006-05-09,7388.94,7388.94,7388.94,7388.94,TWSE FMTQIK
2006-05-10,7324.71,7324.71,7324.71,7324.71,TWSE FMTQIK
2006-05-11,7361.45,7361.45,7361.45,7361.45,TWSE FMTQIK
2006-05-12,7278.96,7278.96,7278.96,7278.96,TWSE FMTQIK
2006-05-15,7176.35,7176.35,7176.35,7176.35,TWSE FMTQIK
2006-05-16,7069.9,7069.9,7069.9,7069.9,TWSE FMTQIK
2006-05-17,7116.83,7116.83,7116.83,7116.83,TWSE FMTQIK
2006-05-18,7034.03,7034.03,7034.03,7034.03,TWSE FMTQIK
2006-05-19,7074.15,7074.15,7074.15,7074.15,TWSE FMTQIK
2006-05-22,6938.26,6938.26,6938.26,6938.26,TWSE FMTQIK
2006-05-23,6843.98,6843.98,6843.98,6843.98,TWSE FMTQIK
2006-05-24,6877.01,6877.01,6877.01,6877.01,TWSE FMTQIK
2006-05-25,6861.65,6861.65,6861.65,6861.65,TWSE FMTQIK
2006-05-26,6879.51,6879.51,6879.51,6879.51,TWSE FMTQIK
2006-05-29,6878.88,6878.88,6878.88,6878.88,TWSE FMTQIK
2006-05-30,6846.95,6846.95,6846.95,6846.95,TWSE FMTQIK
2006-06-01,6872.84,6872.84,6872.84,6872.84,TWSE FMTQIK
2006-06-02,6959.64,6959.64,6959.64,6959.64,TWSE FMTQIK
2006-06-05,6715.27,6715.27,6715.27,6715.27,TWSE FMTQIK
2006-06-06,6730.27,6730.27,6730.27,6730.27,TWSE FMTQIK
2006-06-07,6612.74,6612.74,6612.74,6612.74,TWSE FMTQIK
2006-06-08,6331.81,6331.81,6331.81,6331.81,TWSE FMTQIK
2006-06-09,6444.63,6444.63,6444.63,6444.63,TWSE FMTQIK
2006-06-12,6442.9,6442.9,6442.9,6442.9,TWSE FMTQIK
2006-06-13,6337.21,6337.21,6337.21,6337.21,TWSE FMTQIK
2006-06-14,6469.01,6469.01,6469.01,6469.01,TWSE FMTQIK
2006-06-15,6426.39,6426.39,6426.39,6426.39,TWSE FMTQIK
2006-06-16,6575.77,6575.77,6575.77,6575.77,TWSE FMTQIK
2006-06-19,6583.04,6583.04,6583.04,6583.04,TWSE FMTQIK
2006-06-20,6363.55,6363.55,6363.55,6363.55,TWSE FMTQIK
2006-06-21,6299.59,6299.59,6299.59,6299.59,TWSE FMTQIK
2006-06-22,6485.15,6485.15,6485.15,6485.15,TWSE FMTQIK
2006-06-23,6452.31,6452.31,6452.31,6452.31,TWSE FMTQIK
2006-06-26,6523.68,6523.68,6523.68,6523.68,TWSE FMTQIK
2006-06-27,6572.39,6572.39,6572.39,6572.39,TWSE FMTQIK
2006-06-28,6540.93,6540.93,6540.93,6540.93,TWSE FMTQIK
2006-06-29,6607.39,6607.39,6607.39,6607.39,TWSE FMTQIK
2006-06-30,6704.41,6704.41,6704.41,6704.41,TWSE FMTQIK
2006-07-03,6718.5,6718.5,6718.5,6718.5,TWSE FMTQIK
2006-07-04,6734.51,6734.51,6734.51,6734.51,TWSE FMTQIK
2006-07-05,6659.96,6659.96,6659.96,6659.96,TWSE FMTQIK
2006-07-06,6659.07,6659.07,6659.07,6659.07,TWSE FMTQIK
2006-07-07,6660.61,6660.61,6660.61,6660.61,TWSE FMTQIK
2006-07-10,6682.46,6682.46,6682.46,6682.46,TWSE FMTQIK
2006-07-11,6639.13,6639.13,6639.13,6639.13,TWSE FMTQIK
2006-07-12,6634.09,6634.09,6634.09,6634.09,TWSE FMTQIK
2006-07-13,6567.6,6567.6,6567.6,6567.6,TWSE FMTQIK
2006-07-14,6428.03,6428.03,6428.03,6428.03,TWSE FMTQIK
2006-07-17,6257.8,6257.8,6257.8,6257.8,TWSE FMTQIK
2006-07-18,6285.31,6285.31,6285.31,6285.31,TWSE FMTQIK
2006-07-19,6277.24,6277.24,6277.24,6277.24,TWSE FMTQIK
2006-07-20,6443.74,6443.74,6443.74,6443.74,TWSE FMTQIK
2006-07-21,6420.01,6420.01,6420.01,6420.01,TWSE FMTQIK
2006-07-24,6359.63,6359.63,6359.63,6359.63,TWSE FMTQIK
2006-07-25,6390.99,6390.99,6390.99,6390.99,TWSE FMTQIK
2006-07-26,6376.39,6376.39,6376.39,6376.39,TWSE FMTQIK
2006-07-27,6459.25,6459.25,6459.25,6459.25,TWSE FMTQIK
2006-07-28,6480.07,6480.07,6480.07,6480.07,TWSE FMTQIK
2006-07-31,6454.58,6454.58,6454.58,6454.58,TWSE FMTQIK
2006-08-01,6441.46,6441.46,6441.46,6441.46,TWSE FMTQIK
2006-08-02,6471.42,6471.42,6471.42,6471.42,TWSE FMTQIK
2006-08-03,6462.32,6462.32,6462.32,6462.32,TWSE FMTQIK
2006-08-04,6442.61,6442.61,6442.61,6442.61,TWSE FMTQIK
2006-08-07,6416.61,6416.61,6416.61,6416.61,TWSE FMTQIK
2006-08-08,6502.14,6502.14,6502.14,6502.14,TWSE FMTQIK
2006-08-09,6573.22,6573.22,6573.22,6573.22,TWSE FMTQIK
2006-08-10,6578.61,6578.61,6578.61,6578.61,TWSE FMTQIK
2006-08-11,6571.1,6571.1,6571.1,6571.1,TWSE FMTQIK
2006-08-14,6611.9,6611.9,6611.9,6611.9,TWSE FMTQIK
2006-08-15,6615.13,6615.13,6615.13,6615.13,TWSE FMTQIK
2006-08-16,6696.63,6696.63,6696.63,6696.63,TWSE FMTQIK
2006-08-17,6733.46,6733.46,6733.46,6733.46,TWSE FMTQIK
2006-08-18,6721.08,6721.08,6721.08,6721.08,TWSE FMTQIK
2006-08-21,6505.92,6505.92,6505.92,6505.92,TWSE FMTQIK
2006-08-22,6590.2,6590.2,6590.2,6590.2,TWSE FMTQIK
2006-08-23,6556.33,6556.33,6556.33,6556.33,TWSE FMTQIK
2006-08-24,6550.64,6550.64,6550.64,6550.64,TWSE FMTQIK
2006-08-25,6526.22,6526.22,6526.22,6526.22,TWSE FMTQIK
2006-08-28,6444.76,6444.76,6444.76,6444.76,TWSE FMTQIK
2006-08-29,6479.91,6479.91,6479.91,6479.91,TWSE FMTQIK
2006-08-30,6587.12,6587.12,6587.12,6587.12,TWSE FMTQIK
2006-08-31,6611.77,6611.77,6611.77,6611.77,TWSE FMTQIK
2006-09-01,6651.46,6651.46,6651.46,6651.46,TWSE FMTQIK
2006-09-04,6750.78,6750.78,6750.78,6750.78,TWSE FMTQIK
2006-09-05,6734.73,6734.73,6734.73,6734.73,TWSE FMTQIK
2006-09-06,6688.4,6688.4,6688.4,6688.4,TWSE FMTQIK
2006-09-07,6685.23,6685.23,6685.23,6685.23,TWSE FMTQIK
2006-09-08,6693.11,6693.11,6693.11,6693.11,TWSE FMTQIK
2006-09-11,6693.88,6693.88,6693.88,6693.88,TWSE FMTQIK
2006-09-12,6625.73,6625.73,6625.73,6625.73,TWSE FMTQIK
2006-09-13,6664.87,6664.87,6664.87,6664.87,TWSE FMTQIK
2006-09-14,6598.87,6598.87,6598.87,6598.87,TWSE FMTQIK
2006-09-15,6681.09,6681.09,6681.09,6681.09,TWSE FMTQIK
2006-09-18,6882.48,6882.48,6882.48,6882.48,TWSE FMTQIK
2006-09-19,6881.87,6881.87,6881.87,6881.87,TWSE FMTQIK
2006-09-20,6877.77,6877.77,6877.77,6877.77,TWSE FMTQIK
2006-09-21,6889.89,6889.89,6889.89,6889.89,TWSE FMTQIK
2006-09-22,6885.6,6885.6,6885.6,6885.6,TWSE FMTQIK
2006-09-25,6911.21,6911.21,6911.21,6911.21,TWSE FMTQIK
2006-09-26,6901.75,6901.75,6901.75,6901.75,TWSE FMTQIK
2006-09-27,6946.27,6946.27,6946.27,6946.27,TWSE FMTQIK
2006-09-28,6885.12,6885.12,6885.12,6885.12,TWSE FMTQIK
2006-09-29,6883.05,6883.05,6883.05,6883.05,TWSE FMTQIK
2006-10-02,6960.95,6960.95,6960.95,6960.95,TWSE FMTQIK
2006-10-03,6956.88,6956.88,6956.88,6956.88,TWSE FMTQIK
2006-10-04,6874.98,6874.98,6874.98,6874.98,TWSE FMTQIK
2006-10-05,6997.24,6997.24,6997.24,6997.24,TWSE FMTQIK
2006-10-11,7006.67,7006.67,7006.67,7006.67,TWSE FMTQIK
2006-10-12,6984.58,6984.58,6984.58,6984.58,TWSE FMTQIK
2006-10-13,7068.8,7068.8,7068.8,7068.8,TWSE FMTQIK
2006-10-14,7076.85,7076.85,7076.85,7076.85,TWSE FMTQIK
2006-10-16,7151.42,7151.42,7151.42,7151.42,TWSE FMTQIK
2006-10-17,7075.13,7075.13,7075.13,7075.13,TWSE FMTQIK
2006-10-18,7017.6,7017.6,7017.6,7017.6,TWSE FMTQIK
2006-10-19,6995.83,6995.83,6995.83,6995.83,TWSE FMTQIK
2006-10-20,7039.37,7039.37,7039.37,7039.37,TWSE FMTQIK
2006-10-23,7040.26,7040.26,7040.26,7040.26,TWSE FMTQIK
2006-10-24,7097.42,7097.42,7097.42,7097.42,TWSE FMTQIK
2006-10-25,7059.89,7059.89,7059.89,7059.89,TWSE FMTQIK
2006-10-26,7080.84,7080.84,7080.84,7080.84,TWSE FMTQIK
2006-10-27,7086.74,7086.74,7086.74,7086.74,TWSE FMTQIK
2006-10-30,6995.2,6995.2,6995.2,6995.2,TWSE FMTQIK
2006-10-31,7021.32,7021.32,7021.32,7021.32,TWSE FMTQIK
2006-11-01,7013.99,7013.99,7013.99,7013.99,TWSE FMTQIK
2006-11-02,7078.1,7078.1,7078.1,7078.1,TWSE FMTQIK
2006-11-03,7161.61,7161.61,7161.61,7161.61,TWSE FMTQIK
2006-11-06,7120.44,7120.44,7120.44,7120.44,TWSE FMTQIK
2006-11-07,7184.65,7184.65,7184.65,7184.65,TWSE FMTQIK
2006-11-08,7178.34,7178.34,7178.34,7178.34,TWSE FMTQIK
2006-11-09,7151.13,7151.13,7151.13,7151.13,TWSE FMTQIK
2006-11-10,7174.2,7174.2,7174.2,7174.2,TWSE FMTQIK
2006-11-13,7136.06,7136.06,7136.06,7136.06,TWSE FMTQIK
2006-11-14,7204.04,7204.04,7204.04,7204.04,TWSE FMTQIK
2006-11-15,7236.85,7236.85,7236.85,7236.85,TWSE FMTQIK
2006-11-16,7257.48,7257.48,7257.48,7257.48,TWSE FMTQIK
2006-11-17,7259.54,7259.54,7259.54,7259.54,TWSE FMTQIK
2006-11-20,7261.48,7261.48,7261.48,7261.48,TWSE FMTQIK
2006-11-21,7309.69,7309.69,7309.69,7309.69,TWSE FMTQIK
2006-11-22,7348.77,7348.77,7348.77,7348.77,TWSE FMTQIK
2006-11-23,7384.69,7384.69,7384.69,7384.69,TWSE FMTQIK
2006-11-24,7427.36,7427.36,7427.36,7427.36,TWSE FMTQIK
2006-11-27,7498.15,7498.15,7498.15,7498.15,TWSE FMTQIK
2006-11-28,7444.94,7444.94,7444.94,7444.94,TWSE FMTQIK
2006-11-29,7474.19,7474.19,7474.19,7474.19,TWSE FMTQIK
2006-11-30,7567.72,7567.72,7567.72,7567.72,TWSE FMTQIK
2006-12-01,7613.57,7613.57,7613.57,7613.57,TWSE FMTQIK
2006-12-04,7647.01,7647.01,7647.01,7647.01,TWSE FMTQIK
2006-12-05,7609.9,7609.9,7609.9,7609.9,TWSE FMTQIK
2006-12-06,7693.33,7693.33,7693.33,7693.33,TWSE FMTQIK
2006-12-07,7686.52,7686.52,7686.52,7686.52,TWSE FMTQIK
2006-12-08,7636.3,7636.3,7636.3,7636.3,TWSE FMTQIK
2006-12-11,7612.12,7612.12,7612.12,7612.12,TWSE FMTQIK
2006-12-12,7458.56,7458.56,7458.56,7458.56,TWSE FMTQIK
2006-12-13,7450.3,7450.3,7450.3,7450.3,TWSE FMTQIK
2006-12-14,7480.41,7480.41,7480.41,7480.41,TWSE FMTQIK
2006-12-15,7538.82,7538.82,7538.82,7538.82,TWSE FMTQIK
2006-12-18,7624.62,7624.62,7624.62,7624.62,TWSE FMTQIK
2006-12-19,7598.88,7598.88,7598.88,7598.88,TWSE FMTQIK
2006-12-20,7648.35,7648.35,7648.35,7648.35,TWSE FMTQIK
2006-12-21,7620.94,7620.94,7620.94,7620.94,TWSE FMTQIK
2006-12-22,7652.47,7652.47,7652.47,7652.47,TWSE FMTQIK
2006-12-25,7646.81,7646.81,7646.81,7646.81,TWSE FMTQIK
2006-12-26,7727.59,7727.59,7727.59,7727.59,TWSE FMTQIK
2006-12-27,7733.18,7733.18,7733.18,7733.18,TWSE FMTQIK
2006-12-28,7732.93,7732.93,7732.93,7732.93,TWSE FMTQIK
2006-12-29,7823.72,7823.72,7823.72,7823.72,TWSE FMTQIK
2007-01-02,7920.8,7920.8,7920.8,7920.8,TWSE FMTQIK
2007-01-03,7917.3,7917.3,7917.3,7917.3,TWSE FMTQIK
2007-01-04,7934.51,7934.51,7934.51,7934.51,TWSE FMTQIK
2007-01-05,7835.57,7835.57,7835.57,7835.57,TWSE FMTQIK
2007-01-08,7736.71,7736.71,7736.71,7736.71,TWSE FMTQIK
2007-01-09,7790.01,7790.01,7790.01,7790.01,TWSE FMTQIK
2007-01-10,7698.52,7698.52,7698.52,7698.52,TWSE FMTQIK
2007-01-11,7618.55,7618.55,7618.55,7618.55,TWSE FMTQIK
2007-01-12,7761.71,7761.71,7761.71,7761.71,TWSE FMTQIK
2007-01-15,7783.5,7783.5,7783.5,7783.5,TWSE FMTQIK
2007-01-16,7792.08,7792.08,7792.08,7792.08,TWSE FMTQIK
2007-01-17,7833.98,7833.98,7833.98,7833.98,TWSE FMTQIK
2007-01-18,7895.18,7895.18,7895.18,7895.18,TWSE FMTQIK
2007-01-19,7840.08,7840.08,7840.08,7840.08,TWSE FMTQIK
2007-01-22,7842.47,7842.47,7842.47,7842.47,TWSE FMTQIK
2007-01-23,7852.36,7852.36,7852.36,7852.36,TWSE FMTQIK
2007-01-24,7935.54,7935.54,7935.54,7935.54,TWSE FMTQIK
2007-01-25,7923.77,7923.77,7923.77,7923.77,TWSE FMTQIK
2007-01-26,7821.32,7821.32,7821.32,7821.32,TWSE FMTQIK
2007-01-29,7751.79,7751.79,7751.79,7751.79,TWSE FMTQIK
2007-01-30,7739.91,7739.91,7739.91,7739.91,TWSE FMTQIK
2007-01-31,7699.64,7699.64,7699.64,7699.64,TWSE FMTQIK
2007-02-01,7701.54,7701.54,7701.54,7701.54,TWSE FMTQIK
2007-02-02,7777.03,7777.03,7777.03,7777.03,TWSE FMTQIK
2007-02-05,7783.12,7783.12,7783.12,7783.12,TWSE FMTQIK
2007-02-06,7875.75,7875.75,7875.75,7875.75,TWSE FMTQIK
2007-02-07,7850.06,7850.06,7850.06,7850.06,TWSE FMTQIK
2007-02-08,7842.22,7842.22,7842.22,7842.22,TWSE FMTQIK
2007-02-09,7859.53,7859.53,7859.53,7859.53,TWSE FMTQIK
2007-02-12,7776.36,7776.36,7776.36,7776.36,TWSE FMTQIK
2007-02-13,7736.83,7736.83,7736.83,7736.83,TWSE FMTQIK
2007-02-14,7809.45,7809.45,7809.45,7809.45,TWSE FMTQIK
2007-02-26,7900.2,7900.2,7900.2,7900.2,TWSE FMTQIK
2007-02-27,7901.96,7901.96,7901.96,7901.96,TWSE FMTQIK
2007-03-01,7678.67,7678.67,7678.67,7678.67,TWSE FMTQIK
2007-03-02,7670.77,7670.77,7670.77,7670.77,TWSE FMTQIK
2007-03-03,7630.15,7630.15,7630.15,7630.15,TWSE FMTQIK
2007-03-05,7344.56,7344.56,7344.56,7344.56,TWSE FMTQIK
2007-03-06,7451.06,7451.06,7451.06,7451.06,TWSE FMTQIK
2007-03-07,7480.89,7480.89,7480.89,7480.89,TWSE FMTQIK
2007-03-08,7573.87,7573.87,7573.87,7573.87,TWSE FMTQIK
2007-03-09,7568.2,7568.2,7568.2,7568.2,TWSE FMTQIK
2007-03-12,7629.15,7629.15,7629.15,7629.15,TWSE FMTQIK
2007-03-13,7684.0,7684.0,7684.0,7684.0,TWSE FMTQIK
2007-03-14,7570.27,7570.27,7570.27,7570.27,TWSE FMTQIK
2007-03-15,7695.96,7695.96,7695.96,7695.96,TWSE FMTQIK
2007-03-16,7719.8,7719.8,7719.8,7719.8,TWSE FMTQIK
2007-03-19,7737.46,7737.46,7737.46,7737.46,TWSE FMTQIK
2007-03-20,7736.2,7736.2,7736.2,7736.2,TWSE FMTQIK
2007-03-21,7757.03,7757.03,7757.03,7757.03,TWSE FMTQIK
2007-03-22,7823.67,7823.67,7823.67,7823.67,TWSE FMTQIK
2007-03-23,7859.32,7859.32,7859.32,7859.32,TWSE FMTQIK
2007-03-26,7877.82,7877.82,7877.82,7877.82,TWSE FMTQIK
2007-03-27,7845.17,7845.17,7845.17,7845.17,TWSE FMTQIK
2007-03-28,7788.14,7788.14,7788.14,7788.14,TWSE FMTQIK
2007-03-29,7848.33,7848.33,7848.33,7848.33,TWSE FMTQIK
2007-03-30,7884.41,7884.41,7884.41,7884.41,TWSE FMTQIK
2007-04-02,7884.99,7884.99,7884.99,7884.99,TWSE FMTQIK
2007-04-03,7932.91,7932.91,7932.91,7932.91,TWSE FMTQIK
2007-04-04,8004.61,8004.61,8004.61,8004.61,TWSE FMTQIK
2007-04-09,8056.56,8056.56,8056.56,8056.56,TWSE FMTQIK
2007-04-10,8048.39,8048.39,8048.39,8048.39,TWSE FMTQIK
2007-04-11,8084.45,8084.45,8084.45,8084.45,TWSE FMTQIK
2007-04-12,8075.2,8075.2,8075.2,8075.2,TWSE FMTQIK
2007-04-13,8002.3,8002.3,8002.3,8002.3,TWSE FMTQIK
2007-04-14,8045.12,8045.12,8045.12,8045.12,TWSE FMTQIK
2007-04-16,8043.54,8043.54,8043.54,8043.54,TWSE FMTQIK
2007-04-17,7959.29,7959.29,7959.29,7959.29,TWSE FMTQIK
2007-04-18,8003.31,8003.31,8003.31,8003.31,TWSE FMTQIK
2007-04-19,7888.63,7888.63,7888.63,7888.63,TWSE FMTQIK
2007-04-20,7942.67,7942.67,7942.67,7942.67,TWSE FMTQIK
2007-04-23,8010.46,8010.46,8010.46,8010.46,TWSE FMTQIK
2007-04-24,8045.01,8045.01,8045.01,8045.01,TWSE FMTQIK
2007-04-25,7984.65,7984.65,7984.65,7984.65,TWSE FMTQIK
2007-04-26,8000.04,8000.04,8000.04,8000.04,TWSE FMTQIK
2007-04-27,7949.42,7949.42,7949.42,7949.42,TWSE FMTQIK
2007-04-30,7875.42,7875.42,7875.42,7875.42,TWSE FMTQIK
2007-05-02,7903.04,7903.04,7903.04,7903.04,TWSE FMTQIK
2007-05-03,7926.66,7926.66,7926.66,7926.66,TWSE FMTQIK
2007-05-04,8066.06,8066.06,8066.06,8066.06,TWSE FMTQIK
2007-05-07,8115.27,8115.27,8115.27,8115.27,TWSE FMTQIK
2007-05-08,8095.84,8095.84,8095.84,8095.84,TWSE FMTQIK
2007-05-09,8052.7,8052.7,8052.7,8052.7,TWSE FMTQIK
2007-05-10,8096.86,8096.86,8096.86,8096.86,TWSE FMTQIK
2007-05-11,8031.54,8031.54,8031.54,8031.54,TWSE FMTQIK
2007-05-14,8030.56,8030.56,8030.56,8030.56,TWSE FMTQIK
2007-05-15,7975.03,7975.03,7975.03,7975.03,TWSE FMTQIK
2007-05-16,7988.57,7988.57,7988.57,7988.57,TWSE FMTQIK
2007-05-17,8037.96,8037.96,8037.96,8037.96,TWSE FMTQIK
2007-05-18,8034.14,8034.14,8034.14,8034.14,TWSE FMTQIK
2007-05-21,8141.59,8141.59,8141.59,8141.59,TWSE FMTQIK
2007-05-22,8188.63,8188.63,8188.63,8188.63,TWSE FMTQIK
2007-05-23,8221.79,8221.79,8221.79,8221.79,TWSE FMTQIK
2007-05-24,8216.41,8216.41,8216.41,8216.41,TWSE FMTQIK
2007-05-25,8159.97,8159.97,8159.97,8159.97,TWSE FMTQIK
2007-05-28,8156.82,8156.82,8156.82,8156.82,TWSE FMTQIK
2007-05-29,8181.49,8181.49,8181.49,8181.49,TWSE FMTQIK
2007-05-30,8147.34,8147.34,8147.34,8147.34,TWSE FMTQIK
2007-05-31,8144.95,8144.95,8144.95,8144.95,TWSE FMTQIK
2007-06-01,8249.9,8249.9,8249.9,8249.9,TWSE FMTQIK
2007-06-04,8294.79,8294.79,8294.79,8294.79,TWSE FMTQIK
2007-06-05,8303.99,8303.99,8303.99,8303.99,TWSE FMTQIK
2007-06-06,8314.68,8314.68,8314.68,8314.68,TWSE FMTQIK
2007-06-07,8355.26,8355.26,8355.26,8355.26,TWSE FMTQIK
2007-06-08,8300.71,8300.71,8300.71,8300.71,TWSE FMTQIK
2007-06-11,8338.88,8338.88,8338.88,8338.88,TWSE FMTQIK
2007-06-12,8370.26,8370.26,8370.26,8370.26,TWSE FMTQIK
2007-06-13,8346.39,8346.39,8346.39,8346.39,TWSE FMTQIK
2007-06-14,8450.72,8450.72,8450.72,8450.72,TWSE FMTQIK
2007-06-15,8573.64,8573.64,8573.64,8573.64,TWSE FMTQIK
2007-06-20,8755.88,8755.88,8755.88,8755.88,TWSE FMTQIK
2007-06-21,8851.99,8851.99,8851.99,8851.99,TWSE FMTQIK
2007-06-22,8846.39,8846.39,8846.39,8846.39,TWSE FMTQIK
2007-06-23,8812.91,8812.91,8812.91,8812.91,TWSE FMTQIK
2007-06-25,8939.19,8939.19,8939.19,8939.19,TWSE FMTQIK
2007-06-26,8865.75,8865.75,8865.75,8865.75,TWSE FMTQIK
2007-06-27,8844.22,8844.22,8844.22,8844.22,TWSE FMTQIK
2007-06-28,8892.83,8892.83,8892.83,8892.83,TWSE FMTQIK
2007-06-29,8883.21,8883.21,8883.21,8883.21,TWSE FMTQIK
2007-07-02,8939.49,8939.49,8939.49,8939.49,TWSE FMTQIK
2007-07-03,8996.2,8996.2,8996.2,8996.2,TWSE FMTQIK
2007-07-04,9068.98,9068.98,9068.98,9068.98,TWSE FMTQIK
2007-07-05,9148.78,9148.78,9148.78,9148.78,TWSE FMTQIK
2007-07-06,9188.31,9188.31,9188.31,9188.31,TWSE FMTQIK
2007-07-09,9369.84,9369.84,9369.84,9369.84,TWSE FMTQIK
2007-07-10,9384.73,9384.73,9384.73,9384.73,TWSE FMTQIK
2007-07-11,9290.95,9290.95,9290.95,9290.95,TWSE FMTQIK
2007-07-12,9354.41,9354.41,9354.41,9354.41,TWSE FMTQIK
2007-07-13,9471.3,9471.3,9471.3,9471.3,TWSE FMTQIK
2007-07-16,9417.32,9417.32,9417.32,9417.32,TWSE FMTQIK
2007-07-17,9509.73,9509.73,9509.73,9509.73,TWSE FMTQIK
2007-07-18,9485.35,9485.35,9485.35,9485.35,TWSE FMTQIK
2007-07-19,9473.31,9473.31,9473.31,9473.31,TWSE FMTQIK
2007-07-20,9585.9,9585.9,9585.9,9585.9,TWSE FMTQIK
2007-07-23,9621.57,9621.57,9621.57,9621.57,TWSE FMTQIK
2007-07-24,9744.06,9744.06,9744.06,9744.06,TWSE FMTQIK
2007-07-25,9740.13,9740.13,9740.13,9740.13,TWSE FMTQIK
2007-07-26,9566.42,9566.42,9566.42,9566.42,TWSE FMTQIK
2007-07-27,9162.28,9162.28,9162.28,9162.28,TWSE FMTQIK
2007-07-30,9072.57,9072.57,9072.57,9072.57,TWSE FMTQIK
2007-07-31,9287.25,9287.25,9287.25,9287.25,TWSE FMTQIK
2007-08-01,8891.88,8891.88,8891.88,8891.88,TWSE FMTQIK
2007-08-02,8950.57,8950.57,8950.57,8950.57,TWSE FMTQIK
2007-08-03,9057.82,9057.82,9057.82,9057.82,TWSE FMTQIK
2007-08-06,8941.73,8941.73,8941.73,8941.73,TWSE FMTQIK
2007-08-07,8862.31,8862.31,8862.31,8862.31,TWSE FMTQIK
2007-08-08,9099.46,9099.46,9099.46,9099.46,TWSE FMTQIK
2007-08-09,9182.6,9182.6,9182.6,9182.6,TWSE FMTQIK
2007-08-10,8931.31,8931.31,8931.31,8931.31,TWSE FMTQIK
2007-08-13,8938.96,8938.96,8938.96,8938.96,TWSE FMTQIK
2007-08-14,8910.99,8910.99,8910.99,8910.99,TWSE FMTQIK
2007-08-15,8593.04,8593.04,8593.04,8593.04,TWSE FMTQIK
2007-08-16,8201.37,8201.37,8201.37,8201.37,TWSE FMTQIK
2007-08-17,8090.29,8090.29,8090.29,8090.29,TWSE FMTQIK
2007-08-20,8515.6,8515.6,8515.6,8515.6,TWSE FMTQIK
2007-08-21,8479.08,8479.08,8479.08,8479.08,TWSE FMTQIK
2007-08-22,8493.46,8493.46,8493.46,8493.46,TWSE FMTQIK
2007-08-23,8732.84,8732.84,8732.84,8732.84,TWSE FMTQIK
2007-08-24,8690.09,8690.09,8690.09,8690.09,TWSE FMTQIK
2007-08-27,8718.31,8718.31,8718.31,8718.31,TWSE FMTQIK
2007-08-28,8727.55,8727.55,8727.55,8727.55,TWSE FMTQIK
2007-08-29,8643.32,8643.32,8643.32,8643.32,TWSE FMTQIK
2007-08-30,8771.21,8771.21,8771.21,8771.21,TWSE FMTQIK
2007-08-31,8982.16,8982.16,8982.16,8982.16,TWSE FMTQIK
2007-09-03,8979.96,8979.96,8979.96,8979.96,TWSE FMTQIK
2007-09-04,8922.98,8922.98,8922.98,8922.98,TWSE FMTQIK
2007-09-05,8913.85,8913.85,8913.85,8913.85,TWSE FMTQIK
2007-09-06,9017.08,9017.08,9017.08,9017.08,TWSE FMTQIK
2007-09-07,9018.08,9018.08,9018.08,9018.08,TWSE FMTQIK
2007-09-10,8937.58,8937.58,8937.58,8937.58,TWSE FMTQIK
2007-09-11,9003.12,9003.12,9003.12,9003.12,TWSE FMTQIK
2007-09-12,9018.12,9018.12,9018.12,9018.12,TWSE FMTQIK
2007-09-13,8927.42,8927.42,8927.42,8927.42,TWSE FMTQIK
2007-09-14,9031.63,9031.63,9031.63,9031.63,TWSE FMTQIK
2007-09-17,8899.91,8899.91,8899.91,8899.91,TWSE FMTQIK
2007-09-19,8926.38,8926.38,8926.38,8926.38,TWSE FMTQIK
2007-09-20,8983.03,8983.03,8983.03,8983.03,TWSE FMTQIK
2007-09-21,9105.28,9105.28,9105.28,9105.28,TWSE FMTQIK
2007-09-26,9257.47,9257.47,9257.47,9257.47,TWSE FMTQIK
2007-09-27,9413.65,9413.65,9413.65,9413.65,TWSE FMTQIK
2007-09-28,9411.95,9411.95,9411.95,9411.95,TWSE FMTQIK
2007-09-29,9476.52,9476.52,9476.52,9476.52,TWSE FMTQIK
2007-10-01,9488.5,9488.5,9488.5,9488.5,TWSE FMTQIK
2007-10-02,9623.25,9623.25,9623.25,9623.25,TWSE FMTQIK
2007-10-03,9700.07,9700.07,9700.07,9700.07,TWSE FMTQIK
2007-10-04,9627.39,9627.39,9627.39,9627.39,TWSE FMTQIK
2007-10-05,9617.26,9617.26,9617.26,9617.26,TWSE FMTQIK
2007-10-08,9717.17,9717.17,9717.17,9717.17,TWSE FMTQIK
2007-10-09,9639.83,9639.83,9639.83,9639.83,TWSE FMTQIK
2007-10-11,9697.67,9697.67,9697.67,9697.67,TWSE FMTQIK
2007-10-12,9496.47,9496.47,9496.47,9496.47,TWSE FMTQIK
2007-10-15,9518.45,9518.45,9518.45,9518.45,TWSE FMTQIK
2007-10-16,9592.47,9592.47,9592.47,9592.47,TWSE FMTQIK
2007-10-17,9562.16,9562.16,9562.16,9562.16,TWSE FMTQIK
2007-10-18,9637.07,9637.07,9637.07,9637.07,TWSE FMTQIK
2007-10-19,9611.72,9611.72,9611.72,9611.72,TWSE FMTQIK
2007-10-22,9360.63,9360.63,9360.63,9360.63,TWSE FMTQIK
2007-10-23,9502.39,9502.39,9502.39,9502.39,TWSE FMTQIK
2007-10-24,9442.62,9442.62,9442.62,9442.62,TWSE FMTQIK
2007-10-25,9568.26,9568.26,9568.26,9568.26,TWSE FMTQIK
2007-10-26,9631.51,9631.51,9631.51,9631.51,TWSE FMTQIK
2007-10-29,9809.88,9809.88,9809.88,9809.88,TWSE FMTQIK
2007-10-30,9757.93,9757.93,9757.93,9757.93,TWSE FMTQIK
2007-10-31,9711.37,9711.37,9711.37,9711.37,TWSE FMTQIK
2007-11-01,9598.23,9598.23,9598.23,9598.23,TWSE FMTQIK
2007-11-02,9273.09,9273.09,9273.09,9273.09,TWSE FMTQIK
2007-11-05,9308.6,9308.6,9308.6,9308.6,TWSE FMTQIK
2007-11-06,9292.8,9292.8,9292.8,9292.8,TWSE FMTQIK
2007-11-07,9300.22,9300.22,9300.22,9300.22,TWSE FMTQIK
2007-11-08,8937.58,8937.58,8937.58,8937.58,TWSE FMTQIK
2007-11-09,8970.92,8970.92,8970.92,8970.92,TWSE FMTQIK
2007-11-12,8670.61,8670.61,8670.61,8670.61,TWSE FMTQIK
2007-11-13,8727.21,8727.21,8727.21,8727.21,TWSE FMTQIK
2007-11-14,8942.93,8942.93,8942.93,8942.93,TWSE FMTQIK
2007-11-15,8905.41,8905.41,8905.41,8905.41,TWSE FMTQIK
2007-11-16,8764.82,8764.82,8764.82,8764.82,TWSE FMTQIK
2007-11-19,8680.71,8680.71,8680.71,8680.71,TWSE FMTQIK
2007-11-20,8680.86,8680.86,8680.86,8680.86,TWSE FMTQIK
2007-11-21,8484.11,8484.11,8484.11,8484.11,TWSE FMTQIK
2007-11-22,8499.37,8499.37,8499.37,8499.37,TWSE FMTQIK
2007-11-23,8342.2,8342.2,8342.2,8342.2,TWSE FMTQIK
2007-11-26,8528.33,8528.33,8528.33,8528.33,TWSE FMTQIK
2007-11-27,8375.76,8375.76,8375.76,8375.76,TWSE FMTQIK
2007-11-28,8276.26,8276.26,8276.26,8276.26,TWSE FMTQIK
2007-11-29,8447.03,8447.03,8447.03,8447.03,TWSE FMTQIK
2007-11-30,8586.4,8586.4,8586.4,8586.4,TWSE FMTQIK
2007-12-03,8583.84,8583.84,8583.84,8583.84,TWSE FMTQIK
2007-12-04,8651.28,8651.28,8651.28,8651.28,TWSE FMTQIK
2007-12-05,8676.95,8676.95,8676.95,8676.95,TWSE FMTQIK
2007-12-06,8694.41,8694.41,8694.41,8694.41,TWSE FMTQIK
2007-12-07,8722.38,8722.38,8722.38,8722.38,TWSE FMTQIK
2007-12-10,8598.03,8598.03,8598.03,8598.03,TWSE FMTQIK
2007-12-11,8638.33,8638.33,8638.33,8638.33,TWSE FMTQIK
2007-12-12,8490.84,8490.84,8490.84,8490.84,TWSE FMTQIK
2007-12-13,8187.95,8187.95,8187.95,8187.95,TWSE FMTQIK
2007-12-14,8118.08,8118.08,8118.08,8118.08,TWSE FMTQIK
2007-12-17,7830.85,7830.85,7830.85,7830.85,TWSE FMTQIK
2007-12-18,7807.39,7807.39,7807.39,7807.39,TWSE FMTQIK
2007-12-19,8014.31,8014.31,8014.31,8014.31,TWSE FMTQIK
2007-12-20,7857.08,7857.08,7857.08,7857.08,TWSE FMTQIK
2007-12-21,7941.44,7941.44,7941.44,7941.44,TWSE FMTQIK
2007-12-24,8135.48,8135.48,8135.48,8135.48,TWSE FMTQIK
2007-12-25,8167.07,8167.07,8167.07,8167.07,TWSE FMTQIK
2007-12-26,8156.39,8156.39,8156.39,8156.39,TWSE FMTQIK
2007-12-27,8313.72,8313.72,8313.72,8313.72,TWSE FMTQIK
2007-12-28,8396.95,8396.95,8396.95,8396.95,TWSE FMTQIK
2007-12-31,8506.28,8506.28,8506.28,8506.28,TWSE FMTQIK
2008-01-02,8323.05,8323.05,8323.05,8323.05,TWSE FMTQIK
2008-01-03,8184.2,8184.2,8184.2,8184.2,TWSE FMTQIK
2008-01-04,8221.1,8221.1,8221.1,8221.1,TWSE FMTQIK
2008-01-07,7883.37,7883.37,7883.37,7883.37,TWSE FMTQIK
2008-01-08,7962.91,7962.91,7962.91,7962.91,TWSE FMTQIK
2008-01-09,8085.06,8085.06,8085.06,8085.06,TWSE FMTQIK
2008-01-10,8057.27,8057.27,8057.27,8057.27,TWSE FMTQIK
2008-01-11,8029.31,8029.31,8029.31,8029.31,TWSE FMTQIK
2008-01-14,8173.41,8173.41,8173.41,8173.41,TWSE FMTQIK
2008-01-15,8428.84,8428.84,8428.84,8428.84,TWSE FMTQIK
2008-01-16,8179.54,8179.54,8179.54,8179.54,TWSE FMTQIK
2008-01-17,8101.63,8101.63,8101.63,8101.63,TWSE FMTQIK
2008-01-18,8184.65,8184.65,8184.65,8184.65,TWSE FMTQIK
2008-01-21,8110.2,8110.2,8110.2,8110.2,TWSE FMTQIK
2008-01-22,7581.96,7581.96,7581.96,7581.96,TWSE FMTQIK
2008-01-23,7408.4,7408.4,7408.4,7408.4,TWSE FMTQIK
2008-01-24,7517.05,7517.05,7517.05,7517.05,TWSE FMTQIK
2008-01-25,7739.59,7739.59,7739.59,7739.59,TWSE FMTQIK
2008-01-28,7485.79,7485.79,7485.79,7485.79,TWSE FMTQIK
2008-01-29,7576.42,7576.42,7576.42,7576.42,TWSE FMTQIK
2008-01-30,7543.5,7543.5,7543.5,7543.5,TWSE FMTQIK
2008-01-31,7521.13,7521.13,7521.13,7521.13,TWSE FMTQIK
2008-02-01,7673.99,7673.99,7673.99,7673.99,TWSE FMTQIK
2008-02-12,7553.3,7553.3,7553.3,7553.3,TWSE FMTQIK
2008-02-13,7550.55,7550.55,7550.55,7550.55,TWSE FMTQIK
2008-02-14,7865.28,7865.28,7865.28,7865.28,TWSE FMTQIK
2008-02-15,7876.37,7876.37,7876.37,7876.37,TWSE FMTQIK
2008-02-18,7890.9,7890.9,7890.9,7890.9,TWSE FMTQIK
2008-02-19,8024.41,8024.41,8024.41,8024.41,TWSE FMTQIK
2008-02-20,7894.47,7894.47,7894.47,7894.47,TWSE FMTQIK
2008-02-21,8085.93,8085.93,8085.93,8085.93,TWSE FMTQIK
2008-02-22,8108.71,8108.71,8108.71,8108.71,TWSE FMTQIK
2008-02-25,8286.31,8286.31,8286.31,8286.31,TWSE FMTQIK
2008-02-26,8307.67,8307.67,8307.67,8307.67,TWSE FMTQIK
2008-02-27,8462.08,8462.08,8462.08,8462.08,TWSE FMTQIK
2008-02-29,8412.76,8412.76,8412.76,8412.76,TWSE FMTQIK
2008-03-03,8262.87,8262.87,8262.87,8262.87,TWSE FMTQIK
2008-03-04,8470.11,8470.11,8470.11,8470.11,TWSE FMTQIK
2008-03-05,8483.95,8483.95,8483.95,8483.95,TWSE FMTQIK
2008-03-06,8658.64,8658.64,8658.64,8658.64,TWSE FMTQIK
2008-03-07,8531.38,8531.38,8531.38,8531.38,TWSE FMTQIK
2008-03-10,8299.37,8299.37,8299.37,8299.37,TWSE FMTQIK
2008-03-11,8381.6,8381.6,8381.6,8381.6,TWSE FMTQIK
2008-03-12,8435.3,8435.3,8435.3,8435.3,TWSE FMTQIK
2008-03-13,8210.99,8210.99,8210.99,8210.99,TWSE FMTQIK
2008-03-14,8161.39,8161.39,8161.39,8161.39,TWSE FMTQIK
2008-03-17,8005.46,8005.46,8005.46,8005.46,TWSE FMTQIK
2008-03-18,8057.82,8057.82,8057.82,8057.82,TWSE FMTQIK
2008-03-19,8179.35,8179.35,8179.35,8179.35,TWSE FMTQIK
2008-03-20,8337.62,8337.62,8337.62,8337.62,TWSE FMTQIK
2008-03-21,8524.99,8524.99,8524.99,8524.99,TWSE FMTQIK
2008-03-24,8865.35,8865.35,8865.35,8865.35,TWSE FMTQIK
2008-03-25,8795.09,8795.09,8795.09,8795.09,TWSE FMTQIK
2008-03-26,8768.02,8768.02,8768.02,8768.02,TWSE FMTQIK
2008-03-27,8605.95,8605.95,8605.95,8605.95,TWSE FMTQIK
2008-03-28,8623.48,8623.48,8623.48,8623.48,TWSE FMTQIK
2008-03-31,8572.59,8572.59,8572.59,8572.59,TWSE FMTQIK
2008-04-01,8419.72,8419.72,8419.72,8419.72,TWSE FMTQIK
2008-04-02,8605.32,8605.32,8605.32,8605.32,TWSE FMTQIK
2008-04-03,8596.34,8596.34,8596.34,8596.34,TWSE FMTQIK
2008-04-07,8729.79,8729.79,8729.79,8729.79,TWSE FMTQIK
2008-04-08,8672.85,8672.85,8672.85,8672.85,TWSE FMTQIK
2008-04-09,8667.93,8667.93,8667.93,8667.93,TWSE FMTQIK
2008-04-10,8829.4,8829.4,8829.4,8829.4,TWSE FMTQIK
2008-04-11,8909.58,8909.58,8909.58,8909.58,TWSE FMTQIK
2008-04-14,8892.68,8892.68,8892.68,8892.68,TWSE FMTQIK
2008-04-15,8924.78,8924.78,8924.78,8924.78,TWSE FMTQIK
2008-04-16,9066.04,9066.04,9066.04,9066.04,TWSE FMTQIK
2008-04-17,9090.43,9090.43,9090.43,9090.43,TWSE FMTQIK
2008-04-18,9074.34,9074.34,9074.34,9074.34,TWSE FMTQIK
2008-04-21,9083.32,9083.32,9083.32,9083.32,TWSE FMTQIK
2008-04-22,9037.25,9037.25,9037.25,9037.25,TWSE FMTQIK
2008-04-23,9008.49,9008.49,9008.49,9008.49,TWSE FMTQIK
2008-04-24,8990.33,8990.33,8990.33,8990.33,TWSE FMTQIK
2008-04-25,8947.83,8947.83,8947.83,8947.83,TWSE FMTQIK
2008-04-28,9079.6,9079.6,9079.6,9079.6,TWSE FMTQIK
2008-04-29,8891.74,8891.74,8891.74,8891.74,TWSE FMTQIK
2008-04-30,8919.92,8919.92,8919.92,8919.92,TWSE FMTQIK
2008-05-02,8963.63,8963.63,8963.63,8963.63,TWSE FMTQIK
2008-05-05,8837.07,8837.07,8837.07,8837.07,TWSE FMTQIK
2008-05-06,8857.37,8857.37,8857.37,8857.37,TWSE FMTQIK
2008-05-07,8926.34,8926.34,8926.34,8926.34,TWSE FMTQIK
2008-05-08,8866.62,8866.62,8866.62,8866.62,TWSE FMTQIK
2008-05-09,8792.39,8792.39,8792.39,8792.39,TWSE FMTQIK
2008-05-12,8830.05,8830.05,8830.05,8830.05,TWSE FMTQIK
2008-05-13,8989.53,8989.53,8989.53,8989.53,TWSE FMTQIK
2008-05-14,9018.42,9018.42,9018.42,9018.42,TWSE FMTQIK
2008-05-15,9157.18,9157.18,9157.18,9157.18,TWSE FMTQIK
2008-05-16,9197.41,9197.41,9197.41,9197.41,TWSE FMTQIK
2008-05-19,9295.2,9295.2,9295.2,9295.2,TWSE FMTQIK
2008-05-20,9068.89,9068.89,9068.89,9068.89,TWSE FMTQIK
2008-05-21,9015.57,9015.57,9015.57,9015.57,TWSE FMTQIK
2008-05-22,9008.03,9008.03,9008.03,9008.03,TWSE FMTQIK
2008-05-23,8834.73,8834.73,8834.73,8834.73,TWSE FMTQIK
2008-05-26,8707.83,8707.83,8707.83,8707.83,TWSE FMTQIK
2008-05-27,8778.39,8778.39,8778.39,8778.39,TWSE FMTQIK
2008-05-28,8665.73,8665.73,8665.73,8665.73,TWSE FMTQIK
2008-05-29,8684.92,8684.92,8684.92,8684.92,TWSE FMTQIK
2008-05-30,8619.08,8619.08,8619.08,8619.08,TWSE FMTQIK
2008-06-02,8724.47,8724.47,8724.47,8724.47,TWSE FMTQIK
2008-06-03,8579.43,8579.43,8579.43,8579.43,TWSE FMTQIK
2008-06-04,8627.8,8627.8,8627.8,8627.8,TWSE FMTQIK
2008-06-05,8738.46,8738.46,8738.46,8738.46,TWSE FMTQIK
2008-06-06,8745.35,8745.35,8745.35,8745.35,TWSE FMTQIK
2008-06-09,8587.96,8587.96,8587.96,8587.96,TWSE FMTQIK
2008-06-10,8370.0,8370.0,8370.0,8370.0,TWSE FMTQIK
2008-06-11,8345.59,8345.59,8345.59,8345.59,TWSE FMTQIK
2008-06-12,8062.31,8062.31,8062.31,8062.31,TWSE FMTQIK
2008-06-13,8105.59,8105.59,8105.59,8105.59,TWSE FMTQIK
2008-06-16,8169.77,8169.77,8169.77,8169.77,TWSE FMTQIK
2008-06-17,8201.79,8201.79,8201.79,8201.79,TWSE FMTQIK
2008-06-18,8217.58,8217.58,8217.58,8217.58,TWSE FMTQIK
2008-06-19,8047.74,8047.74,8047.74,8047.74,TWSE FMTQIK
2008-06-20,7902.44,7902.44,7902.44,7902.44,TWSE FMTQIK
2008-06-23,7876.49,7876.49,7876.49,7876.49,TWSE FMTQIK
2008-06-24,7738.12,7738.12,7738.12,7738.12,TWSE FMTQIK
2008-06-25,7855.06,7855.06,7855.06,7855.06,TWSE FMTQIK
2008-06-26,7811.8,7811.8,7811.8,7811.8,TWSE FMTQIK
2008-06-27,7548.76,7548.76,7548.76,7548.76,TWSE FMTQIK
2008-06-30,7523.54,7523.54,7523.54,7523.54,TWSE FMTQIK
2008-07-01,7407.98,7407.98,7407.98,7407.98,TWSE FMTQIK
2008-07-02,7353.86,7353.86,7353.86,7353.86,TWSE FMTQIK
2008-07-03,7394.1,7394.1,7394.1,7394.1,TWSE FMTQIK
2008-07-04,7228.41,7228.41,7228.41,7228.41,TWSE FMTQIK
2008-07-07,7341.11,7341.11,7341.11,7341.11,TWSE FMTQIK
2008-07-08,7051.85,7051.85,7051.85,7051.85,TWSE FMTQIK
2008-07-09,7048.25,7048.25,7048.25,7048.25,TWSE FMTQIK
2008-07-10,7075.65,7075.65,7075.65,7075.65,TWSE FMTQIK
2008-07-11,7244.76,7244.76,7244.76,7244.76,TWSE FMTQIK
2008-07-14,7156.96,7156.96,7156.96,7156.96,TWSE FMTQIK
2008-07-15,6834.24,6834.24,6834.24,6834.24,TWSE FMTQIK
2008-07-16,6710.64,6710.64,6710.64,6710.64,TWSE FMTQIK
2008-07-17,6974.51,6974.51,6974.51,6974.51,TWSE FMTQIK
2008-07-18,6815.32,6815.32,6815.32,6815.32,TWSE FMTQIK
2008-07-21,7085.67,7085.67,7085.67,7085.67,TWSE FMTQIK
2008-07-22,7065.65,7065.65,7065.65,7065.65,TWSE FMTQIK
2008-07-23,7309.83,7309.83,7309.83,7309.83,TWSE FMTQIK
2008-07-24,7368.08,7368.08,7368.08,7368.08,TWSE FMTQIK
2008-07-25,7233.62,7233.62,7233.62,7233.62,TWSE FMTQIK
2008-07-29,7014.47,7014.47,7014.47,7014.47,TWSE FMTQIK
2008-07-30,7070.35,7070.35,7070.35,7070.35,TWSE FMTQIK
2008-07-31,7024.06,7024.06,7024.06,7024.06,TWSE FMTQIK
2008-08-01,7002.54,7002.54,7002.54,7002.54,TWSE FMTQIK
2008-08-04,6977.36,6977.36,6977.36,6977.36,TWSE FMTQIK
2008-08-05,6813.4,6813.4,6813.4,6813.4,TWSE FMTQIK
2008-08-06,7026.24,7026.24,7026.24,7026.24,TWSE FMTQIK
2008-08-07,7024.58,7024.58,7024.58,7024.58,TWSE FMTQIK
2008-08-08,7209.04,7209.04,7209.04,7209.04,TWSE FMTQIK
2008-08-11,7325.62,7325.62,7325.62,7325.62,TWSE FMTQIK
2008-08-12,7293.8,7293.8,7293.8,7293.8,TWSE FMTQIK
2008-08-13,7292.34,7292.34,7292.34,7292.34,TWSE FMTQIK
2008-08-14,7326.07,7326.07,7326.07,7326.07,TWSE FMTQIK
2008-08-15,7196.5,7196.5,7196.5,7196.5,TWSE FMTQIK
2008-08-18,7000.74,7000.74,7000.74,7000.74,TWSE FMTQIK
2008-08-19,6978.6,6978.6,6978.6,6978.6,TWSE FMTQIK
2008-08-20,7040.9,7040.9,7040.9,7040.9,TWSE FMTQIK
2008-08-21,6918.48,6918.48,6918.48,6918.48,TWSE FMTQIK
2008-08-22,6911.64,6911.64,6911.64,6911.64,TWSE FMTQIK
2008-08-25,7030.72,7030.72,7030.72,7030.72,TWSE FMTQIK
2008-08-26,6964.6,6964.6,6964.6,6964.6,TWSE FMTQIK
2008-08-27,7080.97,7080.97,7080.97,7080.97,TWSE FMTQIK
2008-08-28,7033.37,7033.37,7033.37,7033.37,TWSE FMTQIK
2008-08-29,7046.11,7046.11,7046.11,7046.11,TWSE FMTQIK
2008-09-01,6813.09,6813.09,6813.09,6813.09,TWSE FMTQIK
2008-09-02,6699.82,6699.82,6699.82,6699.82,TWSE FMTQIK
2008-09-03,6584.93,6584.93,6584.93,6584.93,TWSE FMTQIK
2008-09-04,6412.63,6412.63,6412.63,6412.63,TWSE FMTQIK
2008-09-05,6307.28,6307.28,6307.28,6307.28,TWSE FMTQIK
2008-09-08,6658.69,6658.69,6658.69,6658.69,TWSE FMTQIK
2008-09-09,6424.77,6424.77,6424.77,6424.77,TWSE FMTQIK
2008-09-10,6458.01,6458.01,6458.01,6458.01,TWSE FMTQIK
2008-09-11,6251.95,6251.95,6251.95,6251.95,TWSE FMTQIK
2008-09-12,6310.68,6310.68,6310.68,6310.68,TWSE FMTQIK
2008-09-15,6052.45,6052.45,6052.45,6052.45,TWSE FMTQIK
2008-09-16,5756.59,5756.59,5756.59,5756.59,TWSE FMTQIK
2008-09-17,5800.87,5800.87,5800.87,5800.87,TWSE FMTQIK
2008-09-18,5641.95,5641.95,5641.95,5641.95,TWSE FMTQIK
2008-09-19,5970.38,5970.38,5970.38,5970.38,TWSE FMTQIK
2008-09-22,6110.6,6110.6,6110.6,6110.6,TWSE FMTQIK
2008-09-23,6182.21,6182.21,6182.21,6182.21,TWSE FMTQIK
2008-09-24,6132.6,6132.6,6132.6,6132.6,TWSE FMTQIK
2008-09-25,6060.83,6060.83,6060.83,6060.83,TWSE FMTQIK
2008-09-26,5929.63,5929.63,5929.63,5929.63,TWSE FMTQIK
2008-09-30,5719.28,5719.28,5719.28,5719.28,TWSE FMTQIK
2008-10-01,5764.01,5764.01,5764.01,5764.01,TWSE FMTQIK
2008-10-02,5703.72,5703.72,5703.72,5703.72,TWSE FMTQIK
2008-10-03,5742.23,5742.23,5742.23,5742.23,TWSE FMTQIK
2008-10-06,5505.7,5505.7,5505.7,5505.7,TWSE FMTQIK
2008-10-07,5524.66,5524.66,5524.66,5524.66,TWSE FMTQIK
2008-10-08,5206.4,5206.4,5206.4,5206.4,TWSE FMTQIK
2008-10-09,5130.71,5130.71,5130.71,5130.71,TWSE FMTQIK
2008-10-13,5020.44,5020.44,5020.44,5020.44,TWSE FMTQIK
2008-10-14,5291.56,5291.56,5291.56,5291.56,TWSE FMTQIK
2008-10-15,5246.26,5246.26,5246.26,5246.26,TWSE FMTQIK
2008-10-16,5075.97,5075.97,5075.97,5075.97,TWSE FMTQIK
2008-10-17,4960.4,4960.4,4960.4,4960.4,TWSE FMTQIK
2008-10-20,4931.84,4931.84,4931.84,4931.84,TWSE FMTQIK
2008-10-21,4942.72,4942.72,4942.72,4942.72,TWSE FMTQIK
2008-10-22,4862.59,4862.59,4862.59,4862.59,TWSE FMTQIK
2008-10-23,4730.51,4730.51,4730.51,4730.51,TWSE FMTQIK
2008-10-24,4579.62,4579.62,4579.62,4579.62,TWSE FMTQIK
2008-10-27,4366.87,4366.87,4366.87,4366.87,TWSE FMTQIK
2008-10-28,4399.97,4399.97,4399.97,4399.97,TWSE FMTQIK
2008-10-29,4406.52,4406.52,4406.52,4406.52,TWSE FMTQIK
2008-10-30,4683.64,4683.64,4683.64,4683.64,TWSE FMTQIK
2008-10-31,4870.66,4870.66,4870.66,4870.66,TWSE FMTQIK
2008-11-03,4995.06,4995.06,4995.06,4995.06,TWSE FMTQIK
2008-11-04,4992.63,4992.63,4992.63,4992.63,TWSE FMTQIK
2008-11-05,4978.26,4978.26,4978.26,4978.26,TWSE FMTQIK
2008-11-06,4694.12,4694.12,4694.12,4694.12,TWSE FMTQIK
2008-11-07,4742.33,4742.33,4742.33,4742.33,TWSE FMTQIK
2008-11-10,4740.27,4740.27,4740.27,4740.27,TWSE FMTQIK
2008-11-11,4638.57,4638.57,4638.57,4638.57,TWSE FMTQIK
2008-11-12,4615.57,4615.57,4615.57,4615.57,TWSE FMTQIK
2008-11-13,4437.83,4437.83,4437.83,4437.83,TWSE FMTQIK
2008-11-14,4452.7,4452.7,4452.7,4452.7,TWSE FMTQIK
2008-11-17,4439.8,4439.8,4439.8,4439.8,TWSE FMTQIK
2008-11-18,4305.18,4305.18,4305.18,4305.18,TWSE FMTQIK
2008-11-19,4284.09,4284.09,4284.09,4284.09,TWSE FMTQIK
2008-11-20,4089.93,4089.93,4089.93,4089.93,TWSE FMTQIK
2008-11-21,4171.1,4171.1,4171.1,4171.1,TWSE FMTQIK
2008-11-24,4160.54,4160.54,4160.54,4160.54,TWSE FMTQIK
2008-11-25,4266.49,4266.49,4266.49,4266.49,TWSE FMTQIK
2008-11-26,4271.8,4271.8,4271.8,4271.8,TWSE FMTQIK
2008-11-27,4453.75,4453.75,4453.75,4453.75,TWSE FMTQIK
2008-11-28,4460.49,4460.49,4460.49,4460.49,TWSE FMTQIK
2008-12-01,4518.43,4518.43,4518.43,4518.43,TWSE FMTQIK
2008-12-02,4356.98,4356.98,4356.98,4356.98,TWSE FMTQIK
2008-12-03,4307.26,4307.26,4307.26,4307.26,TWSE FMTQIK
2008-12-04,4254.96,4254.96,4254.96,4254.96,TWSE FMTQIK
2008-12-05,4225.07,4225.07,4225.07,4225.07,TWSE FMTQIK
2008-12-08,4418.33,4418.33,4418.33,4418.33,TWSE FMTQIK
2008-12-09,4472.66,4472.66,4472.66,4472.66,TWSE FMTQIK
2008-12-10,4658.87,4658.87,4658.87,4658.87,TWSE FMTQIK
2008-12-11,4655.57,4655.57,4655.57,4655.57,TWSE FMTQIK
2008-12-12,4481.27,4481.27,4481.27,4481.27,TWSE FMTQIK
2008-12-15,4613.72,4613.72,4613.72,4613.72,TWSE FMTQIK
2008-12-16,4616.89,4616.89,4616.89,4616.89,TWSE FMTQIK
2008-12-17,4648.02,4648.02,4648.02,4648.02,TWSE FMTQIK
2008-12-18,4694.81,4694.81,4694.81,4694.81,TWSE FMTQIK
2008-12-19,4694.52,4694.52,4694.52,4694.52,TWSE FMTQIK
2008-12-22,4535.54,4535.54,4535.54,4535.54,TWSE FMTQIK
2008-12-23,4405.86,4405.86,4405.86,4405.86,TWSE FMTQIK
2008-12-24,4423.09,4423.09,4423.09,4423.09,TWSE FMTQIK
2008-12-25,4413.45,4413.45,4413.45,4413.45,TWSE FMTQIK
2008-12-26,4425.08,4425.08,4425.08,4425.08,TWSE FMTQIK
2008-12-29,4416.16,4416.16,4416.16,4416.16,TWSE FMTQIK
2008-12-30,4589.04,4589.04,4589.04,4589.04,TWSE FMTQIK
2008-12-31,4591.22,4591.22,4591.22,4591.22,TWSE FMTQIK
2009-01-05,4698.31,4698.31,4698.31,4698.31,TWSE FMTQIK
2009-01-06,4727.26,4727.26,4727.26,4727.26,TWSE FMTQIK
2009-01-07,4789.84,4789.84,4789.84,4789.84,TWSE FMTQIK
2009-01-08,4535.79,4535.79,4535.79,4535.79,TWSE FMTQIK
2009-01-09,4502.74,4502.74,4502.74,4502.74,TWSE FMTQIK
2009-01-10,4467.53,4467.53,4467.53,4467.53,TWSE FMTQIK
2009-01-12,4453.9,4453.9,4453.9,4453.9,TWSE FMTQIK
2009-01-13,4532.36,4532.36,4532.36,4532.36,TWSE FMTQIK
2009-01-14,4521.47,4521.47,4521.47,4521.47,TWSE FMTQIK
2009-01-15,4320.77,4320.77,4320.77,4320.77,TWSE FMTQIK
2009-01-16,4353.7,4353.7,4353.7,4353.7,TWSE FMTQIK
2009-01-17,4366.1,4366.1,4366.1,4366.1,TWSE FMTQIK
2009-01-19,4366.76,4366.76,4366.76,4366.76,TWSE FMTQIK
2009-01-20,4242.61,4242.61,4242.61,4242.61,TWSE FMTQIK
2009-01-21,4247.97,4247.97,4247.97,4247.97,TWSE FMTQIK
2009-02-02,4259.98,4259.98,4259.98,4259.98,TWSE FMTQIK
2009-02-03,4372.81,4372.81,4372.81,4372.81,TWSE FMTQIK
2009-02-04,4389.97,4389.97,4389.97,4389.97,TWSE FMTQIK
2009-02-05,4363.25,4363.25,4363.25,4363.25,TWSE FMTQIK
2009-02-06,4471.25,4471.25,4471.25,4471.25,TWSE FMTQIK
2009-02-09,4494.59,4494.59,4494.59,4494.59,TWSE FMTQIK
2009-02-10,4526.1,4526.1,4526.1,4526.1,TWSE FMTQIK
2009-02-11,4575.95,4575.95,4575.95,4575.95,TWSE FMTQIK
2009-02-12,4466.42,4466.42,4466.42,4466.42,TWSE FMTQIK
2009-02-13,4592.5,4592.5,4592.5,4592.5,TWSE FMTQIK
2009-02-16,4591.26,4591.26,4591.26,4591.26,TWSE FMTQIK
2009-02-17,4491.78,4491.78,4491.78,4491.78,TWSE FMTQIK
2009-02-18,4498.37,4498.37,4498.37,4498.37,TWSE FMTQIK
2009-02-19,4528.87,4528.87,4528.87,4528.87,TWSE FMTQIK
2009-02-20,4436.94,4436.94,4436.94,4436.94,TWSE FMTQIK
2009-02-23,4477.78,4477.78,4477.78,4477.78,TWSE FMTQIK
2009-02-24,4430.18,4430.18,4430.18,4430.18,TWSE FMTQIK
2009-02-25,4493.74,4493.74,4493.74,4493.74,TWSE FMTQIK
2009-02-26,4518.56,4518.56,4518.56,4518.56,TWSE FMTQIK
2009-02-27,4557.15,4557.15,4557.15,4557.15,TWSE FMTQIK
2009-03-02,4425.83,4425.83,4425.83,4425.83,TWSE FMTQIK
2009-03-03,4435.34,4435.34,4435.34,4435.34,TWSE FMTQIK
2009-03-04,4541.42,4541.42,4541.42,4541.42,TWSE FMTQIK
2009-03-05,4637.2,4637.2,4637.2,4637.2,TWSE FMTQIK
2009-03-06,4653.63,4653.63,4653.63,4653.63,TWSE FMTQIK
2009-03-09,4628.24,4628.24,4628.24,4628.24,TWSE FMTQIK
2009-03-10,4671.02,4671.02,4671.02,4671.02,TWSE FMTQIK
2009-03-11,4759.96,4759.96,4759.96,4759.96,TWSE FMTQIK
2009-03-12,4754.65,4754.65,4754.65,4754.65,TWSE FMTQIK
2009-03-13,4897.39,4897.39,4897.39,4897.39,TWSE FMTQIK
2009-03-16,4971.32,4971.32,4971.32,4971.32,TWSE FMTQIK
2009-03-17,5041.39,5041.39,5041.39,5041.39,TWSE FMTQIK
2009-03-18,5047.54,5047.54,5047.54,5047.54,TWSE FMTQIK
2009-03-19,5035.93,5035.93,5035.93,5035.93,TWSE FMTQIK
2009-03-20,4961.62,4961.62,4961.62,4961.62,TWSE FMTQIK
2009-03-23,5124.18,5124.18,5124.18,5124.18,TWSE FMTQIK
2009-03-24,5242.18,5242.18,5242.18,5242.18,TWSE FMTQIK
2009-03-25,5346.38,5346.38,5346.38,5346.38,TWSE FMTQIK
2009-03-26,5386.56,5386.56,5386.56,5386.56,TWSE FMTQIK
2009-03-27,5390.7,5390.7,5390.7,5390.7,TWSE FMTQIK
2009-03-30,5206.05,5206.05,5206.05,5206.05,TWSE FMTQIK
2009-03-31,5210.84,5210.84,5210.84,5210.84,TWSE FMTQIK
2009-04-01,5314.45,5314.45,5314.45,5314.45,TWSE FMTQIK
2009-04-02,5473.78,5473.78,5473.78,5473.78,TWSE FMTQIK
2009-04-03,5529.63,5529.63,5529.63,5529.63,TWSE FMTQIK
2009-04-06,5556.22,5556.22,5556.22,5556.22,TWSE FMTQIK
2009-04-07,5576.85,5576.85,5576.85,5576.85,TWSE FMTQIK
2009-04-08,5443.56,5443.56,5443.56,5443.56,TWSE FMTQIK
2009-04-09,5667.8,5667.8,5667.8,5667.8,TWSE FMTQIK
2009-04-10,5781.96,5781.96,5781.96,5781.96,TWSE FMTQIK
2009-04-13,5857.64,5857.64,5857.64,5857.64,TWSE FMTQIK
2009-04-14,5892.68,5892.68,5892.68,5892.68,TWSE FMTQIK
2009-04-15,5875.19,5875.19,5875.19,5875.19,TWSE FMTQIK
2009-04-16,5997.17,5997.17,5997.17,5997.17,TWSE FMTQIK
2009-04-17,5755.38,5755.38,5755.38,5755.38,TWSE FMTQIK
2009-04-20,5781.66,5781.66,5781.66,5781.66,TWSE FMTQIK
2009-04-21,5881.41,5881.41,5881.41,5881.41,TWSE FMTQIK
2009-04-22,5886.11,5886.11,5886.11,5886.11,TWSE FMTQIK
2009-04-23,5875.24,5875.24,5875.24,5875.24,TWSE FMTQIK
2009-04-24,5880.77,5880.77,5880.77,5880.77,TWSE FMTQIK
2009-04-27,5705.05,5705.05,5705.05,5705.05,TWSE FMTQIK
2009-04-28,5596.73,5596.73,5596.73,5596.73,TWSE FMTQIK
2009-04-29,5614.06,5614.06,5614.06,5614.06,TWSE FMTQIK
2009-04-30,5992.57,5992.57,5992.57,5992.57,TWSE FMTQIK
2009-05-04,6330.4,6330.4,6330.4,6330.4,TWSE FMTQIK
2009-05-05,6379.94,6379.94,6379.94,6379.94,TWSE FMTQIK
2009-05-06,6566.7,6566.7,6566.7,6566.7,TWSE FMTQIK
2009-05-07,6572.87,6572.87,6572.87,6572.87,TWSE FMTQIK
2009-05-08,6583.87,6583.87,6583.87,6583.87,TWSE FMTQIK
2009-05-11,6647.5,6647.5,6647.5,6647.5,TWSE FMTQIK
2009-05-12,6432.55,6432.55,6432.55,6432.55,TWSE FMTQIK
2009-05-13,6485.14,6485.14,6485.14,6485.14,TWSE FMTQIK
2009-05-14,6364.17,6364.17,6364.17,6364.17,TWSE FMTQIK
2009-05-15,6489.09,6489.09,6489.09,6489.09,TWSE FMTQIK
2009-05-18,6577.81,6577.81,6577.81,6577.81,TWSE FMTQIK
2009-05-19,6655.59,6655.59,6655.59,6655.59,TWSE FMTQIK
2009-05-20,6703.62,6703.62,6703.62,6703.62,TWSE FMTQIK
2009-05-21,6718.81,6718.81,6718.81,6718.81,TWSE FMTQIK
2009-05-22,6737.29,6737.29,6737.29,6737.29,TWSE FMTQIK
2009-05-25,6734.46,6734.46,6734.46,6734.46,TWSE FMTQIK
2009-05-26,6683.11,6683.11,6683.11,6683.11,TWSE FMTQIK
2009-05-27,6890.44,6890.44,6890.44,6890.44,TWSE FMTQIK
2009-06-01,6954.1,6954.1,6954.1,6954.1,TWSE FMTQIK
2009-06-02,6949.08,6949.08,6949.08,6949.08,TWSE FMTQIK
2009-06-03,6893.14,6893.14,6893.14,6893.14,TWSE FMTQIK
2009-06-04,6786.06,6786.06,6786.06,6786.06,TWSE FMTQIK
2009-06-05,6767.1,6767.1,6767.1,6767.1,TWSE FMTQIK
2009-06-06,6856.74,6856.74,6856.74,6856.74,TWSE FMTQIK
2009-06-08,6628.02,6628.02,6628.02,6628.02,TWSE FMTQIK
2009-06-09,6414.39,6414.39,6414.39,6414.39,TWSE FMTQIK
2009-06-10,6462.27,6462.27,6462.27,6462.27,TWSE FMTQIK
2009-06-11,6567.37,6567.37,6567.37,6567.37,TWSE FMTQIK
2009-06-12,6448.23,6448.23,6448.23,6448.23,TWSE FMTQIK
2009-06-15,6225.56,6225.56,6225.56,6225.56,TWSE FMTQIK
2009-06-16,6220.81,6220.81,6220.81,6220.81,TWSE FMTQIK
2009-06-17,6195.91,6195.91,6195.91,6195.91,TWSE FMTQIK
2009-06-18,6144.53,6144.53,6144.53,6144.53,TWSE FMTQIK
2009-06-19,6231.15,6231.15,6231.15,6231.15,TWSE FMTQIK
2009-06-22,6341.21,6341.21,6341.21,6341.21,TWSE FMTQIK
2009-06-23,6197.47,6197.47,6197.47,6197.47,TWSE FMTQIK
2009-06-24,6380.08,6380.08,6380.08,6380.08,TWSE FMTQIK
2009-06-25,6457.61,6457.61,6457.61,6457.61,TWSE FMTQIK
2009-06-26,6463.56,6463.56,6463.56,6463.56,TWSE FMTQIK
2009-06-29,6391.15,6391.15,6391.15,6391.15,TWSE FMTQIK
2009-06-30,6432.16,6432.16,6432.16,6432.16,TWSE FMTQIK
2009-07-01,6578.97,6578.97,6578.97,6578.97,TWSE FMTQIK
2009-07-02,6667.53,6667.53,6667.53,6667.53,TWSE FMTQIK
2009-07-03,6665.4,6665.4,6665.4,6665.4,TWSE FMTQIK
2009-07-06,6649.91,6649.91,6649.91,6649.91,TWSE FMTQIK
2009-07-07,6715.22,6715.22,6715.22,6715.22,TWSE FMTQIK
2009-07-08,6668.14,6668.14,6668.14,6668.14,TWSE FMTQIK
2009-07-09,6748.18,6748.18,6748.18,6748.18,TWSE FMTQIK
2009-07-10,6769.86,6769.86,6769.86,6769.86,TWSE FMTQIK
2009-07-13,6530.82,6530.82,6530.82,6530.82,TWSE FMTQIK
2009-07-14,6639.41,6639.41,6639.41,6639.41,TWSE FMTQIK
2009-07-15,6738.6,6738.6,6738.6,6738.6,TWSE FMTQIK
2009-07-16,6780.3,6780.3,6780.3,6780.3,TWSE FMTQIK
2009-07-17,6850.99,6850.99,6850.99,6850.99,TWSE FMTQIK
2009-07-20,6938.86,6938.86,6938.86,6938.86,TWSE FMTQIK
2009-07-21,6953.34,6953.34,6953.34,6953.34,TWSE FMTQIK
2009-07-22,6985.32,6985.32,6985.32,6985.32,TWSE FMTQIK
2009-07-23,6980.88,6980.88,6980.88,6980.88,TWSE FMTQIK
2009-07-24,6973.28,6973.28,6973.28,6973.28,TWSE FMTQIK
2009-07-27,7028.43,7028.43,7028.43,7028.43,TWSE FMTQIK
2009-07-28,7142.63,7142.63,7142.63,7142.63,TWSE FMTQIK
2009-07-29,7083.63,7083.63,7083.63,7083.63,TWSE FMTQIK
2009-07-30,7027.11,7027.11,7027.11,7027.11,TWSE FMTQIK
2009-07-31,7077.71,7077.71,7077.71,7077.71,TWSE FMTQIK
2009-08-03,7056.71,7056.71,7056.71,7056.71,TWSE FMTQIK
2009-08-04,6955.87,6955.87,6955.87,6955.87,TWSE FMTQIK
2009-08-05,6848.24,6848.24,6848.24,6848.24,TWSE FMTQIK
2009-08-06,6868.65,6868.65,6868.65,6868.65,TWSE FMTQIK
2009-08-10,6882.87,6882.87,6882.87,6882.87,TWSE FMTQIK
2009-08-11,6909.02,6909.02,6909.02,6909.02,TWSE FMTQIK
2009-08-12,6898.9,6898.9,6898.9,6898.9,TWSE FMTQIK
2009-08-13,7034.96,7034.96,7034.96,7034.96,TWSE FMTQIK
2009-08-14,7069.51,7069.51,7069.51,7069.51,TWSE FMTQIK
2009-08-17,6931.8,6931.8,6931.8,6931.8,TWSE FMTQIK
2009-08-18,6789.77,6789.77,6789.77,6789.77,TWSE FMTQIK
2009-08-19,6788.58,6788.58,6788.58,6788.58,TWSE FMTQIK
2009-08-20,6733.23,6733.23,6733.23,6733.23,TWSE FMTQIK
2009-08-21,6654.8,6654.8,6654.8,6654.8,TWSE FMTQIK
2009-08-24,6838.25,6838.25,6838.25,6838.25,TWSE FMTQIK
2009-08-25,6809.41,6809.41,6809.41,6809.41,TWSE FMTQIK
2009-08-26,6719.21,6719.21,6719.21,6719.21,TWSE FMTQIK
2009-08-27,6690.75,6690.75,6690.75,6690.75,TWSE FMTQIK
2009-08-28,6809.86,6809.86,6809.86,6809.86,TWSE FMTQIK
2009-08-31,6825.95,6825.95,6825.95,6825.95,TWSE FMTQIK
2009-09-01,7019.75,7019.75,7019.75,7019.75,TWSE FMTQIK
2009-09-02,7039.77,7039.77,7039.77,7039.77,TWSE FMTQIK
2009-09-03,7104.65,7104.65,7104.65,7104.65,TWSE FMTQIK
2009-09-04,7153.13,7153.13,7153.13,7153.13,TWSE FMTQIK
2009-09-07,7224.59,7224.59,7224.59,7224.59,TWSE FMTQIK
2009-09-08,7313.99,7313.99,7313.99,7313.99,TWSE FMTQIK
2009-09-09,7250.72,7250.72,7250.72,7250.72,TWSE FMTQIK
2009-09-10,7332.08,7332.08,7332.08,7332.08,TWSE FMTQIK
2009-09-11,7337.14,7337.14,7337.14,7337.14,TWSE FMTQIK
2009-09-14,7256.95,7256.95,7256.95,7256.95,TWSE FMTQIK
2009-09-15,7346.26,7346.26,7346.26,7346.26,TWSE FMTQIK
2009-09-16,7440.24,7440.24,7440.24,7440.24,TWSE FMTQIK
2009-09-17,7477.3,7477.3,7477.3,7477.3,TWSE FMTQIK
2009-09-18,7526.55,7526.55,7526.55,7526.55,TWSE FMTQIK
2009-09-21,7502.46,7502.46,7502.46,7502.46,TWSE FMTQIK
2009-09-22,7469.03,7469.03,7469.03,7469.03,TWSE FMTQIK
2009-09-23,7376.76,7376.76,7376.76,7376.76,TWSE FMTQIK
2009-09-24,7324.22,7324.22,7324.22,7324.22,TWSE FMTQIK
2009-09-25,7345.22,7345.22,7345.22,7345.22,TWSE FMTQIK
2009-09-28,7284.61,7284.61,7284.61,7284.61,TWSE FMTQIK
2009-09-29,7429.98,7429.98,7429.98,7429.98,TWSE FMTQIK
2009-09-30,7509.17,7509.17,7509.17,7509.17,TWSE FMTQIK
2009-10-01,7545.29,7545.29,7545.29,7545.29,TWSE FMTQIK
2009-10-02,7411.88,7411.88,7411.88,7411.88,TWSE FMTQIK
2009-10-05,7437.98,7437.98,7437.98,7437.98,TWSE FMTQIK
2009-10-06,7536.05,7536.05,7536.05,7536.05,TWSE FMTQIK
2009-10-07,7608.66,7608.66,7608.66,7608.66,TWSE FMTQIK
2009-10-08,7503.31,7503.31,7503.31,7503.31,TWSE FMTQIK
2009-10-09,7571.96,7571.96,7571.96,7571.96,TWSE FMTQIK
2009-10-12,7599.88,7599.88,7599.88,7599.88,TWSE FMTQIK
2009-10-13,7596.6,7596.6,7596.6,7596.6,TWSE FMTQIK
2009-10-14,7695.75,7695.75,7695.75,7695.75,TWSE FMTQIK
2009-10-15,7710.4,7710.4,7710.4,7710.4,TWSE FMTQIK
2009-10-16,7715.1,7715.1,7715.1,7715.1,TWSE FMTQIK
2009-10-19,7751.32,7751.32,7751.32,7751.32,TWSE FMTQIK
2009-10-20,7753.52,7753.52,7753.52,7753.52,TWSE FMTQIK
2009-10-21,7701.5,7701.5,7701.5,7701.5,TWSE FMTQIK
2009-10-22,7607.93,7607.93,7607.93,7607.93,TWSE FMTQIK
2009-10-23,7649.28,7649.28,7649.28,7649.28,TWSE FMTQIK
2009-10-26,7668.4,7668.4,7668.4,7668.4,TWSE FMTQIK
2009-10-27,7657.34,7657.34,7657.34,7657.34,TWSE FMTQIK
2009-10-28,7533.95,7533.95,7533.95,7533.95,TWSE FMTQIK
2009-10-29,7355.69,7355.69,7355.69,7355.69,TWSE FMTQIK
2009-10-30,7340.08,7340.08,7340.08,7340.08,TWSE FMTQIK
2009-11-02,7335.18,7335.18,7335.18,7335.18,TWSE FMTQIK
2009-11-03,7322.93,7322.93,7322.93,7322.93,TWSE FMTQIK
2009-11-04,7467.04,7467.04,7467.04,7467.04,TWSE FMTQIK
2009-11-05,7417.46,7417.46,7417.46,7417.46,TWSE FMTQIK
2009-11-06,7463.05,7463.05,7463.05,7463.05,TWSE FMTQIK
2009-11-09,7536.7,7536.7,7536.7,7536.7,TWSE FMTQIK
2009-11-10,7593.49,7593.49,7593.49,7593.49,TWSE FMTQIK
2009-11-11,7668.06,7668.06,7668.06,7668.06,TWSE FMTQIK
2009-11-12,7670.93,7670.93,7670.93,7670.93,TWSE FMTQIK
2009-11-13,7665.63,7665.63,7665.63,7665.63,TWSE FMTQIK
2009-11-16,7792.68,7792.68,7792.68,7792.68,TWSE FMTQIK
2009-11-17,7733.21,7733.21,7733.21,7733.21,TWSE FMTQIK
2009-11-18,7766.69,7766.69,7766.69,7766.69,TWSE FMTQIK
2009-11-19,7759.98,7759.98,7759.98,7759.98,TWSE FMTQIK
2009-11-20,7682.97,7682.97,7682.97,7682.97,TWSE FMTQIK
2009-11-23,7687.15,7687.15,7687.15,7687.15,TWSE FMTQIK
2009-11-24,7714.56,7714.56,7714.56,7714.56,TWSE FMTQIK
2009-11-25,7756.31,7756.31,7756.31,7756.31,TWSE FMTQIK
2009-11-26,7739.16,7739.16,7739.16,7739.16,TWSE FMTQIK
2009-11-27,7490.91,7490.91,7490.91,7490.91,TWSE FMTQIK
2009-11-30,7582.21,7582.21,7582.21,7582.21,TWSE FMTQIK
2009-12-01,7649.23,7649.23,7649.23,7649.23,TWSE FMTQIK
2009-12-02,7677.62,7677.62,7677.62,7677.62,TWSE FMTQIK
2009-12-03,7684.67,7684.67,7684.67,7684.67,TWSE FMTQIK
2009-12-04,7650.91,7650.91,7650.91,7650.91,TWSE FMTQIK
2009-12-07,7775.64,7775.64,7775.64,7775.64,TWSE FMTQIK
2009-12-08,7768.71,7768.71,7768.71,7768.71,TWSE FMTQIK
2009-12-09,7797.42,7797.42,7797.42,7797.42,TWSE FMTQIK
2009-12-10,7677.91,7677.91,7677.91,7677.91,TWSE FMTQIK
2009-12-11,7795.07,7795.07,7795.07,7795.07,TWSE FMTQIK
2009-12-14,7819.13,7819.13,7819.13,7819.13,TWSE FMTQIK
2009-12-15,7807.62,7807.62,7807.62,7807.62,TWSE FMTQIK
2009-12-16,7751.6,7751.6,7751.6,7751.6,TWSE FMTQIK
2009-12-17,7742.17,7742.17,7742.17,7742.17,TWSE FMTQIK
2009-12-18,7753.63,7753.63,7753.63,7753.63,TWSE FMTQIK
2009-12-21,7787.27,7787.27,7787.27,7787.27,TWSE FMTQIK
2009-12-22,7856.0,7856.0,7856.0,7856.0,TWSE FMTQIK
2009-12-23,7901.5,7901.5,7901.5,7901.5,TWSE FMTQIK
2009-12-24,7963.54,7963.54,7963.54,7963.54,TWSE FMTQIK
2009-12-25,7972.59,7972.59,7972.59,7972.59,TWSE FMTQIK
2009-12-28,8057.49,8057.49,8057.49,8057.49,TWSE FMTQIK
2009-12-29,8053.83,8053.83,8053.83,8053.83,TWSE FMTQIK
2009-12-30,8112.28,8112.28,8112.28,8112.28,TWSE FMTQIK
2009-12-31,8188.11,8188.11,8188.11,8188.11,TWSE FMTQIK
2010-01-04,8207.85,8207.85,8207.85,8207.85,TWSE FMTQIK
2010-01-05,8211.4,8211.4,8211.4,8211.4,TWSE FMTQIK
2010-01-06,8327.62,8327.62,8327.62,8327.62,TWSE FMTQIK
2010-01-07,8237.42,8237.42,8237.42,8237.42,TWSE FMTQIK
2010-01-08,8280.9,8280.9,8280.9,8280.9,TWSE FMTQIK
2010-01-11,8323.82,8323.82,8323.82,8323.82,TWSE FMTQIK
2010-01-12,8309.37,8309.37,8309.37,8309.37,TWSE FMTQIK
2010-01-13,8196.56,8196.56,8196.56,8196.56,TWSE FMTQIK
2010-01-14,8289.98,8289.98,8289.98,8289.98,TWSE FMTQIK
2010-01-15,8356.89,8356.89,8356.89,8356.89,TWSE FMTQIK
2010-01-18,8337.82,8337.82,8337.82,8337.82,TWSE FMTQIK
2010-01-19,8249.0,8249.0,8249.0,8249.0,TWSE FMTQIK
2010-01-20,8220.93,8220.93,8220.93,8220.93,TWSE FMTQIK
2010-01-21,8127.87,8127.87,8127.87,8127.87,TWSE FMTQIK
2010-01-22,7927.31,7927.31,7927.31,7927.31,TWSE FMTQIK
2010-01-25,7872.99,7872.99,7872.99,7872.99,TWSE FMTQIK
2010-01-26,7598.81,7598.81,7598.81,7598.81,TWSE FMTQIK
2010-01-27,7560.03,7560.03,7560.03,7560.03,TWSE FMTQIK
2010-01-28,7694.58,7694.58,7694.58,7694.58,TWSE FMTQIK
2010-01-29,7640.44,7640.44,7640.44,7640.44,TWSE FMTQIK
2010-02-01,7524.67,7524.67,7524.67,7524.67,TWSE FMTQIK
2010-02-02,7429.61,7429.61,7429.61,7429.61,TWSE FMTQIK
2010-02-03,7547.98,7547.98,7547.98,7547.98,TWSE FMTQIK
2010-02-04,7542.04,7542.04,7542.04,7542.04,TWSE FMTQIK
2010-02-05,7217.83,7217.83,7217.83,7217.83,TWSE FMTQIK
2010-02-06,7212.87,7212.87,7212.87,7212.87,TWSE FMTQIK
2010-02-08,7215.88,7215.88,7215.88,7215.88,TWSE FMTQIK
2010-02-09,7361.04,7361.04,7361.04,7361.04,TWSE FMTQIK
2010-02-10,7441.84,7441.84,7441.84,7441.84,TWSE FMTQIK
2010-02-22,7560.04,7560.04,7560.04,7560.04,TWSE FMTQIK
2010-02-23,7597.44,7597.44,7597.44,7597.44,TWSE FMTQIK
2010-02-24,7529.67,7529.67,7529.67,7529.67,TWSE FMTQIK
2010-02-25,7426.96,7426.96,7426.96,7426.96,TWSE FMTQIK
2010-02-26,7436.1,7436.1,7436.1,7436.1,TWSE FMTQIK
2010-03-01,7577.75,7577.75,7577.75,7577.75,TWSE FMTQIK
2010-03-02,7597.62,7597.62,7597.62,7597.62,TWSE FMTQIK
2010-03-03,7629.52,7629.52,7629.52,7629.52,TWSE FMTQIK
2010-03-04,7569.8,7569.8,7569.8,7569.8,TWSE FMTQIK
2010-03-05,7666.26,7666.26,7666.26,7666.26,TWSE FMTQIK
2010-03-08,7762.27,7762.27,7762.27,7762.27,TWSE FMTQIK
2010-03-09,7770.59,7770.59,7770.59,7770.59,TWSE FMTQIK
2010-03-10,7779.08,7779.08,7779.08,7779.08,TWSE FMTQIK
2010-03-11,7749.66,7749.66,7749.66,7749.66,TWSE FMTQIK
2010-03-12,7748.33,7748.33,7748.33,7748.33,TWSE FMTQIK
2010-03-15,7634.92,7634.92,7634.92,7634.92,TWSE FMTQIK
2010-03-16,7695.63,7695.63,7695.63,7695.63,TWSE FMTQIK
2010-03-17,7847.84,7847.84,7847.84,7847.84,TWSE FMTQIK
2010-03-18,7886.34,7886.34,7886.34,7886.34,TWSE FMTQIK
2010-03-19,7897.91,7897.91,7897.91,7897.91,TWSE FMTQIK
2010-03-22,7835.98,7835.98,7835.98,7835.98,TWSE FMTQIK
2010-03-23,7811.87,7811.87,7811.87,7811.87,TWSE FMTQIK
2010-03-24,7822.71,7822.71,7822.71,7822.71,TWSE FMTQIK
2010-03-25,7838.1,7838.1,7838.1,7838.1,TWSE FMTQIK
2010-03-26,7876.86,7876.86,7876.86,7876.86,TWSE FMTQIK
2010-03-29,7947.45,7947.45,7947.45,7947.45,TWSE FMTQIK
2010-03-30,7962.22,7962.22,7962.22,7962.22,TWSE FMTQIK
2010-03-31,7920.06,7920.06,7920.06,7920.06,TWSE FMTQIK
2010-04-01,8013.09,8013.09,8013.09,8013.09,TWSE FMTQIK
2010-04-02,8025.93,8025.93,8025.93,8025.93,TWSE FMTQIK
2010-04-06,8089.65,8089.65,8089.65,8089.65,TWSE FMTQIK
2010-04-07,8121.78,8121.78,8121.78,8121.78,TWSE FMTQIK
2010-04-08,8057.6,8057.6,8057.6,8057.6,TWSE FMTQIK
2010-04-09,8092.03,8092.03,8092.03,8092.03,TWSE FMTQIK
2010-04-12,8117.75,8117.75,8117.75,8117.75,TWSE FMTQIK
2010-04-13,8029.73,8029.73,8029.73,8029.73,TWSE FMTQIK
2010-04-14,8097.13,8097.13,8097.13,8097.13,TWSE FMTQIK
2010-04-15,8171.94,8171.94,8171.94,8171.94,TWSE FMTQIK
2010-04-16,8111.57,8111.57,8111.57,8111.57,TWSE FMTQIK
2010-04-19,7854.22,7854.22,7854.22,7854.22,TWSE FMTQIK
2010-04-20,7900.42,7900.42,7900.42,7900.42,TWSE FMTQIK
2010-04-21,7990.53,7990.53,7990.53,7990.53,TWSE FMTQIK
2010-04-22,7978.69,7978.69,7978.69,7978.69,TWSE FMTQIK
2010-04-23,8004.89,8004.89,8004.89,8004.89,TWSE FMTQIK
2010-04-26,8158.14,8158.14,8158.14,8158.14,TWSE FMTQIK
2010-04-27,8146.44,8146.44,8146.44,8146.44,TWSE FMTQIK
2010-04-28,8081.55,8081.55,8081.55,8081.55,TWSE FMTQIK
2010-04-29,8054.05,8054.05,8054.05,8054.05,TWSE FMTQIK
2010-04-30,8004.25,8004.25,8004.25,8004.25,TWSE FMTQIK
2010-05-03,7952.17,7952.17,7952.17,7952.17,TWSE FMTQIK
2010-05-04,7930.77,7930.77,7930.77,7930.77,TWSE FMTQIK
2010-05-05,7696.9,7696.9,7696.9,7696.9,TWSE FMTQIK
2010-05-06,7579.48,7579.48,7579.48,7579.48,TWSE FMTQIK
2010-05-07,7567.1,7567.1,7567.1,7567.1,TWSE FMTQIK
2010-05-10,7664.73,7664.73,7664.73,7664.73,TWSE FMTQIK
2010-05-11,7608.44,7608.44,7608.44,7608.44,TWSE FMTQIK
2010-05-12,7602.7,7602.7,7602.7,7602.7,TWSE FMTQIK
2010-05-13,7770.57,7770.57,7770.57,7770.57,TWSE FMTQIK
2010-05-14,7772.13,7772.13,7772.13,7772.13,TWSE FMTQIK
2010-05-17,7598.72,7598.72,7598.72,7598.72,TWSE FMTQIK
2010-05-18,7585.3,7585.3,7585.3,7585.3,TWSE FMTQIK
2010-05-19,7559.16,7559.16,7559.16,7559.16,TWSE FMTQIK
2010-05-20,7424.43,7424.43,7424.43,7424.43,TWSE FMTQIK
2010-05-21,7237.71,7237.71,7237.71,7237.71,TWSE FMTQIK
2010-05-24,7322.73,7322.73,7322.73,7322.73,TWSE FMTQIK
2010-05-25,7086.37,7086.37,7086.37,7086.37,TWSE FMTQIK
2010-05-26,7167.35,7167.35,7167.35,7167.35,TWSE FMTQIK
2010-05-27,7243.16,7243.16,7243.16,7243.16,TWSE FMTQIK
2010-05-28,7295.32,7295.32,7295.32,7295.32,TWSE FMTQIK
2010-05-31,7373.98,7373.98,7373.98,7373.98,TWSE FMTQIK
2010-06-01,7289.33,7289.33,7289.33,7289.33,TWSE FMTQIK
2010-06-02,7195.71,7195.71,7195.71,7195.71,TWSE FMTQIK
2010-06-03,7360.28,7360.28,7360.28,7360.28,TWSE FMTQIK
2010-06-04,7344.59,7344.59,7344.59,7344.59,TWSE FMTQIK
2010-06-07,7157.83,7157.83,7157.83,7157.83,TWSE FMTQIK
2010-06-08,7151.99,7151.99,7151.99,7151.99,TWSE FMTQIK
2010-06-09,7071.67,7071.67,7071.67,7071.67,TWSE FMTQIK
2010-06-10,7181.77,7181.77,7181.77,7181.77,TWSE FMTQIK
2010-06-11,7299.49,7299.49,7299.49,7299.49,TWSE FMTQIK
2010-06-14,7387.4,7387.4,7387.4,7387.4,TWSE FMTQIK
2010-06-15,7454.06,7454.06,7454.06,7454.06,TWSE FMTQIK
2010-06-17,7515.78,7515.78,7515.78,7515.78,TWSE FMTQIK
2010-06-18,7493.11,7493.11,7493.11,7493.11,TWSE FMTQIK
2010-06-21,7635.56,7635.56,7635.56,7635.56,TWSE FMTQIK
2010-06-22,7612.68,7612.68,7612.68,7612.68,TWSE FMTQIK
2010-06-23,7582.15,7582.15,7582.15,7582.15,TWSE FMTQIK
2010-06-24,7589.89,7589.89,7589.89,7589.89,TWSE FMTQIK
2010-06-25,7474.71,7474.71,7474.71,7474.71,TWSE FMTQIK
2010-06-28,7500.79,7500.79,7500.79,7500.79,TWSE FMTQIK
2010-06-29,7423.57,7423.57,7423.57,7423.57,TWSE FMTQIK
2010-06-30,7329.37,7329.37,7329.37,7329.37,TWSE FMTQIK
2010-07-01,7254.06,7254.06,7254.06,7254.06,TWSE FMTQIK
2010-07-02,7330.74,7330.74,7330.74,7330.74,TWSE FMTQIK
2010-07-05,7439.96,7439.96,7439.96,7439.96,TWSE FMTQIK
2010-07-06,7548.48,7548.48,7548.48,7548.48,TWSE FMTQIK
2010-07-07,7534.46,7534.46,7534.46,7534.46,TWSE FMTQIK
2010-07-08,7608.85,7608.85,7608.85,7608.85,TWSE FMTQIK
2010-07-09,7647.25,7647.25,7647.25,7647.25,TWSE FMTQIK
2010-07-12,7639.55,7639.55,7639.55,7639.55,TWSE FMTQIK
2010-07-13,7597.42,7597.42,7597.42,7597.42,TWSE FMTQIK
2010-07-14,7714.51,7714.51,7714.51,7714.51,TWSE FMTQIK
2010-07-15,7704.52,7704.52,7704.52,7704.52,TWSE FMTQIK
2010-07-16,7664.57,7664.57,7664.57,7664.57,TWSE FMTQIK
2010-07-19,7649.83,7649.83,7649.83,7649.83,TWSE FMTQIK
2010-07-20,7712.03,7712.03,7712.03,7712.03,TWSE FMTQIK
2010-07-21,7701.29,7701.29,7701.29,7701.29,TWSE FMTQIK
2010-07-22,7666.34,7666.34,7666.34,7666.34,TWSE FMTQIK
2010-07-23,7761.22,7761.22,7761.22,7761.22,TWSE FMTQIK
2010-07-26,7787.45,7787.45,7787.45,7787.45,TWSE FMTQIK
2010-07-27,7748.01,7748.01,7748.01,7748.01,TWSE FMTQIK
2010-07-28,7784.81,7784.81,7784.81,7784.81,TWSE FMTQIK
2010-07-29,7798.99,7798.99,7798.99,7798.99,TWSE FMTQIK
2010-07-30,7760.63,7760.63,7760.63,7760.63,TWSE FMTQIK
2010-08-02,7911.68,7911.68,7911.68,7911.68,TWSE FMTQIK
2010-08-03,7957.53,7957.53,7957.53,7957.53,TWSE FMTQIK
2010-08-04,7972.66,7972.66,7972.66,7972.66,TWSE FMTQIK
2010-08-05,7936.85,7936.85,7936.85,7936.85,TWSE FMTQIK
2010-08-06,7963.3,7963.3,7963.3,7963.3,TWSE FMTQIK
2010-08-09,8034.49,8034.49,8034.49,8034.49,TWSE FMTQIK
2010-08-10,7976.74,7976.74,7976.74,7976.74,TWSE FMTQIK
2010-08-11,7895.03,7895.03,7895.03,7895.03,TWSE FMTQIK
2010-08-12,7829.79,7829.79,7829.79,7829.79,TWSE FMTQIK
2010-08-13,7891.58,7891.58,7891.58,7891.58,TWSE FMTQIK
2010-08-16,7941.22,7941.22,7941.22,7941.22,TWSE FMTQIK
2010-08-17,7931.09,7931.09,7931.09,7931.09,TWSE FMTQIK
2010-08-18,7924.1,7924.1,7924.1,7924.1,TWSE FMTQIK
2010-08-19,7928.94,7928.94,7928.94,7928.94,TWSE FMTQIK
2010-08-20,7927.31,7927.31,7927.31,7927.31,TWSE FMTQIK
2010-08-23,7975.93,7975.93,7975.93,7975.93,TWSE FMTQIK
2010-08-24,7940.64,7940.64,7940.64,7940.64,TWSE FMTQIK
2010-08-25,7736.98,7736.98,7736.98,7736.98,TWSE FMTQIK
2010-08-26,7689.74,7689.74,7689.74,7689.74,TWSE FMTQIK
2010-08-27,7722.91,7722.91,7722.91,7722.91,TWSE FMTQIK
2010-08-30,7741.2,7741.2,7741.2,7741.2,TWSE FMTQIK
2010-08-31,7616.28,7616.28,7616.28,7616.28,TWSE FMTQIK
2010-09-01,7668.25,7668.25,7668.25,7668.25,TWSE FMTQIK
2010-09-02,7720.82,7720.82,7720.82,7720.82,TWSE FMTQIK
2010-09-03,7830.21,7830.21,7830.21,7830.21,TWSE FMTQIK
2010-09-06,7890.95,7890.95,7890.95,7890.95,TWSE FMTQIK
2010-09-07,7884.4,7884.4,7884.4,7884.4,TWSE FMTQIK
2010-09-08,7851.31,7851.31,7851.31,7851.31,TWSE FMTQIK
2010-09-09,7835.54,7835.54,7835.54,7835.54,TWSE FMTQIK
2010-09-10,7890.11,7890.11,7890.11,7890.11,TWSE FMTQIK
2010-09-13,8091.3,8091.3,8091.3,8091.3,TWSE FMTQIK
2010-09-14,8132.6,8132.6,8132.6,8132.6,TWSE FMTQIK
2010-09-15,8163.82,8163.82,8163.82,8163.82,TWSE FMTQIK
2010-09-16,8099.75,8099.75,8099.75,8099.75,TWSE FMTQIK
2010-09-17,8158.33,8158.33,8158.33,8158.33,TWSE FMTQIK
2010-09-20,8186.96,8186.96,8186.96,8186.96,TWSE FMTQIK
2010-09-21,8196.4,8196.4,8196.4,8196.4,TWSE FMTQIK
2010-09-23,8202.54,8202.54,8202.54,8202.54,TWSE FMTQIK
2010-09-24,8166.62,8166.62,8166.62,8166.62,TWSE FMTQIK
2010-09-27,8191.54,8191.54,8191.54,8191.54,TWSE FMTQIK
2010-09-28,8189.44,8189.44,8189.44,8189.44,TWSE FMTQIK
2010-09-29,8240.89,8240.89,8240.89,8240.89,TWSE FMTQIK
2010-09-30,8237.78,8237.78,8237.78,8237.78,TWSE FMTQIK
2010-10-01,8244.18,8244.18,8244.18,8244.18,TWSE FMTQIK
2010-10-04,8246.1,8246.1,8246.1,8246.1,TWSE FMTQIK
2010-10-05,8200.43,8200.43,8200.43,8200.43,TWSE FMTQIK
2010-10-06,8284.03,8284.03,8284.03,8284.03,TWSE FMTQIK
2010-10-07,8283.92,8283.92,8283.92,8283.92,TWSE FMTQIK
2010-10-08,8244.19,8244.19,8244.19,8244.19,TWSE FMTQIK
2010-10-11,8176.76,8176.76,8176.76,8176.76,TWSE FMTQIK
2010-10-12,8090.22,8090.22,8090.22,8090.22,TWSE FMTQIK
2010-10-13,8106.66,8106.66,8106.66,8106.66,TWSE FMTQIK
2010-10-14,8215.45,8215.45,8215.45,8215.45,TWSE FMTQIK
2010-10-15,8205.3,8205.3,8205.3,8205.3,TWSE FMTQIK
2010-10-18,8060.54,8060.54,8060.54,8060.54,TWSE FMTQIK
2010-10-19,8046.23,8046.23,8046.23,8046.23,TWSE FMTQIK
2010-10-20,8124.62,8124.62,8124.62,8124.62,TWSE FMTQIK
2010-10-21,8131.23,8131.23,8131.23,8131.23,TWSE FMTQIK
2010-10-22,8168.06,8168.06,8168.06,8168.06,TWSE FMTQIK
2010-10-25,8306.98,8306.98,8306.98,8306.98,TWSE FMTQIK
2010-10-26,8343.23,8343.23,8343.23,8343.23,TWSE FMTQIK
2010-10-27,8291.04,8291.04,8291.04,8291.04,TWSE FMTQIK
2010-10-28,8354.05,8354.05,8354.05,8354.05,TWSE FMTQIK
2010-10-29,8287.09,8287.09,8287.09,8287.09,TWSE FMTQIK
2010-11-01,8379.75,8379.75,8379.75,8379.75,TWSE FMTQIK
2010-11-02,8344.76,8344.76,8344.76,8344.76,TWSE FMTQIK
2010-11-03,8293.9,8293.9,8293.9,8293.9,TWSE FMTQIK
2010-11-04,8357.85,8357.85,8357.85,8357.85,TWSE FMTQIK
2010-11-05,8449.34,8449.34,8449.34,8449.34,TWSE FMTQIK
2010-11-08,8430.58,8430.58,8430.58,8430.58,TWSE FMTQIK
2010-11-09,8445.63,8445.63,8445.63,8445.63,TWSE FMTQIK
2010-11-10,8450.63,8450.63,8450.63,8450.63,TWSE FMTQIK
2010-11-11,8436.95,8436.95,8436.95,8436.95,TWSE FMTQIK
2010-11-12,8316.05,8316.05,8316.05,8316.05,TWSE FMTQIK
2010-11-15,8240.65,8240.65,8240.65,8240.65,TWSE FMTQIK
2010-11-16,8312.21,8312.21,8312.21,8312.21,TWSE FMTQIK
2010-11-17,8255.54,8255.54,8255.54,8255.54,TWSE FMTQIK
2010-11-18,8283.45,8283.45,8283.45,8283.45,TWSE FMTQIK
2010-11-19,8306.12,8306.12,8306.12,8306.12,TWSE FMTQIK
2010-11-22,8374.91,8374.91,8374.91,8374.91,TWSE FMTQIK
2010-11-23,8328.63,8328.63,8328.63,8328.63,TWSE FMTQIK
2010-11-24,8297.05,8297.05,8297.05,8297.05,TWSE FMTQIK
2010-11-25,8349.99,8349.99,8349.99,8349.99,TWSE FMTQIK
2010-11-26,8312.15,8312.15,8312.15,8312.15,TWSE FMTQIK
2010-11-29,8367.17,8367.17,8367.17,8367.17,TWSE FMTQIK
2010-11-30,8372.48,8372.48,8372.48,8372.48,TWSE FMTQIK
2010-12-01,8520.11,8520.11,8520.11,8520.11,TWSE FMTQIK
2010-12-02,8585.77,8585.77,8585.77,8585.77,TWSE FMTQIK
2010-12-03,8624.01,8624.01,8624.01,8624.01,TWSE FMTQIK
2010-12-06,8702.23,8702.23,8702.23,8702.23,TWSE FMTQIK
2010-12-07,8704.39,8704.39,8704.39,8704.39,TWSE FMTQIK
2010-12-08,8703.79,8703.79,8703.79,8703.79,TWSE FMTQIK
2010-12-09,8753.84,8753.84,8753.84,8753.84,TWSE FMTQIK
2010-12-10,8718.83,8718.83,8718.83,8718.83,TWSE FMTQIK
2010-12-13,8736.59,8736.59,8736.59,8736.59,TWSE FMTQIK
2010-12-14,8740.43,8740.43,8740.43,8740.43,TWSE FMTQIK
2010-12-15,8756.71,8756.71,8756.71,8756.71,TWSE FMTQIK
2010-12-16,8782.2,8782.2,8782.2,8782.2,TWSE FMTQIK
2010-12-17,8817.9,8817.9,8817.9,8817.9,TWSE FMTQIK
2010-12-20,8768.72,8768.72,8768.72,8768.72,TWSE FMTQIK
2010-12-21,8827.79,8827.79,8827.79,8827.79,TWSE FMTQIK
2010-12-22,8860.49,8860.49,8860.49,8860.49,TWSE FMTQIK
2010-12-23,8898.87,8898.87,8898.87,8898.87,TWSE FMTQIK
2010-12-24,8861.1,8861.1,8861.1,8861.1,TWSE FMTQIK
2010-12-27,8892.31,8892.31,8892.31,8892.31,TWSE FMTQIK
2010-12-28,8870.76,8870.76,8870.76,8870.76,TWSE FMTQIK
2010-12-29,8866.35,8866.35,8866.35,8866.35,TWSE FMTQIK
2010-12-30,8907.91,8907.91,8907.91,8907.91,TWSE FMTQIK
2010-12-31,8972.5,8972.5,8972.5,8972.5,TWSE FMTQIK
2011-01-03,9025.3,9025.3,9025.3,9025.3,TWSE FMTQIK
2011-01-04,8997.19,8997.19,8997.19,8997.19,TWSE FMTQIK
2011-01-05,8846.31,8846.31,8846.31,8846.31,TWSE FMTQIK
2011-01-06,8883.21,8883.21,8883.21,8883.21,TWSE FMTQIK
2011-01-07,8782.72,8782.72,8782.72,8782.72,TWSE FMTQIK
2011-01-10,8817.88,8817.88,8817.88,8817.88,TWSE FMTQIK
2011-01-11,8931.36,8931.36,8931.36,8931.36,TWSE FMTQIK
2011-01-12,8965.0,8965.0,8965.0,8965.0,TWSE FMTQIK
2011-01-13,8975.58,8975.58,8975.58,8975.58,TWSE FMTQIK
2011-01-14,8972.51,8972.51,8972.51,8972.51,TWSE FMTQIK
2011-01-17,8925.09,8925.09,8925.09,8925.09,TWSE FMTQIK
2011-01-18,8988.0,8988.0,8988.0,8988.0,TWSE FMTQIK
2011-01-19,9086.02,9086.02,9086.02,9086.02,TWSE FMTQIK
2011-01-20,9022.17,9022.17,9022.17,9022.17,TWSE FMTQIK
2011-01-21,8954.38,8954.38,8954.38,8954.38,TWSE FMTQIK
2011-01-24,8947.79,8947.79,8947.79,8947.79,TWSE FMTQIK
2011-01-25,8991.39,8991.39,8991.39,8991.39,TWSE FMTQIK
2011-01-26,9055.59,9055.59,9055.59,9055.59,TWSE FMTQIK
2011-01-27,9102.33,9102.33,9102.33,9102.33,TWSE FMTQIK
2011-01-28,9145.35,9145.35,9145.35,9145.35,TWSE FMTQIK
2011-02-08,9111.46,9111.46,9111.46,9111.46,TWSE FMTQIK
2011-02-09,9006.82,9006.82,9006.82,9006.82,TWSE FMTQIK
2011-02-10,8836.56,8836.56,8836.56,8836.56,TWSE FMTQIK
2011-02-11,8609.86,8609.86,8609.86,8609.86,TWSE FMTQIK
2011-02-14,8685.47,8685.47,8685.47,8685.47,TWSE FMTQIK
2011-02-15,8721.93,8721.93,8721.93,8721.93,TWSE FMTQIK
2011-02-16,8712.96,8712.96,8712.96,8712.96,TWSE FMTQIK
2011-02-17,8683.88,8683.88,8683.88,8683.88,TWSE FMTQIK
2011-02-18,8843.84,8843.84,8843.84,8843.84,TWSE FMTQIK
2011-02-21,8839.22,8839.22,8839.22,8839.22,TWSE FMTQIK
2011-02-22,8673.67,8673.67,8673.67,8673.67,TWSE FMTQIK
2011-02-23,8528.94,8528.94,8528.94,8528.94,TWSE FMTQIK
2011-02-24,8541.64,8541.64,8541.64,8541.64,TWSE FMTQIK
2011-02-25,8599.65,8599.65,8599.65,8599.65,TWSE FMTQIK
2011-03-01,8727.56,8727.56,8727.56,8727.56,TWSE FMTQIK
2011-03-02,8619.9,8619.9,8619.9,8619.9,TWSE FMTQIK
2011-03-03,8738.37,8738.37,8738.37,8738.37,TWSE FMTQIK
2011-03-04,8784.4,8784.4,8784.4,8784.4,TWSE FMTQIK
2011-03-07,8713.79,8713.79,8713.79,8713.79,TWSE FMTQIK
2011-03-08,8747.75,8747.75,8747.75,8747.75,TWSE FMTQIK
2011-03-09,8750.02,8750.02,8750.02,8750.02,TWSE FMTQIK
2011-03-10,8642.9,8642.9,8642.9,8642.9,TWSE FMTQIK
2011-03-11,8567.82,8567.82,8567.82,8567.82,TWSE FMTQIK
2011-03-14,8520.02,8520.02,8520.02,8520.02,TWSE FMTQIK
2011-03-15,8234.78,8234.78,8234.78,8234.78,TWSE FMTQIK
2011-03-16,8324.58,8324.58,8324.58,8324.58,TWSE FMTQIK
2011-03-17,8282.69,8282.69,8282.69,8282.69,TWSE FMTQIK
2011-03-18,8394.75,8394.75,8394.75,8394.75,TWSE FMTQIK
2011-03-21,8467.71,8467.71,8467.71,8467.71,TWSE FMTQIK
2011-03-22,8508.04,8508.04,8508.04,8508.04,TWSE FMTQIK
2011-03-23,8545.08,8545.08,8545.08,8545.08,TWSE FMTQIK
2011-03-24,8576.4,8576.4,8576.4,8576.4,TWSE FMTQIK
2011-03-25,8610.39,8610.39,8610.39,8610.39,TWSE FMTQIK
2011-03-28,8553.06,8553.06,8553.06,8553.06,TWSE FMTQIK
2011-03-29,8596.57,8596.57,8596.57,8596.57,TWSE FMTQIK
2011-03-30,8646.31,8646.31,8646.31,8646.31,TWSE FMTQIK
2011-03-31,8683.3,8683.3,8683.3,8683.3,TWSE FMTQIK
2011-04-01,8705.13,8705.13,8705.13,8705.13,TWSE FMTQIK
2011-04-06,8851.98,8851.98,8851.98,8851.98,TWSE FMTQIK
2011-04-07,8901.72,8901.72,8901.72,8901.72,TWSE FMTQIK
2011-04-08,8894.54,8894.54,8894.54,8894.54,TWSE FMTQIK
2011-04-11,8880.27,8880.27,8880.27,8880.27,TWSE FMTQIK
2011-04-12,8732.59,8732.59,8732.59,8732.59,TWSE FMTQIK
2011-04-13,8780.2,8780.2,8780.2,8780.2,TWSE FMTQIK
2011-04-14,8802.73,8802.73,8802.73,8802.73,TWSE FMTQIK
2011-04-15,8718.12,8718.12,8718.12,8718.12,TWSE FMTQIK
2011-04-18,8714.48,8714.48,8714.48,8714.48,TWSE FMTQIK
2011-04-19,8638.55,8638.55,8638.55,8638.55,TWSE FMTQIK
2011-04-20,8813.28,8813.28,8813.28,8813.28,TWSE FMTQIK
2011-04-21,8957.65,8957.65,8957.65,8957.65,TWSE FMTQIK
2011-04-22,8969.43,8969.43,8969.43,8969.43,TWSE FMTQIK
2011-04-25,8950.75,8950.75,8950.75,8950.75,TWSE FMTQIK
2011-04-26,8948.14,8948.14,8948.14,8948.14,TWSE FMTQIK
2011-04-27,9049.25,9049.25,9049.25,9049.25,TWSE FMTQIK
2011-04-28,9040.77,9040.77,9040.77,9040.77,TWSE FMTQIK
2011-04-29,9007.87,9007.87,9007.87,9007.87,TWSE FMTQIK
2011-05-03,8946.08,8946.08,8946.08,8946.08,TWSE FMTQIK
2011-05-04,8947.35,8947.35,8947.35,8947.35,TWSE FMTQIK
2011-05-05,9018.61,9018.61,9018.61,9018.61,TWSE FMTQIK
2011-05-06,8977.23,8977.23,8977.23,8977.23,TWSE FMTQIK
2011-05-09,9035.48,9035.48,9035.48,9035.48,TWSE FMTQIK
2011-05-10,9023.28,9023.28,9023.28,9023.28,TWSE FMTQIK
2011-05-11,9020.4,9020.4,9020.4,9020.4,TWSE FMTQIK
2011-05-12,9033.68,9033.68,9033.68,9033.68,TWSE FMTQIK
2011-05-13,9006.61,9006.61,9006.61,9006.61,TWSE FMTQIK
2011-05-16,8911.71,8911.71,8911.71,8911.71,TWSE FMTQIK
2011-05-17,8884.09,8884.09,8884.09,8884.09,TWSE FMTQIK
2011-05-18,8944.84,8944.84,8944.84,8944.84,TWSE FMTQIK
2011-05-19,8892.88,8892.88,8892.88,8892.88,TWSE FMTQIK
2011-05-20,8837.03,8837.03,8837.03,8837.03,TWSE FMTQIK
2011-05-23,8747.51,8747.51,8747.51,8747.51,TWSE FMTQIK
2011-05-24,8756.61,8756.61,8756.61,8756.61,TWSE FMTQIK
2011-05-25,8727.09,8727.09,8727.09,8727.09,TWSE FMTQIK
2011-05-26,8788.4,8788.4,8788.4,8788.4,TWSE FMTQIK
2011-05-27,8810.0,8810.0,8810.0,8810.0,TWSE FMTQIK
2011-05-30,8823.68,8823.68,8823.68,8823.68,TWSE FMTQIK
2011-05-31,8988.84,8988.84,8988.84,8988.84,TWSE FMTQIK
2011-06-01,9062.35,9062.35,9062.35,9062.35,TWSE FMTQIK
2011-06-02,8991.36,8991.36,8991.36,8991.36,TWSE FMTQIK
2011-06-03,9046.28,9046.28,9046.28,9046.28,TWSE FMTQIK
2011-06-07,9057.1,9057.1,9057.1,9057.1,TWSE FMTQIK
2011-06-08,9007.53,9007.53,9007.53,9007.53,TWSE FMTQIK
2011-06-09,9000.94,9000.94,9000.94,9000.94,TWSE FMTQIK
2011-06-10,8837.82,8837.82,8837.82,8837.82,TWSE FMTQIK
2011-06-13,8712.95,8712.95,8712.95,8712.95,TWSE FMTQIK
2011-06-14,8829.21,8829.21,8829.21,8829.21,TWSE FMTQIK
2011-06-15,8831.45,8831.45,8831.45,8831.45,TWSE FMTQIK
2011-06-16,8654.43,8654.43,8654.43,8654.43,TWSE FMTQIK
2011-06-17,8636.1,8636.1,8636.1,8636.1,TWSE FMTQIK
2011-06-20,8530.68,8530.68,8530.68,8530.68,TWSE FMTQIK
2011-06-21,8597.62,8597.62,8597.62,8597.62,TWSE FMTQIK
2011-06-22,8621.04,8621.04,8621.04,8621.04,TWSE FMTQIK
2011-06-23,8567.28,8567.28,8567.28,8567.28,TWSE FMTQIK
2011-06-24,8532.83,8532.83,8532.83,8532.83,TWSE FMTQIK
2011-06-27,8500.16,8500.16,8500.16,8500.16,TWSE FMTQIK
2011-06-28,8478.86,8478.86,8478.86,8478.86,TWSE FMTQIK
2011-06-29,8573.38,8573.38,8573.38,8573.38,TWSE FMTQIK
2011-06-30,8652.59,8652.59,8652.59,8652.59,TWSE FMTQIK
2011-07-01,8739.82,8739.82,8739.82,8739.82,TWSE FMTQIK
2011-07-04,8774.72,8774.72,8774.72,8774.72,TWSE FMTQIK
2011-07-05,8784.44,8784.44,8784.44,8784.44,TWSE FMTQIK
2011-07-06,8824.44,8824.44,8824.44,8824.44,TWSE FMTQIK
2011-07-07,8773.42,8773.42,8773.42,8773.42,TWSE FMTQIK
2011-07-08,8749.55,8749.55,8749.55,8749.55,TWSE FMTQIK
2011-07-11,8665.85,8665.85,8665.85,8665.85,TWSE FMTQIK
2011-07-12,8491.01,8491.01,8491.01,8491.01,TWSE FMTQIK
2011-07-13,8488.06,8488.06,8488.06,8488.06,TWSE FMTQIK
2011-07-14,8481.35,8481.35,8481.35,8481.35,TWSE FMTQIK
2011-07-15,8574.91,8574.91,8574.91,8574.91,TWSE FMTQIK
2011-07-18,8538.57,8538.57,8538.57,8538.57,TWSE FMTQIK
2011-07-19,8524.57,8524.57,8524.57,8524.57,TWSE FMTQIK
2011-07-20,8706.17,8706.17,8706.17,8706.17,TWSE FMTQIK
2011-07-21,8717.14,8717.14,8717.14,8717.14,TWSE FMTQIK
2011-07-22,8765.32,8765.32,8765.32,8765.32,TWSE FMTQIK
2011-07-25,8683.51,8683.51,8683.51,8683.51,TWSE FMTQIK
2011-07-26,8794.24,8794.24,8794.24,8794.24,TWSE FMTQIK
2011-07-27,8817.49,8817.49,8817.49,8817.49,TWSE FMTQIK
2011-07-28,8767.2,8767.2,8767.2,8767.2,TWSE FMTQIK
2011-07-29,8644.18,8644.18,8644.18,8644.18,TWSE FMTQIK
2011-08-01,8701.38,8701.38,8701.38,8701.38,TWSE FMTQIK
2011-08-02,8584.72,8584.72,8584.72,8584.72,TWSE FMTQIK
2011-08-03,8456.86,8456.86,8456.86,8456.86,TWSE FMTQIK
2011-08-04,8317.27,8317.27,8317.27,8317.27,TWSE FMTQIK
2011-08-05,7853.13,7853.13,7853.13,7853.13,TWSE FMTQIK
2011-08-08,7552.8,7552.8,7552.8,7552.8,TWSE FMTQIK
2011-08-09,7493.12,7493.12,7493.12,7493.12,TWSE FMTQIK
2011-08-10,7736.32,7736.32,7736.32,7736.32,TWSE FMTQIK
2011-08-11,7719.09,7719.09,7719.09,7719.09,TWSE FMTQIK
2011-08-12,7637.02,7637.02,7637.02,7637.02,TWSE FMTQIK
2011-08-15,7819.39,7819.39,7819.39,7819.39,TWSE FMTQIK
2011-08-16,7798.59,7798.59,7798.59,7798.59,TWSE FMTQIK
2011-08-17,7741.76,7741.76,7741.76,7741.76,TWSE FMTQIK
2011-08-18,7614.97,7614.97,7614.97,7614.97,TWSE FMTQIK
2011-08-19,7342.96,7342.96,7342.96,7342.96,TWSE FMTQIK
2011-08-22,7312.59,7312.59,7312.59,7312.59,TWSE FMTQIK
2011-08-23,7550.23,7550.23,7550.23,7550.23,TWSE FMTQIK
2011-08-24,7502.93,7502.93,7502.93,7502.93,TWSE FMTQIK
2011-08-25,7410.87,7410.87,7410.87,7410.87,TWSE FMTQIK
2011-08-26,7445.1,7445.1,7445.1,7445.1,TWSE FMTQIK
2011-08-29,7578.01,7578.01,7578.01,7578.01,TWSE FMTQIK
2011-08-30,7646.19,7646.19,7646.19,7646.19,TWSE FMTQIK
2011-08-31,7741.36,7741.36,7741.36,7741.36,TWSE FMTQIK
2011-09-01,7757.76,7757.76,7757.76,7757.76,TWSE FMTQIK
2011-09-02,7757.06,7757.06,7757.06,7757.06,TWSE FMTQIK
2011-09-05,7551.57,7551.57,7551.57,7551.57,TWSE FMTQIK
2011-09-06,7367.19,7367.19,7367.19,7367.19,TWSE FMTQIK
2011-09-07,7529.01,7529.01,7529.01,7529.01,TWSE FMTQIK
2011-09-08,7548.37,7548.37,7548.37,7548.37,TWSE FMTQIK
2011-09-09,7610.57,7610.57,7610.57,7610.57,TWSE FMTQIK
2011-09-13,7391.37,7391.37,7391.37,7391.37,TWSE FMTQIK
2011-09-14,7228.47,7228.47,7228.47,7228.47,TWSE FMTQIK
2011-09-15,7385.68,7385.68,7385.68,7385.68,TWSE FMTQIK
2011-09-16,7577.4,7577.4,7577.4,7577.4,TWSE FMTQIK
2011-09-19,7480.88,7480.88,7480.88,7480.88,TWSE FMTQIK
2011-09-20,7492.85,7492.85,7492.85,7492.85,TWSE FMTQIK
2011-09-21,7535.88,7535.88,7535.88,7535.88,TWSE FMTQIK
2011-09-22,7305.5,7305.5,7305.5,7305.5,TWSE FMTQIK
2011-09-23,7046.22,7046.22,7046.22,7046.22,TWSE FMTQIK
2011-09-26,6877.12,6877.12,6877.12,6877.12,TWSE FMTQIK
2011-09-27,7089.95,7089.95,7089.95,7089.95,TWSE FMTQIK
2011-09-28,7146.98,7146.98,7146.98,7146.98,TWSE FMTQIK
2011-09-29,7182.61,7182.61,7182.61,7182.61,TWSE FMTQIK
2011-09-30,7225.38,7225.38,7225.38,7225.38,TWSE FMTQIK
2011-10-03,7013.97,7013.97,7013.97,7013.97,TWSE FMTQIK
2011-10-04,7047.87,7047.87,7047.87,7047.87,TWSE FMTQIK
2011-10-05,6989.15,6989.15,6989.15,6989.15,TWSE FMTQIK
2011-10-06,7132.0,7132.0,7132.0,7132.0,TWSE FMTQIK
2011-10-07,7211.96,7211.96,7211.96,7211.96,TWSE FMTQIK
2011-10-11,7398.71,7398.71,7398.71,7398.71,TWSE FMTQIK
2011-10-12,7382.35,7382.35,7382.35,7382.35,TWSE FMTQIK
2011-10-13,7428.33,7428.33,7428.33,7428.33,TWSE FMTQIK
2011-10-14,7358.08,7358.08,7358.08,7358.08,TWSE FMTQIK
2011-10-17,7461.12,7461.12,7461.12,7461.12,TWSE FMTQIK
2011-10-18,7359.48,7359.48,7359.48,7359.48,TWSE FMTQIK
2011-10-19,7353.37,7353.37,7353.37,7353.37,TWSE FMTQIK
2011-10-20,7244.32,7244.32,7244.32,7244.32,TWSE FMTQIK
2011-10-21,7254.51,7254.51,7254.51,7254.51,TWSE FMTQIK
2011-10-24,7470.3,7470.3,7470.3,7470.3,TWSE FMTQIK
2011-10-25,7491.21,7491.21,7491.21,7491.21,TWSE FMTQIK
2011-10-26,7535.82,7535.82,7535.82,7535.82,TWSE FMTQIK
2011-10-27,7565.21,7565.21,7565.21,7565.21,TWSE FMTQIK
2011-10-28,7616.06,7616.06,7616.06,7616.06,TWSE FMTQIK
2011-10-31,7587.69,7587.69,7587.69,7587.69,TWSE FMTQIK
2011-11-01,7622.01,7622.01,7622.01,7622.01,TWSE FMTQIK
2011-11-02,7598.45,7598.45,7598.45,7598.45,TWSE FMTQIK
2011-11-03,7460.31,7460.31,7460.31,7460.31,TWSE FMTQIK
2011-11-04,7603.23,7603.23,7603.23,7603.23,TWSE FMTQIK
2011-11-07,7621.72,7621.72,7621.72,7621.72,TWSE FMTQIK
2011-11-08,7600.79,7600.79,7600.79,7600.79,TWSE FMTQIK
2011-11-09,7561.86,7561.86,7561.86,7561.86,TWSE FMTQIK
2011-11-10,7308.68,7308.68,7308.68,7308.68,TWSE FMTQIK
2011-11-11,7367.29,7367.29,7367.29,7367.29,TWSE FMTQIK
2011-11-14,7525.65,7525.65,7525.65,7525.65,TWSE FMTQIK
2011-11-15,7491.06,7491.06,7491.06,7491.06,TWSE FMTQIK
2011-11-16,7387.52,7387.52,7387.52,7387.52,TWSE FMTQIK
2011-11-17,7387.81,7387.81,7387.81,7387.81,TWSE FMTQIK
2011-11-18,7233.78,7233.78,7233.78,7233.78,TWSE FMTQIK
2011-11-21,7042.64,7042.64,7042.64,7042.64,TWSE FMTQIK
2011-11-22,7000.03,7000.03,7000.03,7000.03,TWSE FMTQIK
2011-11-23,6806.43,6806.43,6806.43,6806.43,TWSE FMTQIK
2011-11-24,6864.39,6864.39,6864.39,6864.39,TWSE FMTQIK
2011-11-25,6784.52,6784.52,6784.52,6784.52,TWSE FMTQIK
2011-11-28,6898.78,6898.78,6898.78,6898.78,TWSE FMTQIK
2011-11-29,6988.65,6988.65,6988.65,6988.65,TWSE FMTQIK
2011-11-30,6904.12,6904.12,6904.12,6904.12,TWSE FMTQIK
2011-12-01,7178.69,7178.69,7178.69,7178.69,TWSE FMTQIK
2011-12-02,7140.68,7140.68,7140.68,7140.68,TWSE FMTQIK
2011-12-05,7098.08,7098.08,7098.08,7098.08,TWSE FMTQIK
2011-12-06,6956.28,6956.28,6956.28,6956.28,TWSE FMTQIK
2011-12-07,7033.0,7033.0,7033.0,7033.0,TWSE FMTQIK
2011-12-08,6982.9,6982.9,6982.9,6982.9,TWSE FMTQIK
2011-12-09,6893.3,6893.3,6893.3,6893.3,TWSE FMTQIK
2011-12-12,6949.04,6949.04,6949.04,6949.04,TWSE FMTQIK
2011-12-13,6896.31,6896.31,6896.31,6896.31,TWSE FMTQIK
2011-12-14,6922.57,6922.57,6922.57,6922.57,TWSE FMTQIK
2011-12-15,6764.59,6764.59,6764.59,6764.59,TWSE FMTQIK
2011-12-16,6785.09,6785.09,6785.09,6785.09,TWSE FMTQIK
2011-12-19,6633.33,6633.33,6633.33,6633.33,TWSE FMTQIK
2011-12-20,6662.64,6662.64,6662.64,6662.64,TWSE FMTQIK
2011-12-21,6966.48,6966.48,6966.48,6966.48,TWSE FMTQIK
2011-12-22,6966.35,6966.35,6966.35,6966.35,TWSE FMTQIK
2011-12-23,7110.73,7110.73,7110.73,7110.73,TWSE FMTQIK
2011-12-26,7092.58,7092.58,7092.58,7092.58,TWSE FMTQIK
2011-12-27,7085.03,7085.03,7085.03,7085.03,TWSE FMTQIK
2011-12-28,7056.67,7056.67,7056.67,7056.67,TWSE FMTQIK
2011-12-29,7074.82,7074.82,7074.82,7074.82,TWSE FMTQIK
2011-12-30,7072.08,7072.08,7072.08,7072.08,TWSE FMTQIK
2012-01-02,6952.21,6952.21,6952.21,6952.21,TWSE FMTQIK
2012-01-03,7053.38,7053.38,7053.38,7053.38,TWSE FMTQIK
2012-01-04,7082.97,7082.97,7082.97,7082.97,TWSE FMTQIK
2012-01-05,7130.86,7130.86,7130.86,7130.86,TWSE FMTQIK
2012-01-06,7120.51,7120.51,7120.51,7120.51,TWSE FMTQIK
2012-01-09,7093.04,7093.04,7093.04,7093.04,TWSE FMTQIK
2012-01-10,7178.87,7178.87,7178.87,7178.87,TWSE FMTQIK
2012-01-11,7188.21,7188.21,7188.21,7188.21,TWSE FMTQIK
2012-01-12,7186.58,7186.58,7186.58,7186.58,TWSE FMTQIK
2012-01-13,7181.54,7181.54,7181.54,7181.54,TWSE FMTQIK
2012-01-16,7103.62,7103.62,7103.62,7103.62,TWSE FMTQIK
2012-01-17,7221.08,7221.08,7221.08,7221.08,TWSE FMTQIK
2012-01-18,7233.69,7233.69,7233.69,7233.69,TWSE FMTQIK
2012-01-30,7407.41,7407.41,7407.41,7407.41,TWSE FMTQIK
2012-01-31,7517.08,7517.08,7517.08,7517.08,TWSE FMTQIK
2012-02-01,7549.21,7549.21,7549.21,7549.21,TWSE FMTQIK
2012-02-02,7652.46,7652.46,7652.46,7652.46,TWSE FMTQIK
2012-02-03,7674.99,7674.99,7674.99,7674.99,TWSE FMTQIK
2012-02-04,7741.24,7741.24,7741.24,7741.24,TWSE FMTQIK
2012-02-06,7687.98,7687.98,7687.98,7687.98,TWSE FMTQIK
2012-02-07,7707.44,7707.44,7707.44,7707.44,TWSE FMTQIK
2012-02-08,7869.91,7869.91,7869.91,7869.91,TWSE FMTQIK
2012-02-09,7910.78,7910.78,7910.78,7910.78,TWSE FMTQIK
2012-02-10,7862.27,7862.27,7862.27,7862.27,TWSE FMTQIK
2012-02-13,7912.91,7912.91,7912.91,7912.91,TWSE FMTQIK
2012-02-14,7884.08,7884.08,7884.08,7884.08,TWSE FMTQIK
2012-02-15,8005.24,8005.24,8005.24,8005.24,TWSE FMTQIK
2012-02-16,7869.7,7869.7,7869.7,7869.7,TWSE FMTQIK
2012-02-17,7894.36,7894.36,7894.36,7894.36,TWSE FMTQIK
2012-02-20,7954.82,7954.82,7954.82,7954.82,TWSE FMTQIK
2012-02-21,7921.5,7921.5,7921.5,7921.5,TWSE FMTQIK
2012-02-22,8001.68,8001.68,8001.68,8001.68,TWSE FMTQIK
2012-02-23,7937.3,7937.3,7937.3,7937.3,TWSE FMTQIK
2012-02-24,7959.34,7959.34,7959.34,7959.34,TWSE FMTQIK
2012-02-29,8121.44,8121.44,8121.44,8121.44,TWSE FMTQIK
2012-03-01,8118.34,8118.34,8118.34,8118.34,TWSE FMTQIK
2012-03-02,8144.04,8144.04,8144.04,8144.04,TWSE FMTQIK
2012-03-03,8114.44,8114.44,8114.44,8114.44,TWSE FMTQIK
2012-03-05,8004.74,8004.74,8004.74,8004.74,TWSE FMTQIK
2012-03-06,7937.97,7937.97,7937.97,7937.97,TWSE FMTQIK
2012-03-07,7903.08,7903.08,7903.08,7903.08,TWSE FMTQIK
2012-03-08,7984.56,7984.56,7984.56,7984.56,TWSE FMTQIK
2012-03-09,8016.01,8016.01,8016.01,8016.01,TWSE FMTQIK
2012-03-12,7927.55,7927.55,7927.55,7927.55,TWSE FMTQIK
2012-03-13,8031.51,8031.51,8031.51,8031.51,TWSE FMTQIK
2012-03-14,8125.26,8125.26,8125.26,8125.26,TWSE FMTQIK
2012-03-15,8121.62,8121.62,8121.62,8121.62,TWSE FMTQIK
2012-03-16,8054.94,8054.94,8054.94,8054.94,TWSE FMTQIK
2012-03-19,8043.92,8043.92,8043.92,8043.92,TWSE FMTQIK
2012-03-20,7972.7,7972.7,7972.7,7972.7,TWSE FMTQIK
2012-03-21,7981.94,7981.94,7981.94,7981.94,TWSE FMTQIK
2012-03-22,8059.94,8059.94,8059.94,8059.94,TWSE FMTQIK
2012-03-23,8076.61,8076.61,8076.61,8076.61,TWSE FMTQIK
2012-03-26,7967.62,7967.62,7967.62,7967.62,TWSE FMTQIK
2012-03-27,8029.46,8029.46,8029.46,8029.46,TWSE FMTQIK
2012-03-28,8038.07,8038.07,8038.07,8038.07,TWSE FMTQIK
2012-03-29,7872.66,7872.66,7872.66,7872.66,TWSE FMTQIK
2012-03-30,7933.0,7933.0,7933.0,7933.0,TWSE FMTQIK
2012-04-02,7862.9,7862.9,7862.9,7862.9,TWSE FMTQIK
2012-04-03,7760.85,7760.85,7760.85,7760.85,TWSE FMTQIK
2012-04-05,7639.82,7639.82,7639.82,7639.82,TWSE FMTQIK
2012-04-06,7706.26,7706.26,7706.26,7706.26,TWSE FMTQIK
2012-04-09,7600.87,7600.87,7600.87,7600.87,TWSE FMTQIK
2012-04-10,7640.68,7640.68,7640.68,7640.68,TWSE FMTQIK
2012-04-11,7656.67,7656.67,7656.67,7656.67,TWSE FMTQIK
2012-04-12,7662.92,7662.92,7662.92,7662.92,TWSE FMTQIK
2012-04-13,7788.27,7788.27,7788.27,7788.27,TWSE FMTQIK
2012-04-16,7729.86,7729.86,7729.86,7729.86,TWSE FMTQIK
2012-04-17,7585.87,7585.87,7585.87,7585.87,TWSE FMTQIK
2012-04-18,7605.0,7605.0,7605.0,7605.0,TWSE FMTQIK
2012-04-19,7622.69,7622.69,7622.69,7622.69,TWSE FMTQIK
2012-04-20,7507.15,7507.15,7507.15,7507.15,TWSE FMTQIK
2012-04-23,7481.09,7481.09,7481.09,7481.09,TWSE FMTQIK
2012-04-24,7498.84,7498.84,7498.84,7498.84,TWSE FMTQIK
2012-04-25,7563.18,7563.18,7563.18,7563.18,TWSE FMTQIK
2012-04-26,7521.35,7521.35,7521.35,7521.35,TWSE FMTQIK
2012-04-27,7480.5,7480.5,7480.5,7480.5,TWSE FMTQIK
2012-04-30,7501.72,7501.72,7501.72,7501.72,TWSE FMTQIK
2012-05-02,7676.81,7676.81,7676.81,7676.81,TWSE FMTQIK
2012-05-03,7659.53,7659.53,7659.53,7659.53,TWSE FMTQIK
2012-05-04,7700.95,7700.95,7700.95,7700.95,TWSE FMTQIK
2012-05-07,7538.08,7538.08,7538.08,7538.08,TWSE FMTQIK
2012-05-08,7545.71,7545.71,7545.71,7545.71,TWSE FMTQIK
2012-05-09,7475.71,7475.71,7475.71,7475.71,TWSE FMTQIK
2012-05-10,7484.01,7484.01,7484.01,7484.01,TWSE FMTQIK
2012-05-11,7401.37,7401.37,7401.37,7401.37,TWSE FMTQIK
2012-05-14,7377.18,7377.18,7377.18,7377.18,TWSE FMTQIK
2012-05-15,7395.64,7395.64,7395.64,7395.64,TWSE FMTQIK
2012-05-16,7234.57,7234.57,7234.57,7234.57,TWSE FMTQIK
2012-05-17,7356.77,7356.77,7356.77,7356.77,TWSE FMTQIK
2012-05-18,7151.19,7151.19,7151.19,7151.19,TWSE FMTQIK
2012-05-21,7192.23,7192.23,7192.23,7192.23,TWSE FMTQIK
2012-05-22,7274.89,7274.89,7274.89,7274.89,TWSE FMTQIK
2012-05-23,7147.75,7147.75,7147.75,7147.75,TWSE FMTQIK
2012-05-24,7124.89,7124.89,7124.89,7124.89,TWSE FMTQIK
2012-05-25,7071.63,7071.63,7071.63,7071.63,TWSE FMTQIK
2012-05-28,7136.0,7136.0,7136.0,7136.0,TWSE FMTQIK
2012-05-29,7342.29,7342.29,7342.29,7342.29,TWSE FMTQIK
2012-05-30,7261.8,7261.8,7261.8,7261.8,TWSE FMTQIK
2012-05-31,7301.5,7301.5,7301.5,7301.5,TWSE FMTQIK
2012-06-01,7106.09,7106.09,7106.09,7106.09,TWSE FMTQIK
2012-06-04,6894.66,6894.66,6894.66,6894.66,TWSE FMTQIK
2012-06-05,7000.45,7000.45,7000.45,7000.45,TWSE FMTQIK
2012-06-06,7056.15,7056.15,7056.15,7056.15,TWSE FMTQIK
2012-06-07,7080.31,7080.31,7080.31,7080.31,TWSE FMTQIK
2012-06-08,6999.65,6999.65,6999.65,6999.65,TWSE FMTQIK
2012-06-11,7120.23,7120.23,7120.23,7120.23,TWSE FMTQIK
2012-06-12,7072.08,7072.08,7072.08,7072.08,TWSE FMTQIK
2012-06-13,7088.83,7088.83,7088.83,7088.83,TWSE FMTQIK
2012-06-14,7075.1,7075.1,7075.1,7075.1,TWSE FMTQIK
2012-06-15,7155.83,7155.83,7155.83,7155.83,TWSE FMTQIK
2012-06-18,7281.5,7281.5,7281.5,7281.5,TWSE FMTQIK
2012-06-19,7273.13,7273.13,7273.13,7273.13,TWSE FMTQIK
2012-06-20,7334.63,7334.63,7334.63,7334.63,TWSE FMTQIK
2012-06-21,7279.05,7279.05,7279.05,7279.05,TWSE FMTQIK
2012-06-22,7222.05,7222.05,7222.05,7222.05,TWSE FMTQIK
2012-06-25,7166.38,7166.38,7166.38,7166.38,TWSE FMTQIK
2012-06-26,7137.93,7137.93,7137.93,7137.93,TWSE FMTQIK
2012-06-27,7183.01,7183.01,7183.01,7183.01,TWSE FMTQIK
2012-06-28,7169.61,7169.61,7169.61,7169.61,TWSE FMTQIK
2012-06-29,7296.28,7296.28,7296.28,7296.28,TWSE FMTQIK
2012-07-02,7345.16,7345.16,7345.16,7345.16,TWSE FMTQIK
2012-07-03,7418.36,7418.36,7418.36,7418.36,TWSE FMTQIK
2012-07-04,7422.59,7422.59,7422.59,7422.59,TWSE FMTQIK
2012-07-05,7387.78,7387.78,7387.78,7387.78,TWSE FMTQIK
2012-07-06,7368.59,7368.59,7368.59,7368.59,TWSE FMTQIK
2012-07-09,7309.96,7309.96,7309.96,7309.96,TWSE FMTQIK
2012-07-10,7251.35,7251.35,7251.35,7251.35,TWSE FMTQIK
2012-07-11,7257.91,7257.91,7257.91,7257.91,TWSE FMTQIK
2012-07-12,7130.93,7130.93,7130.93,7130.93,TWSE FMTQIK
2012-07-13,7104.27,7104.27,7104.27,7104.27,TWSE FMTQIK
2012-07-16,7090.04,7090.04,7090.04,7090.04,TWSE FMTQIK
2012-07-17,7127.0,7127.0,7127.0,7127.0,TWSE FMTQIK
2012-07-18,7049.05,7049.05,7049.05,7049.05,TWSE FMTQIK
2012-07-19,7148.57,7148.57,7148.57,7148.57,TWSE FMTQIK
2012-07-20,7164.68,7164.68,7164.68,7164.68,TWSE FMTQIK
2012-07-23,7028.73,7028.73,7028.73,7028.73,TWSE FMTQIK
2012-07-24,7008.35,7008.35,7008.35,7008.35,TWSE FMTQIK
2012-07-25,6979.13,6979.13,6979.13,6979.13,TWSE FMTQIK
2012-07-26,6970.69,6970.69,6970.69,6970.69,TWSE FMTQIK
2012-07-27,7124.49,7124.49,7124.49,7124.49,TWSE FMTQIK
2012-07-30,7158.88,7158.88,7158.88,7158.88,TWSE FMTQIK
2012-07-31,7270.49,7270.49,7270.49,7270.49,TWSE FMTQIK
2012-08-01,7267.96,7267.96,7267.96,7267.96,TWSE FMTQIK
2012-08-03,7217.51,7217.51,7217.51,7217.51,TWSE FMTQIK
2012-08-06,7286.33,7286.33,7286.33,7286.33,TWSE FMTQIK
2012-08-07,7295.46,7295.46,7295.46,7295.46,TWSE FMTQIK
2012-08-08,7319.8,7319.8,7319.8,7319.8,TWSE FMTQIK
2012-08-09,7433.7,7433.7,7433.7,7433.7,TWSE FMTQIK
2012-08-10,7441.12,7441.12,7441.12,7441.12,TWSE FMTQIK
2012-08-13,7436.3,7436.3,7436.3,7436.3,TWSE FMTQIK
2012-08-14,7479.25,7479.25,7479.25,7479.25,TWSE FMTQIK
2012-08-15,7467.74,7467.74,7467.74,7467.74,TWSE FMTQIK
2012-08-16,7490.21,7490.21,7490.21,7490.21,TWSE FMTQIK
2012-08-17,7467.92,7467.92,7467.92,7467.92,TWSE FMTQIK
2012-08-20,7431.91,7431.91,7431.91,7431.91,TWSE FMTQIK
2012-08-21,7506.81,7506.81,7506.81,7506.81,TWSE FMTQIK
2012-08-22,7496.58,7496.58,7496.58,7496.58,TWSE FMTQIK
2012-08-23,7505.17,7505.17,7505.17,7505.17,TWSE FMTQIK
2012-08-24,7477.53,7477.53,7477.53,7477.53,TWSE FMTQIK
2012-08-27,7468.22,7468.22,7468.22,7468.22,TWSE FMTQIK
2012-08-28,7361.94,7361.94,7361.94,7361.94,TWSE FMTQIK
2012-08-29,7391.15,7391.15,7391.15,7391.15,TWSE FMTQIK
2012-08-30,7371.44,7371.44,7371.44,7371.44,TWSE FMTQIK
2012-08-31,7397.06,7397.06,7397.06,7397.06,TWSE FMTQIK
2012-09-03,7450.53,7450.53,7450.53,7450.53,TWSE FMTQIK
2012-09-04,7451.35,7451.35,7451.35,7451.35,TWSE FMTQIK
2012-09-05,7367.44,7367.44,7367.44,7367.44,TWSE FMTQIK
2012-09-06,7326.72,7326.72,7326.72,7326.72,TWSE FMTQIK
2012-09-07,7424.91,7424.91,7424.91,7424.91,TWSE FMTQIK
2012-09-10,7482.74,7482.74,7482.74,7482.74,TWSE FMTQIK
2012-09-11,7485.13,7485.13,7485.13,7485.13,TWSE FMTQIK
2012-09-12,7570.45,7570.45,7570.45,7570.45,TWSE FMTQIK
2012-09-13,7578.8,7578.8,7578.8,7578.8,TWSE FMTQIK
2012-09-14,7738.05,7738.05,7738.05,7738.05,TWSE FMTQIK
2012-09-17,7762.22,7762.22,7762.22,7762.22,TWSE FMTQIK
2012-09-18,7734.26,7734.26,7734.26,7734.26,TWSE FMTQIK
2012-09-19,7781.91,7781.91,7781.91,7781.91,TWSE FMTQIK
2012-09-20,7727.55,7727.55,7727.55,7727.55,TWSE FMTQIK
2012-09-21,7754.59,7754.59,7754.59,7754.59,TWSE FMTQIK
2012-09-24,7768.3,7768.3,7768.3,7768.3,TWSE FMTQIK
2012-09-25,7734.13,7734.13,7734.13,7734.13,TWSE FMTQIK
2012-09-26,7669.63,7669.63,7669.63,7669.63,TWSE FMTQIK
2012-09-27,7683.8,7683.8,7683.8,7683.8,TWSE FMTQIK
2012-09-28,7715.16,7715.16,7715.16,7715.16,TWSE FMTQIK
2012-10-01,7675.72,7675.72,7675.72,7675.72,TWSE FMTQIK
2012-10-02,7718.68,7718.68,7718.68,7718.68,TWSE FMTQIK
2012-10-03,7684.63,7684.63,7684.63,7684.63,TWSE FMTQIK
2012-10-04,7682.34,7682.34,7682.34,7682.34,TWSE FMTQIK
2012-10-05,7690.65,7690.65,7690.65,7690.65,TWSE FMTQIK
2012-10-08,7615.89,7615.89,7615.89,7615.89,TWSE FMTQIK
2012-10-09,7592.01,7592.01,7592.01,7592.01,TWSE FMTQIK
2012-10-11,7451.72,7451.72,7451.72,7451.72,TWSE FMTQIK
2012-10-12,7437.04,7437.04,7437.04,7437.04,TWSE FMTQIK
2012-10-15,7418.9,7418.9,7418.9,7418.9,TWSE FMTQIK
2012-10-16,7471.02,7471.02,7471.02,7471.02,TWSE FMTQIK
2012-10-17,7464.4,7464.4,7464.4,7464.4,TWSE FMTQIK
2012-10-18,7465.41,7465.41,7465.41,7465.41,TWSE FMTQIK
2012-10-19,7408.76,7408.76,7408.76,7408.76,TWSE FMTQIK
2012-10-22,7373.04,7373.04,7373.04,7373.04,TWSE FMTQIK
2012-10-23,7337.48,7337.48,7337.48,7337.48,TWSE FMTQIK
2012-10-24,7314.88,7314.88,7314.88,7314.88,TWSE FMTQIK
2012-10-25,7262.08,7262.08,7262.08,7262.08,TWSE FMTQIK
2012-10-26,7134.06,7134.06,7134.06,7134.06,TWSE FMTQIK
2012-10-29,7091.67,7091.67,7091.67,7091.67,TWSE FMTQIK
2012-10-30,7182.59,7182.59,7182.59,7182.59,TWSE FMTQIK
2012-10-31,7166.05,7166.05,7166.05,7166.05,TWSE FMTQIK
2012-11-01,7179.64,7179.64,7179.64,7179.64,TWSE FMTQIK
2012-11-02,7210.47,7210.47,7210.47,7210.47,TWSE FMTQIK
2012-11-05,7185.36,7185.36,7185.36,7185.36,TWSE FMTQIK
2012-11-06,7236.68,7236.68,7236.68,7236.68,TWSE FMTQIK
2012-11-07,7287.18,7287.18,7287.18,7287.18,TWSE FMTQIK
2012-11-08,7242.63,7242.63,7242.63,7242.63,TWSE FMTQIK
2012-11-09,7293.22,7293.22,7293.22,7293.22,TWSE FMTQIK
2012-11-12,7267.75,7267.75,7267.75,7267.75,TWSE FMTQIK
2012-11-13,7136.05,7136.05,7136.05,7136.05,TWSE FMTQIK
2012-11-14,7159.75,7159.75,7159.75,7159.75,TWSE FMTQIK
2012-11-15,7143.84,7143.84,7143.84,7143.84,TWSE FMTQIK
2012-11-16,7130.07,7130.07,7130.07,7130.07,TWSE FMTQIK
2012-11-19,7129.04,7129.04,7129.04,7129.04,TWSE FMTQIK
2012-11-20,7145.77,7145.77,7145.77,7145.77,TWSE FMTQIK
2012-11-21,7088.49,7088.49,7088.49,7088.49,TWSE FMTQIK
2012-11-22,7105.76,7105.76,7105.76,7105.76,TWSE FMTQIK
2012-11-23,7326.01,7326.01,7326.01,7326.01,TWSE FMTQIK
2012-11-26,7407.37,7407.37,7407.37,7407.37,TWSE FMTQIK
2012-11-27,7430.2,7430.2,7430.2,7430.2,TWSE FMTQIK
2012-11-28,7434.93,7434.93,7434.93,7434.93,TWSE FMTQIK
2012-11-29,7503.55,7503.55,7503.55,7503.55,TWSE FMTQIK
2012-11-30,7580.17,7580.17,7580.17,7580.17,TWSE FMTQIK
2012-12-03,7599.91,7599.91,7599.91,7599.91,TWSE FMTQIK
2012-12-04,7600.98,7600.98,7600.98,7600.98,TWSE FMTQIK
2012-12-05,7649.05,7649.05,7649.05,7649.05,TWSE FMTQIK
2012-12-06,7623.26,7623.26,7623.26,7623.26,TWSE FMTQIK
2012-12-07,7642.26,7642.26,7642.26,7642.26,TWSE FMTQIK
2012-12-10,7609.5,7609.5,7609.5,7609.5,TWSE FMTQIK
2012-12-11,7613.69,7613.69,7613.69,7613.69,TWSE FMTQIK
2012-12-12,7690.19,7690.19,7690.19,7690.19,TWSE FMTQIK
2012-12-13,7757.09,7757.09,7757.09,7757.09,TWSE FMTQIK
2012-12-14,7698.77,7698.77,7698.77,7698.77,TWSE FMTQIK
2012-12-17,7631.28,7631.28,7631.28,7631.28,TWSE FMTQIK
2012-12-18,7643.74,7643.74,7643.74,7643.74,TWSE FMTQIK
2012-12-19,7677.47,7677.47,7677.47,7677.47,TWSE FMTQIK
2012-12-20,7595.46,7595.46,7595.46,7595.46,TWSE FMTQIK
2012-12-21,7519.93,7519.93,7519.93,7519.93,TWSE FMTQIK
2012-12-22,7540.14,7540.14,7540.14,7540.14,TWSE FMTQIK
2012-12-24,7535.52,7535.52,7535.52,7535.52,TWSE FMTQIK
2012-12-25,7636.57,7636.57,7636.57,7636.57,TWSE FMTQIK
2012-12-26,7634.19,7634.19,7634.19,7634.19,TWSE FMTQIK
2012-12-27,7648.41,7648.41,7648.41,7648.41,TWSE FMTQIK
2012-12-28,7699.5,7699.5,7699.5,7699.5,TWSE FMTQIK
2013-01-02,7779.22,7779.22,7779.22,7779.22,TWSE FMTQIK
2013-01-03,7836.84,7836.84,7836.84,7836.84,TWSE FMTQIK
2013-01-04,7805.99,7805.99,7805.99,7805.99,TWSE FMTQIK
2013-01-07,7755.09,7755.09,7755.09,7755.09,TWSE FMTQIK
2013-01-08,7721.66,7721.66,7721.66,7721.66,TWSE FMTQIK
2013-01-09,7738.64,7738.64,7738.64,7738.64,TWSE FMTQIK
2013-01-10,7811.64,7811.64,7811.64,7811.64,TWSE FMTQIK
2013-01-11,7819.15,7819.15,7819.15,7819.15,TWSE FMTQIK
2013-01-14,7823.97,7823.97,7823.97,7823.97,TWSE FMTQIK
2013-01-15,7765.02,7765.02,7765.02,7765.02,TWSE FMTQIK
2013-01-16,7700.43,7700.43,7700.43,7700.43,TWSE FMTQIK
2013-01-17,7616.64,7616.64,7616.64,7616.64,TWSE FMTQIK
2013-01-18,7732.87,7732.87,7732.87,7732.87,TWSE FMTQIK
2013-01-21,7724.92,7724.92,7724.92,7724.92,TWSE FMTQIK
2013-01-22,7759.1,7759.1,7759.1,7759.1,TWSE FMTQIK
2013-01-23,7744.18,7744.18,7744.18,7744.18,TWSE FMTQIK
2013-01-24,7695.99,7695.99,7695.99,7695.99,TWSE FMTQIK
2013-01-25,7672.58,7672.58,7672.58,7672.58,TWSE FMTQIK
2013-01-28,7714.67,7714.67,7714.67,7714.67,TWSE FMTQIK
2013-01-29,7802.0,7802.0,7802.0,7802.0,TWSE FMTQIK
2013-01-30,7832.98,7832.98,7832.98,7832.98,TWSE FMTQIK
2013-01-31,7850.02,7850.02,7850.02,7850.02,TWSE FMTQIK
2013-02-01,7855.97,7855.97,7855.97,7855.97,TWSE FMTQIK
2013-02-04,7923.16,7923.16,7923.16,7923.16,TWSE FMTQIK
2013-02-05,7886.94,7886.94,7886.94,7886.94,TWSE FMTQIK
2013-02-06,7906.65,7906.65,7906.65,7906.65,TWSE FMTQIK
2013-02-18,7943.53,7943.53,7943.53,7943.53,TWSE FMTQIK
2013-02-19,7960.88,7960.88,7960.88,7960.88,TWSE FMTQIK
2013-02-20,8029.1,8029.1,8029.1,8029.1,TWSE FMTQIK
2013-02-21,7957.46,7957.46,7957.46,7957.46,TWSE FMTQIK
2013-02-22,7947.72,7947.72,7947.72,7947.72,TWSE FMTQIK
2013-02-23,7986.89,7986.89,7986.89,7986.89,TWSE FMTQIK
2013-02-25,7947.68,7947.68,7947.68,7947.68,TWSE FMTQIK
2013-02-26,7880.9,7880.9,7880.9,7880.9,TWSE FMTQIK
2013-02-27,7897.98,7897.98,7897.98,7897.98,TWSE FMTQIK
2013-03-01,7964.63,7964.63,7964.63,7964.63,TWSE FMTQIK
2013-03-04,7867.34,7867.34,7867.34,7867.34,TWSE FMTQIK
2013-03-05,7932.71,7932.71,7932.71,7932.71,TWSE FMTQIK
2013-03-06,7950.3,7950.3,7950.3,7950.3,TWSE FMTQIK
2013-03-07,7960.51,7960.51,7960.51,7960.51,TWSE FMTQIK
2013-03-08,8015.14,8015.14,8015.14,8015.14,TWSE FMTQIK
2013-03-11,8038.72,8038.72,8038.72,8038.72,TWSE FMTQIK
2013-03-12,7994.71,7994.71,7994.71,7994.71,TWSE FMTQIK
2013-03-13,7995.51,7995.51,7995.51,7995.51,TWSE FMTQIK
2013-03-14,7951.76,7951.76,7951.76,7951.76,TWSE FMTQIK
2013-03-15,7927.49,7927.49,7927.49,7927.49,TWSE FMTQIK
2013-03-18,7811.34,7811.34,7811.34,7811.34,TWSE FMTQIK
2013-03-19,7838.47,7838.47,7838.47,7838.47,TWSE FMTQIK
2013-03-20,7798.03,7798.03,7798.03,7798.03,TWSE FMTQIK
2013-03-21,7811.84,7811.84,7811.84,7811.84,TWSE FMTQIK
2013-03-22,7796.22,7796.22,7796.22,7796.22,TWSE FMTQIK
2013-03-25,7856.12,7856.12,7856.12,7856.12,TWSE FMTQIK
2013-03-26,7856.36,7856.36,7856.36,7856.36,TWSE FMTQIK
2013-03-27,7894.12,7894.12,7894.12,7894.12,TWSE FMTQIK
2013-03-28,7866.88,7866.88,7866.88,7866.88,TWSE FMTQIK
2013-03-29,7918.61,7918.61,7918.61,7918.61,TWSE FMTQIK
2013-04-01,7899.24,7899.24,7899.24,7899.24,TWSE FMTQIK
2013-04-02,7913.18,7913.18,7913.18,7913.18,TWSE FMTQIK
2013-04-03,7942.35,7942.35,7942.35,7942.35,TWSE FMTQIK
2013-04-08,7752.79,7752.79,7752.79,7752.79,TWSE FMTQIK
2013-04-09,7728.54,7728.54,7728.54,7728.54,TWSE FMTQIK
2013-04-10,7752.8,7752.8,7752.8,7752.8,TWSE FMTQIK
2013-04-11,7857.98,7857.98,7857.98,7857.98,TWSE FMTQIK
2013-04-12,7821.63,7821.63,7821.63,7821.63,TWSE FMTQIK
2013-04-15,7763.53,7763.53,7763.53,7763.53,TWSE FMTQIK
2013-04-16,7801.05,7801.05,7801.05,7801.05,TWSE FMTQIK
2013-04-17,7809.07,7809.07,7809.07,7809.07,TWSE FMTQIK
2013-04-18,7791.35,7791.35,7791.35,7791.35,TWSE FMTQIK
2013-04-19,7930.8,7930.8,7930.8,7930.8,TWSE FMTQIK
2013-04-22,7970.38,7970.38,7970.38,7970.38,TWSE FMTQIK
2013-04-23,7942.77,7942.77,7942.77,7942.77,TWSE FMTQIK
2013-04-24,8023.71,8023.71,8023.71,8023.71,TWSE FMTQIK
2013-04-25,8021.75,8021.75,8021.75,8021.75,TWSE FMTQIK
2013-04-26,8022.06,8022.06,8022.06,8022.06,TWSE FMTQIK
2013-04-29,8029.74,8029.74,8029.74,8029.74,TWSE FMTQIK
2013-04-30,8093.66,8093.66,8093.66,8093.66,TWSE FMTQIK
2013-05-02,8128.51,8128.51,8128.51,8128.51,TWSE FMTQIK
2013-05-03,8135.03,8135.03,8135.03,8135.03,TWSE FMTQIK
2013-05-06,8169.05,8169.05,8169.05,8169.05,TWSE FMTQIK
2013-05-07,8163.06,8163.06,8163.06,8163.06,TWSE FMTQIK
2013-05-08,8267.09,8267.09,8267.09,8267.09,TWSE FMTQIK
2013-05-09,8285.89,8285.89,8285.89,8285.89,TWSE FMTQIK
2013-05-10,8280.26,8280.26,8280.26,8280.26,TWSE FMTQIK
2013-05-13,8248.32,8248.32,8248.32,8248.32,TWSE FMTQIK
2013-05-14,8251.82,8251.82,8251.82,8251.82,TWSE FMTQIK
2013-05-15,8318.59,8318.59,8318.59,8318.59,TWSE FMTQIK
2013-05-16,8390.05,8390.05,8390.05,8390.05,TWSE FMTQIK
2013-05-17,8368.19,8368.19,8368.19,8368.19,TWSE FMTQIK
2013-05-20,8377.05,8377.05,8377.05,8377.05,TWSE FMTQIK
2013-05-21,8383.05,8383.05,8383.05,8383.05,TWSE FMTQIK
2013-05-22,8398.84,8398.84,8398.84,8398.84,TWSE FMTQIK
2013-05-23,8237.83,8237.83,8237.83,8237.83,TWSE FMTQIK
2013-05-24,8209.78,8209.78,8209.78,8209.78,TWSE FMTQIK
2013-05-27,8280.1,8280.1,8280.1,8280.1,TWSE FMTQIK
2013-05-28,8263.05,8263.05,8263.05,8263.05,TWSE FMTQIK
2013-05-29,8337.9,8337.9,8337.9,8337.9,TWSE FMTQIK
2013-05-30,8243.29,8243.29,8243.29,8243.29,TWSE FMTQIK
2013-05-31,8254.8,8254.8,8254.8,8254.8,TWSE FMTQIK
2013-06-03,8201.02,8201.02,8201.02,8201.02,TWSE FMTQIK
2013-06-04,8191.22,8191.22,8191.22,8191.22,TWSE FMTQIK
2013-06-05,8181.91,8181.91,8181.91,8181.91,TWSE FMTQIK
2013-06-06,8096.14,8096.14,8096.14,8096.14,TWSE FMTQIK
2013-06-07,8095.2,8095.2,8095.2,8095.2,TWSE FMTQIK
2013-06-10,8160.55,8160.55,8160.55,8160.55,TWSE FMTQIK
2013-06-11,8116.15,8116.15,8116.15,8116.15,TWSE FMTQIK
2013-06-13,7951.66,7951.66,7951.66,7951.66,TWSE FMTQIK
2013-06-14,7937.74,7937.74,7937.74,7937.74,TWSE FMTQIK
2013-06-17,7992.89,7992.89,7992.89,7992.89,TWSE FMTQIK
2013-06-18,8011.02,8011.02,8011.02,8011.02,TWSE FMTQIK
2013-06-19,8007.39,8007.39,8007.39,8007.39,TWSE FMTQIK
2013-06-20,7898.91,7898.91,7898.91,7898.91,TWSE FMTQIK
2013-06-21,7793.31,7793.31,7793.31,7793.31,TWSE FMTQIK
2013-06-24,7758.03,7758.03,7758.03,7758.03,TWSE FMTQIK
2013-06-25,7663.23,7663.23,7663.23,7663.23,TWSE FMTQIK
2013-06-26,7784.8,7784.8,7784.8,7784.8,TWSE FMTQIK
2013-06-27,7883.9,7883.9,7883.9,7883.9,TWSE FMTQIK
2013-06-28,8062.21,8062.21,8062.21,8062.21,TWSE FMTQIK
2013-07-01,8036.0,8036.0,8036.0,8036.0,TWSE FMTQIK
2013-07-02,8015.86,8015.86,8015.86,8015.86,TWSE FMTQIK
2013-07-03,7911.42,7911.42,7911.42,7911.42,TWSE FMTQIK
2013-07-04,7893.72,7893.72,7893.72,7893.72,TWSE FMTQIK
2013-07-05,8001.82,8001.82,8001.82,8001.82,TWSE FMTQIK
2013-07-08,7886.34,7886.34,7886.34,7886.34,TWSE FMTQIK
2013-07-09,7971.18,7971.18,7971.18,7971.18,TWSE FMTQIK
2013-07-10,8011.69,8011.69,8011.69,8011.69,TWSE FMTQIK
2013-07-11,8179.54,8179.54,8179.54,8179.54,TWSE FMTQIK
2013-07-12,8220.49,8220.49,8220.49,8220.49,TWSE FMTQIK
2013-07-15,8254.68,8254.68,8254.68,8254.68,TWSE FMTQIK
2013-07-16,8260.11,8260.11,8260.11,8260.11,TWSE FMTQIK
2013-07-17,8258.95,8258.95,8258.95,8258.95,TWSE FMTQIK
2013-07-18,8194.88,8194.88,8194.88,8194.88,TWSE FMTQIK
2013-07-19,8062.03,8062.03,8062.03,8062.03,TWSE FMTQIK
2013-07-22,8105.45,8105.45,8105.45,8105.45,TWSE FMTQIK
2013-07-23,8214.65,8214.65,8214.65,8214.65,TWSE FMTQIK
2013-07-24,8196.19,8196.19,8196.19,8196.19,TWSE FMTQIK
2013-07-25,8163.58,8163.58,8163.58,8163.58,TWSE FMTQIK
2013-07-26,8149.4,8149.4,8149.4,8149.4,TWSE FMTQIK
2013-07-29,8084.5,8084.5,8084.5,8084.5,TWSE FMTQIK
2013-07-30,8163.55,8163.55,8163.55,8163.55,TWSE FMTQIK
2013-07-31,8107.94,8107.94,8107.94,8107.94,TWSE FMTQIK
2013-08-01,8056.22,8056.22,8056.22,8056.22,TWSE FMTQIK
2013-08-02,8099.88,8099.88,8099.88,8099.88,TWSE FMTQIK
2013-08-05,8138.63,8138.63,8138.63,8138.63,TWSE FMTQIK
2013-08-06,8038.91,8038.91,8038.91,8038.91,TWSE FMTQIK
2013-08-07,7921.29,7921.29,7921.29,7921.29,TWSE FMTQIK
2013-08-08,7907.67,7907.67,7907.67,7907.67,TWSE FMTQIK
2013-08-09,7856.14,7856.14,7856.14,7856.14,TWSE FMTQIK
2013-08-12,7903.38,7903.38,7903.38,7903.38,TWSE FMTQIK
2013-08-13,7986.27,7986.27,7986.27,7986.27,TWSE FMTQIK
2013-08-14,7951.33,7951.33,7951.33,7951.33,TWSE FMTQIK
2013-08-15,7887.26,7887.26,7887.26,7887.26,TWSE FMTQIK
2013-08-16,7925.0,7925.0,7925.0,7925.0,TWSE FMTQIK
2013-08-19,7900.21,7900.21,7900.21,7900.21,TWSE FMTQIK
2013-08-20,7832.65,7832.65,7832.65,7832.65,TWSE FMTQIK
2013-08-22,7814.38,7814.38,7814.38,7814.38,TWSE FMTQIK
2013-08-23,7873.31,7873.31,7873.31,7873.31,TWSE FMTQIK
2013-08-26,7894.97,7894.97,7894.97,7894.97,TWSE FMTQIK
2013-08-27,7820.84,7820.84,7820.84,7820.84,TWSE FMTQIK
2013-08-28,7824.54,7824.54,7824.54,7824.54,TWSE FMTQIK
2013-08-29,7917.66,7917.66,7917.66,7917.66,TWSE FMTQIK
2013-08-30,8021.89,8021.89,8021.89,8021.89,TWSE FMTQIK
2013-09-02,8038.86,8038.86,8038.86,8038.86,TWSE FMTQIK
2013-09-03,8088.37,8088.37,8088.37,8088.37,TWSE FMTQIK
2013-09-04,8083.44,8083.44,8083.44,8083.44,TWSE FMTQIK
2013-09-05,8169.1,8169.1,8169.1,8169.1,TWSE FMTQIK
2013-09-06,8164.2,8164.2,8164.2,8164.2,TWSE FMTQIK
2013-09-09,8192.11,8192.11,8192.11,8192.11,TWSE FMTQIK
2013-09-10,8208.77,8208.77,8208.77,8208.77,TWSE FMTQIK
2013-09-11,8208.99,8208.99,8208.99,8208.99,TWSE FMTQIK
2013-09-12,8225.36,8225.36,8225.36,8225.36,TWSE FMTQIK
2013-09-13,8168.2,8168.2,8168.2,8168.2,TWSE FMTQIK
2013-09-14,8142.48,8142.48,8142.48,8142.48,TWSE FMTQIK
2013-09-16,8255.34,8255.34,8255.34,8255.34,TWSE FMTQIK
2013-09-17,8249.78,8249.78,8249.78,8249.78,TWSE FMTQIK
2013-09-18,8209.18,8209.18,8209.18,8209.18,TWSE FMTQIK
2013-09-23,8292.83,8292.83,8292.83,8292.83,TWSE FMTQIK
2013-09-24,8299.12,8299.12,8299.12,8299.12,TWSE FMTQIK
2013-09-25,8283.9,8283.9,8283.9,8283.9,TWSE FMTQIK
2013-09-26,8184.68,8184.68,8184.68,8184.68,TWSE FMTQIK
2013-09-27,8230.68,8230.68,8230.68,8230.68,TWSE FMTQIK
2013-09-30,8173.87,8173.87,8173.87,8173.87,TWSE FMTQIK
2013-10-01,8187.02,8187.02,8187.02,8187.02,TWSE FMTQIK
2013-10-02,8216.52,8216.52,8216.52,8216.52,TWSE FMTQIK
2013-10-03,8359.02,8359.02,8359.02,8359.02,TWSE FMTQIK
2013-10-04,8364.55,8364.55,8364.55,8364.55,TWSE FMTQIK
2013-10-07,8333.66,8333.66,8333.66,8333.66,TWSE FMTQIK
2013-10-08,8375.65,8375.65,8375.65,8375.65,TWSE FMTQIK
2013-10-09,8344.73,8344.73,8344.73,8344.73,TWSE FMTQIK
2013-10-11,8349.37,8349.37,8349.37,8349.37,TWSE FMTQIK
2013-10-14,8273.96,8273.96,8273.96,8273.96,TWSE FMTQIK
2013-10-15,8367.88,8367.88,8367.88,8367.88,TWSE FMTQIK
2013-10-16,8332.18,8332.18,8332.18,8332.18,TWSE FMTQIK
2013-10-17,8374.68,8374.68,8374.68,8374.68,TWSE FMTQIK
2013-10-18,8441.19,8441.19,8441.19,8441.19,TWSE FMTQIK
2013-10-21,8419.32,8419.32,8419.32,8419.32,TWSE FMTQIK
2013-10-22,8418.27,8418.27,8418.27,8418.27,TWSE FMTQIK
2013-10-23,8393.62,8393.62,8393.62,8393.62,TWSE FMTQIK
2013-10-24,8413.72,8413.72,8413.72,8413.72,TWSE FMTQIK
2013-10-25,8346.62,8346.62,8346.62,8346.62,TWSE FMTQIK
2013-10-28,8407.83,8407.83,8407.83,8407.83,TWSE FMTQIK
2013-10-29,8420.98,8420.98,8420.98,8420.98,TWSE FMTQIK
2013-10-30,8465.06,8465.06,8465.06,8465.06,TWSE FMTQIK
2013-10-31,8450.06,8450.06,8450.06,8450.06,TWSE FMTQIK
2013-11-01,8388.18,8388.18,8388.18,8388.18,TWSE FMTQIK
2013-11-04,8354.14,8354.14,8354.14,8354.14,TWSE FMTQIK
2013-11-05,8262.2,8262.2,8262.2,8262.2,TWSE FMTQIK
2013-11-06,8281.97,8281.97,8281.97,8281.97,TWSE FMTQIK
2013-11-07,8283.71,8283.71,8283.71,8283.71,TWSE FMTQIK
2013-11-08,8229.59,8229.59,8229.59,8229.59,TWSE FMTQIK
2013-11-11,8182.56,8182.56,8182.56,8182.56,TWSE FMTQIK
2013-11-12,8195.26,8195.26,8195.26,8195.26,TWSE FMTQIK
2013-11-13,8104.26,8104.26,8104.26,8104.26,TWSE FMTQIK
2013-11-14,8134.91,8134.91,8134.91,8134.91,TWSE FMTQIK
2013-11-15,8177.12,8177.12,8177.12,8177.12,TWSE FMTQIK
2013-11-18,8191.46,8191.46,8191.46,8191.46,TWSE FMTQIK
2013-11-19,8260.21,8260.21,8260.21,8260.21,TWSE FMTQIK
2013-11-20,8204.46,8204.46,8204.46,8204.46,TWSE FMTQIK
2013-11-21,8099.45,8099.45,8099.45,8099.45,TWSE FMTQIK
2013-11-22,8116.78,8116.78,8116.78,8116.78,TWSE FMTQIK
2013-11-25,8187.51,8187.51,8187.51,8187.51,TWSE FMTQIK
2013-11-26,8248.02,8248.02,8248.02,8248.02,TWSE FMTQIK
2013-11-27,8295.88,8295.88,8295.88,8295.88,TWSE FMTQIK
2013-11-28,8362.43,8362.43,8362.43,8362.43,TWSE FMTQIK
2013-11-29,8406.83,8406.83,8406.83,8406.83,TWSE FMTQIK
2013-12-02,8414.61,8414.61,8414.61,8414.61,TWSE FMTQIK
2013-12-03,8392.55,8392.55,8392.55,8392.55,TWSE FMTQIK
2013-12-04,8418.0,8418.0,8418.0,8418.0,TWSE FMTQIK
2013-12-05,8375.54,8375.54,8375.54,8375.54,TWSE FMTQIK
2013-12-06,8367.72,8367.72,8367.72,8367.72,TWSE FMTQIK
2013-12-09,8444.62,8444.62,8444.62,8444.62,TWSE FMTQIK
2013-12-10,8443.39,8443.39,8443.39,8443.39,TWSE FMTQIK
2013-12-11,8433.77,8433.77,8433.77,8433.77,TWSE FMTQIK
2013-12-12,8361.33,8361.33,8361.33,8361.33,TWSE FMTQIK
2013-12-13,8376.94,8376.94,8376.94,8376.94,TWSE FMTQIK
2013-12-16,8313.87,8313.87,8313.87,8313.87,TWSE FMTQIK
2013-12-17,8352.93,8352.93,8352.93,8352.93,TWSE FMTQIK
2013-12-18,8349.04,8349.04,8349.04,8349.04,TWSE FMTQIK
2013-12-19,8407.4,8407.4,8407.4,8407.4,TWSE FMTQIK
2013-12-20,8408.53,8408.53,8408.53,8408.53,TWSE FMTQIK
2013-12-23,8456.46,8456.46,8456.46,8456.46,TWSE FMTQIK
2013-12-24,8450.49,8450.49,8450.49,8450.49,TWSE FMTQIK
2013-12-25,8467.76,8467.76,8467.76,8467.76,TWSE FMTQIK
2013-12-26,8485.89,8485.89,8485.89,8485.89,TWSE FMTQIK
2013-12-27,8535.04,8535.04,8535.04,8535.04,TWSE FMTQIK
2013-12-30,8623.43,8623.43,8623.43,8623.43,TWSE FMTQIK
2013-12-31,8611.51,8611.51,8611.51,8611.51,TWSE FMTQIK
2014-01-02,8612.54,8612.54,8612.54,8612.54,TWSE FMTQIK
2014-01-03,8546.54,8546.54,8546.54,8546.54,TWSE FMTQIK
2014-01-06,8500.01,8500.01,8500.01,8500.01,TWSE FMTQIK
2014-01-07,8512.3,8512.3,8512.3,8512.3,TWSE FMTQIK
2014-01-08,8556.01,8556.01,8556.01,8556.01,TWSE FMTQIK
2014-01-09,8514.68,8514.68,8514.68,8514.68,TWSE FMTQIK
2014-01-10,8529.35,8529.35,8529.35,8529.35,TWSE FMTQIK
2014-01-13,8566.2,8566.2,8566.2,8566.2,TWSE FMTQIK
2014-01-14,8548.14,8548.14,8548.14,8548.14,TWSE FMTQIK
2014-01-15,8602.55,8602.55,8602.55,8602.55,TWSE FMTQIK
2014-01-16,8612.11,8612.11,8612.11,8612.11,TWSE FMTQIK
2014-01-17,8596.0,8596.0,8596.0,8596.0,TWSE FMTQIK
2014-01-20,8621.56,8621.56,8621.56,8621.56,TWSE FMTQIK
2014-01-21,8599.9,8599.9,8599.9,8599.9,TWSE FMTQIK
2014-01-22,8625.3,8625.3,8625.3,8625.3,TWSE FMTQIK
2014-01-23,8595.1,8595.1,8595.1,8595.1,TWSE FMTQIK
2014-01-24,8598.31,8598.31,8598.31,8598.31,TWSE FMTQIK
2014-01-27,8462.57,8462.57,8462.57,8462.57,TWSE FMTQIK
2014-02-05,8264.48,8264.48,8264.48,8264.48,TWSE FMTQIK
2014-02-06,8311.01,8311.01,8311.01,8311.01,TWSE FMTQIK
2014-02-07,8387.35,8387.35,8387.35,8387.35,TWSE FMTQIK
2014-02-10,8391.95,8391.95,8391.95,8391.95,TWSE FMTQIK
2014-02-11,8430.56,8430.56,8430.56,8430.56,TWSE FMTQIK
2014-02-12,8510.87,8510.87,8510.87,8510.87,TWSE FMTQIK
2014-02-13,8467.7,8467.7,8467.7,8467.7,TWSE FMTQIK
2014-02-14,8513.68,8513.68,8513.68,8513.68,TWSE FMTQIK
2014-02-17,8519.55,8519.55,8519.55,8519.55,TWSE FMTQIK
2014-02-18,8556.23,8556.23,8556.23,8556.23,TWSE FMTQIK
2014-02-19,8577.01,8577.01,8577.01,8577.01,TWSE FMTQIK
2014-02-20,8524.62,8524.62,8524.62,8524.62,TWSE FMTQIK
2014-02-21,8601.86,8601.86,8601.86,8601.86,TWSE FMTQIK
2014-02-24,8560.61,8560.61,8560.61,8560.61,TWSE FMTQIK
2014-02-25,8575.62,8575.62,8575.62,8575.62,TWSE FMTQIK
2014-02-26,8600.86,8600.86,8600.86,8600.86,TWSE FMTQIK
2014-02-27,8639.58,8639.58,8639.58,8639.58,TWSE FMTQIK
2014-03-03,8601.98,8601.98,8601.98,8601.98,TWSE FMTQIK
2014-03-04,8554.54,8554.54,8554.54,8554.54,TWSE FMTQIK
2014-03-05,8632.93,8632.93,8632.93,8632.93,TWSE FMTQIK
2014-03-06,8713.79,8713.79,8713.79,8713.79,TWSE FMTQIK
2014-03-07,8713.96,8713.96,8713.96,8713.96,TWSE FMTQIK
2014-03-10,8665.24,8665.24,8665.24,8665.24,TWSE FMTQIK
2014-03-11,8702.33,8702.33,8702.33,8702.33,TWSE FMTQIK
2014-03-12,8684.73,8684.73,8684.73,8684.73,TWSE FMTQIK
2014-03-13,8747.79,8747.79,8747.79,8747.79,TWSE FMTQIK
2014-03-14,8687.63,8687.63,8687.63,8687.63,TWSE FMTQIK
2014-03-17,8700.1,8700.1,8700.1,8700.1,TWSE FMTQIK
2014-03-18,8731.94,8731.94,8731.94,8731.94,TWSE FMTQIK
2014-03-19,8689.46,8689.46,8689.46,8689.46,TWSE FMTQIK
2014-03-20,8597.33,8597.33,8597.33,8597.33,TWSE FMTQIK
2014-03-21,8577.17,8577.17,8577.17,8577.17,TWSE FMTQIK
2014-03-24,8605.38,8605.38,8605.38,8605.38,TWSE FMTQIK
2014-03-25,8689.3,8689.3,8689.3,8689.3,TWSE FMTQIK
2014-03-26,8737.27,8737.27,8737.27,8737.27,TWSE FMTQIK
2014-03-27,8779.57,8779.57,8779.57,8779.57,TWSE FMTQIK
2014-03-28,8774.64,8774.64,8774.64,8774.64,TWSE FMTQIK
2014-03-31,8849.28,8849.28,8849.28,8849.28,TWSE FMTQIK
2014-04-01,8873.15,8873.15,8873.15,8873.15,TWSE FMTQIK
2014-04-02,8905.45,8905.45,8905.45,8905.45,TWSE FMTQIK
2014-04-03,8888.54,8888.54,8888.54,8888.54,TWSE FMTQIK
2014-04-07,8876.44,8876.44,8876.44,8876.44,TWSE FMTQIK
2014-04-08,8888.25,8888.25,8888.25,8888.25,TWSE FMTQIK
2014-04-09,8930.57,8930.57,8930.57,8930.57,TWSE FMTQIK
2014-04-10,8948.1,8948.1,8948.1,8948.1,TWSE FMTQIK
2014-04-11,8908.05,8908.05,8908.05,8908.05,TWSE FMTQIK
2014-04-14,8857.42,8857.42,8857.42,8857.42,TWSE FMTQIK
2014-04-15,8916.71,8916.71,8916.71,8916.71,TWSE FMTQIK
2014-04-16,8923.82,8923.82,8923.82,8923.82,TWSE FMTQIK
2014-04-17,8944.16,8944.16,8944.16,8944.16,TWSE FMTQIK
2014-04-18,8966.66,8966.66,8966.66,8966.66,TWSE FMTQIK
2014-04-21,8951.19,8951.19,8951.19,8951.19,TWSE FMTQIK
2014-04-22,8974.71,8974.71,8974.71,8974.71,TWSE FMTQIK
2014-04-23,8956.92,8956.92,8956.92,8956.92,TWSE FMTQIK
2014-04-24,8945.45,8945.45,8945.45,8945.45,TWSE FMTQIK
2014-04-25,8774.12,8774.12,8774.12,8774.12,TWSE FMTQIK
2014-04-28,8809.71,8809.71,8809.71,8809.71,TWSE FMTQIK
2014-04-29,8872.11,8872.11,8872.11,8872.11,TWSE FMTQIK
2014-04-30,8791.44,8791.44,8791.44,8791.44,TWSE FMTQIK
2014-05-02,8867.32,8867.32,8867.32,8867.32,TWSE FMTQIK
2014-05-05,8870.43,8870.43,8870.43,8870.43,TWSE FMTQIK
2014-05-06,8912.39,8912.39,8912.39,8912.39,TWSE FMTQIK
2014-05-07,8893.22,8893.22,8893.22,8893.22,TWSE FMTQIK
2014-05-08,8930.9,8930.9,8930.9,8930.9,TWSE FMTQIK
2014-05-09,8889.69,8889.69,8889.69,8889.69,TWSE FMTQIK
2014-05-12,8808.61,8808.61,8808.61,8808.61,TWSE FMTQIK
2014-05-13,8817.94,8817.94,8817.94,8817.94,TWSE FMTQIK
2014-05-14,8875.16,8875.16,8875.16,8875.16,TWSE FMTQIK
2014-05-15,8880.65,8880.65,8880.65,8880.65,TWSE FMTQIK
2014-05-16,8888.45,8888.45,8888.45,8888.45,TWSE FMTQIK
2014-05-19,8899.9,8899.9,8899.9,8899.9,TWSE FMTQIK
2014-05-20,8887.79,8887.79,8887.79,8887.79,TWSE FMTQIK
2014-05-21,8862.42,8862.42,8862.42,8862.42,TWSE FMTQIK
2014-05-22,8969.63,8969.63,8969.63,8969.63,TWSE FMTQIK
2014-05-23,9008.22,9008.22,9008.22,9008.22,TWSE FMTQIK
2014-05-26,9036.12,9036.12,9036.12,9036.12,TWSE FMTQIK
2014-05-27,9055.29,9055.29,9055.29,9055.29,TWSE FMTQIK
2014-05-28,9121.71,9121.71,9121.71,9121.71,TWSE FMTQIK
2014-05-29,9109.0,9109.0,9109.0,9109.0,TWSE FMTQIK
2014-05-30,9075.91,9075.91,9075.91,9075.91,TWSE FMTQIK
2014-06-03,9123.46,9123.46,9123.46,9123.46,TWSE FMTQIK
2014-06-04,9119.96,9119.96,9119.96,9119.96,TWSE FMTQIK
2014-06-05,9140.72,9140.72,9140.72,9140.72,TWSE FMTQIK
2014-06-06,9134.46,9134.46,9134.46,9134.46,TWSE FMTQIK
2014-06-09,9162.74,9162.74,9162.74,9162.74,TWSE FMTQIK
2014-06-10,9222.37,9222.37,9222.37,9222.37,TWSE FMTQIK
2014-06-11,9229.8,9229.8,9229.8,9229.8,TWSE FMTQIK
2014-06-12,9204.65,9204.65,9204.65,9204.65,TWSE FMTQIK
2014-06-13,9196.39,9196.39,9196.39,9196.39,TWSE FMTQIK
2014-06-16,9202.93,9202.93,9202.93,9202.93,TWSE FMTQIK
2014-06-17,9240.6,9240.6,9240.6,9240.6,TWSE FMTQIK
2014-06-18,9279.93,9279.93,9279.93,9279.93,TWSE FMTQIK
2014-06-19,9316.81,9316.81,9316.81,9316.81,TWSE FMTQIK
2014-06-20,9273.79,9273.79,9273.79,9273.79,TWSE FMTQIK
2014-06-23,9228.35,9228.35,9228.35,9228.35,TWSE FMTQIK
2014-06-24,9246.2,9246.2,9246.2,9246.2,TWSE FMTQIK
2014-06-25,9242.16,9242.16,9242.16,9242.16,TWSE FMTQIK
2014-06-26,9320.94,9320.94,9320.94,9320.94,TWSE FMTQIK
2014-06-27,9306.83,9306.83,9306.83,9306.83,TWSE FMTQIK
2014-06-30,9393.07,9393.07,9393.07,9393.07,TWSE FMTQIK
2014-07-01,9441.92,9441.92,9441.92,9441.92,TWSE FMTQIK
2014-07-02,9484.96,9484.96,9484.96,9484.96,TWSE FMTQIK
2014-07-03,9526.23,9526.23,9526.23,9526.23,TWSE FMTQIK
2014-07-04,9510.05,9510.05,9510.05,9510.05,TWSE FMTQIK
2014-07-07,9520.2,9520.2,9520.2,9520.2,TWSE FMTQIK
2014-07-08,9530.98,9530.98,9530.98,9530.98,TWSE FMTQIK
2014-07-09,9489.98,9489.98,9489.98,9489.98,TWSE FMTQIK
2014-07-10,9565.12,9565.12,9565.12,9565.12,TWSE FMTQIK
2014-07-11,9495.84,9495.84,9495.84,9495.84,TWSE FMTQIK
2014-07-14,9520.3,9520.3,9520.3,9520.3,TWSE FMTQIK
2014-07-15,9569.17,9569.17,9569.17,9569.17,TWSE FMTQIK
2014-07-16,9484.73,9484.73,9484.73,9484.73,TWSE FMTQIK
2014-07-17,9408.24,9408.24,9408.24,9408.24,TWSE FMTQIK
2014-07-18,9400.97,9400.97,9400.97,9400.97,TWSE FMTQIK
2014-07-21,9440.97,9440.97,9440.97,9440.97,TWSE FMTQIK
2014-07-22,9499.36,9499.36,9499.36,9499.36,TWSE FMTQIK
2014-07-24,9527.54,9527.54,9527.54,9527.54,TWSE FMTQIK
2014-07-25,9439.29,9439.29,9439.29,9439.29,TWSE FMTQIK
2014-07-28,9420.18,9420.18,9420.18,9420.18,TWSE FMTQIK
2014-07-29,9391.88,9391.88,9391.88,9391.88,TWSE FMTQIK
2014-07-30,9447.02,9447.02,9447.02,9447.02,TWSE FMTQIK
2014-07-31,9315.85,9315.85,9315.85,9315.85,TWSE FMTQIK
2014-08-01,9266.51,9266.51,9266.51,9266.51,TWSE FMTQIK
2014-08-04,9330.19,9330.19,9330.19,9330.19,TWSE FMTQIK
2014-08-05,9141.44,9141.44,9141.44,9141.44,TWSE FMTQIK
2014-08-06,9143.97,9143.97,9143.97,9143.97,TWSE FMTQIK
2014-08-07,9131.44,9131.44,9131.44,9131.44,TWSE FMTQIK
2014-08-08,9085.96,9085.96,9085.96,9085.96,TWSE FMTQIK
2014-08-11,9172.91,9172.91,9172.91,9172.91,TWSE FMTQIK
2014-08-12,9163.12,9163.12,9163.12,9163.12,TWSE FMTQIK
2014-08-13,9231.31,9231.31,9231.31,9231.31,TWSE FMTQIK
2014-08-14,9230.61,9230.61,9230.61,9230.61,TWSE FMTQIK
2014-08-15,9206.81,9206.81,9206.81,9206.81,TWSE FMTQIK
2014-08-18,9141.31,9141.31,9141.31,9141.31,TWSE FMTQIK
2014-08-19,9243.78,9243.78,9243.78,9243.78,TWSE FMTQIK
2014-08-20,9288.05,9288.05,9288.05,9288.05,TWSE FMTQIK
2014-08-21,9253.38,9253.38,9253.38,9253.38,TWSE FMTQIK
2014-08-22,9380.1,9380.1,9380.1,9380.1,TWSE FMTQIK
2014-08-25,9390.62,9390.62,9390.62,9390.62,TWSE FMTQIK
2014-08-26,9393.96,9393.96,9393.96,9393.96,TWSE FMTQIK
2014-08-27,9485.59,9485.59,9485.59,9485.59,TWSE FMTQIK
2014-08-28,9478.37,9478.37,9478.37,9478.37,TWSE FMTQIK
2014-08-29,9436.27,9436.27,9436.27,9436.27,TWSE FMTQIK
2014-09-01,9513.06,9513.06,9513.06,9513.06,TWSE FMTQIK
2014-09-02,9399.72,9399.72,9399.72,9399.72,TWSE FMTQIK
2014-09-03,9450.35,9450.35,9450.35,9450.35,TWSE FMTQIK
2014-09-04,9428.89,9428.89,9428.89,9428.89,TWSE FMTQIK
2014-09-05,9407.94,9407.94,9407.94,9407.94,TWSE FMTQIK
2014-09-09,9434.77,9434.77,9434.77,9434.77,TWSE FMTQIK
2014-09-10,9357.61,9357.61,9357.61,9357.61,TWSE FMTQIK
2014-09-11,9322.95,9322.95,9322.95,9322.95,TWSE FMTQIK
2014-09-12,9223.18,9223.18,9223.18,9223.18,TWSE FMTQIK
2014-09-15,9217.46,9217.46,9217.46,9217.46,TWSE FMTQIK
2014-09-16,9133.4,9133.4,9133.4,9133.4,TWSE FMTQIK
2014-09-17,9195.17,9195.17,9195.17,9195.17,TWSE FMTQIK
2014-09-18,9237.03,9237.03,9237.03,9237.03,TWSE FMTQIK
2014-09-19,9240.45,9240.45,9240.45,9240.45,TWSE FMTQIK
2014-09-22,9134.65,9134.65,9134.65,9134.65,TWSE FMTQIK
2014-09-23,9084.9,9084.9,9084.9,9084.9,TWSE FMTQIK
2014-09-24,9098.49,9098.49,9098.49,9098.49,TWSE FMTQIK
2014-09-25,9011.59,9011.59,9011.59,9011.59,TWSE FMTQIK
2014-09-26,8989.82,8989.82,8989.82,8989.82,TWSE FMTQIK
2014-09-29,8960.76,8960.76,8960.76,8960.76,TWSE FMTQIK
2014-09-30,8966.92,8966.92,8966.92,8966.92,TWSE FMTQIK
2014-10-01,8990.26,8990.26,8990.26,8990.26,TWSE FMTQIK
2014-10-02,8975.19,8975.19,8975.19,8975.19,TWSE FMTQIK
2014-10-03,9106.28,9106.28,9106.28,9106.28,TWSE FMTQIK
2014-10-06,9095.14,9095.14,9095.14,9095.14,TWSE FMTQIK
2014-10-07,9040.81,9040.81,9040.81,9040.81,TWSE FMTQIK
2014-10-08,8955.18,8955.18,8955.18,8955.18,TWSE FMTQIK
2014-10-09,8966.44,8966.44,8966.44,8966.44,TWSE FMTQIK
2014-10-13,8711.39,8711.39,8711.39,8711.39,TWSE FMTQIK
2014-10-14,8768.39,8768.39,8768.39,8768.39,TWSE FMTQIK
2014-10-15,8655.51,8655.51,8655.51,8655.51,TWSE FMTQIK
2014-10-16,8633.69,8633.69,8633.69,8633.69,TWSE FMTQIK
2014-10-17,8512.88,8512.88,8512.88,8512.88,TWSE FMTQIK
2014-10-20,8663.14,8663.14,8663.14,8663.14,TWSE FMTQIK
2014-10-21,8654.64,8654.64,8654.64,8654.64,TWSE FMTQIK
2014-10-22,8748.83,8748.83,8748.83,8748.83,TWSE FMTQIK
2014-10-23,8731.07,8731.07,8731.07,8731.07,TWSE FMTQIK
2014-10-24,8646.01,8646.01,8646.01,8646.01,TWSE FMTQIK
2014-10-27,8627.78,8627.78,8627.78,8627.78,TWSE FMTQIK
2014-10-28,8773.55,8773.55,8773.55,8773.55,TWSE FMTQIK
2014-10-29,8903.68,8903.68,8903.68,8903.68,TWSE FMTQIK
2014-10-30,8888.07,8888.07,8888.07,8888.07,TWSE FMTQIK
2014-10-31,8974.76,8974.76,8974.76,8974.76,TWSE FMTQIK
2014-11-03,9004.86,9004.86,9004.86,9004.86,TWSE FMTQIK
2014-11-04,8989.18,8989.18,8989.18,8989.18,TWSE FMTQIK
2014-11-05,8962.6,8962.6,8962.6,8962.6,TWSE FMTQIK
2014-11-06,8891.02,8891.02,8891.02,8891.02,TWSE FMTQIK
2014-11-07,8912.62,8912.62,8912.62,8912.62,TWSE FMTQIK
2014-11-10,9049.98,9049.98,9049.98,9049.98,TWSE FMTQIK
2014-11-11,9034.14,9034.14,9034.14,9034.14,TWSE FMTQIK
2014-11-12,8918.95,8918.95,8918.95,8918.95,TWSE FMTQIK
2014-11-13,8980.67,8980.67,8980.67,8980.67,TWSE FMTQIK
2014-11-14,8982.88,8982.88,8982.88,8982.88,TWSE FMTQIK
2014-11-17,8884.39,8884.39,8884.39,8884.39,TWSE FMTQIK
2014-11-18,8859.07,8859.07,8859.07,8859.07,TWSE FMTQIK
2014-11-19,8963.24,8963.24,8963.24,8963.24,TWSE FMTQIK
2014-11-20,9078.87,9078.87,9078.87,9078.87,TWSE FMTQIK
2014-11-21,9091.53,9091.53,9091.53,9091.53,TWSE FMTQIK
2014-11-24,9122.33,9122.33,9122.33,9122.33,TWSE FMTQIK
2014-11-25,9116.24,9116.24,9116.24,9116.24,TWSE FMTQIK
2014-11-26,9122.39,9122.39,9122.39,9122.39,TWSE FMTQIK
2014-11-27,9165.31,9165.31,9165.31,9165.31,TWSE FMTQIK
2014-11-28,9187.15,9187.15,9187.15,9187.15,TWSE FMTQIK
2014-12-01,9117.71,9117.71,9117.71,9117.71,TWSE FMTQIK
2014-12-02,9034.79,9034.79,9034.79,9034.79,TWSE FMTQIK
2014-12-03,9175.26,9175.26,9175.26,9175.26,TWSE FMTQIK
2014-12-04,9225.11,9225.11,9225.11,9225.11,TWSE FMTQIK
2014-12-05,9206.57,9206.57,9206.57,9206.57,TWSE FMTQIK
2014-12-08,9187.29,9187.29,9187.29,9187.29,TWSE FMTQIK
2014-12-09,9128.9,9128.9,9128.9,9128.9,TWSE FMTQIK
2014-12-10,9032.16,9032.16,9032.16,9032.16,TWSE FMTQIK
2014-12-11,9013.07,9013.07,9013.07,9013.07,TWSE FMTQIK
2014-12-12,9027.33,9027.33,9027.33,9027.33,TWSE FMTQIK
2014-12-15,8985.63,8985.63,8985.63,8985.63,TWSE FMTQIK
2014-12-16,8950.91,8950.91,8950.91,8950.91,TWSE FMTQIK
2014-12-17,8828.36,8828.36,8828.36,8828.36,TWSE FMTQIK
2014-12-18,8878.63,8878.63,8878.63,8878.63,TWSE FMTQIK
2014-12-19,8999.52,8999.52,8999.52,8999.52,TWSE FMTQIK
2014-12-22,9095.0,9095.0,9095.0,9095.0,TWSE FMTQIK
2014-12-23,9097.71,9097.71,9097.71,9097.71,TWSE FMTQIK
2014-12-24,9186.18,9186.18,9186.18,9186.18,TWSE FMTQIK
2014-12-25,9158.7,9158.7,9158.7,9158.7,TWSE FMTQIK
2014-12-26,9214.07,9214.07,9214.07,9214.07,TWSE FMTQIK
2014-12-27,9218.5,9218.5,9218.5,9218.5,TWSE FMTQIK
2014-12-29,9286.28,9286.28,9286.28,9286.28,TWSE FMTQIK
2014-12-30,9268.43,9268.43,9268.43,9268.43,TWSE FMTQIK
2014-12-31,9307.26,9307.26,9307.26,9307.26,TWSE FMTQIK
2015-01-05,9274.11,9274.11,9274.11,9274.11,TWSE FMTQIK
2015-01-06,9048.34,9048.34,9048.34,9048.34,TWSE FMTQIK
2015-01-07,9080.09,9080.09,9080.09,9080.09,TWSE FMTQIK
2015-01-08,9238.03,9238.03,9238.03,9238.03,TWSE FMTQIK
2015-01-09,9215.58,9215.58,9215.58,9215.58,TWSE FMTQIK
2015-01-12,9178.3,9178.3,9178.3,9178.3,TWSE FMTQIK
2015-01-13,9231.8,9231.8,9231.8,9231.8,TWSE FMTQIK
2015-01-14,9180.23,9180.23,9180.23,9180.23,TWSE FMTQIK
2015-01-15,9165.09,9165.09,9165.09,9165.09,TWSE FMTQIK
2015-01-16,9138.29,9138.29,9138.29,9138.29,TWSE FMTQIK
2015-01-19,9174.06,9174.06,9174.06,9174.06,TWSE FMTQIK
2015-01-20,9251.69,9251.69,9251.69,9251.69,TWSE FMTQIK
2015-01-21,9319.71,9319.71,9319.71,9319.71,TWSE FMTQIK
2015-01-22,9369.51,9369.51,9369.51,9369.51,TWSE FMTQIK
2015-01-23,9470.94,9470.94,9470.94,9470.94,TWSE FMTQIK
2015-01-26,9477.67,9477.67,9477.67,9477.67,TWSE FMTQIK
2015-01-27,9521.59,9521.59,9521.59,9521.59,TWSE FMTQIK
2015-01-28,9510.92,9510.92,9510.92,9510.92,TWSE FMTQIK
2015-01-29,9426.9,9426.9,9426.9,9426.9,TWSE FMTQIK
2015-01-30,9361.91,9361.91,9361.91,9361.91,TWSE FMTQIK
2015-02-02,9386.99,9386.99,9386.99,9386.99,TWSE FMTQIK
2015-02-03,9448.73,9448.73,9448.73,9448.73,TWSE FMTQIK
2015-02-04,9513.92,9513.92,9513.92,9513.92,TWSE FMTQIK
2015-02-05,9512.05,9512.05,9512.05,9512.05,TWSE FMTQIK
2015-02-06,9456.18,9456.18,9456.18,9456.18,TWSE FMTQIK
2015-02-09,9421.5,9421.5,9421.5,9421.5,TWSE FMTQIK
2015-02-10,9393.7,9393.7,9393.7,9393.7,TWSE FMTQIK
2015-02-11,9462.22,9462.22,9462.22,9462.22,TWSE FMTQIK
2015-02-12,9496.31,9496.31,9496.31,9496.31,TWSE FMTQIK
2015-02-13,9529.51,9529.51,9529.51,9529.51,TWSE FMTQIK
2015-02-24,9629.37,9629.37,9629.37,9629.37,TWSE FMTQIK
2015-02-25,9699.54,9699.54,9699.54,9699.54,TWSE FMTQIK
2015-02-26,9622.1,9622.1,9622.1,9622.1,TWSE FMTQIK
2015-03-02,9601.36,9601.36,9601.36,9601.36,TWSE FMTQIK
2015-03-03,9605.77,9605.77,9605.77,9605.77,TWSE FMTQIK
2015-03-04,9621.73,9621.73,9621.73,9621.73,TWSE FMTQIK
2015-03-05,9595.09,9595.09,9595.09,9595.09,TWSE FMTQIK
2015-03-06,9645.77,9645.77,9645.77,9645.77,TWSE FMTQIK
2015-03-09,9562.98,9562.98,9562.98,9562.98,TWSE FMTQIK
2015-03-10,9536.53,9536.53,9536.53,9536.53,TWSE FMTQIK
2015-03-11,9523.18,9523.18,9523.18,9523.18,TWSE FMTQIK
2015-03-12,9596.0,9596.0,9596.0,9596.0,TWSE FMTQIK
2015-03-13,9579.35,9579.35,9579.35,9579.35,TWSE FMTQIK
2015-03-16,9512.91,9512.91,9512.91,9512.91,TWSE FMTQIK
2015-03-17,9539.44,9539.44,9539.44,9539.44,TWSE FMTQIK
2015-03-18,9653.43,9653.43,9653.43,9653.43,TWSE FMTQIK
2015-03-19,9736.73,9736.73,9736.73,9736.73,TWSE FMTQIK
2015-03-20,9749.69,9749.69,9749.69,9749.69,TWSE FMTQIK
2015-03-23,9758.09,9758.09,9758.09,9758.09,TWSE FMTQIK
2015-03-24,9731.66,9731.66,9731.66,9731.66,TWSE FMTQIK
2015-03-25,9667.83,9667.83,9667.83,9667.83,TWSE FMTQIK
2015-03-26,9619.12,9619.12,9619.12,9619.12,TWSE FMTQIK
2015-03-27,9503.72,9503.72,9503.72,9503.72,TWSE FMTQIK
2015-03-30,9521.87,9521.87,9521.87,9521.87,TWSE FMTQIK
2015-03-31,9586.44,9586.44,9586.44,9586.44,TWSE FMTQIK
2015-04-01,9507.66,9507.66,9507.66,9507.66,TWSE FMTQIK
2015-04-02,9600.32,9600.32,9600.32,9600.32,TWSE FMTQIK
2015-04-07,9641.9,9641.9,9641.9,9641.9,TWSE FMTQIK
2015-04-08,9571.97,9571.97,9571.97,9571.97,TWSE FMTQIK
2015-04-09,9568.04,9568.04,9568.04,9568.04,TWSE FMTQIK
2015-04-10,9617.7,9617.7,9617.7,9617.7,TWSE FMTQIK
2015-04-13,9666.52,9666.52,9666.52,9666.52,TWSE FMTQIK
2015-04-14,9642.22,9642.22,9642.22,9642.22,TWSE FMTQIK
2015-04-15,9540.06,9540.06,9540.06,9540.06,TWSE FMTQIK
2015-04-16,9656.87,9656.87,9656.87,9656.87,TWSE FMTQIK
2015-04-17,9570.93,9570.93,9570.93,9570.93,TWSE FMTQIK
2015-04-20,9552.85,9552.85,9552.85,9552.85,TWSE FMTQIK
2015-04-21,9533.98,9533.98,9533.98,9533.98,TWSE FMTQIK
2015-04-22,9613.0,9613.0,9613.0,9613.0,TWSE FMTQIK
2015-04-23,9797.49,9797.49,9797.49,9797.49,TWSE FMTQIK
2015-04-24,9913.28,9913.28,9913.28,9913.28,TWSE FMTQIK
2015-04-27,9973.12,9973.12,9973.12,9973.12,TWSE FMTQIK
2015-04-28,9956.83,9956.83,9956.83,9956.83,TWSE FMTQIK
2015-04-29,9853.83,9853.83,9853.83,9853.83,TWSE FMTQIK
2015-04-30,9820.05,9820.05,9820.05,9820.05,TWSE FMTQIK
2015-05-04,9845.04,9845.04,9845.04,9845.04,TWSE FMTQIK
2015-05-05,9820.13,9820.13,9820.13,9820.13,TWSE FMTQIK
2015-05-06,9818.2,9818.2,9818.2,9818.2,TWSE FMTQIK
2015-05-07,9704.11,9704.11,9704.11,9704.11,TWSE FMTQIK
2015-05-08,9692.0,9692.0,9692.0,9692.0,TWSE FMTQIK
2015-05-11,9663.72,9663.72,9663.72,9663.72,TWSE FMTQIK
2015-05-12,9680.73,9680.73,9680.73,9680.73,TWSE FMTQIK
2015-05-13,9724.11,9724.11,9724.11,9724.11,TWSE FMTQIK
2015-05-14,9610.83,9610.83,9610.83,9610.83,TWSE FMTQIK
2015-05-15,9579.48,9579.48,9579.48,9579.48,TWSE FMTQIK
2015-05-18,9606.1,9606.1,9606.1,9606.1,TWSE FMTQIK
2015-05-19,9716.77,9716.77,9716.77,9716.77,TWSE FMTQIK
2015-05-20,9685.31,9685.31,9685.31,9685.31,TWSE FMTQIK
2015-05-21,9578.56,9578.56,9578.56,9578.56,TWSE FMTQIK
2015-05-22,9638.8,9638.8,9638.8,9638.8,TWSE FMTQIK
2015-05-25,9645.17,9645.17,9645.17,9645.17,TWSE FMTQIK
2015-05-26,9669.41,9669.41,9669.41,9669.41,TWSE FMTQIK
2015-05-27,9693.54,9693.54,9693.54,9693.54,TWSE FMTQIK
2015-05-28,9712.84,9712.84,9712.84,9712.84,TWSE FMTQIK
2015-05-29,9701.07,9701.07,9701.07,9701.07,TWSE FMTQIK
2015-06-01,9625.69,9625.69,9625.69,9625.69,TWSE FMTQIK
2015-06-02,9614.26,9614.26,9614.26,9614.26,TWSE FMTQIK
2015-06-03,9556.52,9556.52,9556.52,9556.52,TWSE FMTQIK
2015-06-04,9348.63,9348.63,9348.63,9348.63,TWSE FMTQIK
2015-06-05,9340.13,9340.13,9340.13,9340.13,TWSE FMTQIK
2015-06-08,9368.43,9368.43,9368.43,9368.43,TWSE FMTQIK
2015-06-09,9191.87,9191.87,9191.87,9191.87,TWSE FMTQIK
2015-06-10,9298.5,9298.5,9298.5,9298.5,TWSE FMTQIK
2015-06-11,9302.49,9302.49,9302.49,9302.49,TWSE FMTQIK
2015-06-12,9301.93,9301.93,9301.93,9301.93,TWSE FMTQIK
2015-06-15,9259.48,9259.48,9259.48,9259.48,TWSE FMTQIK
2015-06-16,9212.78,9212.78,9212.78,9212.78,TWSE FMTQIK
2015-06-17,9189.83,9189.83,9189.83,9189.83,TWSE FMTQIK
2015-06-18,9218.37,9218.37,9218.37,9218.37,TWSE FMTQIK
2015-06-22,9341.77,9341.77,9341.77,9341.77,TWSE FMTQIK
2015-06-23,9391.14,9391.14,9391.14,9391.14,TWSE FMTQIK
2015-06-24,9397.31,9397.31,9397.31,9397.31,TWSE FMTQIK
2015-06-25,9476.34,9476.34,9476.34,9476.34,TWSE FMTQIK
2015-06-26,9462.57,9462.57,9462.57,9462.57,TWSE FMTQIK
2015-06-29,9236.1,9236.1,9236.1,9236.1,TWSE FMTQIK
2015-06-30,9323.02,9323.02,9323.02,9323.02,TWSE FMTQIK
2015-07-01,9375.23,9375.23,9375.23,9375.23,TWSE FMTQIK
2015-07-02,9379.24,9379.24,9379.24,9379.24,TWSE FMTQIK
2015-07-03,9358.23,9358.23,9358.23,9358.23,TWSE FMTQIK
2015-07-06,9255.96,9255.96,9255.96,9255.96,TWSE FMTQIK
2015-07-07,9250.16,9250.16,9250.16,9250.16,TWSE FMTQIK
2015-07-08,8976.11,8976.11,8976.11,8976.11,TWSE FMTQIK
2015-07-09,8914.13,8914.13,8914.13,8914.13,TWSE FMTQIK
2015-07-13,9033.92,9033.92,9033.92,9033.92,TWSE FMTQIK
2015-07-14,9041.76,9041.76,9041.76,9041.76,TWSE FMTQIK
2015-07-15,9054.2,9054.2,9054.2,9054.2,TWSE FMTQIK
2015-07-16,9042.21,9042.21,9042.21,9042.21,TWSE FMTQIK
2015-07-17,9045.98,9045.98,9045.98,9045.98,TWSE FMTQIK
2015-07-20,8975.0,8975.0,8975.0,8975.0,TWSE FMTQIK
2015-07-21,9005.96,9005.96,9005.96,9005.96,TWSE FMTQIK
2015-07-22,8918.7,8918.7,8918.7,8918.7,TWSE FMTQIK
2015-07-23,8791.12,8791.12,8791.12,8791.12,TWSE FMTQIK
2015-07-24,8767.86,8767.86,8767.86,8767.86,TWSE FMTQIK
2015-07-27,8556.68,8556.68,8556.68,8556.68,TWSE FMTQIK
2015-07-28,8582.49,8582.49,8582.49,8582.49,TWSE FMTQIK
2015-07-29,8563.48,8563.48,8563.48,8563.48,TWSE FMTQIK
2015-07-30,8651.49,8651.49,8651.49,8651.49,TWSE FMTQIK
2015-07-31,8665.34,8665.34,8665.34,8665.34,TWSE FMTQIK
2015-08-03,8524.41,8524.41,8524.41,8524.41,TWSE FMTQIK
2015-08-04,8510.86,8510.86,8510.86,8510.86,TWSE FMTQIK
2015-08-05,8542.27,8542.27,8542.27,8542.27,TWSE FMTQIK
2015-08-06,8449.56,8449.56,8449.56,8449.56,TWSE FMTQIK
2015-08-07,8442.29,8442.29,8442.29,8442.29,TWSE FMTQIK
2015-08-10,8466.84,8466.84,8466.84,8466.84,TWSE FMTQIK
2015-08-11,8394.14,8394.14,8394.14,8394.14,TWSE FMTQIK
2015-08-12,8283.38,8283.38,8283.38,8283.38,TWSE FMTQIK
2015-08-13,8311.74,8311.74,8311.74,8311.74,TWSE FMTQIK
2015-08-14,8305.64,8305.64,8305.64,8305.64,TWSE FMTQIK
2015-08-17,8213.42,8213.42,8213.42,8213.42,TWSE FMTQIK
2015-08-18,8177.22,8177.22,8177.22,8177.22,TWSE FMTQIK
2015-08-19,8021.84,8021.84,8021.84,8021.84,TWSE FMTQIK
2015-08-20,8029.81,8029.81,8029.81,8029.81,TWSE FMTQIK
2015-08-21,7786.92,7786.92,7786.92,7786.92,TWSE FMTQIK
2015-08-24,7410.34,7410.34,7410.34,7410.34,TWSE FMTQIK
2015-08-25,7675.64,7675.64,7675.64,7675.64,TWSE FMTQIK
2015-08-26,7715.59,7715.59,7715.59,7715.59,TWSE FMTQIK
2015-08-27,7824.55,7824.55,7824.55,7824.55,TWSE FMTQIK
2015-08-28,8019.18,8019.18,8019.18,8019.18,TWSE FMTQIK
2015-08-31,8174.92,8174.92,8174.92,8174.92,TWSE FMTQIK
2015-09-01,8017.56,8017.56,8017.56,8017.56,TWSE FMTQIK
2015-09-02,8035.29,8035.29,8035.29,8035.29,TWSE FMTQIK
2015-09-03,8095.95,8095.95,8095.95,8095.95,TWSE FMTQIK
2015-09-04,8000.6,8000.6,8000.6,8000.6,TWSE FMTQIK
2015-09-07,7986.56,7986.56,7986.56,7986.56,TWSE FMTQIK
2015-09-08,8001.5,8001.5,8001.5,8001.5,TWSE FMTQIK
2015-09-09,8286.92,8286.92,8286.92,8286.92,TWSE FMTQIK
2015-09-10,8268.68,8268.68,8268.68,8268.68,TWSE FMTQIK
2015-09-11,8305.82,8305.82,8305.82,8305.82,TWSE FMTQIK
2015-09-14,8307.29,8307.29,8307.29,8307.29,TWSE FMTQIK
2015-09-15,8259.99,8259.99,8259.99,8259.99,TWSE FMTQIK
2015-09-16,8333.29,8333.29,8333.29,8333.29,TWSE FMTQIK
2015-09-17,8445.5,8445.5,8445.5,8445.5,TWSE FMTQIK
2015-09-18,8462.14,8462.14,8462.14,8462.14,TWSE FMTQIK
2015-09-21,8307.04,8307.04,8307.04,8307.04,TWSE FMTQIK
2015-09-22,8365.92,8365.92,8365.92,8365.92,TWSE FMTQIK
2015-09-23,8193.42,8193.42,8193.42,8193.42,TWSE FMTQIK
2015-09-24,8123.1,8123.1,8123.1,8123.1,TWSE FMTQIK
2015-09-25,8132.35,8132.35,8132.35,8132.35,TWSE FMTQIK
2015-09-30,8181.24,8181.24,8181.24,8181.24,TWSE FMTQIK
2015-10-01,8295.94,8295.94,8295.94,8295.94,TWSE FMTQIK
2015-10-02,8305.03,8305.03,8305.03,8305.03,TWSE FMTQIK
2015-10-05,8352.36,8352.36,8352.36,8352.36,TWSE FMTQIK
2015-10-06,8394.1,8394.1,8394.1,8394.1,TWSE FMTQIK
2015-10-07,8495.23,8495.23,8495.23,8495.23,TWSE FMTQIK
2015-10-08,8445.96,8445.96,8445.96,8445.96,TWSE FMTQIK
2015-10-12,8573.72,8573.72,8573.72,8573.72,TWSE FMTQIK
2015-10-13,8567.92,8567.92,8567.92,8567.92,TWSE FMTQIK
2015-10-14,8522.51,8522.51,8522.51,8522.51,TWSE FMTQIK
2015-10-15,8601.52,8601.52,8601.52,8601.52,TWSE FMTQIK
2015-10-16,8604.95,8604.95,8604.95,8604.95,TWSE FMTQIK
2015-10-19,8631.5,8631.5,8631.5,8631.5,TWSE FMTQIK
2015-10-20,8653.6,8653.6,8653.6,8653.6,TWSE FMTQIK
2015-10-21,8609.23,8609.23,8609.23,8609.23,TWSE FMTQIK
2015-10-22,8608.46,8608.46,8608.46,8608.46,TWSE FMTQIK
2015-10-23,8673.81,8673.81,8673.81,8673.81,TWSE FMTQIK
2015-10-26,8745.36,8745.36,8745.36,8745.36,TWSE FMTQIK
2015-10-27,8701.32,8701.32,8701.32,8701.32,TWSE FMTQIK
2015-10-28,8665.99,8665.99,8665.99,8665.99,TWSE FMTQIK
2015-10-29,8571.08,8571.08,8571.08,8571.08,TWSE FMTQIK
2015-10-30,8554.31,8554.31,8554.31,8554.31,TWSE FMTQIK
2015-11-02,8614.77,8614.77,8614.77,8614.77,TWSE FMTQIK
2015-11-03,8713.19,8713.19,8713.19,8713.19,TWSE FMTQIK
2015-11-04,8857.02,8857.02,8857.02,8857.02,TWSE FMTQIK
2015-11-05,8850.18,8850.18,8850.18,8850.18,TWSE FMTQIK
2015-11-06,8693.57,8693.57,8693.57,8693.57,TWSE FMTQIK
2015-11-09,8642.48,8642.48,8642.48,8642.48,TWSE FMTQIK
2015-11-10,8536.9,8536.9,8536.9,8536.9,TWSE FMTQIK
2015-11-11,8415.01,8415.01,8415.01,8415.01,TWSE FMTQIK
2015-11-12,8428.09,8428.09,8428.09,8428.09,TWSE FMTQIK
2015-11-13,8329.5,8329.5,8329.5,8329.5,TWSE FMTQIK
2015-11-16,8295.4,8295.4,8295.4,8295.4,TWSE FMTQIK
2015-11-17,8419.42,8419.42,8419.42,8419.42,TWSE FMTQIK
2015-11-18,8340.47,8340.47,8340.47,8340.47,TWSE FMTQIK
2015-11-19,8477.2,8477.2,8477.2,8477.2,TWSE FMTQIK
2015-11-20,8465.45,8465.45,8465.45,8465.45,TWSE FMTQIK
2015-11-23,8485.73,8485.73,8485.73,8485.73,TWSE FMTQIK
2015-11-24,8400.14,8400.14,8400.14,8400.14,TWSE FMTQIK
2015-11-25,8386.13,8386.13,8386.13,8386.13,TWSE FMTQIK
2015-11-26,8484.9,8484.9,8484.9,8484.9,TWSE FMTQIK
2015-11-27,8398.4,8398.4,8398.4,8398.4,TWSE FMTQIK
2015-11-30,8320.61,8320.61,8320.61,8320.61,TWSE FMTQIK
2015-12-01,8463.3,8463.3,8463.3,8463.3,TWSE FMTQIK
2015-12-02,8457.4,8457.4,8457.4,8457.4,TWSE FMTQIK
2015-12-03,8456.06,8456.06,8456.06,8456.06,TWSE FMTQIK
2015-12-04,8398.6,8398.6,8398.6,8398.6,TWSE FMTQIK
2015-12-07,8454.27,8454.27,8454.27,8454.27,TWSE FMTQIK
2015-12-08,8343.86,8343.86,8343.86,8343.86,TWSE FMTQIK
2015-12-09,8229.62,8229.62,8229.62,8229.62,TWSE FMTQIK
2015-12-10,8216.17,8216.17,8216.17,8216.17,TWSE FMTQIK
2015-12-11,8115.89,8115.89,8115.89,8115.89,TWSE FMTQIK
2015-12-14,8040.16,8040.16,8040.16,8040.16,TWSE FMTQIK
2015-12-15,8073.35,8073.35,8073.35,8073.35,TWSE FMTQIK
2015-12-16,8184.66,8184.66,8184.66,8184.66,TWSE FMTQIK
2015-12-17,8319.67,8319.67,8319.67,8319.67,TWSE FMTQIK
2015-12-18,8257.32,8257.32,8257.32,8257.32,TWSE FMTQIK
2015-12-21,8282.17,8282.17,8282.17,8282.17,TWSE FMTQIK
2015-12-22,8292.74,8292.74,8292.74,8292.74,TWSE FMTQIK
2015-12-23,8315.7,8315.7,8315.7,8315.7,TWSE FMTQIK
2015-12-24,8324.36,8324.36,8324.36,8324.36,TWSE FMTQIK
2015-12-25,8363.28,8363.28,8363.28,8363.28,TWSE FMTQIK
2015-12-28,8358.49,8358.49,8358.49,8358.49,TWSE FMTQIK
2015-12-29,8293.91,8293.91,8293.91,8293.91,TWSE FMTQIK
2015-12-30,8279.99,8279.99,8279.99,8279.99,TWSE FMTQIK
2015-12-31,8338.06,8338.06,8338.06,8338.06,TWSE FMTQIK
2016-01-04,8114.26,8114.26,8114.26,8114.26,TWSE FMTQIK
2016-01-05,8075.11,8075.11,8075.11,8075.11,TWSE FMTQIK
2016-01-06,7990.39,7990.39,7990.39,7990.39,TWSE FMTQIK
2016-01-07,7852.06,7852.06,7852.06,7852.06,TWSE FMTQIK
2016-01-08,7893.97,7893.97,7893.97,7893.97,TWSE FMTQIK
2016-01-11,7788.42,7788.42,7788.42,7788.42,TWSE FMTQIK
2016-01-12,7768.45,7768.45,7768.45,7768.45,TWSE FMTQIK
2016-01-13,7824.61,7824.61,7824.61,7824.61,TWSE FMTQIK
2016-01-14,7742.88,7742.88,7742.88,7742.88,TWSE FMTQIK
2016-01-15,7762.01,7762.01,7762.01,7762.01,TWSE FMTQIK
2016-01-18,7811.18,7811.18,7811.18,7811.18,TWSE FMTQIK
2016-01-19,7854.88,7854.88,7854.88,7854.88,TWSE FMTQIK
2016-01-20,7699.12,7699.12,7699.12,7699.12,TWSE FMTQIK
2016-01-21,7664.01,7664.01,7664.01,7664.01,TWSE FMTQIK
2016-01-22,7756.18,7756.18,7756.18,7756.18,TWSE FMTQIK
2016-01-25,7894.15,7894.15,7894.15,7894.15,TWSE FMTQIK
2016-01-26,7828.67,7828.67,7828.67,7828.67,TWSE FMTQIK
2016-01-27,7849.83,7849.83,7849.83,7849.83,TWSE FMTQIK
2016-01-28,7905.1,7905.1,7905.1,7905.1,TWSE FMTQIK
2016-01-29,8080.6,8080.6,8080.6,8080.6,TWSE FMTQIK
2016-01-30,8145.21,8145.21,8145.21,8145.21,TWSE FMTQIK
2016-02-01,8156.96,8156.96,8156.96,8156.96,TWSE FMTQIK
2016-02-02,8131.24,8131.24,8131.24,8131.24,TWSE FMTQIK
2016-02-03,8063.0,8063.0,8063.0,8063.0,TWSE FMTQIK
2016-02-15,8066.51,8066.51,8066.51,8066.51,TWSE FMTQIK
2016-02-16,8212.07,8212.07,8212.07,8212.07,TWSE FMTQIK
2016-02-17,8214.25,8214.25,8214.25,8214.25,TWSE FMTQIK
2016-02-18,8314.67,8314.67,8314.67,8314.67,TWSE FMTQIK
2016-02-19,8325.04,8325.04,8325.04,8325.04,TWSE FMTQIK
2016-02-22,8326.68,8326.68,8326.68,8326.68,TWSE FMTQIK
2016-02-23,8334.64,8334.64,8334.64,8334.64,TWSE FMTQIK
2016-02-24,8282.86,8282.86,8282.86,8282.86,TWSE FMTQIK
2016-02-25,8365.86,8365.86,8365.86,8365.86,TWSE FMTQIK
2016-02-26,8411.16,8411.16,8411.16,8411.16,TWSE FMTQIK
2016-03-01,8485.69,8485.69,8485.69,8485.69,TWSE FMTQIK
2016-03-02,8544.05,8544.05,8544.05,8544.05,TWSE FMTQIK
2016-03-03,8611.79,8611.79,8611.79,8611.79,TWSE FMTQIK
2016-03-04,8643.55,8643.55,8643.55,8643.55,TWSE FMTQIK
2016-03-07,8659.55,8659.55,8659.55,8659.55,TWSE FMTQIK
2016-03-08,8664.31,8664.31,8664.31,8664.31,TWSE FMTQIK
2016-03-09,8634.11,8634.11,8634.11,8634.11,TWSE FMTQIK
2016-03-10,8660.7,8660.7,8660.7,8660.7,TWSE FMTQIK
2016-03-11,8706.14,8706.14,8706.14,8706.14,TWSE FMTQIK
2016-03-14,8747.9,8747.9,8747.9,8747.9,TWSE FMTQIK
2016-03-15,8611.18,8611.18,8611.18,8611.18,TWSE FMTQIK
2016-03-16,8699.14,8699.14,8699.14,8699.14,TWSE FMTQIK
2016-03-17,8734.54,8734.54,8734.54,8734.54,TWSE FMTQIK
2016-03-18,8810.71,8810.71,8810.71,8810.71,TWSE FMTQIK
2016-03-21,8812.7,8812.7,8812.7,8812.7,TWSE FMTQIK
2016-03-22,8785.68,8785.68,8785.68,8785.68,TWSE FMTQIK
2016-03-23,8766.09,8766.09,8766.09,8766.09,TWSE FMTQIK
2016-03-24,8743.38,8743.38,8743.38,8743.38,TWSE FMTQIK
2016-03-25,8704.97,8704.97,8704.97,8704.97,TWSE FMTQIK
2016-03-28,8690.45,8690.45,8690.45,8690.45,TWSE FMTQIK
2016-03-29,8617.35,8617.35,8617.35,8617.35,TWSE FMTQIK
2016-03-30,8737.04,8737.04,8737.04,8737.04,TWSE FMTQIK
2016-03-31,8744.83,8744.83,8744.83,8744.83,TWSE FMTQIK
2016-04-01,8657.55,8657.55,8657.55,8657.55,TWSE FMTQIK
2016-04-06,8513.3,8513.3,8513.3,8513.3,TWSE FMTQIK
2016-04-07,8490.25,8490.25,8490.25,8490.25,TWSE FMTQIK
2016-04-08,8541.5,8541.5,8541.5,8541.5,TWSE FMTQIK
2016-04-11,8562.59,8562.59,8562.59,8562.59,TWSE FMTQIK
2016-04-12,8531.18,8531.18,8531.18,8531.18,TWSE FMTQIK
2016-04-13,8652.08,8652.08,8652.08,8652.08,TWSE FMTQIK
2016-04-14,8667.71,8667.71,8667.71,8667.71,TWSE FMTQIK
2016-04-15,8700.39,8700.39,8700.39,8700.39,TWSE FMTQIK
2016-04-18,8666.01,8666.01,8666.01,8666.01,TWSE FMTQIK
2016-04-19,8633.72,8633.72,8633.72,8633.72,TWSE FMTQIK
2016-04-20,8514.48,8514.48,8514.48,8514.48,TWSE FMTQIK
2016-04-21,8568.65,8568.65,8568.65,8568.65,TWSE FMTQIK
2016-04-22,8535.75,8535.75,8535.75,8535.75,TWSE FMTQIK
2016-04-25,8560.28,8560.28,8560.28,8560.28,TWSE FMTQIK
2016-04-26,8581.57,8581.57,8581.57,8581.57,TWSE FMTQIK
2016-04-27,8563.05,8563.05,8563.05,8563.05,TWSE FMTQIK
2016-04-28,8473.87,8473.87,8473.87,8473.87,TWSE FMTQIK
2016-04-29,8377.9,8377.9,8377.9,8377.9,TWSE FMTQIK
2016-05-03,8294.12,8294.12,8294.12,8294.12,TWSE FMTQIK
2016-05-04,8185.47,8185.47,8185.47,8185.47,TWSE FMTQIK
2016-05-05,8167.96,8167.96,8167.96,8167.96,TWSE FMTQIK
2016-05-06,8146.43,8146.43,8146.43,8146.43,TWSE FMTQIK
2016-05-09,8131.83,8131.83,8131.83,8131.83,TWSE FMTQIK
2016-05-10,8156.29,8156.29,8156.29,8156.29,TWSE FMTQIK
2016-05-11,8135.56,8135.56,8135.56,8135.56,TWSE FMTQIK
2016-05-12,8108.05,8108.05,8108.05,8108.05,TWSE FMTQIK
2016-05-13,8053.69,8053.69,8053.69,8053.69,TWSE FMTQIK
2016-05-16,8067.6,8067.6,8067.6,8067.6,TWSE FMTQIK
2016-05-17,8140.48,8140.48,8140.48,8140.48,TWSE FMTQIK
2016-05-18,8159.68,8159.68,8159.68,8159.68,TWSE FMTQIK
2016-05-19,8095.98,8095.98,8095.98,8095.98,TWSE FMTQIK
2016-05-20,8131.26,8131.26,8131.26,8131.26,TWSE FMTQIK
2016-05-23,8344.44,8344.44,8344.44,8344.44,TWSE FMTQIK
2016-05-24,8300.66,8300.66,8300.66,8300.66,TWSE FMTQIK
2016-05-25,8396.2,8396.2,8396.2,8396.2,TWSE FMTQIK
2016-05-26,8394.12,8394.12,8394.12,8394.12,TWSE FMTQIK
2016-05-27,8463.61,8463.61,8463.61,8463.61,TWSE FMTQIK
2016-05-30,8535.87,8535.87,8535.87,8535.87,TWSE FMTQIK
2016-05-31,8535.59,8535.59,8535.59,8535.59,TWSE FMTQIK
2016-06-01,8597.16,8597.16,8597.16,8597.16,TWSE FMTQIK
2016-06-02,8556.02,8556.02,8556.02,8556.02,TWSE FMTQIK
2016-06-03,8587.36,8587.36,8587.36,8587.36,TWSE FMTQIK
2016-06-04,8591.57,8591.57,8591.57,8591.57,TWSE FMTQIK
2016-06-06,8597.11,8597.11,8597.11,8597.11,TWSE FMTQIK
2016-06-07,8679.9,8679.9,8679.9,8679.9,TWSE FMTQIK
2016-06-08,8715.48,8715.48,8715.48,8715.48,TWSE FMTQIK
2016-06-13,8536.22,8536.22,8536.22,8536.22,TWSE FMTQIK
2016-06-14,8576.12,8576.12,8576.12,8576.12,TWSE FMTQIK
2016-06-15,8606.37,8606.37,8606.37,8606.37,TWSE FMTQIK
2016-06-16,8494.14,8494.14,8494.14,8494.14,TWSE FMTQIK
2016-06-17,8568.08,8568.08,8568.08,8568.08,TWSE FMTQIK
2016-06-20,8625.92,8625.92,8625.92,8625.92,TWSE FMTQIK
2016-06-21,8684.85,8684.85,8684.85,8684.85,TWSE FMTQIK
2016-06-22,8716.25,8716.25,8716.25,8716.25,TWSE FMTQIK
2016-06-23,8676.68,8676.68,8676.68,8676.68,TWSE FMTQIK
2016-06-24,8476.99,8476.99,8476.99,8476.99,TWSE FMTQIK
2016-06-27,8458.87,8458.87,8458.87,8458.87,TWSE FMTQIK
2016-06-28,8505.51,8505.51,8505.51,8505.51,TWSE FMTQIK
2016-06-29,8586.56,8586.56,8586.56,8586.56,TWSE FMTQIK
2016-06-30,8666.58,8666.58,8666.58,8666.58,TWSE FMTQIK
2016-07-01,8738.24,8738.24,8738.24,8738.24,TWSE FMTQIK
2016-07-04,8760.58,8760.58,8760.58,8760.58,TWSE FMTQIK
2016-07-05,8716.07,8716.07,8716.07,8716.07,TWSE FMTQIK
2016-07-06,8575.75,8575.75,8575.75,8575.75,TWSE FMTQIK
2016-07-07,8640.91,8640.91,8640.91,8640.91,TWSE FMTQIK
2016-07-11,8786.47,8786.47,8786.47,8786.47,TWSE FMTQIK
2016-07-12,8841.46,8841.46,8841.46,8841.46,TWSE FMTQIK
2016-07-13,8857.75,8857.75,8857.75,8857.75,TWSE FMTQIK
2016-07-14,8866.36,8866.36,8866.36,8866.36,TWSE FMTQIK
2016-07-15,8949.85,8949.85,8949.85,8949.85,TWSE FMTQIK
2016-07-18,9008.21,9008.21,9008.21,9008.21,TWSE FMTQIK
2016-07-19,9034.87,9034.87,9034.87,9034.87,TWSE FMTQIK
2016-07-20,9007.68,9007.68,9007.68,9007.68,TWSE FMTQIK
2016-07-21,9056.56,9056.56,9056.56,9056.56,TWSE FMTQIK
2016-07-22,9013.14,9013.14,9013.14,9013.14,TWSE FMTQIK
2016-07-25,8991.67,8991.67,8991.67,8991.67,TWSE FMTQIK
2016-07-26,9024.79,9024.79,9024.79,9024.79,TWSE FMTQIK
2016-07-27,9063.39,9063.39,9063.39,9063.39,TWSE FMTQIK
2016-07-28,9076.64,9076.64,9076.64,9076.64,TWSE FMTQIK
2016-07-29,8984.41,8984.41,8984.41,8984.41,TWSE FMTQIK
2016-08-01,9080.71,9080.71,9080.71,9080.71,TWSE FMTQIK
2016-08-02,9068.76,9068.76,9068.76,9068.76,TWSE FMTQIK
2016-08-03,9001.71,9001.71,9001.71,9001.71,TWSE FMTQIK
2016-08-04,9024.71,9024.71,9024.71,9024.71,TWSE FMTQIK
2016-08-05,9092.12,9092.12,9092.12,9092.12,TWSE FMTQIK
2016-08-08,9150.26,9150.26,9150.26,9150.26,TWSE FMTQIK
2016-08-09,9155.08,9155.08,9155.08,9155.08,TWSE FMTQIK
2016-08-10,9200.42,9200.42,9200.42,9200.42,TWSE FMTQIK
2016-08-11,9131.83,9131.83,9131.83,9131.83,TWSE FMTQIK
2016-08-12,9150.39,9150.39,9150.39,9150.39,TWSE FMTQIK
2016-08-15,9148.51,9148.51,9148.51,9148.51,TWSE FMTQIK
2016-08-16,9110.36,9110.36,9110.36,9110.36,TWSE FMTQIK
2016-08-17,9117.7,9117.7,9117.7,9117.7,TWSE FMTQIK
2016-08-18,9122.5,9122.5,9122.5,9122.5,TWSE FMTQIK
2016-08-19,9034.27,9034.27,9034.27,9034.27,TWSE FMTQIK
2016-08-22,8981.81,8981.81,8981.81,8981.81,TWSE FMTQIK
2016-08-23,9030.93,9030.93,9030.93,9030.93,TWSE FMTQIK
2016-08-24,9017.38,9017.38,9017.38,9017.38,TWSE FMTQIK
2016-08-25,9115.47,9115.47,9115.47,9115.47,TWSE FMTQIK
2016-08-26,9131.72,9131.72,9131.72,9131.72,TWSE FMTQIK
2016-08-29,9110.17,9110.17,9110.17,9110.17,TWSE FMTQIK
2016-08-30,9110.56,9110.56,9110.56,9110.56,TWSE FMTQIK
2016-08-31,9068.85,9068.85,9068.85,9068.85,TWSE FMTQIK
2016-09-01,9001.15,9001.15,9001.15,9001.15,TWSE FMTQIK
2016-09-02,8987.55,8987.55,8987.55,8987.55,TWSE FMTQIK
2016-09-05,9090.13,9090.13,9090.13,9090.13,TWSE FMTQIK
2016-09-06,9181.85,9181.85,9181.85,9181.85,TWSE FMTQIK
2016-09-07,9259.07,9259.07,9259.07,9259.07,TWSE FMTQIK
2016-09-08,9262.89,9262.89,9262.89,9262.89,TWSE FMTQIK
2016-09-09,9164.88,9164.88,9164.88,9164.88,TWSE FMTQIK
2016-09-10,9053.69,9053.69,9053.69,9053.69,TWSE FMTQIK
2016-09-12,8947.06,8947.06,8947.06,8947.06,TWSE FMTQIK
2016-09-13,8940.83,8940.83,8940.83,8940.83,TWSE FMTQIK
2016-09-14,8902.3,8902.3,8902.3,8902.3,TWSE FMTQIK
2016-09-19,9152.88,9152.88,9152.88,9152.88,TWSE FMTQIK
2016-09-20,9161.58,9161.58,9161.58,9161.58,TWSE FMTQIK
2016-09-21,9228.5,9228.5,9228.5,9228.5,TWSE FMTQIK
2016-09-22,9235.26,9235.26,9235.26,9235.26,TWSE FMTQIK
2016-09-23,9284.62,9284.62,9284.62,9284.62,TWSE FMTQIK
2016-09-26,9194.52,9194.52,9194.52,9194.52,TWSE FMTQIK
2016-09-29,9270.9,9270.9,9270.9,9270.9,TWSE FMTQIK
2016-09-30,9166.85,9166.85,9166.85,9166.85,TWSE FMTQIK
2016-10-03,9234.2,9234.2,9234.2,9234.2,TWSE FMTQIK
2016-10-04,9287.77,9287.77,9287.77,9287.77,TWSE FMTQIK
2016-10-05,9272.28,9272.28,9272.28,9272.28,TWSE FMTQIK
2016-10-06,9284.31,9284.31,9284.31,9284.31,TWSE FMTQIK
2016-10-07,9265.81,9265.81,9265.81,9265.81,TWSE FMTQIK
2016-10-11,9219.82,9219.82,9219.82,9219.82,TWSE FMTQIK
2016-10-12,9252.6,9252.6,9252.6,9252.6,TWSE FMTQIK
2016-10-13,9219.17,9219.17,9219.17,9219.17,TWSE FMTQIK
2016-10-14,9165.17,9165.17,9165.17,9165.17,TWSE FMTQIK
2016-10-17,9176.22,9176.22,9176.22,9176.22,TWSE FMTQIK
2016-10-18,9222.58,9222.58,9222.58,9222.58,TWSE FMTQIK
2016-10-19,9283.99,9283.99,9283.99,9283.99,TWSE FMTQIK
2016-10-20,9317.24,9317.24,9317.24,9317.24,TWSE FMTQIK
2016-10-21,9306.57,9306.57,9306.57,9306.57,TWSE FMTQIK
2016-10-24,9322.5,9322.5,9322.5,9322.5,TWSE FMTQIK
2016-10-25,9385.65,9385.65,9385.65,9385.65,TWSE FMTQIK
2016-10-26,9362.25,9362.25,9362.25,9362.25,TWSE FMTQIK
2016-10-27,9299.55,9299.55,9299.55,9299.55,TWSE FMTQIK
2016-10-28,9306.92,9306.92,9306.92,9306.92,TWSE FMTQIK
2016-10-31,9290.12,9290.12,9290.12,9290.12,TWSE FMTQIK
2016-11-01,9272.7,9272.7,9272.7,9272.7,TWSE FMTQIK
2016-11-02,9139.04,9139.04,9139.04,9139.04,TWSE FMTQIK
2016-11-03,9067.27,9067.27,9067.27,9067.27,TWSE FMTQIK
2016-11-04,9068.15,9068.15,9068.15,9068.15,TWSE FMTQIK
2016-11-07,9189.84,9189.84,9189.84,9189.84,TWSE FMTQIK
2016-11-08,9217.43,9217.43,9217.43,9217.43,TWSE FMTQIK
2016-11-09,8943.2,8943.2,8943.2,8943.2,TWSE FMTQIK
2016-11-10,9152.18,9152.18,9152.18,9152.18,TWSE FMTQIK
2016-11-11,8957.76,8957.76,8957.76,8957.76,TWSE FMTQIK
2016-11-14,8940.4,8940.4,8940.4,8940.4,TWSE FMTQIK
2016-11-15,8931.03,8931.03,8931.03,8931.03,TWSE FMTQIK
2016-11-16,8962.22,8962.22,8962.22,8962.22,TWSE FMTQIK
2016-11-17,8995.26,8995.26,8995.26,8995.26,TWSE FMTQIK
2016-11-18,9008.79,9008.79,9008.79,9008.79,TWSE FMTQIK
2016-11-21,9041.11,9041.11,9041.11,9041.11,TWSE FMTQIK
2016-11-22,9133.39,9133.39,9133.39,9133.39,TWSE FMTQIK
2016-11-23,9178.23,9178.23,9178.23,9178.23,TWSE FMTQIK
2016-11-24,9152.11,9152.11,9152.11,9152.11,TWSE FMTQIK
2016-11-25,9159.07,9159.07,9159.07,9159.07,TWSE FMTQIK
2016-11-28,9222.24,9222.24,9222.24,9222.24,TWSE FMTQIK
2016-11-29,9192.38,9192.38,9192.38,9192.38,TWSE FMTQIK
2016-11-30,9240.71,9240.71,9240.71,9240.71,TWSE FMTQIK
2016-12-01,9263.53,9263.53,9263.53,9263.53,TWSE FMTQIK
2016-12-02,9189.49,9189.49,9189.49,9189.49,TWSE FMTQIK
2016-12-05,9160.66,9160.66,9160.66,9160.66,TWSE FMTQIK
2016-12-06,9250.77,9250.77,9250.77,9250.77,TWSE FMTQIK
2016-12-07,9263.89,9263.89,9263.89,9263.89,TWSE FMTQIK
2016-12-08,9375.86,9375.86,9375.86,9375.86,TWSE FMTQIK
2016-12-09,9392.68,9392.68,9392.68,9392.68,TWSE FMTQIK
2016-12-12,9349.94,9349.94,9349.94,9349.94,TWSE FMTQIK
2016-12-13,9382.14,9382.14,9382.14,9382.14,TWSE FMTQIK
2016-12-14,9368.52,9368.52,9368.52,9368.52,TWSE FMTQIK
2016-12-15,9360.35,9360.35,9360.35,9360.35,TWSE FMTQIK
2016-12-16,9326.78,9326.78,9326.78,9326.78,TWSE FMTQIK
2016-12-19,9239.32,9239.32,9239.32,9239.32,TWSE FMTQIK
2016-12-20,9242.41,9242.41,9242.41,9242.41,TWSE FMTQIK
2016-12-21,9204.26,9204.26,9204.26,9204.26,TWSE FMTQIK
2016-12-22,9118.75,9118.75,9118.75,9118.75,TWSE FMTQIK
2016-12-23,9078.64,9078.64,9078.64,9078.64,TWSE FMTQIK
2016-12-26,9110.54,9110.54,9110.54,9110.54,TWSE FMTQIK
2016-12-27,9109.27,9109.27,9109.27,9109.27,TWSE FMTQIK
2016-12-28,9201.4,9201.4,9201.4,9201.4,TWSE FMTQIK
2016-12-29,9153.09,9153.09,9153.09,9153.09,TWSE FMTQIK
2016-12-30,9253.5,9253.5,9253.5,9253.5,TWSE FMTQIK
2017-01-03,9272.88,9272.88,9272.88,9272.88,TWSE FMTQIK
2017-01-04,9286.96,9286.96,9286.96,9286.96,TWSE FMTQIK
2017-01-05,9358.14,9358.14,9358.14,9358.14,TWSE FMTQIK
2017-01-06,9372.22,9372.22,9372.22,9372.22,TWSE FMTQIK
2017-01-09,9342.42,9342.42,9342.42,9342.42,TWSE FMTQIK
2017-01-10,9349.64,9349.64,9349.64,9349.64,TWSE FMTQIK
2017-01-11,9345.74,9345.74,9345.74,9345.74,TWSE FMTQIK
2017-01-12,9410.18,9410.18,9410.18,9410.18,TWSE FMTQIK
2017-01-13,9378.83,9378.83,9378.83,9378.83,TWSE FMTQIK
2017-01-16,9292.33,9292.33,9292.33,9292.33,TWSE FMTQIK
2017-01-17,9354.53,9354.53,9354.53,9354.53,TWSE FMTQIK
2017-01-18,9341.97,9341.97,9341.97,9341.97,TWSE FMTQIK
2017-01-19,9318.12,9318.12,9318.12,9318.12,TWSE FMTQIK
2017-01-20,9331.46,9331.46,9331.46,9331.46,TWSE FMTQIK
2017-01-23,9424.05,9424.05,9424.05,9424.05,TWSE FMTQIK
2017-01-24,9447.95,9447.95,9447.95,9447.95,TWSE FMTQIK
2017-02-02,9428.97,9428.97,9428.97,9428.97,TWSE FMTQIK
2017-02-03,9455.56,9455.56,9455.56,9455.56,TWSE FMTQIK
2017-02-06,9538.01,9538.01,9538.01,9538.01,TWSE FMTQIK
2017-02-07,9554.56,9554.56,9554.56,9554.56,TWSE FMTQIK
2017-02-08,9543.25,9543.25,9543.25,9543.25,TWSE FMTQIK
2017-02-09,9590.18,9590.18,9590.18,9590.18,TWSE FMTQIK
2017-02-10,9665.59,9665.59,9665.59,9665.59,TWSE FMTQIK
2017-02-13,9710.32,9710.32,9710.32,9710.32,TWSE FMTQIK
2017-02-14,9718.78,9718.78,9718.78,9718.78,TWSE FMTQIK
2017-02-15,9799.76,9799.76,9799.76,9799.76,TWSE FMTQIK
2017-02-16,9771.25,9771.25,9771.25,9771.25,TWSE FMTQIK
2017-02-17,9759.76,9759.76,9759.76,9759.76,TWSE FMTQIK
2017-02-18,9779.92,9779.92,9779.92,9779.92,TWSE FMTQIK
2017-02-20,9753.2,9753.2,9753.2,9753.2,TWSE FMTQIK
2017-02-21,9763.93,9763.93,9763.93,9763.93,TWSE FMTQIK
2017-02-22,9778.78,9778.78,9778.78,9778.78,TWSE FMTQIK
2017-02-23,9769.31,9769.31,9769.31,9769.31,TWSE FMTQIK
2017-02-24,9750.47,9750.47,9750.47,9750.47,TWSE FMTQIK
2017-03-01,9674.78,9674.78,9674.78,9674.78,TWSE FMTQIK
2017-03-02,9691.8,9691.8,9691.8,9691.8,TWSE FMTQIK
2017-03-03,9648.21,9648.21,9648.21,9648.21,TWSE FMTQIK
2017-03-06,9682.63,9682.63,9682.63,9682.63,TWSE FMTQIK
2017-03-07,9738.07,9738.07,9738.07,9738.07,TWSE FMTQIK
2017-03-08,9753.45,9753.45,9753.45,9753.45,TWSE FMTQIK
2017-03-09,9658.61,9658.61,9658.61,9658.61,TWSE FMTQIK
2017-03-10,9627.89,9627.89,9627.89,9627.89,TWSE FMTQIK
2017-03-13,9697.34,9697.34,9697.34,9697.34,TWSE FMTQIK
2017-03-14,9744.21,9744.21,9744.21,9744.21,TWSE FMTQIK
2017-03-15,9740.31,9740.31,9740.31,9740.31,TWSE FMTQIK
2017-03-16,9837.83,9837.83,9837.83,9837.83,TWSE FMTQIK
2017-03-17,9908.69,9908.69,9908.69,9908.69,TWSE FMTQIK
2017-03-20,9912.97,9912.97,9912.97,9912.97,TWSE FMTQIK
2017-03-21,9972.49,9972.49,9972.49,9972.49,TWSE FMTQIK
2017-03-22,9922.66,9922.66,9922.66,9922.66,TWSE FMTQIK
2017-03-23,9930.74,9930.74,9930.74,9930.74,TWSE FMTQIK
2017-03-24,9902.98,9902.98,9902.98,9902.98,TWSE FMTQIK
2017-03-27,9876.77,9876.77,9876.77,9876.77,TWSE FMTQIK
2017-03-28,9876.45,9876.45,9876.45,9876.45,TWSE FMTQIK
2017-03-29,9856.25,9856.25,9856.25,9856.25,TWSE FMTQIK
2017-03-30,9848.15,9848.15,9848.15,9848.15,TWSE FMTQIK
2017-03-31,9811.52,9811.52,9811.52,9811.52,TWSE FMTQIK
2017-04-05,9949.48,9949.48,9949.48,9949.48,TWSE FMTQIK
2017-04-06,9897.8,9897.8,9897.8,9897.8,TWSE FMTQIK
2017-04-07,9873.37,9873.37,9873.37,9873.37,TWSE FMTQIK
2017-04-10,9882.54,9882.54,9882.54,9882.54,TWSE FMTQIK
2017-04-11,9832.42,9832.42,9832.42,9832.42,TWSE FMTQIK
2017-04-12,9817.68,9817.68,9817.68,9817.68,TWSE FMTQIK
2017-04-13,9836.68,9836.68,9836.68,9836.68,TWSE FMTQIK
2017-04-14,9732.93,9732.93,9732.93,9732.93,TWSE FMTQIK
2017-04-17,9716.4,9716.4,9716.4,9716.4,TWSE FMTQIK
2017-04-18,9746.56,9746.56,9746.56,9746.56,TWSE FMTQIK
2017-04-19,9639.94,9639.94,9639.94,9639.94,TWSE FMTQIK
2017-04-20,9632.69,9632.69,9632.69,9632.69,TWSE FMTQIK
2017-04-21,9717.41,9717.41,9717.41,9717.41,TWSE FMTQIK
2017-04-24,9717.95,9717.95,9717.95,9717.95,TWSE FMTQIK
2017-04-25,9841.71,9841.71,9841.71,9841.71,TWSE FMTQIK
2017-04-26,9856.45,9856.45,9856.45,9856.45,TWSE FMTQIK
2017-04-27,9860.62,9860.62,9860.62,9860.62,TWSE FMTQIK
2017-04-28,9872.0,9872.0,9872.0,9872.0,TWSE FMTQIK
2017-05-02,9941.27,9941.27,9941.27,9941.27,TWSE FMTQIK
2017-05-03,9955.33,9955.33,9955.33,9955.33,TWSE FMTQIK
2017-05-04,9967.64,9967.64,9967.64,9967.64,TWSE FMTQIK
2017-05-05,9899.94,9899.94,9899.94,9899.94,TWSE FMTQIK
2017-05-08,9937.25,9937.25,9937.25,9937.25,TWSE FMTQIK
2017-05-09,9915.48,9915.48,9915.48,9915.48,TWSE FMTQIK
2017-05-10,9968.32,9968.32,9968.32,9968.32,TWSE FMTQIK
2017-05-11,10001.48,10001.48,10001.48,10001.48,TWSE FMTQIK
2017-05-12,9986.82,9986.82,9986.82,9986.82,TWSE FMTQIK
2017-05-15,10036.82,10036.82,10036.82,10036.82,TWSE FMTQIK
2017-05-16,10031.49,10031.49,10031.49,10031.49,TWSE FMTQIK
2017-05-17,10013.67,10013.67,10013.67,10013.67,TWSE FMTQIK
2017-05-18,9969.45,9969.45,9969.45,9969.45,TWSE FMTQIK
2017-05-19,9947.62,9947.62,9947.62,9947.62,TWSE FMTQIK
2017-05-22,9997.26,9997.26,9997.26,9997.26,TWSE FMTQIK
2017-05-23,10007.84,10007.84,10007.84,10007.84,TWSE FMTQIK
2017-05-24,10044.42,10044.42,10044.42,10044.42,TWSE FMTQIK
2017-05-25,10108.49,10108.49,10108.49,10108.49,TWSE FMTQIK
2017-05-26,10101.95,10101.95,10101.95,10101.95,TWSE FMTQIK
2017-05-31,10040.72,10040.72,10040.72,10040.72,TWSE FMTQIK
2017-06-01,10087.42,10087.42,10087.42,10087.42,TWSE FMTQIK
2017-06-02,10152.53,10152.53,10152.53,10152.53,TWSE FMTQIK
2017-06-03,10158.15,10158.15,10158.15,10158.15,TWSE FMTQIK
2017-06-05,10226.84,10226.84,10226.84,10226.84,TWSE FMTQIK
2017-06-06,10206.18,10206.18,10206.18,10206.18,TWSE FMTQIK
2017-06-07,10209.99,10209.99,10209.99,10209.99,TWSE FMTQIK
2017-06-08,10225.78,10225.78,10225.78,10225.78,TWSE FMTQIK
2017-06-09,10199.65,10199.65,10199.65,10199.65,TWSE FMTQIK
2017-06-12,10109.96,10109.96,10109.96,10109.96,TWSE FMTQIK
2017-06-13,10128.15,10128.15,10128.15,10128.15,TWSE FMTQIK
2017-06-14,10072.46,10072.46,10072.46,10072.46,TWSE FMTQIK
2017-06-15,10088.35,10088.35,10088.35,10088.35,TWSE FMTQIK
2017-06-16,10156.73,10156.73,10156.73,10156.73,TWSE FMTQIK
2017-06-19,10250.6,10250.6,10250.6,10250.6,TWSE FMTQIK
2017-06-20,10324.46,10324.46,10324.46,10324.46,TWSE FMTQIK
2017-06-21,10349.72,10349.72,10349.72,10349.72,TWSE FMTQIK
2017-06-22,10399.06,10399.06,10399.06,10399.06,TWSE FMTQIK
2017-06-23,10377.7,10377.7,10377.7,10377.7,TWSE FMTQIK
2017-06-26,10513.96,10513.96,10513.96,10513.96,TWSE FMTQIK
2017-06-27,10512.06,10512.06,10512.06,10512.06,TWSE FMTQIK
2017-06-28,10390.55,10390.55,10390.55,10390.55,TWSE FMTQIK
2017-06-29,10421.65,10421.65,10421.65,10421.65,TWSE FMTQIK
2017-06-30,10395.07,10395.07,10395.07,10395.07,TWSE FMTQIK
2017-07-03,10412.79,10412.79,10412.79,10412.79,TWSE FMTQIK
2017-07-04,10347.78,10347.78,10347.78,10347.78,TWSE FMTQIK
2017-07-05,10404.79,10404.79,10404.79,10404.79,TWSE FMTQIK
2017-07-06,10368.2,10368.2,10368.2,10368.2,TWSE FMTQIK
2017-07-07,10297.25,10297.25,10297.25,10297.25,TWSE FMTQIK
2017-07-10,10289.91,10289.91,10289.91,10289.91,TWSE FMTQIK
2017-07-11,10415.57,10415.57,10415.57,10415.57,TWSE FMTQIK
2017-07-12,10420.68,10420.68,10420.68,10420.68,TWSE FMTQIK
2017-07-13,10460.15,10460.15,10460.15,10460.15,TWSE FMTQIK
2017-07-14,10443.91,10443.91,10443.91,10443.91,TWSE FMTQIK
2017-07-17,10457.54,10457.54,10457.54,10457.54,TWSE FMTQIK
2017-07-18,10481.26,10481.26,10481.26,10481.26,TWSE FMTQIK
2017-07-19,10506.1,10506.1,10506.1,10506.1,TWSE FMTQIK
2017-07-20,10499.36,10499.36,10499.36,10499.36,TWSE FMTQIK
2017-07-21,10436.7,10436.7,10436.7,10436.7,TWSE FMTQIK
2017-07-24,10461.28,10461.28,10461.28,10461.28,TWSE FMTQIK
2017-07-25,10463.15,10463.15,10463.15,10463.15,TWSE FMTQIK
2017-07-26,10419.11,10419.11,10419.11,10419.11,TWSE FMTQIK
2017-07-27,10508.37,10508.37,10508.37,10508.37,TWSE FMTQIK
2017-07-28,10423.05,10423.05,10423.05,10423.05,TWSE FMTQIK
2017-07-31,10427.33,10427.33,10427.33,10427.33,TWSE FMTQIK
2017-08-01,10437.29,10437.29,10437.29,10437.29,TWSE FMTQIK
2017-08-02,10519.27,10519.27,10519.27,10519.27,TWSE FMTQIK
2017-08-03,10469.88,10469.88,10469.88,10469.88,TWSE FMTQIK
2017-08-04,10506.56,10506.56,10506.56,10506.56,TWSE FMTQIK
2017-08-07,10579.38,10579.38,10579.38,10579.38,TWSE FMTQIK
2017-08-08,10568.97,10568.97,10568.97,10568.97,TWSE FMTQIK
2017-08-09,10470.38,10470.38,10470.38,10470.38,TWSE FMTQIK
2017-08-10,10329.74,10329.74,10329.74,10329.74,TWSE FMTQIK
2017-08-11,10329.57,10329.57,10329.57,10329.57,TWSE FMTQIK
2017-08-14,10225.28,10225.28,10225.28,10225.28,TWSE FMTQIK
2017-08-15,10311.16,10311.16,10311.16,10311.16,TWSE FMTQIK
2017-08-16,10290.39,10290.39,10290.39,10290.39,TWSE FMTQIK
2017-08-17,10369.37,10369.37,10369.37,10369.37,TWSE FMTQIK
2017-08-18,10321.33,10321.33,10321.33,10321.33,TWSE FMTQIK
2017-08-21,10326.39,10326.39,10326.39,10326.39,TWSE FMTQIK
2017-08-22,10392.07,10392.07,10392.07,10392.07,TWSE FMTQIK
2017-08-23,10406.81,10406.81,10406.81,10406.81,TWSE FMTQIK
2017-08-24,10488.96,10488.96,10488.96,10488.96,TWSE FMTQIK
2017-08-25,10515.51,10515.51,10515.51,10515.51,TWSE FMTQIK
2017-08-28,10525.98,10525.98,10525.98,10525.98,TWSE FMTQIK
2017-08-29,10496.57,10496.57,10496.57,10496.57,TWSE FMTQIK
2017-08-30,10569.4,10569.4,10569.4,10569.4,TWSE FMTQIK
2017-08-31,10585.78,10585.78,10585.78,10585.78,TWSE FMTQIK
2017-09-01,10594.82,10594.82,10594.82,10594.82,TWSE FMTQIK
2017-09-04,10569.87,10569.87,10569.87,10569.87,TWSE FMTQIK
2017-09-05,10617.84,10617.84,10617.84,10617.84,TWSE FMTQIK
2017-09-06,10547.86,10547.86,10547.86,10547.86,TWSE FMTQIK
2017-09-07,10538.51,10538.51,10538.51,10538.51,TWSE FMTQIK
2017-09-08,10609.95,10609.95,10609.95,10609.95,TWSE FMTQIK
2017-09-11,10572.16,10572.16,10572.16,10572.16,TWSE FMTQIK
2017-09-12,10610.35,10610.35,10610.35,10610.35,TWSE FMTQIK
2017-09-13,10532.88,10532.88,10532.88,10532.88,TWSE FMTQIK
2017-09-14,10553.57,10553.57,10553.57,10553.57,TWSE FMTQIK
2017-09-15,10580.41,10580.41,10580.41,10580.41,TWSE FMTQIK
2017-09-18,10631.57,10631.57,10631.57,10631.57,TWSE FMTQIK
2017-09-19,10576.14,10576.14,10576.14,10576.14,TWSE FMTQIK
2017-09-20,10519.17,10519.17,10519.17,10519.17,TWSE FMTQIK
2017-09-21,10578.44,10578.44,10578.44,10578.44,TWSE FMTQIK
2017-09-22,10449.68,10449.68,10449.68,10449.68,TWSE FMTQIK
2017-09-25,10335.89,10335.89,10335.89,10335.89,TWSE FMTQIK
2017-09-26,10257.02,10257.02,10257.02,10257.02,TWSE FMTQIK
2017-09-27,10326.68,10326.68,10326.68,10326.68,TWSE FMTQIK
2017-09-28,10296.45,10296.45,10296.45,10296.45,TWSE FMTQIK
2017-09-29,10329.94,10329.94,10329.94,10329.94,TWSE FMTQIK
2017-09-30,10383.94,10383.94,10383.94,10383.94,TWSE FMTQIK
2017-10-02,10465.16,10465.16,10465.16,10465.16,TWSE FMTQIK
2017-10-03,10469.35,10469.35,10469.35,10469.35,TWSE FMTQIK
2017-10-05,10518.27,10518.27,10518.27,10518.27,TWSE FMTQIK
2017-10-06,10532.81,10532.81,10532.81,10532.81,TWSE FMTQIK
2017-10-11,10641.19,10641.19,10641.19,10641.19,TWSE FMTQIK
2017-10-12,10711.44,10711.44,10711.44,10711.44,TWSE FMTQIK
2017-10-13,10724.09,10724.09,10724.09,10724.09,TWSE FMTQIK
2017-10-16,10774.21,10774.21,10774.21,10774.21,TWSE FMTQIK
2017-10-17,10723.15,10723.15,10723.15,10723.15,TWSE FMTQIK
2017-10-18,10720.28,10720.28,10720.28,10720.28,TWSE FMTQIK
2017-10-19,10760.29,10760.29,10760.29,10760.29,TWSE FMTQIK
2017-10-20,10728.88,10728.88,10728.88,10728.88,TWSE FMTQIK
2017-10-23,10735.21,10735.21,10735.21,10735.21,TWSE FMTQIK
2017-10-24,10743.78,10743.78,10743.78,10743.78,TWSE FMTQIK
2017-10-25,10750.57,10750.57,10750.57,10750.57,TWSE FMTQIK
2017-10-26,10734.76,10734.76,10734.76,10734.76,TWSE FMTQIK
2017-10-27,10709.11,10709.11,10709.11,10709.11,TWSE FMTQIK
2017-10-30,10756.87,10756.87,10756.87,10756.87,TWSE FMTQIK
2017-10-31,10793.8,10793.8,10793.8,10793.8,TWSE FMTQIK
2017-11-01,10806.36,10806.36,10806.36,10806.36,TWSE FMTQIK
2017-11-02,10788.51,10788.51,10788.51,10788.51,TWSE FMTQIK
2017-11-03,10800.77,10800.77,10800.77,10800.77,TWSE FMTQIK
2017-11-06,10786.19,10786.19,10786.19,10786.19,TWSE FMTQIK
2017-11-07,10840.34,10840.34,10840.34,10840.34,TWSE FMTQIK
2017-11-08,10818.99,10818.99,10818.99,10818.99,TWSE FMTQIK
2017-11-09,10743.27,10743.27,10743.27,10743.27,TWSE FMTQIK
2017-11-10,10732.67,10732.67,10732.67,10732.67,TWSE FMTQIK
2017-11-13,10683.92,10683.92,10683.92,10683.92,TWSE FMTQIK
2017-11-14,10687.18,10687.18,10687.18,10687.18,TWSE FMTQIK
2017-11-15,10630.65,10630.65,10630.65,10630.65,TWSE FMTQIK
2017-11-16,10625.04,10625.04,10625.04,10625.04,TWSE FMTQIK
2017-11-17,10701.64,10701.64,10701.64,10701.64,TWSE FMTQIK
2017-11-20,10664.55,10664.55,10664.55,10664.55,TWSE FMTQIK
2017-11-21,10779.24,10779.24,10779.24,10779.24,TWSE FMTQIK
2017-11-22,10822.59,10822.59,10822.59,10822.59,TWSE FMTQIK
2017-11-23,10854.57,10854.57,10854.57,10854.57,TWSE FMTQIK
2017-11-24,10854.09,10854.09,10854.09,10854.09,TWSE FMTQIK
2017-11-27,10750.93,10750.93,10750.93,10750.93,TWSE FMTQIK
2017-11-28,10707.07,10707.07,10707.07,10707.07,TWSE FMTQIK
2017-11-29,10713.55,10713.55,10713.55,10713.55,TWSE FMTQIK
2017-11-30,10560.44,10560.44,10560.44,10560.44,TWSE FMTQIK
2017-12-01,10600.37,10600.37,10600.37,10600.37,TWSE FMTQIK
2017-12-04,10651.11,10651.11,10651.11,10651.11,TWSE FMTQIK
2017-12-05,10566.85,10566.85,10566.85,10566.85,TWSE FMTQIK
2017-12-06,10393.92,10393.92,10393.92,10393.92,TWSE FMTQIK
2017-12-07,10355.76,10355.76,10355.76,10355.76,TWSE FMTQIK
2017-12-08,10398.62,10398.62,10398.62,10398.62,TWSE FMTQIK
2017-12-11,10473.09,10473.09,10473.09,10473.09,TWSE FMTQIK
2017-12-12,10443.28,10443.28,10443.28,10443.28,TWSE FMTQIK
2017-12-13,10470.7,10470.7,10470.7,10470.7,TWSE FMTQIK
2017-12-14,10538.01,10538.01,10538.01,10538.01,TWSE FMTQIK
2017-12-15,10491.44,10491.44,10491.44,10491.44,TWSE FMTQIK
2017-12-18,10506.52,10506.52,10506.52,10506.52,TWSE FMTQIK
2017-12-19,10467.34,10467.34,10467.34,10467.34,TWSE FMTQIK
2017-12-20,10504.52,10504.52,10504.52,10504.52,TWSE FMTQIK
2017-12-21,10488.97,10488.97,10488.97,10488.97,TWSE FMTQIK
2017-12-22,10537.27,10537.27,10537.27,10537.27,TWSE FMTQIK
2017-12-25,10522.49,10522.49,10522.49,10522.49,TWSE FMTQIK
2017-12-26,10421.91,10421.91,10421.91,10421.91,TWSE FMTQIK
2017-12-27,10486.67,10486.67,10486.67,10486.67,TWSE FMTQIK
2017-12-28,10567.64,10567.64,10567.64,10567.64,TWSE FMTQIK
2017-12-29,10642.86,10642.86,10642.86,10642.86,TWSE FMTQIK
2018-01-02,10710.73,10710.73,10710.73,10710.73,TWSE FMTQIK
2018-01-03,10801.57,10801.57,10801.57,10801.57,TWSE FMTQIK
2018-01-04,10848.63,10848.63,10848.63,10848.63,TWSE FMTQIK
2018-01-05,10879.8,10879.8,10879.8,10879.8,TWSE FMTQIK
2018-01-08,10915.75,10915.75,10915.75,10915.75,TWSE FMTQIK
2018-01-09,10914.89,10914.89,10914.89,10914.89,TWSE FMTQIK
2018-01-10,10831.09,10831.09,10831.09,10831.09,TWSE FMTQIK
2018-01-11,10810.06,10810.06,10810.06,10810.06,TWSE FMTQIK
2018-01-12,10883.96,10883.96,10883.96,10883.96,TWSE FMTQIK
2018-01-15,10956.31,10956.31,10956.31,10956.31,TWSE FMTQIK
2018-01-16,10986.11,10986.11,10986.11,10986.11,TWSE FMTQIK
2018-01-17,11004.8,11004.8,11004.8,11004.8,TWSE FMTQIK
2018-01-18,11071.57,11071.57,11071.57,11071.57,TWSE FMTQIK
2018-01-19,11150.85,11150.85,11150.85,11150.85,TWSE FMTQIK
2018-01-22,11231.46,11231.46,11231.46,11231.46,TWSE FMTQIK
2018-01-23,11253.11,11253.11,11253.11,11253.11,TWSE FMTQIK
2018-01-24,11152.16,11152.16,11152.16,11152.16,TWSE FMTQIK
2018-01-25,11165.95,11165.95,11165.95,11165.95,TWSE FMTQIK
2018-01-26,11147.1,11147.1,11147.1,11147.1,TWSE FMTQIK
2018-01-29,11221.81,11221.81,11221.81,11221.81,TWSE FMTQIK
2018-01-30,11076.78,11076.78,11076.78,11076.78,TWSE FMTQIK
2018-01-31,11103.79,11103.79,11103.79,11103.79,TWSE FMTQIK
2018-02-01,11160.25,11160.25,11160.25,11160.25,TWSE FMTQIK
2018-02-02,11126.23,11126.23,11126.23,11126.23,TWSE FMTQIK
2018-02-05,10946.25,10946.25,10946.25,10946.25,TWSE FMTQIK
2018-02-06,10404.0,10404.0,10404.0,10404.0,TWSE FMTQIK
2018-02-07,10551.54,10551.54,10551.54,10551.54,TWSE FMTQIK
2018-02-08,10528.52,10528.52,10528.52,10528.52,TWSE FMTQIK
2018-02-09,10371.75,10371.75,10371.75,10371.75,TWSE FMTQIK
2018-02-12,10421.09,10421.09,10421.09,10421.09,TWSE FMTQIK
2018-02-21,10714.44,10714.44,10714.44,10714.44,TWSE FMTQIK
2018-02-22,10662.38,10662.38,10662.38,10662.38,TWSE FMTQIK
2018-02-23,10794.55,10794.55,10794.55,10794.55,TWSE FMTQIK
2018-02-26,10836.7,10836.7,10836.7,10836.7,TWSE FMTQIK
2018-02-27,10815.47,10815.47,10815.47,10815.47,TWSE FMTQIK
2018-03-01,10785.79,10785.79,10785.79,10785.79,TWSE FMTQIK
2018-03-02,10698.17,10698.17,10698.17,10698.17,TWSE FMTQIK
2018-03-05,10642.9,10642.9,10642.9,10642.9,TWSE FMTQIK
2018-03-06,10784.34,10784.34,10784.34,10784.34,TWSE FMTQIK
2018-03-07,10745.32,10745.32,10745.32,10745.32,TWSE FMTQIK
2018-03-08,10823.24,10823.24,10823.24,10823.24,TWSE FMTQIK
2018-03-09,10864.82,10864.82,10864.82,10864.82,TWSE FMTQIK
2018-03-12,11002.1,11002.1,11002.1,11002.1,TWSE FMTQIK
2018-03-13,11095.63,11095.63,11095.63,11095.63,TWSE FMTQIK
2018-03-14,11038.8,11038.8,11038.8,11038.8,TWSE FMTQIK
2018-03-15,11018.45,11018.45,11018.45,11018.45,TWSE FMTQIK
2018-03-16,11027.7,11027.7,11027.7,11027.7,TWSE FMTQIK
2018-03-19,11046.9,11046.9,11046.9,11046.9,TWSE FMTQIK
2018-03-20,11010.84,11010.84,11010.84,11010.84,TWSE FMTQIK
2018-03-21,11011.07,11011.07,11011.07,11011.07,TWSE FMTQIK
2018-03-22,11005.84,11005.84,11005.84,11005.84,TWSE FMTQIK
2018-03-23,10823.33,10823.33,10823.33,10823.33,TWSE FMTQIK
2018-03-26,10840.05,10840.05,10840.05,10840.05,TWSE FMTQIK
2018-03-27,10986.79,10986.79,10986.79,10986.79,TWSE FMTQIK
2018-03-28,10865.66,10865.66,10865.66,10865.66,TWSE FMTQIK
2018-03-29,10845.92,10845.92,10845.92,10845.92,TWSE FMTQIK
2018-03-30,10906.22,10906.22,10906.22,10906.22,TWSE FMTQIK
2018-03-31,10919.49,10919.49,10919.49,10919.49,TWSE FMTQIK
2018-04-02,10888.27,10888.27,10888.27,10888.27,TWSE FMTQIK
2018-04-03,10821.53,10821.53,10821.53,10821.53,TWSE FMTQIK
2018-04-09,10893.53,10893.53,10893.53,10893.53,TWSE FMTQIK
2018-04-10,10927.18,10927.18,10927.18,10927.18,TWSE FMTQIK
2018-04-11,10974.02,10974.02,10974.02,10974.02,TWSE FMTQIK
2018-04-12,10955.29,10955.29,10955.29,10955.29,TWSE FMTQIK
2018-04-13,10965.39,10965.39,10965.39,10965.39,TWSE FMTQIK
2018-04-16,10954.55,10954.55,10954.55,10954.55,TWSE FMTQIK
2018-04-17,10810.45,10810.45,10810.45,10810.45,TWSE FMTQIK
2018-04-18,10847.89,10847.89,10847.89,10847.89,TWSE FMTQIK
2018-04-19,10971.22,10971.22,10971.22,10971.22,TWSE FMTQIK
2018-04-20,10779.38,10779.38,10779.38,10779.38,TWSE FMTQIK
2018-04-23,10697.13,10697.13,10697.13,10697.13,TWSE FMTQIK
2018-04-24,10579.5,10579.5,10579.5,10579.5,TWSE FMTQIK
2018-04-25,10559.97,10559.97,10559.97,10559.97,TWSE FMTQIK
2018-04-26,10488.58,10488.58,10488.58,10488.58,TWSE FMTQIK
2018-04-27,10553.43,10553.43,10553.43,10553.43,TWSE FMTQIK
2018-04-30,10657.88,10657.88,10657.88,10657.88,TWSE FMTQIK
2018-05-02,10618.81,10618.81,10618.81,10618.81,TWSE FMTQIK
2018-05-03,10514.18,10514.18,10514.18,10514.18,TWSE FMTQIK
2018-05-04,10529.37,10529.37,10529.37,10529.37,TWSE FMTQIK
2018-05-07,10604.91,10604.91,10604.91,10604.91,TWSE FMTQIK
2018-05-08,10691.38,10691.38,10691.38,10691.38,TWSE FMTQIK
2018-05-09,10703.35,10703.35,10703.35,10703.35,TWSE FMTQIK
2018-05-10,10760.21,10760.21,10760.21,10760.21,TWSE FMTQIK
2018-05-11,10858.98,10858.98,10858.98,10858.98,TWSE FMTQIK
2018-05-14,10952.39,10952.39,10952.39,10952.39,TWSE FMTQIK
2018-05-15,10874.73,10874.73,10874.73,10874.73,TWSE FMTQIK
2018-05-16,10897.57,10897.57,10897.57,10897.57,TWSE FMTQIK
2018-05-17,10833.81,10833.81,10833.81,10833.81,TWSE FMTQIK
2018-05-18,10830.84,10830.84,10830.84,10830.84,TWSE FMTQIK
2018-05-21,10966.2,10966.2,10966.2,10966.2,TWSE FMTQIK
2018-05-22,10938.73,10938.73,10938.73,10938.73,TWSE FMTQIK
2018-05-23,10886.18,10886.18,10886.18,10886.18,TWSE FMTQIK
2018-05-24,10936.93,10936.93,10936.93,10936.93,TWSE FMTQIK
2018-05-25,10942.3,10942.3,10942.3,10942.3,TWSE FMTQIK
2018-05-28,10987.77,10987.77,10987.77,10987.77,TWSE FMTQIK
2018-05-29,10964.12,10964.12,10964.12,10964.12,TWSE FMTQIK
2018-05-30,10821.17,10821.17,10821.17,10821.17,TWSE FMTQIK
2018-05-31,10874.96,10874.96,10874.96,10874.96,TWSE FMTQIK
2018-06-01,10949.08,10949.08,10949.08,10949.08,TWSE FMTQIK
2018-06-04,11109.5,11109.5,11109.5,11109.5,TWSE FMTQIK
2018-06-05,11100.11,11100.11,11100.11,11100.11,TWSE FMTQIK
2018-06-06,11201.83,11201.83,11201.83,11201.83,TWSE FMTQIK
2018-06-07,11251.75,11251.75,11251.75,11251.75,TWSE FMTQIK
2018-06-08,11156.42,11156.42,11156.42,11156.42,TWSE FMTQIK
2018-06-11,11149.23,11149.23,11149.23,11149.23,TWSE FMTQIK
2018-06-12,11144.79,11144.79,11144.79,11144.79,TWSE FMTQIK
2018-06-13,11173.21,11173.21,11173.21,11173.21,TWSE FMTQIK
2018-06-14,11013.98,11013.98,11013.98,11013.98,TWSE FMTQIK
2018-06-15,11087.47,11087.47,11087.47,11087.47,TWSE FMTQIK
2018-06-19,10904.19,10904.19,10904.19,10904.19,TWSE FMTQIK
2018-06-20,10927.44,10927.44,10927.44,10927.44,TWSE FMTQIK
2018-06-21,10941.07,10941.07,10941.07,10941.07,TWSE FMTQIK
2018-06-22,10899.28,10899.28,10899.28,10899.28,TWSE FMTQIK
2018-06-25,10786.46,10786.46,10786.46,10786.46,TWSE FMTQIK
2018-06-26,10742.17,10742.17,10742.17,10742.17,TWSE FMTQIK
2018-06-27,10701.03,10701.03,10701.03,10701.03,TWSE FMTQIK
2018-06-28,10654.28,10654.28,10654.28,10654.28,TWSE FMTQIK
2018-06-29,10836.91,10836.91,10836.91,10836.91,TWSE FMTQIK
2018-07-02,10777.94,10777.94,10777.94,10777.94,TWSE FMTQIK
2018-07-03,10715.72,10715.72,10715.72,10715.72,TWSE FMTQIK
2018-07-04,10721.87,10721.87,10721.87,10721.87,TWSE FMTQIK
2018-07-05,10611.81,10611.81,10611.81,10611.81,TWSE FMTQIK
2018-07-06,10608.57,10608.57,10608.57,10608.57,TWSE FMTQIK
2018-07-09,10720.28,10720.28,10720.28,10720.28,TWSE FMTQIK
2018-07-10,10756.89,10756.89,10756.89,10756.89,TWSE FMTQIK
2018-07-11,10676.84,10676.84,10676.84,10676.84,TWSE FMTQIK
2018-07-12,10738.38,10738.38,10738.38,10738.38,TWSE FMTQIK
2018-07-13,10864.54,10864.54,10864.54,10864.54,TWSE FMTQIK
2018-07-16,10817.45,10817.45,10817.45,10817.45,TWSE FMTQIK
2018-07-17,10778.99,10778.99,10778.99,10778.99,TWSE FMTQIK
2018-07-18,10842.46,10842.46,10842.46,10842.46,TWSE FMTQIK
2018-07-19,10835.38,10835.38,10835.38,10835.38,TWSE FMTQIK
2018-07-20,10932.11,10932.11,10932.11,10932.11,TWSE FMTQIK
2018-07-23,10946.89,10946.89,10946.89,10946.89,TWSE FMTQIK
2018-07-24,10995.39,10995.39,10995.39,10995.39,TWSE FMTQIK
2018-07-25,10965.79,10965.79,10965.79,10965.79,TWSE FMTQIK
2018-07-26,11010.61,11010.61,11010.61,11010.61,TWSE FMTQIK
2018-07-27,11075.78,11075.78,11075.78,11075.78,TWSE FMTQIK
2018-07-30,11033.54,11033.54,11033.54,11033.54,TWSE FMTQIK
2018-07-31,11057.51,11057.51,11057.51,11057.51,TWSE FMTQIK
2018-08-01,11098.13,11098.13,11098.13,11098.13,TWSE FMTQIK
2018-08-02,10929.77,10929.77,10929.77,10929.77,TWSE FMTQIK
2018-08-03,11012.43,11012.43,11012.43,11012.43,TWSE FMTQIK
2018-08-06,11024.1,11024.1,11024.1,11024.1,TWSE FMTQIK
2018-08-07,10983.44,10983.44,10983.44,10983.44,TWSE FMTQIK
2018-08-08,11075.25,11075.25,11075.25,11075.25,TWSE FMTQIK
2018-08-09,11028.07,11028.07,11028.07,11028.07,TWSE FMTQIK
2018-08-10,10983.68,10983.68,10983.68,10983.68,TWSE FMTQIK
2018-08-13,10748.92,10748.92,10748.92,10748.92,TWSE FMTQIK
2018-08-14,10824.23,10824.23,10824.23,10824.23,TWSE FMTQIK
2018-08-15,10716.75,10716.75,10716.75,10716.75,TWSE FMTQIK
2018-08-16,10683.9,10683.9,10683.9,10683.9,TWSE FMTQIK
2018-08-17,10690.96,10690.96,10690.96,10690.96,TWSE FMTQIK
2018-08-20,10699.05,10699.05,10699.05,10699.05,TWSE FMTQIK
2018-08-21,10792.2,10792.2,10792.2,10792.2,TWSE FMTQIK
2018-08-22,10804.2,10804.2,10804.2,10804.2,TWSE FMTQIK
2018-08-23,10863.13,10863.13,10863.13,10863.13,TWSE FMTQIK
2018-08-24,10809.35,10809.35,10809.35,10809.35,TWSE FMTQIK
2018-08-27,10902.21,10902.21,10902.21,10902.21,TWSE FMTQIK
2018-08-28,10989.55,10989.55,10989.55,10989.55,TWSE FMTQIK
2018-08-29,11099.57,11099.57,11099.57,11099.57,TWSE FMTQIK
2018-08-30,11093.75,11093.75,11093.75,11093.75,TWSE FMTQIK
2018-08-31,11063.94,11063.94,11063.94,11063.94,TWSE FMTQIK
2018-09-03,10964.22,10964.22,10964.22,10964.22,TWSE FMTQIK
2018-09-04,11021.38,11021.38,11021.38,11021.38,TWSE FMTQIK
2018-09-05,10995.13,10995.13,10995.13,10995.13,TWSE FMTQIK
2018-09-06,10924.3,10924.3,10924.3,10924.3,TWSE FMTQIK
2018-09-07,10846.99,10846.99,10846.99,10846.99,TWSE FMTQIK
2018-09-10,10725.8,10725.8,10725.8,10725.8,TWSE FMTQIK
2018-09-11,10752.3,10752.3,10752.3,10752.3,TWSE FMTQIK
2018-09-12,10722.57,10722.57,10722.57,10722.57,TWSE FMTQIK
2018-09-13,10727.23,10727.23,10727.23,10727.23,TWSE FMTQIK
2018-09-14,10868.14,10868.14,10868.14,10868.14,TWSE FMTQIK
2018-09-17,10828.61,10828.61,10828.61,10828.61,TWSE FMTQIK
2018-09-18,10760.21,10760.21,10760.21,10760.21,TWSE FMTQIK
2018-09-19,10857.27,10857.27,10857.27,10857.27,TWSE FMTQIK
2018-09-20,10831.41,10831.41,10831.41,10831.41,TWSE FMTQIK
2018-09-21,10972.41,10972.41,10972.41,10972.41,TWSE FMTQIK
2018-09-25,10978.85,10978.85,10978.85,10978.85,TWSE FMTQIK
2018-09-26,10974.19,10974.19,10974.19,10974.19,TWSE FMTQIK
2018-09-27,11034.19,11034.19,11034.19,11034.19,TWSE FMTQIK
2018-09-28,11006.34,11006.34,11006.34,11006.34,TWSE FMTQIK
2018-10-01,11051.8,11051.8,11051.8,11051.8,TWSE FMTQIK
2018-10-02,10919.63,10919.63,10919.63,10919.63,TWSE FMTQIK
2018-10-03,10863.94,10863.94,10863.94,10863.94,TWSE FMTQIK
2018-10-04,10718.91,10718.91,10718.91,10718.91,TWSE FMTQIK
2018-10-05,10517.12,10517.12,10517.12,10517.12,TWSE FMTQIK
2018-10-08,10455.93,10455.93,10455.93,10455.93,TWSE FMTQIK
2018-10-09,10466.83,10466.83,10466.83,10466.83,TWSE FMTQIK
2018-10-11,9806.11,9806.11,9806.11,9806.11,TWSE FMTQIK
2018-10-12,10045.81,10045.81,10045.81,10045.81,TWSE FMTQIK
2018-10-15,9901.12,9901.12,9901.12,9901.12,TWSE FMTQIK
2018-10-16,9981.1,9981.1,9981.1,9981.1,TWSE FMTQIK
2018-10-17,9979.14,9979.14,9979.14,9979.14,TWSE FMTQIK
2018-10-18,9953.73,9953.73,9953.73,9953.73,TWSE FMTQIK
2018-10-19,9919.26,9919.26,9919.26,9919.26,TWSE FMTQIK
2018-10-22,9974.28,9974.28,9974.28,9974.28,TWSE FMTQIK
2018-10-23,9775.2,9775.2,9775.2,9775.2,TWSE FMTQIK
2018-10-24,9759.4,9759.4,9759.4,9759.4,TWSE FMTQIK
2018-10-25,9520.79,9520.79,9520.79,9520.79,TWSE FMTQIK
2018-10-26,9489.18,9489.18,9489.18,9489.18,TWSE FMTQIK
2018-10-29,9516.32,9516.32,9516.32,9516.32,TWSE FMTQIK
2018-10-30,9526.11,9526.11,9526.11,9526.11,TWSE FMTQIK
2018-10-31,9802.13,9802.13,9802.13,9802.13,TWSE FMTQIK
2018-11-01,9844.74,9844.74,9844.74,9844.74,TWSE FMTQIK
2018-11-02,9906.59,9906.59,9906.59,9906.59,TWSE FMTQIK
2018-11-05,9889.81,9889.81,9889.81,9889.81,TWSE FMTQIK
2018-11-06,9824.95,9824.95,9824.95,9824.95,TWSE FMTQIK
2018-11-07,9908.35,9908.35,9908.35,9908.35,TWSE FMTQIK
2018-11-08,9945.31,9945.31,9945.31,9945.31,TWSE FMTQIK
2018-11-09,9830.01,9830.01,9830.01,9830.01,TWSE FMTQIK
2018-11-12,9831.21,9831.21,9831.21,9831.21,TWSE FMTQIK
2018-11-13,9775.84,9775.84,9775.84,9775.84,TWSE FMTQIK
2018-11-14,9791.88,9791.88,9791.88,9791.88,TWSE FMTQIK
2018-11-15,9826.46,9826.46,9826.46,9826.46,TWSE FMTQIK
2018-11-16,9797.09,9797.09,9797.09,9797.09,TWSE FMTQIK
2018-11-19,9828.69,9828.69,9828.69,9828.69,TWSE FMTQIK
2018-11-20,9743.99,9743.99,9743.99,9743.99,TWSE FMTQIK
2018-11-21,9741.52,9741.52,9741.52,9741.52,TWSE FMTQIK
2018-11-22,9714.71,9714.71,9714.71,9714.71,TWSE FMTQIK
2018-11-23,9667.3,9667.3,9667.3,9667.3,TWSE FMTQIK
2018-11-26,9765.36,9765.36,9765.36,9765.36,TWSE FMTQIK
2018-11-27,9778.62,9778.62,9778.62,9778.62,TWSE FMTQIK
2018-11-28,9884.31,9884.31,9884.31,9884.31,TWSE FMTQIK
2018-11-29,9885.36,9885.36,9885.36,9885.36,TWSE FMTQIK
2018-11-30,9888.03,9888.03,9888.03,9888.03,TWSE FMTQIK
2018-12-03,10137.87,10137.87,10137.87,10137.87,TWSE FMTQIK
2018-12-04,10083.54,10083.54,10083.54,10083.54,TWSE FMTQIK
2018-12-05,9916.74,9916.74,9916.74,9916.74,TWSE FMTQIK
2018-12-06,9684.72,9684.72,9684.72,9684.72,TWSE FMTQIK
2018-12-07,9760.88,9760.88,9760.88,9760.88,TWSE FMTQIK
2018-12-10,9647.54,9647.54,9647.54,9647.54,TWSE FMTQIK
2018-12-11,9707.04,9707.04,9707.04,9707.04,TWSE FMTQIK
2018-12-12,9816.45,9816.45,9816.45,9816.45,TWSE FMTQIK
2018-12-13,9858.76,9858.76,9858.76,9858.76,TWSE FMTQIK
2018-12-14,9774.16,9774.16,9774.16,9774.16,TWSE FMTQIK
2018-12-17,9787.53,9787.53,9787.53,9787.53,TWSE FMTQIK
2018-12-18,9718.82,9718.82,9718.82,9718.82,TWSE FMTQIK
2018-12-19,9783.21,9783.21,9783.21,9783.21,TWSE FMTQIK
2018-12-20,9674.52,9674.52,9674.52,9674.52,TWSE FMTQIK
2018-12-21,9676.67,9676.67,9676.67,9676.67,TWSE FMTQIK
2018-12-22,9646.16,9646.16,9646.16,9646.16,TWSE FMTQIK
2018-12-24,9639.7,9639.7,9639.7,9639.7,TWSE FMTQIK
2018-12-25,9527.09,9527.09,9527.09,9527.09,TWSE FMTQIK
2018-12-26,9478.99,9478.99,9478.99,9478.99,TWSE FMTQIK
2018-12-27,9641.56,9641.56,9641.56,9641.56,TWSE FMTQIK
2018-12-28,9727.41,9727.41,9727.41,9727.41,TWSE FMTQIK
2019-01-02,9554.14,9554.14,9554.14,9554.14,TWSE FMTQIK
2019-01-03,9492.42,9492.42,9492.42,9492.42,TWSE FMTQIK
2019-01-04,9382.51,9382.51,9382.51,9382.51,TWSE FMTQIK
2019-01-07,9590.3,9590.3,9590.3,9590.3,TWSE FMTQIK
2019-01-08,9563.6,9563.6,9563.6,9563.6,TWSE FMTQIK
2019-01-09,9738.31,9738.31,9738.31,9738.31,TWSE FMTQIK
2019-01-10,9720.69,9720.69,9720.69,9720.69,TWSE FMTQIK
2019-01-11,9759.4,9759.4,9759.4,9759.4,TWSE FMTQIK
2019-01-14,9708.22,9708.22,9708.22,9708.22,TWSE FMTQIK
2019-01-15,9806.04,9806.04,9806.04,9806.04,TWSE FMTQIK
2019-01-16,9763.81,9763.81,9763.81,9763.81,TWSE FMTQIK
2019-01-17,9789.15,9789.15,9789.15,9789.15,TWSE FMTQIK
2019-01-18,9836.06,9836.06,9836.06,9836.06,TWSE FMTQIK
2019-01-21,9889.4,9889.4,9889.4,9889.4,TWSE FMTQIK
2019-01-22,9894.66,9894.66,9894.66,9894.66,TWSE FMTQIK
2019-01-23,9846.4,9846.4,9846.4,9846.4,TWSE FMTQIK
2019-01-24,9877.12,9877.12,9877.12,9877.12,TWSE FMTQIK
2019-01-25,9969.61,9969.61,9969.61,9969.61,TWSE FMTQIK
2019-01-28,10013.33,10013.33,10013.33,10013.33,TWSE FMTQIK
2019-01-29,9931.59,9931.59,9931.59,9931.59,TWSE FMTQIK
2019-01-30,9932.26,9932.26,9932.26,9932.26,TWSE FMTQIK
2019-02-11,10004.25,10004.25,10004.25,10004.25,TWSE FMTQIK
2019-02-12,10097.74,10097.74,10097.74,10097.74,TWSE FMTQIK
2019-02-13,10090.58,10090.58,10090.58,10090.58,TWSE FMTQIK
2019-02-14,10089.01,10089.01,10089.01,10089.01,TWSE FMTQIK
2019-02-15,10064.78,10064.78,10064.78,10064.78,TWSE FMTQIK
2019-02-18,10145.28,10145.28,10145.28,10145.28,TWSE FMTQIK
2019-02-19,10152.26,10152.26,10152.26,10152.26,TWSE FMTQIK
2019-02-20,10272.46,10272.46,10272.46,10272.46,TWSE FMTQIK
2019-02-21,10319.53,10319.53,10319.53,10319.53,TWSE FMTQIK
2019-02-22,10322.92,10322.92,10322.92,10322.92,TWSE FMTQIK
2019-02-25,10390.93,10390.93,10390.93,10390.93,TWSE FMTQIK
2019-02-26,10391.55,10391.55,10391.55,10391.55,TWSE FMTQIK
2019-02-27,10389.17,10389.17,10389.17,10389.17,TWSE FMTQIK
2019-03-04,10349.88,10349.88,10349.88,10349.88,TWSE FMTQIK
2019-03-05,10305.26,10305.26,10305.26,10305.26,TWSE FMTQIK
2019-03-06,10357.15,10357.15,10357.15,10357.15,TWSE FMTQIK
2019-03-07,10311.68,10311.68,10311.68,10311.68,TWSE FMTQIK
2019-03-08,10241.75,10241.75,10241.75,10241.75,TWSE FMTQIK
2019-03-11,10250.28,10250.28,10250.28,10250.28,TWSE FMTQIK
2019-03-12,10343.33,10343.33,10343.33,10343.33,TWSE FMTQIK
2019-03-13,10373.32,10373.32,10373.32,10373.32,TWSE FMTQIK
2019-03-14,10348.65,10348.65,10348.65,10348.65,TWSE FMTQIK
2019-03-15,10439.24,10439.24,10439.24,10439.24,TWSE FMTQIK
2019-03-18,10512.7,10512.7,10512.7,10512.7,TWSE FMTQIK
2019-03-19,10512.32,10512.32,10512.32,10512.32,TWSE FMTQIK
2019-03-20,10551.56,10551.56,10551.56,10551.56,TWSE FMTQIK
2019-03-21,10609.55,10609.55,10609.55,10609.55,TWSE FMTQIK
2019-03-22,10639.07,10639.07,10639.07,10639.07,TWSE FMTQIK
2019-03-25,10479.48,10479.48,10479.48,10479.48,TWSE FMTQIK
2019-03-26,10559.2,10559.2,10559.2,10559.2,TWSE FMTQIK
2019-03-27,10542.7,10542.7,10542.7,10542.7,TWSE FMTQIK
2019-03-28,10536.26,10536.26,10536.26,10536.26,TWSE FMTQIK
2019-03-29,10641.04,10641.04,10641.04,10641.04,TWSE FMTQIK
2019-04-01,10642.63,10642.63,10642.63,10642.63,TWSE FMTQIK
2019-04-02,10690.3,10690.3,10690.3,10690.3,TWSE FMTQIK
2019-04-03,10704.38,10704.38,10704.38,10704.38,TWSE FMTQIK
2019-04-08,10800.57,10800.57,10800.57,10800.57,TWSE FMTQIK
2019-04-09,10851.6,10851.6,10851.6,10851.6,TWSE FMTQIK
2019-04-10,10868.14,10868.14,10868.14,10868.14,TWSE FMTQIK
2019-04-11,10808.77,10808.77,10808.77,10808.77,TWSE FMTQIK
2019-04-12,10805.3,10805.3,10805.3,10805.3,TWSE FMTQIK
2019-04-15,10875.6,10875.6,10875.6,10875.6,TWSE FMTQIK
2019-04-16,10927.85,10927.85,10927.85,10927.85,TWSE FMTQIK
2019-04-17,10997.26,10997.26,10997.26,10997.26,TWSE FMTQIK
2019-04-18,10962.02,10962.02,10962.02,10962.02,TWSE FMTQIK
2019-04-19,10968.5,10968.5,10968.5,10968.5,TWSE FMTQIK
2019-04-22,10987.71,10987.71,10987.71,10987.71,TWSE FMTQIK
2019-04-23,11025.68,11025.68,11025.68,11025.68,TWSE FMTQIK
2019-04-24,11027.64,11027.64,11027.64,11027.64,TWSE FMTQIK
2019-04-25,11039.86,11039.86,11039.86,11039.86,TWSE FMTQIK
2019-04-26,10952.47,10952.47,10952.47,10952.47,TWSE FMTQIK
2019-04-29,10939.06,10939.06,10939.06,10939.06,TWSE FMTQIK
2019-04-30,10967.73,10967.73,10967.73,10967.73,TWSE FMTQIK
2019-05-02,11004.49,11004.49,11004.49,11004.49,TWSE FMTQIK
2019-05-03,11096.3,11096.3,11096.3,11096.3,TWSE FMTQIK
2019-05-06,10897.12,10897.12,10897.12,10897.12,TWSE FMTQIK
2019-05-07,10987.14,10987.14,10987.14,10987.14,TWSE FMTQIK
2019-05-08,10923.71,10923.71,10923.71,10923.71,TWSE FMTQIK
2019-05-09,10733.67,10733.67,10733.67,10733.67,TWSE FMTQIK
2019-05-10,10712.99,10712.99,10712.99,10712.99,TWSE FMTQIK
2019-05-13,10558.29,10558.29,10558.29,10558.29,TWSE FMTQIK
2019-05-14,10519.25,10519.25,10519.25,10519.25,TWSE FMTQIK
2019-05-15,10560.71,10560.71,10560.71,10560.71,TWSE FMTQIK
2019-05-16,10474.61,10474.61,10474.61,10474.61,TWSE FMTQIK
2019-05-17,10384.11,10384.11,10384.11,10384.11,TWSE FMTQIK
2019-05-20,10398.41,10398.41,10398.41,10398.41,TWSE FMTQIK
2019-05-21,10464.5,10464.5,10464.5,10464.5,TWSE FMTQIK
2019-05-22,10457.22,10457.22,10457.22,10457.22,TWSE FMTQIK
2019-05-23,10308.37,10308.37,10308.37,10308.37,TWSE FMTQIK
2019-05-24,10328.28,10328.28,10328.28,10328.28,TWSE FMTQIK
2019-05-27,10334.13,10334.13,10334.13,10334.13,TWSE FMTQIK
2019-05-28,10312.31,10312.31,10312.31,10312.31,TWSE FMTQIK
2019-05-29,10301.78,10301.78,10301.78,10301.78,TWSE FMTQIK
2019-05-30,10382.99,10382.99,10382.99,10382.99,TWSE FMTQIK
2019-05-31,10498.49,10498.49,10498.49,10498.49,TWSE FMTQIK
2019-06-03,10500.07,10500.07,10500.07,10500.07,TWSE FMTQIK
2019-06-04,10429.12,10429.12,10429.12,10429.12,TWSE FMTQIK
2019-06-05,10461.62,10461.62,10461.62,10461.62,TWSE FMTQIK
2019-06-06,10409.2,10409.2,10409.2,10409.2,TWSE FMTQIK
2019-06-10,10566.47,10566.47,10566.47,10566.47,TWSE FMTQIK
2019-06-11,10607.76,10607.76,10607.76,10607.76,TWSE FMTQIK
2019-06-12,10615.66,10615.66,10615.66,10615.66,TWSE FMTQIK
2019-06-13,10561.01,10561.01,10561.01,10561.01,TWSE FMTQIK
2019-06-14,10524.67,10524.67,10524.67,10524.67,TWSE FMTQIK
2019-06-17,10530.54,10530.54,10530.54,10530.54,TWSE FMTQIK
2019-06-18,10566.74,10566.74,10566.74,10566.74,TWSE FMTQIK
2019-06-19,10775.34,10775.34,10775.34,10775.34,TWSE FMTQIK
2019-06-20,10785.01,10785.01,10785.01,10785.01,TWSE FMTQIK
2019-06-21,10803.77,10803.77,10803.77,10803.77,TWSE FMTQIK
2019-06-24,10779.45,10779.45,10779.45,10779.45,TWSE FMTQIK
2019-06-25,10706.72,10706.72,10706.72,10706.72,TWSE FMTQIK
2019-06-26,10652.55,10652.55,10652.55,10652.55,TWSE FMTQIK
2019-06-27,10773.9,10773.9,10773.9,10773.9,TWSE FMTQIK
2019-06-28,10730.83,10730.83,10730.83,10730.83,TWSE FMTQIK
2019-07-01,10895.46,10895.46,10895.46,10895.46,TWSE FMTQIK
2019-07-02,10865.12,10865.12,10865.12,10865.12,TWSE FMTQIK
2019-07-03,10743.77,10743.77,10743.77,10743.77,TWSE FMTQIK
2019-07-04,10775.9,10775.9,10775.9,10775.9,TWSE FMTQIK
2019-07-05,10785.73,10785.73,10785.73,10785.73,TWSE FMTQIK
2019-07-08,10751.22,10751.22,10751.22,10751.22,TWSE FMTQIK
2019-07-09,10702.78,10702.78,10702.78,10702.78,TWSE FMTQIK
2019-07-10,10798.48,10798.48,10798.48,10798.48,TWSE FMTQIK
2019-07-11,10843.42,10843.42,10843.42,10843.42,TWSE FMTQIK
2019-07-12,10824.35,10824.35,10824.35,10824.35,TWSE FMTQIK
2019-07-15,10876.43,10876.43,10876.43,10876.43,TWSE FMTQIK
2019-07-16,10886.05,10886.05,10886.05,10886.05,TWSE FMTQIK
2019-07-17,10828.48,10828.48,10828.48,10828.48,TWSE FMTQIK
2019-07-18,10799.28,10799.28,10799.28,10799.28,TWSE FMTQIK
2019-07-19,10873.19,10873.19,10873.19,10873.19,TWSE FMTQIK
2019-07-22,10944.53,10944.53,10944.53,10944.53,TWSE FMTQIK
2019-07-23,10947.26,10947.26,10947.26,10947.26,TWSE FMTQIK
2019-07-24,10935.76,10935.76,10935.76,10935.76,TWSE FMTQIK
2019-07-25,10941.41,10941.41,10941.41,10941.41,TWSE FMTQIK
2019-07-26,10891.98,10891.98,10891.98,10891.98,TWSE FMTQIK
2019-07-29,10885.73,10885.73,10885.73,10885.73,TWSE FMTQIK
2019-07-30,10830.9,10830.9,10830.9,10830.9,TWSE FMTQIK
2019-07-31,10823.81,10823.81,10823.81,10823.81,TWSE FMTQIK
2019-08-01,10731.75,10731.75,10731.75,10731.75,TWSE FMTQIK
2019-08-02,10549.04,10549.04,10549.04,10549.04,TWSE FMTQIK
2019-08-05,10423.41,10423.41,10423.41,10423.41,TWSE FMTQIK
2019-08-06,10394.75,10394.75,10394.75,10394.75,TWSE FMTQIK
2019-08-07,10386.18,10386.18,10386.18,10386.18,TWSE FMTQIK
2019-08-08,10494.49,10494.49,10494.49,10494.49,TWSE FMTQIK
2019-08-12,10472.36,10472.36,10472.36,10472.36,TWSE FMTQIK
2019-08-13,10362.66,10362.66,10362.66,10362.66,TWSE FMTQIK
2019-08-14,10427.73,10427.73,10427.73,10427.73,TWSE FMTQIK
2019-08-15,10327.13,10327.13,10327.13,10327.13,TWSE FMTQIK
2019-08-16,10420.89,10420.89,10420.89,10420.89,TWSE FMTQIK
2019-08-19,10488.75,10488.75,10488.75,10488.75,TWSE FMTQIK
2019-08-20,10522.5,10522.5,10522.5,10522.5,TWSE FMTQIK
2019-08-21,10525.8,10525.8,10525.8,10525.8,TWSE FMTQIK
2019-08-22,10529.78,10529.78,10529.78,10529.78,TWSE FMTQIK
2019-08-23,10538.11,10538.11,10538.11,10538.11,TWSE FMTQIK
2019-08-26,10354.57,10354.57,10354.57,10354.57,TWSE FMTQIK
2019-08-27,10387.23,10387.23,10387.23,10387.23,TWSE FMTQIK
2019-08-28,10434.29,10434.29,10434.29,10434.29,TWSE FMTQIK
2019-08-29,10462.43,10462.43,10462.43,10462.43,TWSE FMTQIK
2019-08-30,10618.05,10618.05,10618.05,10618.05,TWSE FMTQIK
2019-09-02,10634.85,10634.85,10634.85,10634.85,TWSE FMTQIK
2019-09-03,10558.21,10558.21,10558.21,10558.21,TWSE FMTQIK
2019-09-04,10657.31,10657.31,10657.31,10657.31,TWSE FMTQIK
2019-09-05,10756.93,10756.93,10756.93,10756.93,TWSE FMTQIK
2019-09-06,10780.64,10780.64,10780.64,10780.64,TWSE FMTQIK
2019-09-09,10801.14,10801.14,10801.14,10801.14,TWSE FMTQIK
2019-09-10,10753.58,10753.58,10753.58,10753.58,TWSE FMTQIK
2019-09-11,10790.35,10790.35,10790.35,10790.35,TWSE FMTQIK
2019-09-12,10827.55,10827.55,10827.55,10827.55,TWSE FMTQIK
2019-09-16,10898.13,10898.13,10898.13,10898.13,TWSE FMTQIK
2019-09-17,10874.5,10874.5,10874.5,10874.5,TWSE FMTQIK
2019-09-18,10929.45,10929.45,10929.45,10929.45,TWSE FMTQIK
2019-09-19,10894.7,10894.7,10894.7,10894.7,TWSE FMTQIK
2019-09-20,10929.69,10929.69,10929.69,10929.69,TWSE FMTQIK
2019-09-23,10919.02,10919.02,10919.02,10919.02,TWSE FMTQIK
2019-09-24,10918.01,10918.01,10918.01,10918.01,TWSE FMTQIK
2019-09-25,10873.69,10873.69,10873.69,10873.69,TWSE FMTQIK
2019-09-26,10871.99,10871.99,10871.99,10871.99,TWSE FMTQIK
2019-09-27,10829.68,10829.68,10829.68,10829.68,TWSE FMTQIK
2019-10-01,10967.65,10967.65,10967.65,10967.65,TWSE FMTQIK
2019-10-02,10947.88,10947.88,10947.88,10947.88,TWSE FMTQIK
2019-10-03,10875.91,10875.91,10875.91,10875.91,TWSE FMTQIK
2019-10-04,10894.48,10894.48,10894.48,10894.48,TWSE FMTQIK
2019-10-07,10935.06,10935.06,10935.06,10935.06,TWSE FMTQIK
2019-10-08,11017.31,11017.31,11017.31,11017.31,TWSE FMTQIK
2019-10-09,10889.96,10889.96,10889.96,10889.96,TWSE FMTQIK
2019-10-14,11066.95,11066.95,11066.95,11066.95,TWSE FMTQIK
2019-10-15,11111.8,11111.8,11111.8,11111.8,TWSE FMTQIK
2019-10-16,11162.83,11162.83,11162.83,11162.83,TWSE FMTQIK
2019-10-17,11186.88,11186.88,11186.88,11186.88,TWSE FMTQIK
2019-10-18,11180.22,11180.22,11180.22,11180.22,TWSE FMTQIK
2019-10-21,11184.15,11184.15,11184.15,11184.15,TWSE FMTQIK
2019-10-22,11271.25,11271.25,11271.25,11271.25,TWSE FMTQIK
2019-10-23,11239.67,11239.67,11239.67,11239.67,TWSE FMTQIK
2019-10-24,11320.14,11320.14,11320.14,11320.14,TWSE FMTQIK
2019-10-25,11296.12,11296.12,11296.12,11296.12,TWSE FMTQIK
2019-10-28,11315.02,11315.02,11315.02,11315.02,TWSE FMTQIK
2019-10-29,11333.87,11333.87,11333.87,11333.87,TWSE FMTQIK
2019-10-30,11380.28,11380.28,11380.28,11380.28,TWSE FMTQIK
2019-10-31,11358.71,11358.71,11358.71,11358.71,TWSE FMTQIK
2019-11-01,11399.53,11399.53,11399.53,11399.53,TWSE FMTQIK
2019-11-04,11556.85,11556.85,11556.85,11556.85,TWSE FMTQIK
2019-11-05,11644.03,11644.03,11644.03,11644.03,TWSE FMTQIK
2019-11-06,11653.07,11653.07,11653.07,11653.07,TWSE FMTQIK
2019-11-07,11606.56,11606.56,11606.56,11606.56,TWSE FMTQIK
2019-11-08,11579.54,11579.54,11579.54,11579.54,TWSE FMTQIK
2019-11-11,11427.28,11427.28,11427.28,11427.28,TWSE FMTQIK
2019-11-12,11520.37,11520.37,11520.37,11520.37,TWSE FMTQIK
2019-11-13,11467.83,11467.83,11467.83,11467.83,TWSE FMTQIK
2019-11-14,11450.42,11450.42,11450.42,11450.42,TWSE FMTQIK
2019-11-15,11525.6,11525.6,11525.6,11525.6,TWSE FMTQIK
2019-11-18,11599.78,11599.78,11599.78,11599.78,TWSE FMTQIK
2019-11-19,11656.4,11656.4,11656.4,11656.4,TWSE FMTQIK
2019-11-20,11631.2,11631.2,11631.2,11631.2,TWSE FMTQIK
2019-11-21,11558.27,11558.27,11558.27,11558.27,TWSE FMTQIK
2019-11-22,11566.8,11566.8,11566.8,11566.8,TWSE FMTQIK
2019-11-25,11561.58,11561.58,11561.58,11561.58,TWSE FMTQIK
2019-11-26,11576.82,11576.82,11576.82,11576.82,TWSE FMTQIK
2019-11-27,11647.46,11647.46,11647.46,11647.46,TWSE FMTQIK
2019-11-28,11617.08,11617.08,11617.08,11617.08,TWSE FMTQIK
2019-11-29,11489.57,11489.57,11489.57,11489.57,TWSE FMTQIK
2019-12-02,11502.83,11502.83,11502.83,11502.83,TWSE FMTQIK
2019-12-03,11531.58,11531.58,11531.58,11531.58,TWSE FMTQIK
2019-12-04,11510.47,11510.47,11510.47,11510.47,TWSE FMTQIK
2019-12-05,11594.65,11594.65,11594.65,11594.65,TWSE FMTQIK
2019-12-06,11609.64,11609.64,11609.64,11609.64,TWSE FMTQIK
2019-12-09,11660.77,11660.77,11660.77,11660.77,TWSE FMTQIK
2019-12-10,11627.84,11627.84,11627.84,11627.84,TWSE FMTQIK
2019-12-11,11700.77,11700.77,11700.77,11700.77,TWSE FMTQIK
2019-12-12,11836.42,11836.42,11836.42,11836.42,TWSE FMTQIK
2019-12-13,11927.73,11927.73,11927.73,11927.73,TWSE FMTQIK
2019-12-16,11939.77,11939.77,11939.77,11939.77,TWSE FMTQIK
2019-12-17,12097.01,12097.01,12097.01,12097.01,TWSE FMTQIK
2019-12-18,12122.45,12122.45,12122.45,12122.45,TWSE FMTQIK
2019-12-19,12018.9,12018.9,12018.9,12018.9,TWSE FMTQIK
2019-12-20,11959.08,11959.08,11959.08,11959.08,TWSE FMTQIK
2019-12-23,12022.23,12022.23,12022.23,12022.23,TWSE FMTQIK
2019-12-24,11976.38,11976.38,11976.38,11976.38,TWSE FMTQIK
2019-12-25,12008.13,12008.13,12008.13,12008.13,TWSE FMTQIK
2019-12-26,12001.01,12001.01,12001.01,12001.01,TWSE FMTQIK
2019-12-27,12091.59,12091.59,12091.59,12091.59,TWSE FMTQIK
2019-12-30,12053.37,12053.37,12053.37,12053.37,TWSE FMTQIK
2019-12-31,11997.14,11997.14,11997.14,11997.14,TWSE FMTQIK
2020-01-02,12100.48,12100.48,12100.48,12100.48,TWSE FMTQIK
2020-01-03,12110.43,12110.43,12110.43,12110.43,TWSE FMTQIK
2020-01-06,11953.36,11953.36,11953.36,11953.36,TWSE FMTQIK
2020-01-07,11880.32,11880.32,11880.32,11880.32,TWSE FMTQIK
2020-01-08,11817.1,11817.1,11817.1,11817.1,TWSE FMTQIK
2020-01-09,11970.63,11970.63,11970.63,11970.63,TWSE FMTQIK
2020-01-10,12024.65,12024.65,12024.65,12024.65,TWSE FMTQIK
2020-01-13,12113.42,12113.42,12113.42,12113.42,TWSE FMTQIK
2020-01-14,12179.81,12179.81,12179.81,12179.81,TWSE FMTQIK
2020-01-15,12091.88,12091.88,12091.88,12091.88,TWSE FMTQIK
2020-01-16,12066.93,12066.93,12066.93,12066.93,TWSE FMTQIK
2020-01-17,12090.29,12090.29,12090.29,12090.29,TWSE FMTQIK
2020-01-20,12118.71,12118.71,12118.71,12118.71,TWSE FMTQIK
2020-01-30,11421.74,11421.74,11421.74,11421.74,TWSE FMTQIK
2020-01-31,11495.1,11495.1,11495.1,11495.1,TWSE FMTQIK
2020-02-03,11354.92,11354.92,11354.92,11354.92,TWSE FMTQIK
2020-02-04,11555.92,11555.92,11555.92,11555.92,TWSE FMTQIK
2020-02-05,11573.62,11573.62,11573.62,11573.62,TWSE FMTQIK
2020-02-06,11749.68,11749.68,11749.68,11749.68,TWSE FMTQIK
2020-02-07,11612.81,11612.81,11612.81,11612.81,TWSE FMTQIK
2020-02-10,11574.07,11574.07,11574.07,11574.07,TWSE FMTQIK
2020-02-11,11664.04,11664.04,11664.04,11664.04,TWSE FMTQIK
2020-02-12,11774.19,11774.19,11774.19,11774.19,TWSE FMTQIK
2020-02-13,11791.78,11791.78,11791.78,11791.78,TWSE FMTQIK
2020-02-14,11815.7,11815.7,11815.7,11815.7,TWSE FMTQIK
2020-02-17,11763.51,11763.51,11763.51,11763.51,TWSE FMTQIK
2020-02-18,11648.98,11648.98,11648.98,11648.98,TWSE FMTQIK
2020-02-19,11758.84,11758.84,11758.84,11758.84,TWSE FMTQIK
2020-02-20,11725.09,11725.09,11725.09,11725.09,TWSE FMTQIK
2020-02-21,11686.35,11686.35,11686.35,11686.35,TWSE FMTQIK
2020-02-24,11534.87,11534.87,11534.87,11534.87,TWSE FMTQIK
2020-02-25,11540.23,11540.23,11540.23,11540.23,TWSE FMTQIK
2020-02-26,11433.62,11433.62,11433.62,11433.62,TWSE FMTQIK
2020-02-27,11292.17,11292.17,11292.17,11292.17,TWSE FMTQIK
2020-03-02,11170.46,11170.46,11170.46,11170.46,TWSE FMTQIK
2020-03-03,11327.72,11327.72,11327.72,11327.72,TWSE FMTQIK
2020-03-04,11392.35,11392.35,11392.35,11392.35,TWSE FMTQIK
2020-03-05,11514.82,11514.82,11514.82,11514.82,TWSE FMTQIK
2020-03-06,11321.81,11321.81,11321.81,11321.81,TWSE FMTQIK
2020-03-09,10977.64,10977.64,10977.64,10977.64,TWSE FMTQIK
2020-03-10,11003.54,11003.54,11003.54,11003.54,TWSE FMTQIK
2020-03-11,10893.75,10893.75,10893.75,10893.75,TWSE FMTQIK
2020-03-12,10422.32,10422.32,10422.32,10422.32,TWSE FMTQIK
2020-03-13,10128.87,10128.87,10128.87,10128.87,TWSE FMTQIK
2020-03-16,9717.77,9717.77,9717.77,9717.77,TWSE FMTQIK
2020-03-17,9439.63,9439.63,9439.63,9439.63,TWSE FMTQIK
2020-03-18,9218.67,9218.67,9218.67,9218.67,TWSE FMTQIK
2020-03-19,8681.34,8681.34,8681.34,8681.34,TWSE FMTQIK
2020-03-20,9234.09,9234.09,9234.09,9234.09,TWSE FMTQIK
2020-03-23,8890.03,8890.03,8890.03,8890.03,TWSE FMTQIK
2020-03-24,9285.62,9285.62,9285.62,9285.62,TWSE FMTQIK
2020-03-25,9644.75,9644.75,9644.75,9644.75,TWSE FMTQIK
2020-03-26,9736.36,9736.36,9736.36,9736.36,TWSE FMTQIK
2020-03-27,9698.92,9698.92,9698.92,9698.92,TWSE FMTQIK
2020-03-30,9629.43,9629.43,9629.43,9629.43,TWSE FMTQIK
2020-03-31,9708.06,9708.06,9708.06,9708.06,TWSE FMTQIK
2020-04-01,9663.63,9663.63,9663.63,9663.63,TWSE FMTQIK
2020-04-06,9818.74,9818.74,9818.74,9818.74,TWSE FMTQIK
2020-04-07,9996.39,9996.39,9996.39,9996.39,TWSE FMTQIK
2020-04-08,10137.47,10137.47,10137.47,10137.47,TWSE FMTQIK
2020-04-09,10119.43,10119.43,10119.43,10119.43,TWSE FMTQIK
2020-04-10,10157.61,10157.61,10157.61,10157.61,TWSE FMTQIK
2020-04-13,10099.22,10099.22,10099.22,10099.22,TWSE FMTQIK
2020-04-14,10332.94,10332.94,10332.94,10332.94,TWSE FMTQIK
2020-04-15,10447.21,10447.21,10447.21,10447.21,TWSE FMTQIK
2020-04-16,10375.48,10375.48,10375.48,10375.48,TWSE FMTQIK
2020-04-17,10597.04,10597.04,10597.04,10597.04,TWSE FMTQIK
2020-04-20,10586.71,10586.71,10586.71,10586.71,TWSE FMTQIK
2020-04-21,10288.42,10288.42,10288.42,10288.42,TWSE FMTQIK
2020-04-22,10307.74,10307.74,10307.74,10307.74,TWSE FMTQIK
2020-04-23,10366.51,10366.51,10366.51,10366.51,TWSE FMTQIK
2020-04-24,10347.36,10347.36,10347.36,10347.36,TWSE FMTQIK
2020-04-27,10567.27,10567.27,10567.27,10567.27,TWSE FMTQIK
2020-04-28,10616.06,10616.06,10616.06,10616.06,TWSE FMTQIK
2020-04-29,10772.22,10772.22,10772.22,10772.22,TWSE FMTQIK
2020-04-30,10992.14,10992.14,10992.14,10992.14,TWSE FMTQIK
2020-05-04,10720.48,10720.48,10720.48,10720.48,TWSE FMTQIK
2020-05-05,10774.61,10774.61,10774.61,10774.61,TWSE FMTQIK
2020-05-06,10774.98,10774.98,10774.98,10774.98,TWSE FMTQIK
2020-05-07,10842.92,10842.92,10842.92,10842.92,TWSE FMTQIK
2020-05-08,10901.42,10901.42,10901.42,10901.42,TWSE FMTQIK
2020-05-11,11013.26,11013.26,11013.26,11013.26,TWSE FMTQIK
2020-05-12,10879.47,10879.47,10879.47,10879.47,TWSE FMTQIK
2020-05-13,10938.27,10938.27,10938.27,10938.27,TWSE FMTQIK
2020-05-14,10780.88,10780.88,10780.88,10780.88,TWSE FMTQIK
2020-05-15,10814.92,10814.92,10814.92,10814.92,TWSE FMTQIK
2020-05-18,10740.55,10740.55,10740.55,10740.55,TWSE FMTQIK
2020-05-19,10860.44,10860.44,10860.44,10860.44,TWSE FMTQIK
2020-05-20,10907.8,10907.8,10907.8,10907.8,TWSE FMTQIK
2020-05-21,11008.31,11008.31,11008.31,11008.31,TWSE FMTQIK
2020-05-22,10811.15,10811.15,10811.15,10811.15,TWSE FMTQIK
2020-05-25,10871.18,10871.18,10871.18,10871.18,TWSE FMTQIK
2020-05-26,10997.21,10997.21,10997.21,10997.21,TWSE FMTQIK
2020-05-27,11014.66,11014.66,11014.66,11014.66,TWSE FMTQIK
2020-05-28,10944.19,10944.19,10944.19,10944.19,TWSE FMTQIK
2020-05-29,10942.16,10942.16,10942.16,10942.16,TWSE FMTQIK
2020-06-01,11079.02,11079.02,11079.02,11079.02,TWSE FMTQIK
2020-06-02,11127.93,11127.93,11127.93,11127.93,TWSE FMTQIK
2020-06-03,11320.16,11320.16,11320.16,11320.16,TWSE FMTQIK
2020-06-04,11393.23,11393.23,11393.23,11393.23,TWSE FMTQIK
2020-06-05,11479.4,11479.4,11479.4,11479.4,TWSE FMTQIK
2020-06-08,11610.32,11610.32,11610.32,11610.32,TWSE FMTQIK
2020-06-09,11637.11,11637.11,11637.11,11637.11,TWSE FMTQIK
2020-06-10,11720.16,11720.16,11720.16,11720.16,TWSE FMTQIK
2020-06-11,11535.77,11535.77,11535.77,11535.77,TWSE FMTQIK
2020-06-12,11429.94,11429.94,11429.94,11429.94,TWSE FMTQIK
2020-06-15,11306.26,11306.26,11306.26,11306.26,TWSE FMTQIK
2020-06-16,11511.64,11511.64,11511.64,11511.64,TWSE FMTQIK
2020-06-17,11534.59,11534.59,11534.59,11534.59,TWSE FMTQIK
2020-06-18,11548.33,11548.33,11548.33,11548.33,TWSE FMTQIK
2020-06-19,11549.86,11549.86,11549.86,11549.86,TWSE FMTQIK
2020-06-22,11572.93,11572.93,11572.93,11572.93,TWSE FMTQIK
2020-06-23,11612.36,11612.36,11612.36,11612.36,TWSE FMTQIK
2020-06-24,11660.67,11660.67,11660.67,11660.67,TWSE FMTQIK
2020-06-29,11542.62,11542.62,11542.62,11542.62,TWSE FMTQIK
2020-06-30,11621.24,11621.24,11621.24,11621.24,TWSE FMTQIK
2020-07-01,11703.42,11703.42,11703.42,11703.42,TWSE FMTQIK
2020-07-02,11805.14,11805.14,11805.14,11805.14,TWSE FMTQIK
2020-07-03,11909.16,11909.16,11909.16,11909.16,TWSE FMTQIK
2020-07-06,12116.7,12116.7,12116.7,12116.7,TWSE FMTQIK
2020-07-07,12092.97,12092.97,12092.97,12092.97,TWSE FMTQIK
2020-07-08,12170.19,12170.19,12170.19,12170.19,TWSE FMTQIK
2020-07-09,12192.69,12192.69,12192.69,12192.69,TWSE FMTQIK
2020-07-10,12073.68,12073.68,12073.68,12073.68,TWSE FMTQIK
2020-07-13,12211.56,12211.56,12211.56,12211.56,TWSE FMTQIK
2020-07-14,12209.01,12209.01,12209.01,12209.01,TWSE FMTQIK
2020-07-15,12202.85,12202.85,12202.85,12202.85,TWSE FMTQIK
2020-07-16,12157.74,12157.74,12157.74,12157.74,TWSE FMTQIK
2020-07-17,12181.56,12181.56,12181.56,12181.56,TWSE FMTQIK
2020-07-20,12174.54,12174.54,12174.54,12174.54,TWSE FMTQIK
2020-07-21,12397.55,12397.55,12397.55,12397.55,TWSE FMTQIK
2020-07-22,12473.27,12473.27,12473.27,12473.27,TWSE FMTQIK
2020-07-23,12413.04,12413.04,12413.04,12413.04,TWSE FMTQIK
2020-07-24,12304.04,12304.04,12304.04,12304.04,TWSE FMTQIK
2020-07-27,12588.3,12588.3,12588.3,12588.3,TWSE FMTQIK
2020-07-28,12586.73,12586.73,12586.73,12586.73,TWSE FMTQIK
2020-07-29,12540.97,12540.97,12540.97,12540.97,TWSE FMTQIK
2020-07-30,12722.92,12722.92,12722.92,12722.92,TWSE FMTQIK
2020-07-31,12664.8,12664.8,12664.8,12664.8,TWSE FMTQIK
2020-08-03,12513.03,12513.03,12513.03,12513.03,TWSE FMTQIK
2020-08-04,12709.92,12709.92,12709.92,12709.92,TWSE FMTQIK
2020-08-05,12802.3,12802.3,12802.3,12802.3,TWSE FMTQIK
2020-08-06,12913.5,12913.5,12913.5,12913.5,TWSE FMTQIK
2020-08-07,12828.87,12828.87,12828.87,12828.87,TWSE FMTQIK
2020-08-10,12894.0,12894.0,12894.0,12894.0,TWSE FMTQIK
2020-08-11,12780.19,12780.19,12780.19,12780.19,TWSE FMTQIK
2020-08-12,12670.35,12670.35,12670.35,12670.35,TWSE FMTQIK
2020-08-13,12763.13,12763.13,12763.13,12763.13,TWSE FMTQIK
2020-08-14,12795.46,12795.46,12795.46,12795.46,TWSE FMTQIK
2020-08-17,12956.11,12956.11,12956.11,12956.11,TWSE FMTQIK
2020-08-18,12872.14,12872.14,12872.14,12872.14,TWSE FMTQIK
2020-08-19,12778.64,12778.64,12778.64,12778.64,TWSE FMTQIK
2020-08-20,12362.64,12362.64,12362.64,12362.64,TWSE FMTQIK
2020-08-21,12607.84,12607.84,12607.84,12607.84,TWSE FMTQIK
2020-08-24,12647.13,12647.13,12647.13,12647.13,TWSE FMTQIK
2020-08-25,12758.25,12758.25,12758.25,12758.25,TWSE FMTQIK
2020-08-26,12833.29,12833.29,12833.29,12833.29,TWSE FMTQIK
2020-08-27,12797.31,12797.31,12797.31,12797.31,TWSE FMTQIK
2020-08-28,12728.85,12728.85,12728.85,12728.85,TWSE FMTQIK
2020-08-31,12591.45,12591.45,12591.45,12591.45,TWSE FMTQIK
2020-09-01,12703.28,12703.28,12703.28,12703.28,TWSE FMTQIK
2020-09-02,12699.5,12699.5,12699.5,12699.5,TWSE FMTQIK
2020-09-03,12757.97,12757.97,12757.97,12757.97,TWSE FMTQIK
2020-09-04,12637.95,12637.95,12637.95,12637.95,TWSE FMTQIK
2020-09-07,12601.4,12601.4,12601.4,12601.4,TWSE FMTQIK
2020-09-08,12663.56,12663.56,12663.56,12663.56,TWSE FMTQIK
2020-09-09,12608.58,12608.58,12608.58,12608.58,TWSE FMTQIK
2020-09-10,12691.75,12691.75,12691.75,12691.75,TWSE FMTQIK
2020-09-11,12675.95,12675.95,12675.95,12675.95,TWSE FMTQIK
2020-09-14,12787.82,12787.82,12787.82,12787.82,TWSE FMTQIK
2020-09-15,12845.65,12845.65,12845.65,12845.65,TWSE FMTQIK
2020-09-16,12976.76,12976.76,12976.76,12976.76,TWSE FMTQIK
2020-09-17,12872.74,12872.74,12872.74,12872.74,TWSE FMTQIK
2020-09-18,12875.62,12875.62,12875.62,12875.62,TWSE FMTQIK
2020-09-21,12795.12,12795.12,12795.12,12795.12,TWSE FMTQIK
2020-09-22,12645.51,12645.51,12645.51,12645.51,TWSE FMTQIK
2020-09-23,12583.88,12583.88,12583.88,12583.88,TWSE FMTQIK
2020-09-24,12264.38,12264.38,12264.38,12264.38,TWSE FMTQIK
2020-09-25,12232.91,12232.91,12232.91,12232.91,TWSE FMTQIK
2020-09-28,12462.76,12462.76,12462.76,12462.76,TWSE FMTQIK
2020-09-29,12467.73,12467.73,12467.73,12467.73,TWSE FMTQIK
2020-09-30,12515.61,12515.61,12515.61,12515.61,TWSE FMTQIK
2020-10-05,12548.28,12548.28,12548.28,12548.28,TWSE FMTQIK
2020-10-06,12704.23,12704.23,12704.23,12704.23,TWSE FMTQIK
2020-10-07,12746.37,12746.37,12746.37,12746.37,TWSE FMTQIK
2020-10-08,12887.19,12887.19,12887.19,12887.19,TWSE FMTQIK
2020-10-12,12955.91,12955.91,12955.91,12955.91,TWSE FMTQIK
2020-10-13,12947.13,12947.13,12947.13,12947.13,TWSE FMTQIK
2020-10-14,12919.31,12919.31,12919.31,12919.31,TWSE FMTQIK
2020-10-15,12827.82,12827.82,12827.82,12827.82,TWSE FMTQIK
2020-10-16,12750.37,12750.37,12750.37,12750.37,TWSE FMTQIK
2020-10-19,12908.34,12908.34,12908.34,12908.34,TWSE FMTQIK
2020-10-20,12862.37,12862.37,12862.37,12862.37,TWSE FMTQIK
2020-10-21,12877.25,12877.25,12877.25,12877.25,TWSE FMTQIK
2020-10-22,12917.03,12917.03,12917.03,12917.03,TWSE FMTQIK
2020-10-23,12898.82,12898.82,12898.82,12898.82,TWSE FMTQIK
2020-10-26,12909.03,12909.03,12909.03,12909.03,TWSE FMTQIK
2020-10-27,12875.01,12875.01,12875.01,12875.01,TWSE FMTQIK
2020-10-28,12793.75,12793.75,12793.75,12793.75,TWSE FMTQIK
2020-10-29,12662.91,12662.91,12662.91,12662.91,TWSE FMTQIK
2020-10-30,12546.34,12546.34,12546.34,12546.34,TWSE FMTQIK
2020-11-02,12591.31,12591.31,12591.31,12591.31,TWSE FMTQIK
2020-11-03,12736.01,12736.01,12736.01,12736.01,TWSE FMTQIK
2020-11-04,12867.9,12867.9,12867.9,12867.9,TWSE FMTQIK
2020-11-05,12918.8,12918.8,12918.8,12918.8,TWSE FMTQIK
2020-11-06,12973.53,12973.53,12973.53,12973.53,TWSE FMTQIK
2020-11-09,13127.47,13127.47,13127.47,13127.47,TWSE FMTQIK
2020-11-10,13081.72,13081.72,13081.72,13081.72,TWSE FMTQIK
2020-11-11,13262.19,13262.19,13262.19,13262.19,TWSE FMTQIK
2020-11-12,13221.78,13221.78,13221.78,13221.78,TWSE FMTQIK
2020-11-13,13273.33,13273.33,13273.33,13273.33,TWSE FMTQIK
2020-11-16,13551.83,13551.83,13551.83,13551.83,TWSE FMTQIK
2020-11-17,13593.01,13593.01,13593.01,13593.01,TWSE FMTQIK
2020-11-18,13773.29,13773.29,13773.29,13773.29,TWSE FMTQIK
2020-11-19,13722.43,13722.43,13722.43,13722.43,TWSE FMTQIK
2020-11-20,13716.44,13716.44,13716.44,13716.44,TWSE FMTQIK
2020-11-23,13878.01,13878.01,13878.01,13878.01,TWSE FMTQIK
2020-11-24,13807.13,13807.13,13807.13,13807.13,TWSE FMTQIK
2020-11-25,13738.83,13738.83,13738.83,13738.83,TWSE FMTQIK
2020-11-26,13845.66,13845.66,13845.66,13845.66,TWSE FMTQIK
2020-11-27,13867.09,13867.09,13867.09,13867.09,TWSE FMTQIK
2020-11-30,13722.89,13722.89,13722.89,13722.89,TWSE FMTQIK
2020-12-01,13885.67,13885.67,13885.67,13885.67,TWSE FMTQIK
2020-12-02,13989.14,13989.14,13989.14,13989.14,TWSE FMTQIK
2020-12-03,13977.09,13977.09,13977.09,13977.09,TWSE FMTQIK
2020-12-04,14132.44,14132.44,14132.44,14132.44,TWSE FMTQIK
2020-12-07,14256.6,14256.6,14256.6,14256.6,TWSE FMTQIK
2020-12-08,14360.4,14360.4,14360.4,14360.4,TWSE FMTQIK
2020-12-09,14390.14,14390.14,14390.14,14390.14,TWSE FMTQIK
2020-12-10,14249.49,14249.49,14249.49,14249.49,TWSE FMTQIK
2020-12-11,14261.69,14261.69,14261.69,14261.69,TWSE FMTQIK
2020-12-14,14211.05,14211.05,14211.05,14211.05,TWSE FMTQIK
2020-12-15,14068.52,14068.52,14068.52,14068.52,TWSE FMTQIK
2020-12-16,14304.46,14304.46,14304.46,14304.46,TWSE FMTQIK
2020-12-17,14258.93,14258.93,14258.93,14258.93,TWSE FMTQIK
2020-12-18,14249.96,14249.96,14249.96,14249.96,TWSE FMTQIK
2020-12-21,14384.96,14384.96,14384.96,14384.96,TWSE FMTQIK
2020-12-22,14177.46,14177.46,14177.46,14177.46,TWSE FMTQIK
2020-12-23,14223.09,14223.09,14223.09,14223.09,TWSE FMTQIK
2020-12-24,14280.28,14280.28,14280.28,14280.28,TWSE FMTQIK
2020-12-25,14331.42,14331.42,14331.42,14331.42,TWSE FMTQIK
2020-12-28,14483.07,14483.07,14483.07,14483.07,TWSE FMTQIK
2020-12-29,14472.05,14472.05,14472.05,14472.05,TWSE FMTQIK
2020-12-30,14687.7,14687.7,14687.7,14687.7,TWSE FMTQIK
2020-12-31,14732.53,14732.53,14732.53,14732.53,TWSE FMTQIK
2021-01-04,14902.03,14902.03,14902.03,14902.03,TWSE FMTQIK
2021-01-05,15000.03,15000.03,15000.03,15000.03,TWSE FMTQIK
2021-01-06,14983.13,14983.13,14983.13,14983.13,TWSE FMTQIK
2021-01-07,15214.0,15214.0,15214.0,15214.0,TWSE FMTQIK
2021-01-08,15463.95,15463.95,15463.95,15463.95,TWSE FMTQIK
2021-01-11,15557.3,15557.3,15557.3,15557.3,TWSE FMTQIK
2021-01-12,15500.7,15500.7,15500.7,15500.7,TWSE FMTQIK
2021-01-13,15769.98,15769.98,15769.98,15769.98,TWSE FMTQIK
2021-01-14,15707.19,15707.19,15707.19,15707.19,TWSE FMTQIK
2021-01-15,15616.39,15616.39,15616.39,15616.39,TWSE FMTQIK
2021-01-18,15612.0,15612.0,15612.0,15612.0,TWSE FMTQIK
2021-01-19,15877.37,15877.37,15877.37,15877.37,TWSE FMTQIK
2021-01-20,15806.18,15806.18,15806.18,15806.18,TWSE FMTQIK
2021-01-21,16153.77,16153.77,16153.77,16153.77,TWSE FMTQIK
2021-01-22,16019.03,16019.03,16019.03,16019.03,TWSE FMTQIK
2021-01-25,15946.54,15946.54,15946.54,15946.54,TWSE FMTQIK
2021-01-26,15658.85,15658.85,15658.85,15658.85,TWSE FMTQIK
2021-01-27,15701.45,15701.45,15701.45,15701.45,TWSE FMTQIK
2021-01-28,15415.88,15415.88,15415.88,15415.88,TWSE FMTQIK
2021-01-29,15138.31,15138.31,15138.31,15138.31,TWSE FMTQIK
2021-02-01,15410.09,15410.09,15410.09,15410.09,TWSE FMTQIK
2021-02-02,15760.05,15760.05,15760.05,15760.05,TWSE FMTQIK
2021-02-03,15771.32,15771.32,15771.32,15771.32,TWSE FMTQIK
2021-02-04,15706.22,15706.22,15706.22,15706.22,TWSE FMTQIK
2021-02-05,15802.4,15802.4,15802.4,15802.4,TWSE FMTQIK
2021-02-17,16362.29,16362.29,16362.29,16362.29,TWSE FMTQIK
2021-02-18,16424.51,16424.51,16424.51,16424.51,TWSE FMTQIK
2021-02-19,16341.38,16341.38,16341.38,16341.38,TWSE FMTQIK
2021-02-22,16410.16,16410.16,16410.16,16410.16,TWSE FMTQIK
2021-02-23,16443.4,16443.4,16443.4,16443.4,TWSE FMTQIK
2021-02-24,16212.53,16212.53,16212.53,16212.53,TWSE FMTQIK
2021-02-25,16452.18,16452.18,16452.18,16452.18,TWSE FMTQIK
2021-02-26,15953.8,15953.8,15953.8,15953.8,TWSE FMTQIK
2021-03-02,15946.88,15946.88,15946.88,15946.88,TWSE FMTQIK
2021-03-03,16211.73,16211.73,16211.73,16211.73,TWSE FMTQIK
2021-03-04,15906.41,15906.41,15906.41,15906.41,TWSE FMTQIK
2021-03-05,15855.23,15855.23,15855.23,15855.23,TWSE FMTQIK
2021-03-08,15820.11,15820.11,15820.11,15820.11,TWSE FMTQIK
2021-03-09,15853.09,15853.09,15853.09,15853.09,TWSE FMTQIK
2021-03-10,15911.67,15911.67,15911.67,15911.67,TWSE FMTQIK
2021-03-11,16179.56,16179.56,16179.56,16179.56,TWSE FMTQIK
2021-03-12,16255.18,16255.18,16255.18,16255.18,TWSE FMTQIK
2021-03-15,16249.33,16249.33,16249.33,16249.33,TWSE FMTQIK
2021-03-16,16313.16,16313.16,16313.16,16313.16,TWSE FMTQIK
2021-03-17,16215.82,16215.82,16215.82,16215.82,TWSE FMTQIK
2021-03-18,16287.84,16287.84,16287.84,16287.84,TWSE FMTQIK
2021-03-19,16070.24,16070.24,16070.24,16070.24,TWSE FMTQIK
2021-03-22,16189.22,16189.22,16189.22,16189.22,TWSE FMTQIK
2021-03-23,16177.59,16177.59,16177.59,16177.59,TWSE FMTQIK
2021-03-24,16032.12,16032.12,16032.12,16032.12,TWSE FMTQIK
2021-03-25,16060.14,16060.14,16060.14,16060.14,TWSE FMTQIK
2021-03-26,16305.88,16305.88,16305.88,16305.88,TWSE FMTQIK
2021-03-29,16475.97,16475.97,16475.97,16475.97,TWSE FMTQIK
2021-03-30,16554.9,16554.9,16554.9,16554.9,TWSE FMTQIK
2021-03-31,16431.13,16431.13,16431.13,16431.13,TWSE FMTQIK
2021-04-01,16571.28,16571.28,16571.28,16571.28,TWSE FMTQIK
2021-04-06,16739.87,16739.87,16739.87,16739.87,TWSE FMTQIK
2021-04-07,16815.36,16815.36,16815.36,16815.36,TWSE FMTQIK
2021-04-08,16926.44,16926.44,16926.44,16926.44,TWSE FMTQIK
2021-04-09,16854.1,16854.1,16854.1,16854.1,TWSE FMTQIK
2021-04-12,16859.7,16859.7,16859.7,16859.7,TWSE FMTQIK
2021-04-13,16824.91,16824.91,16824.91,16824.91,TWSE FMTQIK
2021-04-14,16865.97,16865.97,16865.97,16865.97,TWSE FMTQIK
2021-04-15,17076.73,17076.73,17076.73,17076.73,TWSE FMTQIK
2021-04-16,17158.81,17158.81,17158.81,17158.81,TWSE FMTQIK
2021-04-19,17263.28,17263.28,17263.28,17263.28,TWSE FMTQIK
2021-04-20,17323.87,17323.87,17323.87,17323.87,TWSE FMTQIK
2021-04-21,17202.11,17202.11,17202.11,17202.11,TWSE FMTQIK
2021-04-22,17096.97,17096.97,17096.97,17096.97,TWSE FMTQIK
2021-04-23,17300.27,17300.27,17300.27,17300.27,TWSE FMTQIK
2021-04-26,17572.29,17572.29,17572.29,17572.29,TWSE FMTQIK
2021-04-27,17595.9,17595.9,17595.9,17595.9,TWSE FMTQIK
2021-04-28,17567.53,17567.53,17567.53,17567.53,TWSE FMTQIK
2021-04-29,17566.66,17566.66,17566.66,17566.66,TWSE FMTQIK
2021-05-03,17222.35,17222.35,17222.35,17222.35,TWSE FMTQIK
2021-05-04,16933.78,16933.78,16933.78,16933.78,TWSE FMTQIK
2021-05-05,16843.44,16843.44,16843.44,16843.44,TWSE FMTQIK
2021-05-06,16994.36,16994.36,16994.36,16994.36,TWSE FMTQIK
2021-05-07,17285.0,17285.0,17285.0,17285.0,TWSE FMTQIK
2021-05-10,17235.61,17235.61,17235.61,17235.61,TWSE FMTQIK
2021-05-11,16583.13,16583.13,16583.13,16583.13,TWSE FMTQIK
2021-05-12,15902.37,15902.37,15902.37,15902.37,TWSE FMTQIK
2021-05-13,15670.1,15670.1,15670.1,15670.1,TWSE FMTQIK
2021-05-14,15827.09,15827.09,15827.09,15827.09,TWSE FMTQIK
2021-05-17,15353.89,15353.89,15353.89,15353.89,TWSE FMTQIK
2021-05-18,16145.98,16145.98,16145.98,16145.98,TWSE FMTQIK
2021-05-19,16132.66,16132.66,16132.66,16132.66,TWSE FMTQIK
2021-05-20,16042.36,16042.36,16042.36,16042.36,TWSE FMTQIK
2021-05-21,16302.06,16302.06,16302.06,16302.06,TWSE FMTQIK
2021-05-24,16338.29,16338.29,16338.29,16338.29,TWSE FMTQIK
2021-05-25,16595.67,16595.67,16595.67,16595.67,TWSE FMTQIK
2021-05-26,16643.69,16643.69,16643.69,16643.69,TWSE FMTQIK
2021-05-27,16601.61,16601.61,16601.61,16601.61,TWSE FMTQIK
2021-05-28,16870.86,16870.86,16870.86,16870.86,TWSE FMTQIK
2021-05-31,17068.43,17068.43,17068.43,17068.43,TWSE FMTQIK
2021-06-01,17162.38,17162.38,17162.38,17162.38,TWSE FMTQIK
2021-06-02,17165.04,17165.04,17165.04,17165.04,TWSE FMTQIK
2021-06-03,17246.16,17246.16,17246.16,17246.16,TWSE FMTQIK
2021-06-04,17147.41,17147.41,17147.41,17147.41,TWSE FMTQIK
2021-06-07,17083.91,17083.91,17083.91,17083.91,TWSE FMTQIK
2021-06-08,17076.21,17076.21,17076.21,17076.21,TWSE FMTQIK
2021-06-09,16966.22,16966.22,16966.22,16966.22,TWSE FMTQIK
2021-06-10,17159.22,17159.22,17159.22,17159.22,TWSE FMTQIK
2021-06-11,17213.52,17213.52,17213.52,17213.52,TWSE FMTQIK
2021-06-15,17371.29,17371.29,17371.29,17371.29,TWSE FMTQIK
2021-06-16,17307.86,17307.86,17307.86,17307.86,TWSE FMTQIK
2021-06-17,17390.61,17390.61,17390.61,17390.61,TWSE FMTQIK
2021-06-18,17318.54,17318.54,17318.54,17318.54,TWSE FMTQIK
2021-06-21,17062.98,17062.98,17062.98,17062.98,TWSE FMTQIK
2021-06-22,17075.55,17075.55,17075.55,17075.55,TWSE FMTQIK
2021-06-23,17336.71,17336.71,17336.71,17336.71,TWSE FMTQIK
2021-06-24,17407.96,17407.96,17407.96,17407.96,TWSE FMTQIK
2021-06-25,17502.99,17502.99,17502.99,17502.99,TWSE FMTQIK
2021-06-28,17590.97,17590.97,17590.97,17590.97,TWSE FMTQIK
2021-06-29,17598.19,17598.19,17598.19,17598.19,TWSE FMTQIK
2021-06-30,17755.46,17755.46,17755.46,17755.46,TWSE FMTQIK
2021-07-01,17713.94,17713.94,17713.94,17713.94,TWSE FMTQIK
2021-07-02,17710.15,17710.15,17710.15,17710.15,TWSE FMTQIK
2021-07-05,17919.33,17919.33,17919.33,17919.33,TWSE FMTQIK
2021-07-06,17913.07,17913.07,17913.07,17913.07,TWSE FMTQIK
2021-07-07,17850.69,17850.69,17850.69,17850.69,TWSE FMTQIK
2021-07-08,17866.09,17866.09,17866.09,17866.09,TWSE FMTQIK
2021-07-09,17661.48,17661.48,17661.48,17661.48,TWSE FMTQIK
2021-07-12,17814.33,17814.33,17814.33,17814.33,TWSE FMTQIK
2021-07-13,17847.52,17847.52,17847.52,17847.52,TWSE FMTQIK
2021-07-14,17845.75,17845.75,17845.75,17845.75,TWSE FMTQIK
2021-07-15,18034.19,18034.19,18034.19,18034.19,TWSE FMTQIK
2021-07-16,17895.25,17895.25,17895.25,17895.25,TWSE FMTQIK
2021-07-19,17789.25,17789.25,17789.25,17789.25,TWSE FMTQIK
2021-07-20,17528.74,17528.74,17528.74,17528.74,TWSE FMTQIK
2021-07-21,17458.79,17458.79,17458.79,17458.79,TWSE FMTQIK
2021-07-22,17572.33,17572.33,17572.33,17572.33,TWSE FMTQIK
2021-07-23,17572.92,17572.92,17572.92,17572.92,TWSE FMTQIK
2021-07-26,17403.56,17403.56,17403.56,17403.56,TWSE FMTQIK
2021-07-27,17269.87,17269.87,17269.87,17269.87,TWSE FMTQIK
2021-07-28,17135.22,17135.22,17135.22,17135.22,TWSE FMTQIK
2021-07-29,17402.81,17402.81,17402.81,17402.81,TWSE FMTQIK
2021-07-30,17247.41,17247.41,17247.41,17247.41,TWSE FMTQIK
2021-08-02,17503.28,17503.28,17503.28,17503.28,TWSE FMTQIK
2021-08-03,17553.76,17553.76,17553.76,17553.76,TWSE FMTQIK
2021-08-04,17623.89,17623.89,17623.89,17623.89,TWSE FMTQIK
2021-08-05,17603.12,17603.12,17603.12,17603.12,TWSE FMTQIK
2021-08-06,17526.28,17526.28,17526.28,17526.28,TWSE FMTQIK
2021-08-09,17485.15,17485.15,17485.15,17485.15,TWSE FMTQIK
2021-08-10,17323.64,17323.64,17323.64,17323.64,TWSE FMTQIK
2021-08-11,17227.18,17227.18,17227.18,17227.18,TWSE FMTQIK
2021-08-12,17219.94,17219.94,17219.94,17219.94,TWSE FMTQIK
2021-08-13,16982.11,16982.11,16982.11,16982.11,TWSE FMTQIK
2021-08-16,16858.77,16858.77,16858.77,16858.77,TWSE FMTQIK
2021-08-17,16661.36,16661.36,16661.36,16661.36,TWSE FMTQIK
2021-08-18,16826.27,16826.27,16826.27,16826.27,TWSE FMTQIK
2021-08-19,16375.4,16375.4,16375.4,16375.4,TWSE FMTQIK
2021-08-20,16341.94,16341.94,16341.94,16341.94,TWSE FMTQIK
2021-08-23,16741.84,16741.84,16741.84,16741.84,TWSE FMTQIK
2021-08-24,16818.73,16818.73,16818.73,16818.73,TWSE FMTQIK
2021-08-25,17045.86,17045.86,17045.86,17045.86,TWSE FMTQIK
2021-08-26,17066.96,17066.96,17066.96,17066.96,TWSE FMTQIK
2021-08-27,17209.93,17209.93,17209.93,17209.93,TWSE FMTQIK
2021-08-30,17396.52,17396.52,17396.52,17396.52,TWSE FMTQIK
2021-08-31,17490.29,17490.29,17490.29,17490.29,TWSE FMTQIK
2021-09-01,17473.99,17473.99,17473.99,17473.99,TWSE FMTQIK
2021-09-02,17319.76,17319.76,17319.76,17319.76,TWSE FMTQIK
2021-09-03,17516.92,17516.92,17516.92,17516.92,TWSE FMTQIK
2021-09-06,17495.3,17495.3,17495.3,17495.3,TWSE FMTQIK
2021-09-07,17428.87,17428.87,17428.87,17428.87,TWSE FMTQIK
2021-09-08,17270.49,17270.49,17270.49,17270.49,TWSE FMTQIK
2021-09-09,17304.33,17304.33,17304.33,17304.33,TWSE FMTQIK
2021-09-10,17474.57,17474.57,17474.57,17474.57,TWSE FMTQIK
2021-09-13,17446.31,17446.31,17446.31,17446.31,TWSE FMTQIK
2021-09-14,17434.9,17434.9,17434.9,17434.9,TWSE FMTQIK
2021-09-15,17354.0,17354.0,17354.0,17354.0,TWSE FMTQIK
2021-09-16,17278.7,17278.7,17278.7,17278.7,TWSE FMTQIK
2021-09-17,17276.79,17276.79,17276.79,17276.79,TWSE FMTQIK
2021-09-22,16925.82,16925.82,16925.82,16925.82,TWSE FMTQIK
2021-09-23,17078.22,17078.22,17078.22,17078.22,TWSE FMTQIK
2021-09-24,17260.19,17260.19,17260.19,17260.19,TWSE FMTQIK
2021-09-27,17313.77,17313.77,17313.77,17313.77,TWSE FMTQIK
2021-09-28,17181.44,17181.44,17181.44,17181.44,TWSE FMTQIK
2021-09-29,16855.46,16855.46,16855.46,16855.46,TWSE FMTQIK
2021-09-30,16934.77,16934.77,16934.77,16934.77,TWSE FMTQIK
2021-10-01,16570.89,16570.89,16570.89,16570.89,TWSE FMTQIK
2021-10-04,16408.35,16408.35,16408.35,16408.35,TWSE FMTQIK
2021-10-05,16460.75,16460.75,16460.75,16460.75,TWSE FMTQIK
2021-10-06,16393.16,16393.16,16393.16,16393.16,TWSE FMTQIK
2021-10-07,16713.86,16713.86,16713.86,16713.86,TWSE FMTQIK
2021-10-08,16640.43,16640.43,16640.43,16640.43,TWSE FMTQIK
2021-10-12,16462.84,16462.84,16462.84,16462.84,TWSE FMTQIK
2021-10-13,16347.99,16347.99,16347.99,16347.99,TWSE FMTQIK
2021-10-14,16387.28,16387.28,16387.28,16387.28,TWSE FMTQIK
2021-10-15,16781.19,16781.19,16781.19,16781.19,TWSE FMTQIK
2021-10-18,16705.46,16705.46,16705.46,16705.46,TWSE FMTQIK
2021-10-19,16900.67,16900.67,16900.67,16900.67,TWSE FMTQIK
2021-10-20,16887.82,16887.82,16887.82,16887.82,TWSE FMTQIK
2021-10-21,16889.51,16889.51,16889.51,16889.51,TWSE FMTQIK
2021-10-22,16888.74,16888.74,16888.74,16888.74,TWSE FMTQIK
2021-10-25,16894.24,16894.24,16894.24,16894.24,TWSE FMTQIK
2021-10-26,17034.34,17034.34,17034.34,17034.34,TWSE FMTQIK
2021-10-27,17074.55,17074.55,17074.55,17074.55,TWSE FMTQIK
2021-10-28,17041.63,17041.63,17041.63,17041.63,TWSE FMTQIK
2021-10-29,16987.41,16987.41,16987.41,16987.41,TWSE FMTQIK
2021-11-01,17068.24,17068.24,17068.24,17068.24,TWSE FMTQIK
2021-11-02,17065.97,17065.97,17065.97,17065.97,TWSE FMTQIK
2021-11-03,17122.16,17122.16,17122.16,17122.16,TWSE FMTQIK
2021-11-04,17078.86,17078.86,17078.86,17078.86,TWSE FMTQIK
2021-11-05,17296.9,17296.9,17296.9,17296.9,TWSE FMTQIK
2021-11-08,17415.3,17415.3,17415.3,17415.3,TWSE FMTQIK
2021-11-09,17541.36,17541.36,17541.36,17541.36,TWSE FMTQIK
2021-11-10,17559.65,17559.65,17559.65,17559.65,TWSE FMTQIK
2021-11-11,17452.52,17452.52,17452.52,17452.52,TWSE FMTQIK
2021-11-12,17518.13,17518.13,17518.13,17518.13,TWSE FMTQIK
2021-11-15,17634.47,17634.47,17634.47,17634.47,TWSE FMTQIK
2021-11-16,17693.13,17693.13,17693.13,17693.13,TWSE FMTQIK
2021-11-17,17764.04,17764.04,17764.04,17764.04,TWSE FMTQIK
2021-11-18,17841.37,17841.37,17841.37,17841.37,TWSE FMTQIK
2021-11-19,17818.31,17818.31,17818.31,17818.31,TWSE FMTQIK
2021-11-22,17803.54,17803.54,17803.54,17803.54,TWSE FMTQIK
2021-11-23,17666.12,17666.12,17666.12,17666.12,TWSE FMTQIK
2021-11-24,17642.52,17642.52,17642.52,17642.52,TWSE FMTQIK
2021-11-25,17654.19,17654.19,17654.19,17654.19,TWSE FMTQIK
2021-11-26,17369.39,17369.39,17369.39,17369.39,TWSE FMTQIK
2021-11-29,17328.09,17328.09,17328.09,17328.09,TWSE FMTQIK
2021-11-30,17427.76,17427.76,17427.76,17427.76,TWSE FMTQIK
2021-12-01,17585.99,17585.99,17585.99,17585.99,TWSE FMTQIK
2021-12-02,17724.88,17724.88,17724.88,17724.88,TWSE FMTQIK
2021-12-03,17697.14,17697.14,17697.14,17697.14,TWSE FMTQIK
2021-12-06,17688.21,17688.21,17688.21,17688.21,TWSE FMTQIK
2021-12-07,17796.92,17796.92,17796.92,17796.92,TWSE FMTQIK
2021-12-08,17832.42,17832.42,17832.42,17832.42,TWSE FMTQIK
2021-12-09,17914.12,17914.12,17914.12,17914.12,TWSE FMTQIK
2021-12-10,17826.26,17826.26,17826.26,17826.26,TWSE FMTQIK
2021-12-13,17767.6,17767.6,17767.6,17767.6,TWSE FMTQIK
2021-12-14,17599.37,17599.37,17599.37,17599.37,TWSE FMTQIK
2021-12-15,17660.1,17660.1,17660.1,17660.1,TWSE FMTQIK
2021-12-16,17785.74,17785.74,17785.74,17785.74,TWSE FMTQIK
2021-12-17,17812.59,17812.59,17812.59,17812.59,TWSE FMTQIK
2021-12-20,17669.11,17669.11,17669.11,17669.11,TWSE FMTQIK
2021-12-21,17789.27,17789.27,17789.27,17789.27,TWSE FMTQIK
2021-12-22,17826.83,17826.83,17826.83,17826.83,TWSE FMTQIK
2021-12-23,17946.66,17946.66,17946.66,17946.66,TWSE FMTQIK
2021-12-24,17961.64,17961.64,17961.64,17961.64,TWSE FMTQIK
2021-12-27,18048.94,18048.94,18048.94,18048.94,TWSE FMTQIK
2021-12-28,18196.81,18196.81,18196.81,18196.81,TWSE FMTQIK
2021-12-29,18248.28,18248.28,18248.28,18248.28,TWSE FMTQIK
2021-12-30,18218.84,18218.84,18218.84,18218.84,TWSE FMTQIK
2022-01-03,18270.51,18270.51,18270.51,18270.51,TWSE FMTQIK
2022-01-04,18526.35,18526.35,18526.35,18526.35,TWSE FMTQIK
2022-01-05,18499.96,18499.96,18499.96,18499.96,TWSE FMTQIK
2022-01-06,18367.92,18367.92,18367.92,18367.92,TWSE FMTQIK
2022-01-07,18169.76,18169.76,18169.76,18169.76,TWSE FMTQIK
2022-01-10,18239.38,18239.38,18239.38,18239.38,TWSE FMTQIK
2022-01-11,18288.21,18288.21,18288.21,18288.21,TWSE FMTQIK
2022-01-12,18375.4,18375.4,18375.4,18375.4,TWSE FMTQIK
2022-01-13,18436.93,18436.93,18436.93,18436.93,TWSE FMTQIK
2022-01-14,18403.33,18403.33,18403.33,18403.33,TWSE FMTQIK
2022-01-17,18525.44,18525.44,18525.44,18525.44,TWSE FMTQIK
2022-01-18,18378.64,18378.64,18378.64,18378.64,TWSE FMTQIK
2022-01-19,18227.46,18227.46,18227.46,18227.46,TWSE FMTQIK
2022-01-20,18218.28,18218.28,18218.28,18218.28,TWSE FMTQIK
2022-01-21,17899.3,17899.3,17899.3,17899.3,TWSE FMTQIK
2022-01-24,17989.04,17989.04,17989.04,17989.04,TWSE FMTQIK
2022-01-25,17701.12,17701.12,17701.12,17701.12,TWSE FMTQIK
2022-01-26,17674.4,17674.4,17674.4,17674.4,TWSE FMTQIK
2022-02-07,17900.3,17900.3,17900.3,17900.3,TWSE FMTQIK
2022-02-08,17966.56,17966.56,17966.56,17966.56,TWSE FMTQIK
2022-02-09,18151.76,18151.76,18151.76,18151.76,TWSE FMTQIK
2022-02-10,18338.05,18338.05,18338.05,18338.05,TWSE FMTQIK
2022-02-11,18310.94,18310.94,18310.94,18310.94,TWSE FMTQIK
2022-02-14,17997.67,17997.67,17997.67,17997.67,TWSE FMTQIK
2022-02-15,17951.81,17951.81,17951.81,17951.81,TWSE FMTQIK
2022-02-16,18231.47,18231.47,18231.47,18231.47,TWSE FMTQIK
2022-02-17,18268.57,18268.57,18268.57,18268.57,TWSE FMTQIK
2022-02-18,18232.35,18232.35,18232.35,18232.35,TWSE FMTQIK
2022-02-21,18221.49,18221.49,18221.49,18221.49,TWSE FMTQIK
2022-02-22,17969.29,17969.29,17969.29,17969.29,TWSE FMTQIK
2022-02-23,18055.73,18055.73,18055.73,18055.73,TWSE FMTQIK
2022-02-24,17594.55,17594.55,17594.55,17594.55,TWSE FMTQIK
2022-02-25,17652.18,17652.18,17652.18,17652.18,TWSE FMTQIK
2022-03-01,17898.25,17898.25,17898.25,17898.25,TWSE FMTQIK
2022-03-02,17867.6,17867.6,17867.6,17867.6,TWSE FMTQIK
2022-03-03,17934.4,17934.4,17934.4,17934.4,TWSE FMTQIK
2022-03-04,17736.52,17736.52,17736.52,17736.52,TWSE FMTQIK
2022-03-07,17178.69,17178.69,17178.69,17178.69,TWSE FMTQIK
2022-03-08,16825.25,16825.25,16825.25,16825.25,TWSE FMTQIK
2022-03-09,17015.36,17015.36,17015.36,17015.36,TWSE FMTQIK
2022-03-10,17433.2,17433.2,17433.2,17433.2,TWSE FMTQIK
2022-03-11,17264.74,17264.74,17264.74,17264.74,TWSE FMTQIK
2022-03-14,17263.04,17263.04,17263.04,17263.04,TWSE FMTQIK
2022-03-15,16926.06,16926.06,16926.06,16926.06,TWSE FMTQIK
2022-03-16,16940.83,16940.83,16940.83,16940.83,TWSE FMTQIK
2022-03-17,17448.22,17448.22,17448.22,17448.22,TWSE FMTQIK
2022-03-18,17456.52,17456.52,17456.52,17456.52,TWSE FMTQIK
2022-03-21,17560.36,17560.36,17560.36,17560.36,TWSE FMTQIK
2022-03-22,17559.71,17559.71,17559.71,17559.71,TWSE FMTQIK
2022-03-23,17731.37,17731.37,17731.37,17731.37,TWSE FMTQIK
2022-03-24,17699.06,17699.06,17699.06,17699.06,TWSE FMTQIK
2022-03-25,17676.95,17676.95,17676.95,17676.95,TWSE FMTQIK
2022-03-28,17520.01,17520.01,17520.01,17520.01,TWSE FMTQIK
2022-03-29,17548.66,17548.66,17548.66,17548.66,TWSE FMTQIK
2022-03-30,17740.56,17740.56,17740.56,17740.56,TWSE FMTQIK
2022-03-31,17693.47,17693.47,17693.47,17693.47,TWSE FMTQIK
2022-04-01,17625.59,17625.59,17625.59,17625.59,TWSE FMTQIK
2022-04-06,17522.5,17522.5,17522.5,17522.5,TWSE FMTQIK
2022-04-07,17178.63,17178.63,17178.63,17178.63,TWSE FMTQIK
2022-04-08,17284.54,17284.54,17284.54,17284.54,TWSE FMTQIK
2022-04-11,17048.37,17048.37,17048.37,17048.37,TWSE FMTQIK
2022-04-12,16990.91,16990.91,16990.91,16990.91,TWSE FMTQIK
2022-04-13,17301.65,17301.65,17301.65,17301.65,TWSE FMTQIK
2022-04-14,17245.65,17245.65,17245.65,17245.65,TWSE FMTQIK
2022-04-15,17004.18,17004.18,17004.18,17004.18,TWSE FMTQIK
2022-04-18,16898.87,16898.87,16898.87,16898.87,TWSE FMTQIK
2022-04-19,16993.4,16993.4,16993.4,16993.4,TWSE FMTQIK
2022-04-20,17148.88,17148.88,17148.88,17148.88,TWSE FMTQIK
2022-04-21,17127.95,17127.95,17127.95,17127.95,TWSE FMTQIK
2022-04-22,17025.09,17025.09,17025.09,17025.09,TWSE FMTQIK
2022-04-25,16620.9,16620.9,16620.9,16620.9,TWSE FMTQIK
2022-04-26,16644.79,16644.79,16644.79,16644.79,TWSE FMTQIK
2022-04-27,16303.35,16303.35,16303.35,16303.35,TWSE FMTQIK
2022-04-28,16419.38,16419.38,16419.38,16419.38,TWSE FMTQIK
2022-04-29,16592.18,16592.18,16592.18,16592.18,TWSE FMTQIK
2022-05-03,16498.9,16498.9,16498.9,16498.9,TWSE FMTQIK
2022-05-04,16565.83,16565.83,16565.83,16565.83,TWSE FMTQIK
2022-05-05,16696.12,16696.12,16696.12,16696.12,TWSE FMTQIK
2022-05-06,16408.2,16408.2,16408.2,16408.2,TWSE FMTQIK
2022-05-09,16048.92,16048.92,16048.92,16048.92,TWSE FMTQIK
2022-05-10,16061.7,16061.7,16061.7,16061.7,TWSE FMTQIK
2022-05-11,16006.25,16006.25,16006.25,16006.25,TWSE FMTQIK
2022-05-12,15616.68,15616.68,15616.68,15616.68,TWSE FMTQIK
2022-05-13,15832.54,15832.54,15832.54,15832.54,TWSE FMTQIK
2022-05-16,15901.04,15901.04,15901.04,15901.04,TWSE FMTQIK
2022-05-17,16056.09,16056.09,16056.09,16056.09,TWSE FMTQIK
2022-05-18,16296.86,16296.86,16296.86,16296.86,TWSE FMTQIK
2022-05-19,16020.32,16020.32,16020.32,16020.32,TWSE FMTQIK
2022-05-20,16144.85,16144.85,16144.85,16144.85,TWSE FMTQIK
2022-05-23,16156.41,16156.41,16156.41,16156.41,TWSE FMTQIK
2022-05-24,15963.63,15963.63,15963.63,15963.63,TWSE FMTQIK
2022-05-25,16104.03,16104.03,16104.03,16104.03,TWSE FMTQIK
2022-05-26,15968.83,15968.83,15968.83,15968.83,TWSE FMTQIK
2022-05-27,16266.22,16266.22,16266.22,16266.22,TWSE FMTQIK
2022-05-30,16610.62,16610.62,16610.62,16610.62,TWSE FMTQIK
2022-05-31,16807.77,16807.77,16807.77,16807.77,TWSE FMTQIK
2022-06-01,16675.09,16675.09,16675.09,16675.09,TWSE FMTQIK
2022-06-02,16552.57,16552.57,16552.57,16552.57,TWSE FMTQIK
2022-06-06,16605.96,16605.96,16605.96,16605.96,TWSE FMTQIK
2022-06-07,16512.88,16512.88,16512.88,16512.88,TWSE FMTQIK
2022-06-08,16670.51,16670.51,16670.51,16670.51,TWSE FMTQIK
2022-06-09,16621.34,16621.34,16621.34,16621.34,TWSE FMTQIK
2022-06-10,16460.12,16460.12,16460.12,16460.12,TWSE FMTQIK
2022-06-13,16070.98,16070.98,16070.98,16070.98,TWSE FMTQIK
2022-06-14,16047.37,16047.37,16047.37,16047.37,TWSE FMTQIK
2022-06-15,15999.25,15999.25,15999.25,15999.25,TWSE FMTQIK
2022-06-16,15838.61,15838.61,15838.61,15838.61,TWSE FMTQIK
2022-06-17,15641.26,15641.26,15641.26,15641.26,TWSE FMTQIK
2022-06-20,15367.58,15367.58,15367.58,15367.58,TWSE FMTQIK
2022-06-21,15728.64,15728.64,15728.64,15728.64,TWSE FMTQIK
2022-06-22,15347.75,15347.75,15347.75,15347.75,TWSE FMTQIK
2022-06-23,15176.44,15176.44,15176.44,15176.44,TWSE FMTQIK
2022-06-24,15303.32,15303.32,15303.32,15303.32,TWSE FMTQIK
2022-06-27,15548.01,15548.01,15548.01,15548.01,TWSE FMTQIK
2022-06-28,15439.92,15439.92,15439.92,15439.92,TWSE FMTQIK
2022-06-29,15240.13,15240.13,15240.13,15240.13,TWSE FMTQIK
2022-06-30,14825.73,14825.73,14825.73,14825.73,TWSE FMTQIK
2022-07-01,14343.08,14343.08,14343.08,14343.08,TWSE FMTQIK
2022-07-04,14217.06,14217.06,14217.06,14217.06,TWSE FMTQIK
2022-07-05,14349.2,14349.2,14349.2,14349.2,TWSE FMTQIK
2022-07-06,13985.51,13985.51,13985.51,13985.51,TWSE FMTQIK
2022-07-07,14336.27,14336.27,14336.27,14336.27,TWSE FMTQIK
2022-07-08,14464.53,14464.53,14464.53,14464.53,TWSE FMTQIK
2022-07-11,14340.53,14340.53,14340.53,14340.53,TWSE FMTQIK
2022-07-12,13950.62,13950.62,13950.62,13950.62,TWSE FMTQIK
2022-07-13,14324.68,14324.68,14324.68,14324.68,TWSE FMTQIK
2022-07-14,14438.52,14438.52,14438.52,14438.52,TWSE FMTQIK
2022-07-15,14550.62,14550.62,14550.62,14550.62,TWSE FMTQIK
2022-07-18,14719.64,14719.64,14719.64,14719.64,TWSE FMTQIK
2022-07-19,14694.08,14694.08,14694.08,14694.08,TWSE FMTQIK
2022-07-20,14733.22,14733.22,14733.22,14733.22,TWSE FMTQIK
2022-07-21,14937.7,14937.7,14937.7,14937.7,TWSE FMTQIK
2022-07-22,14949.36,14949.36,14949.36,14949.36,TWSE FMTQIK
2022-07-25,14936.33,14936.33,14936.33,14936.33,TWSE FMTQIK
2022-07-26,14806.78,14806.78,14806.78,14806.78,TWSE FMTQIK
2022-07-27,14921.59,14921.59,14921.59,14921.59,TWSE FMTQIK
2022-07-28,14891.9,14891.9,14891.9,14891.9,TWSE FMTQIK
2022-07-29,15000.07,15000.07,15000.07,15000.07,TWSE FMTQIK
2022-08-01,14981.69,14981.69,14981.69,14981.69,TWSE FMTQIK
2022-08-02,14747.23,14747.23,14747.23,14747.23,TWSE FMTQIK
2022-08-03,14777.02,14777.02,14777.02,14777.02,TWSE FMTQIK
2022-08-04,14702.2,14702.2,14702.2,14702.2,TWSE FMTQIK
2022-08-05,15036.04,15036.04,15036.04,15036.04,TWSE FMTQIK
2022-08-08,15020.41,15020.41,15020.41,15020.41,TWSE FMTQIK
2022-08-09,15050.28,15050.28,15050.28,15050.28,TWSE FMTQIK
2022-08-10,14939.02,14939.02,14939.02,14939.02,TWSE FMTQIK
2022-08-11,15197.85,15197.85,15197.85,15197.85,TWSE FMTQIK
2022-08-12,15288.97,15288.97,15288.97,15288.97,TWSE FMTQIK
2022-08-15,15417.35,15417.35,15417.35,15417.35,TWSE FMTQIK
2022-08-16,15420.57,15420.57,15420.57,15420.57,TWSE FMTQIK
2022-08-17,15465.45,15465.45,15465.45,15465.45,TWSE FMTQIK
2022-08-18,15396.76,15396.76,15396.76,15396.76,TWSE FMTQIK
2022-08-19,15408.78,15408.78,15408.78,15408.78,TWSE FMTQIK
2022-08-22,15245.14,15245.14,15245.14,15245.14,TWSE FMTQIK
2022-08-23,15095.89,15095.89,15095.89,15095.89,TWSE FMTQIK
2022-08-24,15069.19,15069.19,15069.19,15069.19,TWSE FMTQIK
2022-08-25,15200.04,15200.04,15200.04,15200.04,TWSE FMTQIK
2022-08-26,15278.44,15278.44,15278.44,15278.44,TWSE FMTQIK
2022-08-29,14926.19,14926.19,14926.19,14926.19,TWSE FMTQIK
2022-08-30,14953.63,14953.63,14953.63,14953.63,TWSE FMTQIK
2022-08-31,15095.44,15095.44,15095.44,15095.44,TWSE FMTQIK
2022-09-01,14801.86,14801.86,14801.86,14801.86,TWSE FMTQIK
2022-09-02,14673.04,14673.04,14673.04,14673.04,TWSE FMTQIK
2022-09-05,14661.1,14661.1,14661.1,14661.1,TWSE FMTQIK
2022-09-06,14677.2,14677.2,14677.2,14677.2,TWSE FMTQIK
2022-09-07,14410.05,14410.05,14410.05,14410.05,TWSE FMTQIK
2022-09-08,14583.42,14583.42,14583.42,14583.42,TWSE FMTQIK
2022-09-12,14807.43,14807.43,14807.43,14807.43,TWSE FMTQIK
2022-09-13,14894.41,14894.41,14894.41,14894.41,TWSE FMTQIK
2022-09-14,14658.31,14658.31,14658.31,14658.31,TWSE FMTQIK
2022-09-15,14670.04,14670.04,14670.04,14670.04,TWSE FMTQIK
2022-09-16,14561.76,14561.76,14561.76,14561.76,TWSE FMTQIK
2022-09-19,14425.68,14425.68,14425.68,14425.68,TWSE FMTQIK
2022-09-20,14549.3,14549.3,14549.3,14549.3,TWSE FMTQIK
2022-09-21,14424.52,14424.52,14424.52,14424.52,TWSE FMTQIK
2022-09-22,14284.63,14284.63,14284.63,14284.63,TWSE FMTQIK
2022-09-23,14118.38,14118.38,14118.38,14118.38,TWSE FMTQIK
2022-09-26,13778.19,13778.19,13778.19,13778.19,TWSE FMTQIK
2022-09-27,13826.59,13826.59,13826.59,13826.59,TWSE FMTQIK
2022-09-28,13466.07,13466.07,13466.07,13466.07,TWSE FMTQIK
2022-09-29,13534.26,13534.26,13534.26,13534.26,TWSE FMTQIK
2022-09-30,13424.58,13424.58,13424.58,13424.58,TWSE FMTQIK
2022-10-03,13300.48,13300.48,13300.48,13300.48,TWSE FMTQIK
2022-10-04,13576.52,13576.52,13576.52,13576.52,TWSE FMTQIK
2022-10-05,13801.43,13801.43,13801.43,13801.43,TWSE FMTQIK
2022-10-06,13892.05,13892.05,13892.05,13892.05,TWSE FMTQIK
2022-10-07,13702.28,13702.28,13702.28,13702.28,TWSE FMTQIK
2022-10-11,13106.03,13106.03,13106.03,13106.03,TWSE FMTQIK
2022-10-12,13081.24,13081.24,13081.24,13081.24,TWSE FMTQIK
2022-10-13,12810.73,12810.73,12810.73,12810.73,TWSE FMTQIK
2022-10-14,13128.12,13128.12,13128.12,13128.12,TWSE FMTQIK
2022-10-17,12966.05,12966.05,12966.05,12966.05,TWSE FMTQIK
2022-10-18,13124.68,13124.68,13124.68,13124.68,TWSE FMTQIK
2022-10-19,12976.76,12976.76,12976.76,12976.76,TWSE FMTQIK
2022-10-20,12946.1,12946.1,12946.1,12946.1,TWSE FMTQIK
2022-10-21,12819.2,12819.2,12819.2,12819.2,TWSE FMTQIK
2022-10-24,12856.98,12856.98,12856.98,12856.98,TWSE FMTQIK
2022-10-25,12666.12,12666.12,12666.12,12666.12,TWSE FMTQIK
2022-10-26,12729.05,12729.05,12729.05,12729.05,TWSE FMTQIK
2022-10-27,12926.37,12926.37,12926.37,12926.37,TWSE FMTQIK
2022-10-28,12788.42,12788.42,12788.42,12788.42,TWSE FMTQIK
2022-10-31,12949.75,12949.75,12949.75,12949.75,TWSE FMTQIK
2022-11-01,13037.21,13037.21,13037.21,13037.21,TWSE FMTQIK
2022-11-02,13100.17,13100.17,13100.17,13100.17,TWSE FMTQIK
2022-11-03,12986.6,12986.6,12986.6,12986.6,TWSE FMTQIK
2022-11-04,13026.71,13026.71,13026.71,13026.71,TWSE FMTQIK
2022-11-07,13223.73,13223.73,13223.73,13223.73,TWSE FMTQIK
2022-11-08,13347.76,13347.76,13347.76,13347.76,TWSE FMTQIK
2022-11-09,13638.81,13638.81,13638.81,13638.81,TWSE FMTQIK
2022-11-10,13503.76,13503.76,13503.76,13503.76,TWSE FMTQIK
2022-11-11,14007.56,14007.56,14007.56,14007.56,TWSE FMTQIK
2022-11-14,14174.9,14174.9,14174.9,14174.9,TWSE FMTQIK
2022-11-15,14546.31,14546.31,14546.31,14546.31,TWSE FMTQIK
2022-11-16,14537.35,14537.35,14537.35,14537.35,TWSE FMTQIK
2022-11-17,14535.23,14535.23,14535.23,14535.23,TWSE FMTQIK
2022-11-18,14504.99,14504.99,14504.99,14504.99,TWSE FMTQIK
2022-11-21,14449.39,14449.39,14449.39,14449.39,TWSE FMTQIK
2022-11-22,14542.2,14542.2,14542.2,14542.2,TWSE FMTQIK
2022-11-23,14608.54,14608.54,14608.54,14608.54,TWSE FMTQIK
2022-11-24,14784.0,14784.0,14784.0,14784.0,TWSE FMTQIK
2022-11-25,14778.51,14778.51,14778.51,14778.51,TWSE FMTQIK
2022-11-28,14556.87,14556.87,14556.87,14556.87,TWSE FMTQIK
2022-11-29,14709.64,14709.64,14709.64,14709.64,TWSE FMTQIK
2022-11-30,14879.55,14879.55,14879.55,14879.55,TWSE FMTQIK
2022-12-01,15012.8,15012.8,15012.8,15012.8,TWSE FMTQIK
2022-12-02,14970.68,14970.68,14970.68,14970.68,TWSE FMTQIK
2022-12-05,14980.74,14980.74,14980.74,14980.74,TWSE FMTQIK
2022-12-06,14728.88,14728.88,14728.88,14728.88,TWSE FMTQIK
2022-12-07,14630.01,14630.01,14630.01,14630.01,TWSE FMTQIK
2022-12-08,14553.04,14553.04,14553.04,14553.04,TWSE FMTQIK
2022-12-09,14705.43,14705.43,14705.43,14705.43,TWSE FMTQIK
2022-12-12,14612.59,14612.59,14612.59,14612.59,TWSE FMTQIK
2022-12-13,14522.96,14522.96,14522.96,14522.96,TWSE FMTQIK
2022-12-14,14739.36,14739.36,14739.36,14739.36,TWSE FMTQIK
2022-12-15,14734.13,14734.13,14734.13,14734.13,TWSE FMTQIK
2022-12-16,14528.55,14528.55,14528.55,14528.55,TWSE FMTQIK
2022-12-19,14433.32,14433.32,14433.32,14433.32,TWSE FMTQIK
2022-12-20,14170.03,14170.03,14170.03,14170.03,TWSE FMTQIK
2022-12-21,14234.4,14234.4,14234.4,14234.4,TWSE FMTQIK
2022-12-22,14442.94,14442.94,14442.94,14442.94,TWSE FMTQIK
2022-12-23,14271.63,14271.63,14271.63,14271.63,TWSE FMTQIK
2022-12-26,14285.13,14285.13,14285.13,14285.13,TWSE FMTQIK
2022-12-27,14328.43,14328.43,14328.43,14328.43,TWSE FMTQIK
2022-12-28,14173.1,14173.1,14173.1,14173.1,TWSE FMTQIK
2022-12-29,14085.02,14085.02,14085.02,14085.02,TWSE FMTQIK
2022-12-30,14137.69,14137.69,14137.69,14137.69,TWSE FMTQIK
2023-01-03,14224.12,14224.12,14224.12,14224.12,TWSE FMTQIK
2023-01-04,14199.13,14199.13,14199.13,14199.13,TWSE FMTQIK
2023-01-05,14301.05,14301.05,14301.05,14301.05,TWSE FMTQIK
2023-01-06,14373.34,14373.34,14373.34,14373.34,TWSE FMTQIK
2023-01-09,14752.21,14752.21,14752.21,14752.21,TWSE FMTQIK
2023-01-10,14802.96,14802.96,14802.96,14802.96,TWSE FMTQIK
2023-01-11,14751.44,14751.44,14751.44,14751.44,TWSE FMTQIK
2023-01-12,14731.64,14731.64,14731.64,14731.64,TWSE FMTQIK
2023-01-13,14824.13,14824.13,14824.13,14824.13,TWSE FMTQIK
2023-01-16,14927.01,14927.01,14927.01,14927.01,TWSE FMTQIK
2023-01-17,14932.93,14932.93,14932.93,14932.93,TWSE FMTQIK
2023-01-30,15493.82,15493.82,15493.82,15493.82,TWSE FMTQIK
2023-01-31,15265.2,15265.2,15265.2,15265.2,TWSE FMTQIK
2023-02-01,15420.13,15420.13,15420.13,15420.13,TWSE FMTQIK
2023-02-02,15595.16,15595.16,15595.16,15595.16,TWSE FMTQIK
2023-02-03,15602.66,15602.66,15602.66,15602.66,TWSE FMTQIK
2023-02-06,15392.82,15392.82,15392.82,15392.82,TWSE FMTQIK
2023-02-07,15400.91,15400.91,15400.91,15400.91,TWSE FMTQIK
2023-02-08,15618.17,15618.17,15618.17,15618.17,TWSE FMTQIK
2023-02-09,15598.71,15598.71,15598.71,15598.71,TWSE FMTQIK
2023-02-10,15586.65,15586.65,15586.65,15586.65,TWSE FMTQIK
2023-02-13,15544.28,15544.28,15544.28,15544.28,TWSE FMTQIK
2023-02-14,15654.48,15654.48,15654.48,15654.48,TWSE FMTQIK
2023-02-15,15432.89,15432.89,15432.89,15432.89,TWSE FMTQIK
2023-02-16,15550.5,15550.5,15550.5,15550.5,TWSE FMTQIK
2023-02-17,15479.7,15479.7,15479.7,15479.7,TWSE FMTQIK
2023-02-20,15551.23,15551.23,15551.23,15551.23,TWSE FMTQIK
2023-02-21,15563.0,15563.0,15563.0,15563.0,TWSE FMTQIK
2023-02-22,15418.77,15418.77,15418.77,15418.77,TWSE FMTQIK
2023-02-23,15615.41,15615.41,15615.41,15615.41,TWSE FMTQIK
2023-02-24,15503.79,15503.79,15503.79,15503.79,TWSE FMTQIK
2023-03-01,15598.49,15598.49,15598.49,15598.49,TWSE FMTQIK
2023-03-02,15598.72,15598.72,15598.72,15598.72,TWSE FMTQIK
2023-03-03,15608.42,15608.42,15608.42,15608.42,TWSE FMTQIK
2023-03-06,15763.51,15763.51,15763.51,15763.51,TWSE FMTQIK
2023-03-07,15857.89,15857.89,15857.89,15857.89,TWSE FMTQIK
2023-03-08,15818.2,15818.2,15818.2,15818.2,TWSE FMTQIK
2023-03-09,15770.66,15770.66,15770.66,15770.66,TWSE FMTQIK
2023-03-10,15526.2,15526.2,15526.2,15526.2,TWSE FMTQIK
2023-03-13,15560.49,15560.49,15560.49,15560.49,TWSE FMTQIK
2023-03-14,15360.42,15360.42,15360.42,15360.42,TWSE FMTQIK
2023-03-15,15387.59,15387.59,15387.59,15387.59,TWSE FMTQIK
2023-03-16,15221.12,15221.12,15221.12,15221.12,TWSE FMTQIK
2023-03-17,15452.96,15452.96,15452.96,15452.96,TWSE FMTQIK
2023-03-20,15419.97,15419.97,15419.97,15419.97,TWSE FMTQIK
2023-03-21,15513.45,15513.45,15513.45,15513.45,TWSE FMTQIK
2023-03-22,15760.46,15760.46,15760.46,15760.46,TWSE FMTQIK
2023-03-23,15863.95,15863.95,15863.95,15863.95,TWSE FMTQIK
2023-03-24,15914.7,15914.7,15914.7,15914.7,TWSE FMTQIK
2023-03-27,15830.31,15830.31,15830.31,15830.31,TWSE FMTQIK
2023-03-28,15701.48,15701.48,15701.48,15701.48,TWSE FMTQIK
2023-03-29,15769.76,15769.76,15769.76,15769.76,TWSE FMTQIK
2023-03-30,15849.43,15849.43,15849.43,15849.43,TWSE FMTQIK
2023-03-31,15868.06,15868.06,15868.06,15868.06,TWSE FMTQIK
2023-04-06,15810.77,15810.77,15810.77,15810.77,TWSE FMTQIK
2023-04-07,15836.5,15836.5,15836.5,15836.5,TWSE FMTQIK
2023-04-10,15876.17,15876.17,15876.17,15876.17,TWSE FMTQIK
2023-04-11,15913.88,15913.88,15913.88,15913.88,TWSE FMTQIK
2023-04-12,15932.97,15932.97,15932.97,15932.97,TWSE FMTQIK
2023-04-13,15804.76,15804.76,15804.76,15804.76,TWSE FMTQIK
2023-04-14,15929.43,15929.43,15929.43,15929.43,TWSE FMTQIK
2023-04-17,15963.55,15963.55,15963.55,15963.55,TWSE FMTQIK
2023-04-18,15869.44,15869.44,15869.44,15869.44,TWSE FMTQIK
2023-04-19,15770.47,15770.47,15770.47,15770.47,TWSE FMTQIK
2023-04-20,15707.52,15707.52,15707.52,15707.52,TWSE FMTQIK
2023-04-21,15602.99,15602.99,15602.99,15602.99,TWSE FMTQIK
2023-04-24,15626.87,15626.87,15626.87,15626.87,TWSE FMTQIK
2023-04-25,15370.73,15370.73,15370.73,15370.73,TWSE FMTQIK
2023-04-26,15374.63,15374.63,15374.63,15374.63,TWSE FMTQIK
2023-04-27,15411.49,15411.49,15411.49,15411.49,TWSE FMTQIK
2023-04-28,15579.18,15579.18,15579.18,15579.18,TWSE FMTQIK
2023-05-02,15636.48,15636.48,15636.48,15636.48,TWSE FMTQIK
2023-05-03,15553.41,15553.41,15553.41,15553.41,TWSE FMTQIK
2023-05-04,15609.03,15609.03,15609.03,15609.03,TWSE FMTQIK
2023-05-05,15626.07,15626.07,15626.07,15626.07,TWSE FMTQIK
2023-05-08,15699.57,15699.57,15699.57,15699.57,TWSE FMTQIK
2023-05-09,15727.7,15727.7,15727.7,15727.7,TWSE FMTQIK
2023-05-10,15641.76,15641.76,15641.76,15641.76,TWSE FMTQIK
2023-05-11,15514.64,15514.64,15514.64,15514.64,TWSE FMTQIK
2023-05-12,15502.36,15502.36,15502.36,15502.36,TWSE FMTQIK
2023-05-15,15475.05,15475.05,15475.05,15475.05,TWSE FMTQIK
2023-05-16,15673.9,15673.9,15673.9,15673.9,TWSE FMTQIK
2023-05-17,15925.29,15925.29,15925.29,15925.29,TWSE FMTQIK
2023-05-18,16101.88,16101.88,16101.88,16101.88,TWSE FMTQIK
2023-05-19,16174.92,16174.92,16174.92,16174.92,TWSE FMTQIK
2023-05-22,16180.89,16180.89,16180.89,16180.89,TWSE FMTQIK
2023-05-23,16188.03,16188.03,16188.03,16188.03,TWSE FMTQIK
2023-05-24,16159.32,16159.32,16159.32,16159.32,TWSE FMTQIK
2023-05-25,16292.0,16292.0,16292.0,16292.0,TWSE FMTQIK
2023-05-26,16505.05,16505.05,16505.05,16505.05,TWSE FMTQIK
2023-05-29,16636.3,16636.3,16636.3,16636.3,TWSE FMTQIK
2023-05-30,16622.74,16622.74,16622.74,16622.74,TWSE FMTQIK
2023-05-31,16578.96,16578.96,16578.96,16578.96,TWSE FMTQIK
2023-06-01,16512.65,16512.65,16512.65,16512.65,TWSE FMTQIK
2023-06-02,16706.91,16706.91,16706.91,16706.91,TWSE FMTQIK
2023-06-05,16714.43,16714.43,16714.43,16714.43,TWSE FMTQIK
2023-06-06,16761.66,16761.66,16761.66,16761.66,TWSE FMTQIK
2023-06-07,16922.48,16922.48,16922.48,16922.48,TWSE FMTQIK
2023-06-08,16733.69,16733.69,16733.69,16733.69,TWSE FMTQIK
2023-06-09,16886.4,16886.4,16886.4,16886.4,TWSE FMTQIK
2023-06-12,16955.37,16955.37,16955.37,16955.37,TWSE FMTQIK
2023-06-13,17216.6,17216.6,17216.6,17216.6,TWSE FMTQIK
2023-06-14,17238.14,17238.14,17238.14,17238.14,TWSE FMTQIK
2023-06-15,17334.98,17334.98,17334.98,17334.98,TWSE FMTQIK
2023-06-16,17288.91,17288.91,17288.91,17288.91,TWSE FMTQIK
2023-06-19,17274.56,17274.56,17274.56,17274.56,TWSE FMTQIK
2023-06-20,17184.91,17184.91,17184.91,17184.91,TWSE FMTQIK
2023-06-21,17202.4,17202.4,17202.4,17202.4,TWSE FMTQIK
2023-06-26,17059.24,17059.24,17059.24,17059.24,TWSE FMTQIK
2023-06-27,16887.9,16887.9,16887.9,16887.9,TWSE FMTQIK
2023-06-28,16935.63,16935.63,16935.63,16935.63,TWSE FMTQIK
2023-06-29,16942.3,16942.3,16942.3,16942.3,TWSE FMTQIK
2023-06-30,16915.54,16915.54,16915.54,16915.54,TWSE FMTQIK
2023-07-03,17084.2,17084.2,17084.2,17084.2,TWSE FMTQIK
2023-07-04,17140.77,17140.77,17140.77,17140.77,TWSE FMTQIK
2023-07-05,17056.43,17056.43,17056.43,17056.43,TWSE FMTQIK
2023-07-06,16762.17,16762.17,16762.17,16762.17,TWSE FMTQIK
2023-07-07,16664.21,16664.21,16664.21,16664.21,TWSE FMTQIK
2023-07-10,16652.8,16652.8,16652.8,16652.8,TWSE FMTQIK
2023-07-11,16898.91,16898.91,16898.91,16898.91,TWSE FMTQIK
2023-07-12,16962.03,16962.03,16962.03,16962.03,TWSE FMTQIK
2023-07-13,17061.4,17061.4,17061.4,17061.4,TWSE FMTQIK
2023-07-14,17283.71,17283.71,17283.71,17283.71,TWSE FMTQIK
2023-07-17,17334.29,17334.29,17334.29,17334.29,TWSE FMTQIK
2023-07-18,17227.91,17227.91,17227.91,17227.91,TWSE FMTQIK
2023-07-19,17116.44,17116.44,17116.44,17116.44,TWSE FMTQIK
2023-07-20,17164.89,17164.89,17164.89,17164.89,TWSE FMTQIK
2023-07-21,17030.7,17030.7,17030.7,17030.7,TWSE FMTQIK
2023-07-24,17033.61,17033.61,17033.61,17033.61,TWSE FMTQIK
2023-07-25,17198.89,17198.89,17198.89,17198.89,TWSE FMTQIK
2023-07-26,17162.55,17162.55,17162.55,17162.55,TWSE FMTQIK
2023-07-27,17241.82,17241.82,17241.82,17241.82,TWSE FMTQIK
2023-07-28,17292.93,17292.93,17292.93,17292.93,TWSE FMTQIK
2023-07-31,17145.43,17145.43,17145.43,17145.43,TWSE FMTQIK
2023-08-01,17212.87,17212.87,17212.87,17212.87,TWSE FMTQIK
2023-08-02,16893.73,16893.73,16893.73,16893.73,TWSE FMTQIK
2023-08-04,16843.68,16843.68,16843.68,16843.68,TWSE FMTQIK
2023-08-07,16996.0,16996.0,16996.0,16996.0,TWSE FMTQIK
2023-08-08,16877.07,16877.07,16877.07,16877.07,TWSE FMTQIK
2023-08-09,16870.94,16870.94,16870.94,16870.94,TWSE FMTQIK
2023-08-10,16634.7,16634.7,16634.7,16634.7,TWSE FMTQIK
2023-08-11,16601.25,16601.25,16601.25,16601.25,TWSE FMTQIK
2023-08-14,16393.66,16393.66,16393.66,16393.66,TWSE FMTQIK
2023-08-15,16454.8,16454.8,16454.8,16454.8,TWSE FMTQIK
2023-08-16,16446.78,16446.78,16446.78,16446.78,TWSE FMTQIK
2023-08-17,16516.66,16516.66,16516.66,16516.66,TWSE FMTQIK
2023-08-18,16381.31,16381.31,16381.31,16381.31,TWSE FMTQIK
2023-08-21,16381.49,16381.49,16381.49,16381.49,TWSE FMTQIK
2023-08-22,16437.61,16437.61,16437.61,16437.61,TWSE FMTQIK
2023-08-23,16576.9,16576.9,16576.9,16576.9,TWSE FMTQIK
2023-08-24,16770.87,16770.87,16770.87,16770.87,TWSE FMTQIK
2023-08-25,16481.58,16481.58,16481.58,16481.58,TWSE FMTQIK
2023-08-28,16509.26,16509.26,16509.26,16509.26,TWSE FMTQIK
2023-08-29,16623.65,16623.65,16623.65,16623.65,TWSE FMTQIK
2023-08-30,16719.82,16719.82,16719.82,16719.82,TWSE FMTQIK
2023-08-31,16634.51,16634.51,16634.51,16634.51,TWSE FMTQIK
2023-09-01,16644.94,16644.94,16644.94,16644.94,TWSE FMTQIK
2023-09-04,16789.69,16789.69,16789.69,16789.69,TWSE FMTQIK
2023-09-05,16791.61,16791.61,16791.61,16791.61,TWSE FMTQIK
2023-09-06,16738.16,16738.16,16738.16,16738.16,TWSE FMTQIK
2023-09-07,16619.14,16619.14,16619.14,16619.14,TWSE FMTQIK
2023-09-08,16576.02,16576.02,16576.02,16576.02,TWSE FMTQIK
2023-09-11,16432.95,16432.95,16432.95,16432.95,TWSE FMTQIK
2023-09-12,16572.71,16572.71,16572.71,16572.71,TWSE FMTQIK
2023-09-13,16581.51,16581.51,16581.51,16581.51,TWSE FMTQIK
2023-09-14,16807.56,16807.56,16807.56,16807.56,TWSE FMTQIK
2023-09-15,16920.92,16920.92,16920.92,16920.92,TWSE FMTQIK
2023-09-18,16698.24,16698.24,16698.24,16698.24,TWSE FMTQIK
2023-09-19,16636.32,16636.32,16636.32,16636.32,TWSE FMTQIK
2023-09-20,16534.75,16534.75,16534.75,16534.75,TWSE FMTQIK
2023-09-21,16316.67,16316.67,16316.67,16316.67,TWSE FMTQIK
2023-09-22,16344.48,16344.48,16344.48,16344.48,TWSE FMTQIK
2023-09-25,16452.23,16452.23,16452.23,16452.23,TWSE FMTQIK
2023-09-26,16276.07,16276.07,16276.07,16276.07,TWSE FMTQIK
2023-09-27,16310.36,16310.36,16310.36,16310.36,TWSE FMTQIK
2023-09-28,16353.74,16353.74,16353.74,16353.74,TWSE FMTQIK
2023-10-02,16557.31,16557.31,16557.31,16557.31,TWSE FMTQIK
2023-10-03,16454.34,16454.34,16454.34,16454.34,TWSE FMTQIK
2023-10-04,16273.38,16273.38,16273.38,16273.38,TWSE FMTQIK
2023-10-05,16453.52,16453.52,16453.52,16453.52,TWSE FMTQIK
2023-10-06,16520.57,16520.57,16520.57,16520.57,TWSE FMTQIK
2023-10-11,16672.03,16672.03,16672.03,16672.03,TWSE FMTQIK
2023-10-12,16825.91,16825.91,16825.91,16825.91,TWSE FMTQIK
2023-10-13,16782.57,16782.57,16782.57,16782.57,TWSE FMTQIK
2023-10-16,16652.24,16652.24,16652.24,16652.24,TWSE FMTQIK
2023-10-17,16642.55,16642.55,16642.55,16642.55,TWSE FMTQIK
2023-10-18,16440.91,16440.91,16440.91,16440.91,TWSE FMTQIK
2023-10-19,16452.73,16452.73,16452.73,16452.73,TWSE FMTQIK
2023-10-20,16440.72,16440.72,16440.72,16440.72,TWSE FMTQIK
2023-10-23,16251.36,16251.36,16251.36,16251.36,TWSE FMTQIK
2023-10-24,16309.76,16309.76,16309.76,16309.76,TWSE FMTQIK
2023-10-25,16358.89,16358.89,16358.89,16358.89,TWSE FMTQIK
2023-10-26,16073.74,16073.74,16073.74,16073.74,TWSE FMTQIK
2023-10-27,16134.61,16134.61,16134.61,16134.61,TWSE FMTQIK
2023-10-30,16149.68,16149.68,16149.68,16149.68,TWSE FMTQIK
2023-10-31,16001.27,16001.27,16001.27,16001.27,TWSE FMTQIK
2023-11-01,16038.56,16038.56,16038.56,16038.56,TWSE FMTQIK
2023-11-02,16396.95,16396.95,16396.95,16396.95,TWSE FMTQIK
2023-11-03,16507.65,16507.65,16507.65,16507.65,TWSE FMTQIK
2023-11-06,16649.36,16649.36,16649.36,16649.36,TWSE FMTQIK
2023-11-07,16684.95,16684.95,16684.95,16684.95,TWSE FMTQIK
2023-11-08,16740.83,16740.83,16740.83,16740.83,TWSE FMTQIK
2023-11-09,16745.65,16745.65,16745.65,16745.65,TWSE FMTQIK
2023-11-10,16682.67,16682.67,16682.67,16682.67,TWSE FMTQIK
2023-11-13,16839.29,16839.29,16839.29,16839.29,TWSE FMTQIK
2023-11-14,16915.71,16915.71,16915.71,16915.71,TWSE FMTQIK
2023-11-15,17128.78,17128.78,17128.78,17128.78,TWSE FMTQIK
2023-11-16,17171.18,17171.18,17171.18,17171.18,TWSE FMTQIK
2023-11-17,17208.95,17208.95,17208.95,17208.95,TWSE FMTQIK
2023-11-20,17210.47,17210.47,17210.47,17210.47,TWSE FMTQIK
2023-11-21,17416.7,17416.7,17416.7,17416.7,TWSE FMTQIK
2023-11-22,17310.26,17310.26,17310.26,17310.26,TWSE FMTQIK
2023-11-23,17294.55,17294.55,17294.55,17294.55,TWSE FMTQIK
2023-11-24,17287.42,17287.42,17287.42,17287.42,TWSE FMTQIK
2023-11-27,17137.42,17137.42,17137.42,17137.42,TWSE FMTQIK
2023-11-28,17341.25,17341.25,17341.25,17341.25,TWSE FMTQIK
2023-11-29,17370.56,17370.56,17370.56,17370.56,TWSE FMTQIK
2023-11-30,17433.85,17433.85,17433.85,17433.85,TWSE FMTQIK
2023-12-01,17438.35,17438.35,17438.35,17438.35,TWSE FMTQIK
2023-12-04,17421.48,17421.48,17421.48,17421.48,TWSE FMTQIK
2023-12-05,17328.01,17328.01,17328.01,17328.01,TWSE FMTQIK
2023-12-06,17360.72,17360.72,17360.72,17360.72,TWSE FMTQIK
2023-12-07,17278.74,17278.74,17278.74,17278.74,TWSE FMTQIK
2023-12-08,17383.99,17383.99,17383.99,17383.99,TWSE FMTQIK
2023-12-11,17418.34,17418.34,17418.34,17418.34,TWSE FMTQIK
2023-12-12,17450.63,17450.63,17450.63,17450.63,TWSE FMTQIK
2023-12-13,17468.93,17468.93,17468.93,17468.93,TWSE FMTQIK
2023-12-14,17653.11,17653.11,17653.11,17653.11,TWSE FMTQIK
2023-12-15,17673.87,17673.87,17673.87,17673.87,TWSE FMTQIK
2023-12-18,17652.03,17652.03,17652.03,17652.03,TWSE FMTQIK
2023-12-19,17576.55,17576.55,17576.55,17576.55,TWSE FMTQIK
2023-12-20,17635.2,17635.2,17635.2,17635.2,TWSE FMTQIK
2023-12-21,17543.74,17543.74,17543.74,17543.74,TWSE FMTQIK
2023-12-22,17596.63,17596.63,17596.63,17596.63,TWSE FMTQIK
2023-12-25,17604.84,17604.84,17604.84,17604.84,TWSE FMTQIK
2023-12-26,17751.73,17751.73,17751.73,17751.73,TWSE FMTQIK
2023-12-27,17891.5,17891.5,17891.5,17891.5,TWSE FMTQIK
2023-12-28,17910.37,17910.37,17910.37,17910.37,TWSE FMTQIK
2023-12-29,17930.81,17930.81,17930.81,17930.81,TWSE FMTQIK
2024-01-02,17853.76,17853.76,17853.76,17853.76,TWSE FMTQIK
2024-01-03,17559.31,17559.31,17559.31,17559.31,TWSE FMTQIK
2024-01-04,17549.65,17549.65,17549.65,17549.65,TWSE FMTQIK
2024-01-05,17519.14,17519.14,17519.14,17519.14,TWSE FMTQIK
2024-01-08,17572.66,17572.66,17572.66,17572.66,TWSE FMTQIK
2024-01-09,17535.49,17535.49,17535.49,17535.49,TWSE FMTQIK
2024-01-10,17465.63,17465.63,17465.63,17465.63,TWSE FMTQIK
2024-01-11,17545.32,17545.32,17545.32,17545.32,TWSE FMTQIK
2024-01-12,17512.83,17512.83,17512.83,17512.83,TWSE FMTQIK
2024-01-15,17546.82,17546.82,17546.82,17546.82,TWSE FMTQIK
2024-01-16,17346.87,17346.87,17346.87,17346.87,TWSE FMTQIK
2024-01-17,17161.79,17161.79,17161.79,17161.79,TWSE FMTQIK
2024-01-18,17227.79,17227.79,17227.79,17227.79,TWSE FMTQIK
2024-01-19,17681.52,17681.52,17681.52,17681.52,TWSE FMTQIK
2024-01-22,17815.1,17815.1,17815.1,17815.1,TWSE FMTQIK
2024-01-23,17874.59,17874.59,17874.59,17874.59,TWSE FMTQIK
2024-01-24,17875.83,17875.83,17875.83,17875.83,TWSE FMTQIK
2024-01-25,18002.62,18002.62,18002.62,18002.62,TWSE FMTQIK
2024-01-26,17995.03,17995.03,17995.03,17995.03,TWSE FMTQIK
2024-01-29,18119.63,18119.63,18119.63,18119.63,TWSE FMTQIK
2024-01-30,18034.63,18034.63,18034.63,18034.63,TWSE FMTQIK
2024-01-31,17889.56,17889.56,17889.56,17889.56,TWSE FMTQIK
2024-02-01,17968.11,17968.11,17968.11,17968.11,TWSE FMTQIK
2024-02-02,18059.93,18059.93,18059.93,18059.93,TWSE FMTQIK
2024-02-05,18096.07,18096.07,18096.07,18096.07,TWSE FMTQIK
2024-02-15,18644.57,18644.57,18644.57,18644.57,TWSE FMTQIK
2024-02-16,18607.25,18607.25,18607.25,18607.25,TWSE FMTQIK
2024-02-19,18635.8,18635.8,18635.8,18635.8,TWSE FMTQIK
2024-02-20,18753.16,18753.16,18753.16,18753.16,TWSE FMTQIK
2024-02-21,18676.31,18676.31,18676.31,18676.31,TWSE FMTQIK
2024-02-22,18852.78,18852.78,18852.78,18852.78,TWSE FMTQIK
2024-02-23,18889.19,18889.19,18889.19,18889.19,TWSE FMTQIK
2024-02-26,18948.05,18948.05,18948.05,18948.05,TWSE FMTQIK
2024-02-27,18854.41,18854.41,18854.41,18854.41,TWSE FMTQIK
2024-02-29,18966.77,18966.77,18966.77,18966.77,TWSE FMTQIK
2024-03-01,18935.93,18935.93,18935.93,18935.93,TWSE FMTQIK
2024-03-04,19305.31,19305.31,19305.31,19305.31,TWSE FMTQIK
2024-03-05,19386.92,19386.92,19386.92,19386.92,TWSE FMTQIK
2024-03-06,19499.45,19499.45,19499.45,19499.45,TWSE FMTQIK
2024-03-07,19693.52,19693.52,19693.52,19693.52,TWSE FMTQIK
2024-03-08,19785.32,19785.32,19785.32,19785.32,TWSE FMTQIK
2024-03-11,19726.08,19726.08,19726.08,19726.08,TWSE FMTQIK
2024-03-12,19914.55,19914.55,19914.55,19914.55,TWSE FMTQIK
2024-03-13,19928.51,19928.51,19928.51,19928.51,TWSE FMTQIK
2024-03-14,19937.92,19937.92,19937.92,19937.92,TWSE FMTQIK
2024-03-15,19682.5,19682.5,19682.5,19682.5,TWSE FMTQIK
2024-03-18,19879.85,19879.85,19879.85,19879.85,TWSE FMTQIK
2024-03-19,19857.2,19857.2,19857.2,19857.2,TWSE FMTQIK
2024-03-20,19784.45,19784.45,19784.45,19784.45,TWSE FMTQIK
2024-03-21,20199.09,20199.09,20199.09,20199.09,TWSE FMTQIK
2024-03-22,20228.43,20228.43,20228.43,20228.43,TWSE FMTQIK
2024-03-25,20192.25,20192.25,20192.25,20192.25,TWSE FMTQIK
2024-03-26,20126.49,20126.49,20126.49,20126.49,TWSE FMTQIK
2024-03-27,20200.12,20200.12,20200.12,20200.12,TWSE FMTQIK
2024-03-28,20146.55,20146.55,20146.55,20146.55,TWSE FMTQIK
2024-03-29,20294.45,20294.45,20294.45,20294.45,TWSE FMTQIK
2024-04-01,20222.33,20222.33,20222.33,20222.33,TWSE FMTQIK
2024-04-02,20466.57,20466.57,20466.57,20466.57,TWSE FMTQIK
2024-04-03,20337.6,20337.6,20337.6,20337.6,TWSE FMTQIK
2024-04-08,20417.7,20417.7,20417.7,20417.7,TWSE FMTQIK
2024-04-09,20796.2,20796.2,20796.2,20796.2,TWSE FMTQIK
2024-04-10,20763.53,20763.53,20763.53,20763.53,TWSE FMTQIK
2024-04-11,20753.22,20753.22,20753.22,20753.22,TWSE FMTQIK
2024-04-12,20736.57,20736.57,20736.57,20736.57,TWSE FMTQIK
2024-04-15,20449.77,20449.77,20449.77,20449.77,TWSE FMTQIK
2024-04-16,19901.96,19901.96,19901.96,19901.96,TWSE FMTQIK
2024-04-17,20213.33,20213.33,20213.33,20213.33,TWSE FMTQIK
2024-04-18,20301.2,20301.2,20301.2,20301.2,TWSE FMTQIK
2024-04-19,19527.12,19527.12,19527.12,19527.12,TWSE FMTQIK
2024-04-22,19411.22,19411.22,19411.22,19411.22,TWSE FMTQIK
2024-04-23,19599.28,19599.28,19599.28,19599.28,TWSE FMTQIK
2024-04-24,20131.74,20131.74,20131.74,20131.74,TWSE FMTQIK
2024-04-25,19857.42,19857.42,19857.42,19857.42,TWSE FMTQIK
2024-04-26,20120.51,20120.51,20120.51,20120.51,TWSE FMTQIK
2024-04-29,20495.52,20495.52,20495.52,20495.52,TWSE FMTQIK
2024-04-30,20396.6,20396.6,20396.6,20396.6,TWSE FMTQIK
2024-05-02,20222.44,20222.44,20222.44,20222.44,TWSE FMTQIK
2024-05-03,20330.32,20330.32,20330.32,20330.32,TWSE FMTQIK
2024-05-06,20523.31,20523.31,20523.31,20523.31,TWSE FMTQIK
2024-05-07,20653.53,20653.53,20653.53,20653.53,TWSE FMTQIK
2024-05-08,20700.51,20700.51,20700.51,20700.51,TWSE FMTQIK
2024-05-09,20560.77,20560.77,20560.77,20560.77,TWSE FMTQIK
2024-05-10,20708.84,20708.84,20708.84,20708.84,TWSE FMTQIK
2024-05-13,20857.71,20857.71,20857.71,20857.71,TWSE FMTQIK
2024-05-14,20985.85,20985.85,20985.85,20985.85,TWSE FMTQIK
2024-05-15,21147.21,21147.21,21147.21,21147.21,TWSE FMTQIK
2024-05-16,21304.26,21304.26,21304.26,21304.26,TWSE FMTQIK
2024-05-17,21258.47,21258.47,21258.47,21258.47,TWSE FMTQIK
2024-05-20,21271.63,21271.63,21271.63,21271.63,TWSE FMTQIK
2024-05-21,21236.75,21236.75,21236.75,21236.75,TWSE FMTQIK
2024-05-22,21551.83,21551.83,21551.83,21551.83,TWSE FMTQIK
2024-05-23,21607.43,21607.43,21607.43,21607.43,TWSE FMTQIK
2024-05-24,21565.34,21565.34,21565.34,21565.34,TWSE FMTQIK
2024-05-27,21803.77,21803.77,21803.77,21803.77,TWSE FMTQIK
2024-05-28,21858.41,21858.41,21858.41,21858.41,TWSE FMTQIK
2024-05-29,21662.5,21662.5,21662.5,21662.5,TWSE FMTQIK
2024-05-30,21364.48,21364.48,21364.48,21364.48,TWSE FMTQIK
2024-05-31,21174.22,21174.22,21174.22,21174.22,TWSE FMTQIK
2024-06-03,21536.76,21536.76,21536.76,21536.76,TWSE FMTQIK
2024-06-04,21356.62,21356.62,21356.62,21356.62,TWSE FMTQIK
2024-06-05,21484.88,21484.88,21484.88,21484.88,TWSE FMTQIK
2024-06-06,21902.7,21902.7,21902.7,21902.7,TWSE FMTQIK
2024-06-07,21858.38,21858.38,21858.38,21858.38,TWSE FMTQIK
2024-06-11,21792.12,21792.12,21792.12,21792.12,TWSE FMTQIK
2024-06-12,22048.96,22048.96,22048.96,22048.96,TWSE FMTQIK
2024-06-13,22312.04,22312.04,22312.04,22312.04,TWSE FMTQIK
2024-06-14,22504.72,22504.72,22504.72,22504.72,TWSE FMTQIK
2024-06-17,22496.53,22496.53,22496.53,22496.53,TWSE FMTQIK
2024-06-18,22757.43,22757.43,22757.43,22757.43,TWSE FMTQIK
2024-06-19,23209.54,23209.54,23209.54,23209.54,TWSE FMTQIK
2024-06-20,23406.1,23406.1,23406.1,23406.1,TWSE FMTQIK
2024-06-21,23253.39,23253.39,23253.39,23253.39,TWSE FMTQIK
2024-06-24,22813.7,22813.7,22813.7,22813.7,TWSE FMTQIK
2024-06-25,22875.97,22875.97,22875.97,22875.97,TWSE FMTQIK
2024-06-26,22986.69,22986.69,22986.69,22986.69,TWSE FMTQIK
2024-06-27,22905.98,22905.98,22905.98,22905.98,TWSE FMTQIK
2024-06-28,23032.25,23032.25,23032.25,23032.25,TWSE FMTQIK
2024-07-01,23058.57,23058.57,23058.57,23058.57,TWSE FMTQIK
2024-07-02,22879.37,22879.37,22879.37,22879.37,TWSE FMTQIK
2024-07-03,23172.43,23172.43,23172.43,23172.43,TWSE FMTQIK
2024-07-04,23522.53,23522.53,23522.53,23522.53,TWSE FMTQIK
2024-07-05,23556.59,23556.59,23556.59,23556.59,TWSE FMTQIK
2024-07-08,23878.15,23878.15,23878.15,23878.15,TWSE FMTQIK
2024-07-09,23900.08,23900.08,23900.08,23900.08,TWSE FMTQIK
2024-07-10,24007.08,24007.08,24007.08,24007.08,TWSE FMTQIK
2024-07-11,24390.03,24390.03,24390.03,24390.03,TWSE FMTQIK
2024-07-12,23916.93,23916.93,23916.93,23916.93,TWSE FMTQIK
2024-07-15,23879.36,23879.36,23879.36,23879.36,TWSE FMTQIK
2024-07-16,23997.25,23997.25,23997.25,23997.25,TWSE FMTQIK
2024-07-17,23769.82,23769.82,23769.82,23769.82,TWSE FMTQIK
2024-07-18,23398.47,23398.47,23398.47,23398.47,TWSE FMTQIK
2024-07-19,22869.26,22869.26,22869.26,22869.26,TWSE FMTQIK
2024-07-22,22256.99,22256.99,22256.99,22256.99,TWSE FMTQIK
2024-07-23,22871.84,22871.84,22871.84,22871.84,TWSE FMTQIK
2024-07-26,22119.21,22119.21,22119.21,22119.21,TWSE FMTQIK
2024-07-29,22164.49,22164.49,22164.49,22164.49,TWSE FMTQIK
2024-07-30,22223.57,22223.57,22223.57,22223.57,TWSE FMTQIK
2024-07-31,22199.35,22199.35,22199.35,22199.35,TWSE FMTQIK
2024-08-01,22642.1,22642.1,22642.1,22642.1,TWSE FMTQIK
2024-08-02,21638.09,21638.09,21638.09,21638.09,TWSE FMTQIK
2024-08-05,19830.88,19830.88,19830.88,19830.88,TWSE FMTQIK
2024-08-06,20501.02,20501.02,20501.02,20501.02,TWSE FMTQIK
2024-08-07,21295.28,21295.28,21295.28,21295.28,TWSE FMTQIK
2024-08-08,20870.1,20870.1,20870.1,20870.1,TWSE FMTQIK
2024-08-09,21469.0,21469.0,21469.0,21469.0,TWSE FMTQIK
2024-08-12,21773.26,21773.26,21773.26,21773.26,TWSE FMTQIK
2024-08-13,21796.57,21796.57,21796.57,21796.57,TWSE FMTQIK
2024-08-14,22027.25,22027.25,22027.25,22027.25,TWSE FMTQIK
2024-08-15,21895.17,21895.17,21895.17,21895.17,TWSE FMTQIK
2024-08-16,22349.33,22349.33,22349.33,22349.33,TWSE FMTQIK
2024-08-19,22409.63,22409.63,22409.63,22409.63,TWSE FMTQIK
2024-08-20,22429.1,22429.1,22429.1,22429.1,TWSE FMTQIK
2024-08-21,22237.89,22237.89,22237.89,22237.89,TWSE FMTQIK
2024-08-22,22148.83,22148.83,22148.83,22148.83,TWSE FMTQIK
2024-08-23,22158.05,22158.05,22158.05,22158.05,TWSE FMTQIK
2024-08-26,22240.12,22240.12,22240.12,22240.12,TWSE FMTQIK
2024-08-27,22185.0,22185.0,22185.0,22185.0,TWSE FMTQIK
2024-08-28,22370.66,22370.66,22370.66,22370.66,TWSE FMTQIK
2024-08-29,22201.85,22201.85,22201.85,22201.85,TWSE FMTQIK
2024-08-30,22268.09,22268.09,22268.09,22268.09,TWSE FMTQIK
2024-09-02,22235.1,22235.1,22235.1,22235.1,TWSE FMTQIK
2024-09-03,22092.21,22092.21,22092.21,22092.21,TWSE FMTQIK
2024-09-04,21092.75,21092.75,21092.75,21092.75,TWSE FMTQIK
2024-09-05,21187.71,21187.71,21187.71,21187.71,TWSE FMTQIK
2024-09-06,21435.19,21435.19,21435.19,21435.19,TWSE FMTQIK
2024-09-09,21144.44,21144.44,21144.44,21144.44,TWSE FMTQIK
2024-09-10,21064.08,21064.08,21064.08,21064.08,TWSE FMTQIK
2024-09-11,21031.0,21031.0,21031.0,21031.0,TWSE FMTQIK
2024-09-12,21653.25,21653.25,21653.25,21653.25,TWSE FMTQIK
2024-09-13,21759.65,21759.65,21759.65,21759.65,TWSE FMTQIK
2024-09-16,21850.08,21850.08,21850.08,21850.08,TWSE FMTQIK
2024-09-18,21678.84,21678.84,21678.84,21678.84,TWSE FMTQIK
2024-09-19,22042.69,22042.69,22042.69,22042.69,TWSE FMTQIK
2024-09-20,22159.42,22159.42,22159.42,22159.42,TWSE FMTQIK
2024-09-23,22285.53,22285.53,22285.53,22285.53,TWSE FMTQIK
2024-09-24,22431.78,22431.78,22431.78,22431.78,TWSE FMTQIK
2024-09-25,22761.6,22761.6,22761.6,22761.6,TWSE FMTQIK
2024-09-26,22858.81,22858.81,22858.81,22858.81,TWSE FMTQIK
2024-09-27,22822.79,22822.79,22822.79,22822.79,TWSE FMTQIK
2024-09-30,22224.54,22224.54,22224.54,22224.54,TWSE FMTQIK
2024-10-01,22390.39,22390.39,22390.39,22390.39,TWSE FMTQIK
2024-10-04,22302.71,22302.71,22302.71,22302.71,TWSE FMTQIK
2024-10-07,22702.56,22702.56,22702.56,22702.56,TWSE FMTQIK
2024-10-08,22611.39,22611.39,22611.39,22611.39,TWSE FMTQIK
2024-10-09,22659.08,22659.08,22659.08,22659.08,TWSE FMTQIK
2024-10-11,22901.64,22901.64,22901.64,22901.64,TWSE FMTQIK
2024-10-14,22975.29,22975.29,22975.29,22975.29,TWSE FMTQIK
2024-10-15,23292.04,23292.04,23292.04,23292.04,TWSE FMTQIK
2024-10-16,23010.98,23010.98,23010.98,23010.98,TWSE FMTQIK
2024-10-17,23053.84,23053.84,23053.84,23053.84,TWSE FMTQIK
2024-10-18,23487.27,23487.27,23487.27,23487.27,TWSE FMTQIK
2024-10-21,23542.53,23542.53,23542.53,23542.53,TWSE FMTQIK
2024-10-22,23535.43,23535.43,23535.43,23535.43,TWSE FMTQIK
2024-10-23,23334.76,23334.76,23334.76,23334.76,TWSE FMTQIK
2024-10-24,23192.52,23192.52,23192.52,23192.52,TWSE FMTQIK
2024-10-25,23348.45,23348.45,23348.45,23348.45,TWSE FMTQIK
2024-10-28,23198.07,23198.07,23198.07,23198.07,TWSE FMTQIK
2024-10-29,22926.59,22926.59,22926.59,22926.59,TWSE FMTQIK
2024-10-30,22820.43,22820.43,22820.43,22820.43,TWSE FMTQIK
2024-11-01,22780.08,22780.08,22780.08,22780.08,TWSE FMTQIK
2024-11-04,22965.39,22965.39,22965.39,22965.39,TWSE FMTQIK
2024-11-05,23106.79,23106.79,23106.79,23106.79,TWSE FMTQIK
2024-11-06,23217.38,23217.38,23217.38,23217.38,TWSE FMTQIK
2024-11-07,23408.82,23408.82,23408.82,23408.82,TWSE FMTQIK
2024-11-08,23553.89,23553.89,23553.89,23553.89,TWSE FMTQIK
2024-11-11,23529.64,23529.64,23529.64,23529.64,TWSE FMTQIK
2024-11-12,22981.77,22981.77,22981.77,22981.77,TWSE FMTQIK
2024-11-13,22860.23,22860.23,22860.23,22860.23,TWSE FMTQIK
2024-11-14,22715.38,22715.38,22715.38,22715.38,TWSE FMTQIK
2024-11-15,22742.77,22742.77,22742.77,22742.77,TWSE FMTQIK
2024-11-18,22546.54,22546.54,22546.54,22546.54,TWSE FMTQIK
2024-11-19,22848.8,22848.8,22848.8,22848.8,TWSE FMTQIK
2024-11-20,22688.36,22688.36,22688.36,22688.36,TWSE FMTQIK
2024-11-21,22555.66,22555.66,22555.66,22555.66,TWSE FMTQIK
2024-11-22,22904.32,22904.32,22904.32,22904.32,TWSE FMTQIK
2024-11-25,22948.37,22948.37,22948.37,22948.37,TWSE FMTQIK
2024-11-26,22678.76,22678.76,22678.76,22678.76,TWSE FMTQIK
2024-11-27,22334.78,22334.78,22334.78,22334.78,TWSE FMTQIK
2024-11-28,22298.9,22298.9,22298.9,22298.9,TWSE FMTQIK
2024-11-29,22262.5,22262.5,22262.5,22262.5,TWSE FMTQIK
2024-12-02,22736.93,22736.93,22736.93,22736.93,TWSE FMTQIK
2024-12-03,23027.46,23027.46,23027.46,23027.46,TWSE FMTQIK
2024-12-04,23255.33,23255.33,23255.33,23255.33,TWSE FMTQIK
2024-12-05,23267.94,23267.94,23267.94,23267.94,TWSE FMTQIK
2024-12-06,23193.27,23193.27,23193.27,23193.27,TWSE FMTQIK
2024-12-09,23273.25,23273.25,23273.25,23273.25,TWSE FMTQIK
2024-12-10,23125.08,23125.08,23125.08,23125.08,TWSE FMTQIK
2024-12-11,22903.63,22903.63,22903.63,22903.63,TWSE FMTQIK
2024-12-12,23046.8,23046.8,23046.8,23046.8,TWSE FMTQIK
2024-12-13,23020.48,23020.48,23020.48,23020.48,TWSE FMTQIK
2024-12-16,23039.9,23039.9,23039.9,23039.9,TWSE FMTQIK
2024-12-17,23018.01,23018.01,23018.01,23018.01,TWSE FMTQIK
2024-12-18,23168.67,23168.67,23168.67,23168.67,TWSE FMTQIK
2024-12-19,22932.25,22932.25,22932.25,22932.25,TWSE FMTQIK
2024-12-20,22510.25,22510.25,22510.25,22510.25,TWSE FMTQIK
2024-12-23,23104.54,23104.54,23104.54,23104.54,TWSE FMTQIK
2024-12-24,23120.24,23120.24,23120.24,23120.24,TWSE FMTQIK
2024-12-25,23220.13,23220.13,23220.13,23220.13,TWSE FMTQIK
2024-12-26,23246.94,23246.94,23246.94,23246.94,TWSE FMTQIK
2024-12-27,23275.68,23275.68,23275.68,23275.68,TWSE FMTQIK
2024-12-30,23190.2,23190.2,23190.2,23190.2,TWSE FMTQIK
2024-12-31,23035.1,23035.1,23035.1,23035.1,TWSE FMTQIK
2025-01-02,22832.06,22832.06,22832.06,22832.06,TWSE FMTQIK
2025-01-03,22908.3,22908.3,22908.3,22908.3,TWSE FMTQIK
2025-01-06,23547.71,23547.71,23547.71,23547.71,TWSE FMTQIK
2025-01-07,23651.27,23651.27,23651.27,23651.27,TWSE FMTQIK
2025-01-08,23407.33,23407.33,23407.33,23407.33,TWSE FMTQIK
2025-01-09,23081.13,23081.13,23081.13,23081.13,TWSE FMTQIK
2025-01-10,23011.86,23011.86,23011.86,23011.86,TWSE FMTQIK
2025-01-13,22488.33,22488.33,22488.33,22488.33,TWSE FMTQIK
2025-01-14,22797.52,22797.52,22797.52,22797.52,TWSE FMTQIK
2025-01-15,22514.57,22514.57,22514.57,22514.57,TWSE FMTQIK
2025-01-16,23025.1,23025.1,23025.1,23025.1,TWSE FMTQIK
2025-01-17,23148.08,23148.08,23148.08,23148.08,TWSE FMTQIK
2025-01-20,23266.82,23266.82,23266.82,23266.82,TWSE FMTQIK
2025-01-21,23300.01,23300.01,23300.01,23300.01,TWSE FMTQIK
2025-01-22,23525.41,23525.41,23525.41,23525.41,TWSE FMTQIK
2025-02-03,22694.71,22694.71,22694.71,22694.71,TWSE FMTQIK
2025-02-04,22793.96,22793.96,22793.96,22793.96,TWSE FMTQIK
2025-02-05,23161.58,23161.58,23161.58,23161.58,TWSE FMTQIK
2025-02-06,23316.6,23316.6,23316.6,23316.6,TWSE FMTQIK
2025-02-07,23478.27,23478.27,23478.27,23478.27,TWSE FMTQIK
2025-02-10,23252.14,23252.14,23252.14,23252.14,TWSE FMTQIK
2025-02-11,23384.05,23384.05,23384.05,23384.05,TWSE FMTQIK
2025-02-12,23289.75,23289.75,23289.75,23289.75,TWSE FMTQIK
2025-02-13,23399.41,23399.41,23399.41,23399.41,TWSE FMTQIK
2025-02-14,23152.61,23152.61,23152.61,23152.61,TWSE FMTQIK
2025-02-17,23505.33,23505.33,23505.33,23505.33,TWSE FMTQIK
2025-02-18,23666.11,23666.11,23666.11,23666.11,TWSE FMTQIK
2025-02-19,23604.08,23604.08,23604.08,23604.08,TWSE FMTQIK
2025-02-20,23487.46,23487.46,23487.46,23487.46,TWSE FMTQIK
2025-02-21,23730.25,23730.25,23730.25,23730.25,TWSE FMTQIK
2025-02-24,23565.31,23565.31,23565.31,23565.31,TWSE FMTQIK
2025-02-25,23285.72,23285.72,23285.72,23285.72,TWSE FMTQIK
2025-02-26,23402.55,23402.55,23402.55,23402.55,TWSE FMTQIK
2025-02-27,23053.18,23053.18,23053.18,23053.18,TWSE FMTQIK
2025-03-03,22756.25,22756.25,22756.25,22756.25,TWSE FMTQIK
2025-03-04,22596.88,22596.88,22596.88,22596.88,TWSE FMTQIK
2025-03-05,22871.9,22871.9,22871.9,22871.9,TWSE FMTQIK
2025-03-06,22715.43,22715.43,22715.43,22715.43,TWSE FMTQIK
2025-03-07,22576.07,22576.07,22576.07,22576.07,TWSE FMTQIK
2025-03-10,22459.15,22459.15,22459.15,22459.15,TWSE FMTQIK
2025-03-11,22071.09,22071.09,22071.09,22071.09,TWSE FMTQIK
2025-03-12,22278.36,22278.36,22278.36,22278.36,TWSE FMTQIK
2025-03-13,21961.68,21961.68,21961.68,21961.68,TWSE FMTQIK
2025-03-14,21968.05,21968.05,21968.05,21968.05,TWSE FMTQIK
2025-03-17,22118.63,22118.63,22118.63,22118.63,TWSE FMTQIK
2025-03-18,22271.67,22271.67,22271.67,22271.67,TWSE FMTQIK
2025-03-19,21960.83,21960.83,21960.83,21960.83,TWSE FMTQIK
2025-03-20,22377.26,22377.26,22377.26,22377.26,TWSE FMTQIK
2025-03-21,22209.1,22209.1,22209.1,22209.1,TWSE FMTQIK
2025-03-24,22106.64,22106.64,22106.64,22106.64,TWSE FMTQIK
2025-03-25,22273.19,22273.19,22273.19,22273.19,TWSE FMTQIK
2025-03-26,22260.29,22260.29,22260.29,22260.29,TWSE FMTQIK
2025-03-27,21951.76,21951.76,21951.76,21951.76,TWSE FMTQIK
2025-03-28,21602.89,21602.89,21602.89,21602.89,TWSE FMTQIK
2025-03-31,20695.9,20695.9,20695.9,20695.9,TWSE FMTQIK
2025-04-01,21280.17,21280.17,21280.17,21280.17,TWSE FMTQIK
2025-04-02,21298.22,21298.22,21298.22,21298.22,TWSE FMTQIK
2025-04-07,19232.35,19232.35,19232.35,19232.35,TWSE FMTQIK
2025-04-08,18459.95,18459.95,18459.95,18459.95,TWSE FMTQIK
2025-04-09,17391.76,17391.76,17391.76,17391.76,TWSE FMTQIK
2025-04-10,19000.03,19000.03,19000.03,19000.03,TWSE FMTQIK
2025-04-11,19528.77,19528.77,19528.77,19528.77,TWSE FMTQIK
2025-04-14,19513.09,19513.09,19513.09,19513.09,TWSE FMTQIK
2025-04-15,19857.67,19857.67,19857.67,19857.67,TWSE FMTQIK
2025-04-16,19468.0,19468.0,19468.0,19468.0,TWSE FMTQIK
2025-04-17,19338.73,19338.73,19338.73,19338.73,TWSE FMTQIK
2025-04-18,19395.03,19395.03,19395.03,19395.03,TWSE FMTQIK
2025-04-21,19106.2,19106.2,19106.2,19106.2,TWSE FMTQIK
2025-04-22,18793.43,18793.43,18793.43,18793.43,TWSE FMTQIK
2025-04-23,19639.14,19639.14,19639.14,19639.14,TWSE FMTQIK
2025-04-24,19478.81,19478.81,19478.81,19478.81,TWSE FMTQIK
2025-04-25,19872.73,19872.73,19872.73,19872.73,TWSE FMTQIK
2025-04-28,20034.41,20034.41,20034.41,20034.41,TWSE FMTQIK
2025-04-29,20232.63,20232.63,20232.63,20232.63,TWSE FMTQIK
2025-04-30,20235.03,20235.03,20235.03,20235.03,TWSE FMTQIK
2025-05-02,20787.64,20787.64,20787.64,20787.64,TWSE FMTQIK
2025-05-05,20532.99,20532.99,20532.99,20532.99,TWSE FMTQIK
2025-05-06,20522.59,20522.59,20522.59,20522.59,TWSE FMTQIK
2025-05-07,20546.49,20546.49,20546.49,20546.49,TWSE FMTQIK
2025-05-08,20543.4,20543.4,20543.4,20543.4,TWSE FMTQIK
2025-05-09,20915.04,20915.04,20915.04,20915.04,TWSE FMTQIK
2025-05-12,21129.54,21129.54,21129.54,21129.54,TWSE FMTQIK
2025-05-13,21330.14,21330.14,21330.14,21330.14,TWSE FMTQIK
2025-05-14,21782.87,21782.87,21782.87,21782.87,TWSE FMTQIK
2025-05-15,21730.25,21730.25,21730.25,21730.25,TWSE FMTQIK
2025-05-16,21843.69,21843.69,21843.69,21843.69,TWSE FMTQIK
2025-05-19,21523.83,21523.83,21523.83,21523.83,TWSE FMTQIK
2025-05-20,21526.03,21526.03,21526.03,21526.03,TWSE FMTQIK
2025-05-21,21803.91,21803.91,21803.91,21803.91,TWSE FMTQIK
2025-05-22,21670.96,21670.96,21670.96,21670.96,TWSE FMTQIK
2025-05-23,21652.24,21652.24,21652.24,21652.24,TWSE FMTQIK
2025-05-26,21536.57,21536.57,21536.57,21536.57,TWSE FMTQIK
2025-05-27,21336.54,21336.54,21336.54,21336.54,TWSE FMTQIK
2025-05-28,21357.72,21357.72,21357.72,21357.72,TWSE FMTQIK
2025-05-29,21347.3,21347.3,21347.3,21347.3,TWSE FMTQIK
2025-06-02,21002.71,21002.71,21002.71,21002.71,TWSE FMTQIK
2025-06-03,21126.93,21126.93,21126.93,21126.93,TWSE FMTQIK
2025-06-04,21618.09,21618.09,21618.09,21618.09,TWSE FMTQIK
2025-06-05,21674.43,21674.43,21674.43,21674.43,TWSE FMTQIK
2025-06-06,21660.66,21660.66,21660.66,21660.66,TWSE FMTQIK
2025-06-09,21790.29,21790.29,21790.29,21790.29,TWSE FMTQIK
2025-06-10,22242.14,22242.14,22242.14,22242.14,TWSE FMTQIK
2025-06-11,22470.1,22470.1,22470.1,22470.1,TWSE FMTQIK
2025-06-12,22287.82,22287.82,22287.82,22287.82,TWSE FMTQIK
2025-06-13,22072.95,22072.95,22072.95,22072.95,TWSE FMTQIK
2025-06-16,22049.9,22049.9,22049.9,22049.9,TWSE FMTQIK
2025-06-17,22211.59,22211.59,22211.59,22211.59,TWSE FMTQIK
2025-06-18,22356.73,22356.73,22356.73,22356.73,TWSE FMTQIK
2025-06-19,22003.5,22003.5,22003.5,22003.5,TWSE FMTQIK
2025-06-20,22045.74,22045.74,22045.74,22045.74,TWSE FMTQIK
2025-06-23,21732.02,21732.02,21732.02,21732.02,TWSE FMTQIK
2025-06-24,22188.76,22188.76,22188.76,22188.76,TWSE FMTQIK
2025-06-25,22430.61,22430.61,22430.61,22430.61,TWSE FMTQIK
2025-06-26,22492.34,22492.34,22492.34,22492.34,TWSE FMTQIK
2025-06-27,22580.08,22580.08,22580.08,22580.08,TWSE FMTQIK
2025-06-30,22256.02,22256.02,22256.02,22256.02,TWSE FMTQIK
2025-07-01,22553.72,22553.72,22553.72,22553.72,TWSE FMTQIK
2025-07-02,22577.74,22577.74,22577.74,22577.74,TWSE FMTQIK
2025-07-03,22712.97,22712.97,22712.97,22712.97,TWSE FMTQIK
2025-07-04,22547.5,22547.5,22547.5,22547.5,TWSE FMTQIK
2025-07-07,22428.72,22428.72,22428.72,22428.72,TWSE FMTQIK
2025-07-08,22362.27,22362.27,22362.27,22362.27,TWSE FMTQIK
2025-07-09,22527.01,22527.01,22527.01,22527.01,TWSE FMTQIK
2025-07-10,22693.25,22693.25,22693.25,22693.25,TWSE FMTQIK
2025-07-11,22751.03,22751.03,22751.03,22751.03,TWSE FMTQIK
2025-07-14,22614.97,22614.97,22614.97,22614.97,TWSE FMTQIK
2025-07-15,22835.94,22835.94,22835.94,22835.94,TWSE FMTQIK
2025-07-16,23042.9,23042.9,23042.9,23042.9,TWSE FMTQIK
2025-07-17,23113.28,23113.28,23113.28,23113.28,TWSE FMTQIK
2025-07-18,23383.13,23383.13,23383.13,23383.13,TWSE FMTQIK
2025-07-21,23340.56,23340.56,23340.56,23340.56,TWSE FMTQIK
2025-07-22,22987.92,22987.92,22987.92,22987.92,TWSE FMTQIK
2025-07-23,23318.67,23318.67,23318.67,23318.67,TWSE FMTQIK
2025-07-24,23373.73,23373.73,23373.73,23373.73,TWSE FMTQIK
2025-07-25,23364.38,23364.38,23364.38,23364.38,TWSE FMTQIK
2025-07-28,23412.98,23412.98,23412.98,23412.98,TWSE FMTQIK
2025-07-29,23201.52,23201.52,23201.52,23201.52,TWSE FMTQIK
2025-07-30,23461.72,23461.72,23461.72,23461.72,TWSE FMTQIK
2025-07-31,23542.52,23542.52,23542.52,23542.52,TWSE FMTQIK
2025-08-01,23434.38,23434.38,23434.38,23434.38,TWSE FMTQIK
2025-08-04,23378.94,23378.94,23378.94,23378.94,TWSE FMTQIK
2025-08-05,23660.59,23660.59,23660.59,23660.59,TWSE FMTQIK
2025-08-06,23447.36,23447.36,23447.36,23447.36,TWSE FMTQIK
2025-08-07,24003.77,24003.77,24003.77,24003.77,TWSE FMTQIK
2025-08-08,24021.26,24021.26,24021.26,24021.26,TWSE FMTQIK
2025-08-11,24135.5,24135.5,24135.5,24135.5,TWSE FMTQIK
2025-08-12,24158.36,24158.36,24158.36,24158.36,TWSE FMTQIK
2025-08-13,24370.02,24370.02,24370.02,24370.02,TWSE FMTQIK
2025-08-14,24238.1,24238.1,24238.1,24238.1,TWSE FMTQIK
2025-08-15,24334.48,24334.48,24334.48,24334.48,TWSE FMTQIK
2025-08-18,24482.52,24482.52,24482.52,24482.52,TWSE FMTQIK
2025-08-19,24353.5,24353.5,24353.5,24353.5,TWSE FMTQIK
2025-08-20,23625.44,23625.44,23625.44,23625.44,TWSE FMTQIK
2025-08-21,23962.13,23962.13,23962.13,23962.13,TWSE FMTQIK
2025-08-22,23764.47,23764.47,23764.47,23764.47,TWSE FMTQIK
2025-08-25,24277.38,24277.38,24277.38,24277.38,TWSE FMTQIK
2025-08-26,24305.1,24305.1,24305.1,24305.1,TWSE FMTQIK
2025-08-27,24519.9,24519.9,24519.9,24519.9,TWSE FMTQIK
2025-08-28,24236.45,24236.45,24236.45,24236.45,TWSE FMTQIK
2025-08-29,24233.1,24233.1,24233.1,24233.1,TWSE FMTQIK
2025-09-01,24071.73,24071.73,24071.73,24071.73,TWSE FMTQIK
2025-09-02,24016.78,24016.78,24016.78,24016.78,TWSE FMTQIK
2025-09-03,24100.3,24100.3,24100.3,24100.3,TWSE FMTQIK
2025-09-04,24179.85,24179.85,24179.85,24179.85,TWSE FMTQIK
2025-09-05,24494.58,24494.58,24494.58,24494.58,TWSE FMTQIK
2025-09-08,24547.38,24547.38,24547.38,24547.38,TWSE FMTQIK
2025-09-09,24855.18,24855.18,24855.18,24855.18,TWSE FMTQIK
2025-09-10,25192.59,25192.59,25192.59,25192.59,TWSE FMTQIK
2025-09-11,25215.71,25215.71,25215.71,25215.71,TWSE FMTQIK
2025-09-12,25474.64,25474.64,25474.64,25474.64,TWSE FMTQIK
2025-09-15,25357.16,25357.16,25357.16,25357.16,TWSE FMTQIK
2025-09-16,25629.64,25629.64,25629.64,25629.64,TWSE FMTQIK
2025-09-17,25438.25,25438.25,25438.25,25438.25,TWSE FMTQIK
2025-09-18,25769.36,25769.36,25769.36,25769.36,TWSE FMTQIK
2025-09-19,25578.37,25578.37,25578.37,25578.37,TWSE FMTQIK
2025-09-22,25880.6,25880.6,25880.6,25880.6,TWSE FMTQIK
2025-09-23,26247.37,26247.37,26247.37,26247.37,TWSE FMTQIK
2025-09-24,26196.73,26196.73,26196.73,26196.73,TWSE FMTQIK
2025-09-25,26023.85,26023.85,26023.85,26023.85,TWSE FMTQIK
2025-09-26,25580.32,25580.32,25580.32,25580.32,TWSE FMTQIK
2025-09-30,25820.54,25820.54,25820.54,25820.54,TWSE FMTQIK
2025-10-01,25982.91,25982.91,25982.91,25982.91,TWSE FMTQIK
2025-10-02,26378.39,26378.39,26378.39,26378.39,TWSE FMTQIK
2025-10-03,26761.06,26761.06,26761.06,26761.06,TWSE FMTQIK
2025-10-07,27211.95,27211.95,27211.95,27211.95,TWSE FMTQIK
2025-10-08,27063.68,27063.68,27063.68,27063.68,TWSE FMTQIK
2025-10-09,27301.92,27301.92,27301.92,27301.92,TWSE FMTQIK
2025-10-13,26923.42,26923.42,26923.42,26923.42,TWSE FMTQIK
2025-10-14,26793.15,26793.15,26793.15,26793.15,TWSE FMTQIK
2025-10-15,27275.71,27275.71,27275.71,27275.71,TWSE FMTQIK
2025-10-16,27647.87,27647.87,27647.87,27647.87,TWSE FMTQIK
2025-10-17,27302.37,27302.37,27302.37,27302.37,TWSE FMTQIK
2025-10-20,27688.63,27688.63,27688.63,27688.63,TWSE FMTQIK
2025-10-21,27752.41,27752.41,27752.41,27752.41,TWSE FMTQIK
2025-10-22,27648.91,27648.91,27648.91,27648.91,TWSE FMTQIK
2025-10-23,27532.26,27532.26,27532.26,27532.26,TWSE FMTQIK
2025-10-27,27993.63,27993.63,27993.63,27993.63,TWSE FMTQIK
2025-10-28,27949.11,27949.11,27949.11,27949.11,TWSE FMTQIK
2025-10-29,28294.74,28294.74,28294.74,28294.74,TWSE FMTQIK
2025-10-30,28287.53,28287.53,28287.53,28287.53,TWSE FMTQIK
2025-10-31,28233.35,28233.35,28233.35,28233.35,TWSE FMTQIK
2025-11-03,28334.59,28334.59,28334.59,28334.59,TWSE FMTQIK
2025-11-04,28116.56,28116.56,28116.56,28116.56,TWSE FMTQIK
2025-11-05,27717.06,27717.06,27717.06,27717.06,TWSE FMTQIK
2025-11-06,27899.45,27899.45,27899.45,27899.45,TWSE FMTQIK
2025-11-07,27651.41,27651.41,27651.41,27651.41,TWSE FMTQIK
2025-11-10,27869.51,27869.51,27869.51,27869.51,TWSE FMTQIK
2025-11-11,27784.95,27784.95,27784.95,27784.95,TWSE FMTQIK
2025-11-12,27947.09,27947.09,27947.09,27947.09,TWSE FMTQIK
2025-11-13,27903.56,27903.56,27903.56,27903.56,TWSE FMTQIK
2025-11-14,27397.5,27397.5,27397.5,27397.5,TWSE FMTQIK
2025-11-17,27447.31,27447.31,27447.31,27447.31,TWSE FMTQIK
2025-11-18,26756.12,26756.12,26756.12,26756.12,TWSE FMTQIK
2025-11-19,26580.12,26580.12,26580.12,26580.12,TWSE FMTQIK
2025-11-20,27426.36,27426.36,27426.36,27426.36,TWSE FMTQIK
2025-11-21,26434.94,26434.94,26434.94,26434.94,TWSE FMTQIK
2025-11-24,26504.24,26504.24,26504.24,26504.24,TWSE FMTQIK
2025-11-25,26912.17,26912.17,26912.17,26912.17,TWSE FMTQIK
2025-11-26,27409.54,27409.54,27409.54,27409.54,TWSE FMTQIK
2025-11-27,27554.53,27554.53,27554.53,27554.53,TWSE FMTQIK
2025-11-28,27626.48,27626.48,27626.48,27626.48,TWSE FMTQIK
2025-12-01,27342.53,27342.53,27342.53,27342.53,TWSE FMTQIK
2025-12-02,27564.27,27564.27,27564.27,27564.27,TWSE FMTQIK
2025-12-03,27793.04,27793.04,27793.04,27793.04,TWSE FMTQIK
2025-12-04,27795.71,27795.71,27795.71,27795.71,TWSE FMTQIK
2025-12-05,27980.89,27980.89,27980.89,27980.89,TWSE FMTQIK
2025-12-08,28303.78,28303.78,28303.78,28303.78,TWSE FMTQIK
2025-12-09,28182.6,28182.6,28182.6,28182.6,TWSE FMTQIK
2025-12-10,28400.73,28400.73,28400.73,28400.73,TWSE FMTQIK
2025-12-11,28024.75,28024.75,28024.75,28024.75,TWSE FMTQIK
2025-12-12,28198.02,28198.02,28198.02,28198.02,TWSE FMTQIK
2025-12-15,27866.94,27866.94,27866.94,27866.94,TWSE FMTQIK
2025-12-16,27536.66,27536.66,27536.66,27536.66,TWSE FMTQIK
2025-12-17,27525.17,27525.17,27525.17,27525.17,TWSE FMTQIK
2025-12-18,27468.53,27468.53,27468.53,27468.53,TWSE FMTQIK
2025-12-19,27696.35,27696.35,27696.35,27696.35,TWSE FMTQIK
2025-12-22,28149.64,28149.64,28149.64,28149.64,TWSE FMTQIK
2025-12-23,28310.47,28310.47,28310.47,28310.47,TWSE FMTQIK
2025-12-24,28371.98,28371.98,28371.98,28371.98,TWSE FMTQIK
2025-12-26,28556.02,28556.02,28556.02,28556.02,TWSE FMTQIK
2025-12-29,28810.89,28810.89,28810.89,28810.89,TWSE FMTQIK
2025-12-30,28707.13,28707.13,28707.13,28707.13,TWSE FMTQIK
2025-12-31,28963.6,28963.6,28963.6,28963.6,TWSE FMTQIK
2026-01-02,29349.81,29349.81,29349.81,29349.81,TWSE FMTQIK
2026-01-05,30105.04,30105.04,30105.04,30105.04,TWSE FMTQIK
2026-01-06,30576.3,30576.3,30576.3,30576.3,TWSE FMTQIK
2026-01-07,30435.47,30435.47,30435.47,30435.47,TWSE FMTQIK
2026-01-08,30360.55,30360.55,30360.55,30360.55,TWSE FMTQIK
2026-01-09,30288.96,30288.96,30288.96,30288.96,TWSE FMTQIK
2026-01-12,30567.29,30567.29,30567.29,30567.29,TWSE FMTQIK
2026-01-13,30707.22,30707.22,30707.22,30707.22,TWSE FMTQIK
2026-01-14,30941.78,30941.78,30941.78,30941.78,TWSE FMTQIK
2026-01-15,30810.58,30810.58,30810.58,30810.58,TWSE FMTQIK
2026-01-16,31408.7,31408.7,31408.7,31408.7,TWSE FMTQIK
2026-01-19,31639.29,31639.29,31639.29,31639.29,TWSE FMTQIK
2026-01-20,31759.99,31759.99,31759.99,31759.99,TWSE FMTQIK
2026-01-21,31246.37,31246.37,31246.37,31246.37,TWSE FMTQIK
2026-01-22,31746.08,31746.08,31746.08,31746.08,TWSE FMTQIK
2026-01-23,31961.51,31961.51,31961.51,31961.51,TWSE FMTQIK
2026-01-26,32064.52,32064.52,32064.52,32064.52,TWSE FMTQIK
2026-01-27,32317.92,32317.92,32317.92,32317.92,TWSE FMTQIK
2026-01-28,32803.82,32803.82,32803.82,32803.82,TWSE FMTQIK
2026-01-29,32536.27,32536.27,32536.27,32536.27,TWSE FMTQIK
2026-01-30,32063.75,32063.75,32063.75,32063.75,TWSE FMTQIK
2026-02-02,31624.03,31624.03,31624.03,31624.03,TWSE FMTQIK
2026-02-03,32195.36,32195.36,32195.36,32195.36,TWSE FMTQIK
2026-02-04,32289.81,32289.81,32289.81,32289.81,TWSE FMTQIK
2026-02-05,31801.27,31801.27,31801.27,31801.27,TWSE FMTQIK
2026-02-06,31782.92,31782.92,31782.92,31782.92,TWSE FMTQIK
2026-02-09,32404.62,32404.62,32404.62,32404.62,TWSE FMTQIK
2026-02-10,33072.97,33072.97,33072.97,33072.97,TWSE FMTQIK
2026-02-11,33605.71,33605.71,33605.71,33605.71,TWSE FMTQIK
2026-02-23,33773.26,33773.26,33773.26,33773.26,TWSE FMTQIK
2026-02-24,34700.82,34700.82,34700.82,34700.82,TWSE FMTQIK
2026-02-25,35413.07,35413.07,35413.07,35413.07,TWSE FMTQIK
2026-02-26,35414.49,35414.49,35414.49,35414.49,TWSE FMTQIK
2026-03-02,35095.09,35095.09,35095.09,35095.09,TWSE FMTQIK
2026-03-03,34323.65,34323.65,34323.65,34323.65,TWSE FMTQIK
2026-03-04,32828.88,32828.88,32828.88,32828.88,TWSE FMTQIK
2026-03-05,33672.94,33672.94,33672.94,33672.94,TWSE FMTQIK
2026-03-06,33599.54,33599.54,33599.54,33599.54,TWSE FMTQIK
2026-03-09,32110.42,32110.42,32110.42,32110.42,TWSE FMTQIK
2026-03-10,32771.87,32771.87,32771.87,32771.87,TWSE FMTQIK
2026-03-11,34114.19,34114.19,34114.19,34114.19,TWSE FMTQIK
2026-03-12,33581.86,33581.86,33581.86,33581.86,TWSE FMTQIK
2026-03-13,33400.32,33400.32,33400.32,33400.32,TWSE FMTQIK
2026-03-16,33342.51,33342.51,33342.51,33342.51,TWSE FMTQIK
2026-03-17,33836.57,33836.57,33836.57,33836.57,TWSE FMTQIK
2026-03-18,34348.58,34348.58,34348.58,34348.58,TWSE FMTQIK
2026-03-19,33689.68,33689.68,33689.68,33689.68,TWSE FMTQIK
2026-03-20,33543.88,33543.88,33543.88,33543.88,TWSE FMTQIK
2026-03-23,32722.5,32722.5,32722.5,32722.5,TWSE FMTQIK
2026-03-24,32612.24,32612.24,32612.24,32612.24,TWSE FMTQIK
2026-03-25,33439.11,33439.11,33439.11,33439.11,TWSE FMTQIK
2026-03-26,33337.62,33337.62,33337.62,33337.62,TWSE FMTQIK
2026-03-27,33112.59,33112.59,33112.59,33112.59,TWSE FMTQIK
2026-03-30,32518.16,32518.16,32518.16,32518.16,TWSE FMTQIK
2026-03-31,31722.99,31722.99,31722.99,31722.99,TWSE FMTQIK
2026-04-01,33174.82,33174.82,33174.82,33174.82,TWSE FMTQIK
2026-04-02,32572.43,32572.43,32572.43,32572.43,TWSE FMTQIK
2026-04-07,33229.82,33229.82,33229.82,33229.82,TWSE FMTQIK
2026-04-08,34761.38,34761.38,34761.38,34761.38,TWSE FMTQIK
2026-04-09,34861.16,34861.16,34861.16,34861.16,TWSE FMTQIK
2026-04-10,35417.83,35417.83,35417.83,35417.83,TWSE FMTQIK
2026-04-13,35457.29,35457.29,35457.29,35457.29,TWSE FMTQIK
2026-04-14,36296.12,36296.12,36296.12,36296.12,TWSE FMTQIK
2026-04-15,36722.14,36722.14,36722.14,36722.14,TWSE FMTQIK
2026-04-16,37132.02,37132.02,37132.02,37132.02,TWSE FMTQIK
2026-04-17,36804.34,36804.34,36804.34,36804.34,TWSE FMTQIK
2026-04-20,36958.8,36958.8,36958.8,36958.8,TWSE FMTQIK
2026-04-21,37605.11,37605.11,37605.11,37605.11,TWSE FMTQIK
2026-04-22,37878.47,37878.47,37878.47,37878.47,TWSE FMTQIK
2026-04-23,37714.15,37714.15,37714.15,37714.15,TWSE FMTQIK
2026-04-24,38932.4,38932.4,38932.4,38932.4,TWSE FMTQIK
2026-04-27,39616.63,39616.63,39616.63,39616.63,TWSE FMTQIK
2026-04-28,39521.73,39521.73,39521.73,39521.73,TWSE FMTQIK
2026-04-29,39303.5,39303.5,39303.5,39303.5,TWSE FMTQIK
2026-04-30,38926.63,38926.63,38926.63,38926.63,TWSE FMTQIK
2026-05-04,40705.14,40705.14,40705.14,40705.14,TWSE FMTQIK
2026-05-05,40769.29,40769.29,40769.29,40769.29,TWSE FMTQIK
2026-05-06,41138.85,41138.85,41138.85,41138.85,TWSE FMTQIK
2026-05-07,41933.78,41933.78,41933.78,41933.78,TWSE FMTQIK
2026-05-08,41603.94,41603.94,41603.94,41603.94,TWSE FMTQIK
2026-05-11,41790.06,41790.06,41790.06,41790.06,TWSE FMTQIK
2026-05-12,41898.32,41898.32,41898.32,41898.32,TWSE FMTQIK
2026-05-13,41374.5,41374.5,41374.5,41374.5,TWSE FMTQIK
2026-05-14,41751.75,41751.75,41751.75,41751.75,TWSE FMTQIK
2026-05-15,41172.36,41172.36,41172.36,41172.36,TWSE FMTQIK
2026-05-18,40891.82,40891.82,40891.82,40891.82,TWSE FMTQIK
2026-05-19,40175.56,40175.56,40175.56,40175.56,TWSE FMTQIK
2026-05-20,40020.82,40020.82,40020.82,40020.82,TWSE FMTQIK
2026-05-21,41368.21,41368.21,41368.21,41368.21,TWSE FMTQIK
2026-05-22,42267.97,42267.97,42267.97,42267.97,TWSE FMTQIK
2026-05-25,43644.4,43644.4,43644.4,43644.4,TWSE FMTQIK
2026-05-26,43525.37,43525.37,43525.37,43525.37,TWSE FMTQIK
2026-05-27,44256.8,44256.8,44256.8,44256.8,TWSE FMTQIK
2026-05-28,43636.44,43636.44,43636.44,43636.44,TWSE FMTQIK
2026-05-29,44732.94,44732.94,44732.94,44732.94,TWSE FMTQIK
2026-06-01,45337.91,45337.91,45337.91,45337.91,TWSE FMTQIK
2026-06-02,45557.31,45557.31,45557.31,45557.31,TWSE FMTQIK
2026-06-03,46459.16,46459.16,46459.16,46459.16,TWSE FMTQIK
2026-06-04,45677.46,45677.46,45677.46,45677.46,TWSE FMTQIK
2026-06-05,45070.94,45070.94,45070.94,45070.94,TWSE FMTQIK
2026-06-08,43502.78,43502.78,43502.78,43502.78,TWSE FMTQIK
2026-06-09,44704.44,44704.44,44704.44,44704.44,TWSE FMTQIK
2026-06-10,43225.54,43225.54,43225.54,43225.54,TWSE FMTQIK
2026-06-11,43149.46,43149.46,43149.46,43149.46,TWSE FMTQIK
2026-06-12,44169.04,44169.04,44169.04,44169.04,TWSE FMTQIK
2026-06-15,45396.99,45396.99,45396.99,45396.99,TWSE FMTQIK
2026-06-16,45809.19,45809.19,45809.19,45809.19,TWSE FMTQIK
2026-06-17,45877.39,45877.39,45877.39,45877.39,TWSE FMTQIK
2026-06-18,46465.2,46465.2,46465.2,46465.2,TWSE FMTQIK
2026-06-22,47741.51,47741.51,47741.51,47741.51,TWSE FMTQIK
2026-06-23,47100.65,47100.65,47100.65,47100.65,TWSE FMTQIK
2026-06-24,46043.6,46043.6,46043.6,46043.6,TWSE FMTQIK
2026-06-25,46255.26,46255.26,46255.26,46255.26,TWSE FMTQIK
2026-06-26,44571.76,44571.76,44571.76,44571.76,TWSE FMTQIK
2026-06-29,44999.9,44999.9,44999.9,44999.9,TWSE FMTQIK
2026-06-30,46125.91,46125.91,46125.91,46125.91,TWSE FMTQIK
2026-07-01,47018.99,47018.99,47018.99,47018.99,TWSE FMTQIK
2026-07-02,46744.16,46744.16,46744.16,46744.16,TWSE FMTQIK
2026-07-03,46780.62,46780.62,46780.62,46780.62,TWSE FMTQIK
2026-07-06,46556.39,46556.39,46556.39,46556.39,TWSE FMTQIK
2026-07-07,45479.11,45479.11,45479.11,45479.11,TWSE FMTQIK
2026-07-08,45734.41,45734.41,45734.41,45734.41,TWSE FMTQIK
2026-07-09,45354.61,45354.61,45354.61,45354.61,TWSE FMTQIK
2026-07-13,45380.52,45380.52,45380.52,45380.52,TWSE FMTQIK
2026-07-14,44737.95,44737.95,44737.95,44737.95,TWSE FMTQIK
2026-07-15,45631.59,45631.59,45631.59,45631.59,TWSE FMTQIK
2026-07-16,45624.98,45624.98,45624.98,45624.98,TWSE FMTQIK
2026-07-17,42671.27,42671.27,42671.27,42671.27,TWSE FMTQIK
2026-07-20,42449.7,42449.7,42449.7,42449.7,TWSE FMTQIK
2026-07-21,44232.87,44232.87,44232.87,44232.87,TWSE FMTQIK
2026-07-22,44825.78,44825.78,44825.78,44825.78,TWSE FMTQIK
2026-07-23,44850.81,44850.81,44850.81,44850.81,TWSE FMTQIK
2026-07-24,43654.84,43654.84,43654.84,43654.84,TWSE FMTQIK
2026-07-27,43634.19,43634.19,43634.19,43634.19,TWSE FMTQIK
2026-07-28,41603.36,41603.36,41603.36,41603.36,TWSE FMTQIK
2026-07-29,40039.18,40039.18,40039.18,40039.18,TWSE FMTQIK
2026-07-30,39933.3,39933.3,39933.3,39933.3,TWSE FMTQIK
2026-07-31,43119.75,43119.75,43119.75,43119.75,TWSE FMTQIK
2026-08-03,43386.41,43386.41,43386.41,43386.41,TWSE FMTQIK
2026-08-04,43360.66,43360.66,43360.66,43360.66,TWSE FMTQIK
2026-08-05,44611.6,44611.6,44611.6,44611.6,TWSE FMTQIK
2026-08-06,44396.7,44396.7,44396.7,44396.7,TWSE FMTQIK
2026-08-07,44225.91,44225.91,44225.91,44225.91,TWSE FMTQIK
